id,claim_type,policy_category,city,city_region,estimated_amount_pkr,description_length,days_incident_to_submit,amount_to_premium_ratio,user_claims_7d,user_claims_30d,user_rejected_claims,status,high_risk
0,theft,home,mardan,kpk,11703,45,3,1.1133,1,1,0,approved,0
1,accident,auto,mardan,kpk,46455,44,14,2.0379,2,2,2,rejected,1
2,pet_care,pet,multan,punjab,5911,64,11,0.4718,1,7,0,approved,0
3,auto,auto,sukkur,sindh,75882,64,27,6.8325,1,6,0,submitted,0
4,theft,home,islamabad,islamabad,13097,64,26,2.7234,0,2,0,in_review,0
5,theft,home,sukkur,sindh,8176,53,29,0.8587,1,7,1,in_review,1
6,home,home,gujranwala,punjab,80887,58,20,22.0521,0,5,0,approved,0
7,pet,pet,mardan,kpk,9164,53,11,0.4437,4,5,2,rejected,1
8,theft,home,abbottabad,kpk,37687,61,2,5.5899,0,3,0,submitted,0
9,accident,auto,abbottabad,kpk,119963,45,10,6.2824,0,1,0,submitted,0
10,pet_care,pet,sukkur,sindh,21783,53,20,4.3688,0,6,0,in_review,0
11,accident,life,hyderabad,sindh,13575,44,26,6.3494,0,1,1,approved,0
12,life,life,quetta,balochistan,98426,56,15,5.1926,0,6,0,in_review,0
13,medical,auto,karachi,sindh,81783,58,16,3.4788,0,1,0,in_review,1
14,other,auto,lahore,punjab,30976,64,2,8.0962,2,2,1,approved,0
15,pet,pet,mardan,kpk,12132,61,15,0.6003,0,0,0,approved,0
16,accident,auto,lahore,punjab,129639,53,3,8.8232,0,4,0,approved,0
17,medical,life,hyderabad,sindh,9093,64,17,0.4655,3,9,3,rejected,1
18,medical,auto,lahore,punjab,10108,44,14,1.4662,0,5,3,in_review,1
19,damage,home,gujranwala,punjab,30631,64,1,3.5481,1,5,2,rejected,1
20,pet,pet,islamabad,islamabad,20427,53,30,2.6917,1,1,0,approved,0
21,pet,pet,gujranwala,punjab,14111,61,8,1.7223,0,5,0,submitted,0
22,theft,home,hyderabad,sindh,8177,56,8,0.3742,3,3,3,rejected,1
23,pet,pet,peshawar,kpk,11964,44,17,0.5218,3,3,3,rejected,1
24,theft,home,gujranwala,punjab,30986,44,6,2.8873,0,2,2,rejected,1
25,auto,auto,lahore,punjab,21376,56,8,13.2277,1,5,1,approved,0
26,damage,home,islamabad,islamabad,27803,64,4,2.0446,0,6,3,approved,0
27,medical,life,sialkot,punjab,147135,56,19,7.4138,3,4,3,in_review,1
28,auto,auto,rawalpindi,punjab,47879,53,21,3.8659,0,6,1,approved,0
29,life,life,multan,punjab,15286,53,27,0.9218,0,5,0,submitted,0
30,pet_care,pet,abbottabad,kpk,23496,44,3,1.2916,0,2,0,approved,0
31,home,home,peshawar,kpk,29904,53,25,1.6379,0,0,2,in_review,1
32,theft,auto,sukkur,sindh,25878,44,22,2.2243,1,2,0,approved,0
33,damage,auto,karachi,sindh,47001,61,6,2.416,1,5,0,approved,0
34,medical,auto,quetta,balochistan,76301,64,21,10.8075,0,6,0,submitted,0
35,damage,home,lahore,punjab,47888,53,28,5.0287,1,4,0,approved,0
36,accident,auto,quetta,balochistan,5000,58,22,0.324,0,1,2,rejected,1
37,life,life,quetta,balochistan,115151,61,16,7.196,2,6,0,submitted,0
38,life,life,quetta,balochistan,128853,58,24,13.4208,1,3,0,approved,0
39,home,home,sukkur,sindh,18288,56,22,4.4174,1,1,0,approved,0
40,accident,auto,islamabad,islamabad,16030,64,30,1.05,2,8,1,in_review,0
41,pet_care,pet,islamabad,islamabad,14194,53,25,0.932,0,2,0,rejected,1
42,auto,auto,islamabad,islamabad,41784,64,18,2.4849,0,3,0,approved,0
43,auto,auto,multan,punjab,11261,44,12,0.6867,1,7,0,approved,0
44,pet,pet,sialkot,punjab,22168,64,20,2.5057,1,2,0,rejected,1
45,damage,auto,abbottabad,kpk,27235,44,22,5.1896,1,2,0,submitted,0
46,damage,auto,faisalabad,punjab,9451,61,21,0.4619,0,5,0,submitted,0
47,medical,life,mardan,kpk,209714,64,8,18.4251,0,3,0,in_review,1
48,accident,life,islamabad,islamabad,82325,56,22,4.6877,0,5,0,approved,0
49,pet,pet,hyderabad,sindh,24902,53,10,1.5789,2,2,0,submitted,0
50,other,others,abbottabad,kpk,13366,56,10,0.9603,0,2,1,submitted,0
51,pet_care,pet,sukkur,sindh,11468,58,22,1.4778,1,4,0,rejected,1
52,auto,auto,gujranwala,punjab,32400,64,16,1.3932,0,5,0,approved,0
53,pet_care,pet,multan,punjab,17335,56,23,3.179,0,5,0,in_review,0
54,pet,pet,faisalabad,punjab,7878,64,9,1.0023,1,2,0,approved,0
55,damage,auto,faisalabad,punjab,29483,64,14,15.5092,0,0,0,approved,0
56,theft,auto,hyderabad,sindh,25801,56,4,6.5702,2,4,0,approved,0
57,auto,auto,quetta,balochistan,5596,61,9,0.3005,0,4,0,approved,0
58,medical,life,gujranwala,punjab,23139,45,17,1.0,0,3,0,approved,0
59,medical,auto,mardan,kpk,96186,53,21,8.9359,3,9,3,in_review,1
60,medical,auto,faisalabad,punjab,32883,56,8,1.6999,0,1,1,submitted,0
61,pet_care,pet,faisalabad,punjab,24359,44,30,1.445,0,3,0,submitted,0
62,home,home,lahore,punjab,10789,64,27,2.4018,4,9,3,in_review,1
63,damage,auto,sukkur,sindh,21810,61,18,0.9546,1,4,3,rejected,1
64,home,home,islamabad,islamabad,16152,61,9,2.3862,2,6,0,approved,0
65,theft,auto,islamabad,islamabad,49074,53,1,2.6726,0,4,1,submitted,0
66,medical,auto,sukkur,sindh,175462,58,22,30.2886,0,5,0,approved,0
67,pet,pet,sukkur,sindh,24081,56,3,1.6195,0,5,0,approved,0
68,life,life,multan,punjab,68565,56,29,4.1638,2,4,2,rejected,1
69,pet,pet,islamabad,islamabad,7953,58,18,5.0208,2,5,1,approved,0
70,pet,pet,hyderabad,sindh,7074,61,27,0.5873,0,5,0,approved,0
71,damage,auto,lahore,punjab,24530,45,27,4.3524,2,5,0,approved,0
72,damage,auto,islamabad,islamabad,41179,61,19,1.7939,1,7,0,approved,0
73,home,home,islamabad,islamabad,407920,45,12,21.2149,0,0,1,approved,0
74,damage,auto,lahore,punjab,18856,64,11,6.2707,0,1,0,submitted,0
75,damage,home,faisalabad,punjab,92810,58,7,4.3226,2,3,0,approved,0
76,accident,life,gujranwala,punjab,31721,64,30,1.3383,4,6,2,rejected,1
77,pet_care,pet,karachi,sindh,5949,44,11,0.3432,4,6,0,rejected,1
78,accident,auto,peshawar,kpk,47137,64,25,2.6517,0,1,0,submitted,0
79,damage,home,abbottabad,kpk,8881,45,4,0.3916,2,4,1,approved,0
80,pet,pet,sukkur,sindh,5000,44,15,0.2787,1,3,1,approved,0
81,medical,auto,islamabad,islamabad,20129,44,0,1.0186,0,3,0,approved,0
82,auto,auto,faisalabad,punjab,77036,53,29,3.2624,1,6,1,approved,0
83,auto,auto,rawalpindi,punjab,58126,45,15,19.4727,0,4,0,approved,0
84,pet,pet,peshawar,kpk,34531,58,26,5.2615,1,3,0,approved,0
85,medical,auto,faisalabad,punjab,6743,64,20,0.2813,0,2,0,submitted,0
86,life,life,abbottabad,kpk,106219,64,0,12.5703,1,2,3,rejected,1
87,pet,pet,peshawar,kpk,16649,56,24,1.9413,1,5,0,approved,0
88,damage,auto,quetta,balochistan,11076,53,25,1.5347,1,1,0,in_review,1
89,pet,pet,mardan,kpk,9797,45,16,2.7351,0,1,2,submitted,0
90,pet,pet,hyderabad,sindh,10549,45,21,0.4672,0,3,0,approved,0
91,theft,home,gujranwala,punjab,27713,61,10,1.2621,4,8,1,rejected,1
92,theft,home,karachi,sindh,47354,58,26,2.9059,0,5,0,approved,0
93,home,home,abbottabad,kpk,230941,64,22,13.5529,1,5,0,approved,0
94,auto,auto,gujranwala,punjab,20925,53,16,0.9882,0,3,0,submitted,0
95,home,home,quetta,balochistan,63608,64,27,5.9849,1,6,1,approved,0
96,pet_care,pet,sialkot,punjab,7985,61,21,4.6971,0,5,0,in_review,1
97,medical,auto,karachi,sindh,36682,64,23,2.2415,1,5,0,approved,0
98,other,home,abbottabad,kpk,7778,58,15,1.8639,0,1,1,approved,0
99,pet_care,pet,sukkur,sindh,9190,64,19,0.3934,0,2,2,in_review,1
100,pet_care,pet,faisalabad,punjab,12026,61,4,6.8602,0,1,0,submitted,0
101,theft,auto,islamabad,islamabad,15181,64,2,5.2602,1,5,0,approved,0
102,auto,auto,sialkot,punjab,69394,64,26,9.7313,0,6,0,approved,0
103,theft,auto,islamabad,islamabad,28579,56,24,2.4496,0,5,0,in_review,0
104,home,home,mardan,kpk,66270,44,4,2.926,0,4,0,approved,0
105,life,life,quetta,balochistan,129124,64,29,6.4653,2,7,0,approved,0
106,pet_care,pet,peshawar,kpk,10113,58,14,3.0278,0,2,1,submitted,1
107,theft,auto,hyderabad,sindh,26382,64,28,1.2859,0,6,0,approved,0
108,pet,pet,lahore,punjab,6222,56,16,0.3826,0,5,0,approved,0
109,damage,auto,sialkot,punjab,12269,64,21,1.1393,1,6,0,approved,0
110,auto,auto,gujranwala,punjab,13869,61,21,0.6026,0,5,2,rejected,1
111,home,home,abbottabad,kpk,227816,45,26,9.2872,1,4,0,rejected,1
112,medical,auto,quetta,balochistan,25424,45,25,1.4583,0,4,1,approved,0
113,home,home,peshawar,kpk,19624,56,22,1.4175,1,1,0,approved,0
114,life,life,quetta,balochistan,33867,58,30,2.0893,2,3,0,in_review,0
115,life,life,quetta,balochistan,60364,53,5,4.3077,2,3,2,approved,0
116,home,home,mardan,kpk,74328,56,24,4.0385,0,4,0,in_review,0
117,medical,auto,sialkot,punjab,43577,53,11,18.3637,0,0,0,submitted,1
118,home,home,rawalpindi,punjab,5851,56,22,2.1238,1,4,0,rejected,1
119,pet_care,pet,islamabad,islamabad,14757,61,16,2.3061,0,2,0,approved,0
120,other,pet,faisalabad,punjab,62275,64,17,12.1346,1,5,0,approved,0
121,other,life,multan,punjab,15005,64,2,0.7429,0,4,0,approved,0
122,accident,life,islamabad,islamabad,11408,44,11,0.6748,1,3,1,submitted,0
123,theft,auto,rawalpindi,punjab,13021,56,20,4.4109,2,7,1,approved,0
124,damage,home,mardan,kpk,16868,58,12,1.0225,0,6,0,submitted,0
125,accident,life,gujranwala,punjab,58926,58,12,10.564,2,5,0,approved,0
126,home,home,quetta,balochistan,52026,56,19,12.3665,0,2,0,approved,0
127,life,life,rawalpindi,punjab,50749,64,23,2.1056,1,4,0,in_review,0
128,theft,auto,sialkot,punjab,70935,64,30,3.8737,0,4,0,approved,0
129,medical,auto,sialkot,punjab,20481,64,11,1.4582,0,0,0,approved,0
130,pet_care,pet,faisalabad,punjab,20426,45,12,8.6956,0,2,1,approved,0
131,life,life,faisalabad,punjab,170994,58,28,28.753,4,10,2,rejected,1
132,home,home,sukkur,sindh,23466,56,5,1.2181,1,5,0,submitted,0
133,medical,auto,lahore,punjab,61831,56,25,4.6402,1,1,0,submitted,0
134,life,life,quetta,balochistan,46403,56,11,3.111,2,8,1,submitted,0
135,damage,auto,sukkur,sindh,62553,56,9,18.8697,0,5,0,approved,0
136,pet_care,pet,gujranwala,punjab,16903,44,4,2.131,1,1,0,in_review,0
137,damage,home,abbottabad,kpk,52410,64,26,2.3864,2,2,0,submitted,0
138,pet_care,pet,quetta,balochistan,9342,44,15,0.4614,1,3,0,approved,0
139,pet_care,pet,faisalabad,punjab,5035,58,15,0.2092,0,4,0,approved,0
140,home,home,rawalpindi,punjab,37213,58,7,2.728,0,3,0,approved,0
141,auto,auto,multan,punjab,37338,58,5,5.5455,4,7,2,rejected,1
142,auto,auto,multan,punjab,29887,58,9,3.496,1,7,0,approved,0
143,theft,auto,rawalpindi,punjab,73487,64,11,7.2287,0,4,0,approved,0
144,auto,auto,quetta,balochistan,34401,61,3,1.7626,0,2,0,approved,0
145,other,others,karachi,sindh,118451,58,16,6.6226,0,4,0,approved,0
146,auto,auto,peshawar,kpk,27389,44,15,2.1873,0,0,0,in_review,0
147,other,life,quetta,balochistan,36138,53,8,1.5029,1,5,0,submitted,0
148,auto,auto,islamabad,islamabad,13038,45,22,0.5477,0,3,0,approved,0
149,auto,auto,islamabad,islamabad,44954,64,17,12.6989,4,7,2,rejected,1
150,pet,pet,sukkur,sindh,42951,44,21,3.2765,1,2,2,rejected,1
151,pet_care,pet,mardan,kpk,18308,64,15,2.2079,1,7,1,approved,0
152,pet,pet,karachi,sindh,8080,45,22,0.6308,0,3,0,approved,0
153,pet,pet,sukkur,sindh,8400,53,23,0.3455,0,5,2,rejected,1
154,theft,auto,sialkot,punjab,51792,58,29,3.0504,0,1,1,approved,0
155,accident,auto,abbottabad,kpk,7954,64,27,0.3916,2,3,0,in_review,0
156,accident,life,quetta,balochistan,5955,44,27,0.3358,2,2,0,in_review,0
157,home,home,hyderabad,sindh,41141,56,30,1.8274,2,5,0,approved,0
158,life,life,mardan,kpk,18130,53,9,2.3852,0,6,0,approved,0
159,home,home,karachi,sindh,21757,44,0,0.9286,0,3,1,approved,0
160,other,home,gujranwala,punjab,16581,45,21,0.7235,0,1,0,submitted,0
161,pet_care,pet,abbottabad,kpk,10000,56,30,0.8955,0,3,1,approved,0
162,pet,pet,quetta,balochistan,25417,45,19,1.3298,0,4,1,in_review,1
163,accident,auto,peshawar,kpk,15206,58,16,0.7968,0,1,1,submitted,0
164,life,life,hyderabad,sindh,62301,58,1,10.6991,1,3,1,submitted,0
165,medical,life,lahore,punjab,41923,45,1,2.7253,4,7,0,in_review,1
166,auto,auto,karachi,sindh,16803,56,21,1.0374,1,3,0,approved,0
167,damage,home,islamabad,islamabad,20317,61,13,12.5958,2,3,1,approved,0
168,theft,home,quetta,balochistan,10901,64,28,0.4712,0,0,0,in_review,1
169,accident,auto,mardan,kpk,25229,64,6,8.5551,0,2,0,approved,0
170,other,others,quetta,balochistan,41947,56,28,1.7822,4,8,1,rejected,1
171,other,auto,abbottabad,kpk,17626,61,11,0.7424,1,3,0,approved,0
172,damage,auto,multan,punjab,9554,58,25,1.0754,2,6,0,approved,0
173,auto,auto,gujranwala,punjab,21561,64,14,2.6416,0,5,1,rejected,1
174,other,others,lahore,punjab,5000,53,23,1.2873,0,6,2,submitted,1
175,medical,life,mardan,kpk,255653,53,34,47.8393,1,6,0,in_review,1
176,pet_care,pet,hyderabad,sindh,15364,58,11,0.8092,0,6,3,in_review,1
177,medical,auto,sialkot,punjab,66031,61,23,4.3837,0,1,0,submitted,0
178,life,life,gujranwala,punjab,58780,64,25,3.3567,0,5,0,submitted,0
179,accident,auto,islamabad,islamabad,53040,53,26,13.479,0,1,0,approved,0
180,other,others,hyderabad,sindh,21614,61,17,0.9355,0,4,1,approved,0
181,pet,pet,quetta,balochistan,6993,44,16,0.9483,2,4,2,in_review,0
182,life,life,mardan,kpk,8991,64,2,1.0102,0,3,0,approved,0
183,damage,home,hyderabad,sindh,32773,45,27,2.0851,2,2,0,approved,0
184,other,pet,gujranwala,punjab,10487,64,21,3.4668,0,6,0,approved,0
185,auto,auto,gujranwala,punjab,32120,61,27,4.7076,1,5,0,approved,0
186,theft,auto,lahore,punjab,10212,61,10,2.1728,3,5,0,submitted,1
187,life,life,sialkot,punjab,212229,61,26,10.8164,0,4,0,approved,0
188,pet_care,pet,karachi,sindh,17576,64,12,0.7081,0,0,0,approved,0
189,pet_care,pet,rawalpindi,punjab,6422,61,17,1.4729,0,0,0,approved,0
190,home,home,lahore,punjab,20555,53,23,1.858,1,2,0,approved,0
191,pet_care,pet,rawalpindi,punjab,7240,58,9,2.0263,1,3,0,approved,0
192,other,others,multan,punjab,9203,61,30,0.5577,0,4,0,approved,0
193,auto,auto,gujranwala,punjab,40407,64,15,3.3653,0,3,3,in_review,1
194,life,life,sialkot,punjab,11247,45,11,0.8137,3,4,2,in_review,1
195,pet,pet,mardan,kpk,19475,44,25,1.1714,2,2,2,rejected,1
196,life,life,abbottabad,kpk,17470,61,22,1.5294,1,1,0,approved,0
197,pet,pet,sukkur,sindh,17452,45,28,6.4541,0,1,0,approved,0
198,accident,life,quetta,balochistan,85143,45,0,6.8858,0,4,1,approved,0
199,medical,auto,sialkot,punjab,45343,56,22,3.1673,0,0,0,in_review,0
200,theft,home,islamabad,islamabad,12878,53,25,2.0967,0,2,0,approved,0
201,home,home,gujranwala,punjab,60544,64,27,20.4265,1,6,1,submitted,0
202,pet,pet,sukkur,sindh,8076,53,14,1.197,1,6,0,approved,0
203,accident,auto,hyderabad,sindh,27145,53,6,1.2985,0,5,1,rejected,1
204,pet,pet,sialkot,punjab,7693,58,21,0.6316,0,5,0,approved,0
205,theft,auto,sialkot,punjab,45197,44,22,2.7387,2,6,0,approved,0
206,pet_care,pet,rawalpindi,punjab,18787,56,13,1.3681,1,4,0,approved,0
207,damage,home,hyderabad,sindh,11846,64,14,1.0804,2,2,1,approved,0
208,pet,pet,karachi,sindh,10621,58,14,0.4437,0,4,0,approved,0
209,pet_care,pet,sukkur,sindh,6113,58,23,0.5578,0,0,0,approved,0
210,home,home,quetta,balochistan,61198,58,1,3.834,0,6,1,in_review,0
211,medical,life,quetta,balochistan,443113,61,24,21.3394,0,1,1,submitted,0
212,other,life,sukkur,sindh,26365,44,22,2.4617,0,2,2,submitted,1
213,theft,home,quetta,balochistan,33289,56,27,2.2212,0,5,0,submitted,0
214,auto,auto,rawalpindi,punjab,41241,58,12,2.0195,0,6,2,rejected,1
215,pet_care,pet,hyderabad,sindh,37938,58,23,2.1689,1,6,0,rejected,1
216,medical,auto,islamabad,islamabad,53527,64,9,6.3413,0,1,0,approved,0
217,accident,auto,faisalabad,punjab,58448,56,3,2.6546,0,0,3,submitted,1
218,damage,auto,rawalpindi,punjab,10171,64,2,0.9706,1,6,0,approved,0
219,medical,auto,abbottabad,kpk,51985,58,7,11.5831,0,5,0,submitted,0
220,damage,auto,faisalabad,punjab,13412,45,3,1.4899,0,2,0,submitted,0
221,damage,home,faisalabad,punjab,30421,58,5,1.611,0,1,0,approved,0
222,life,life,faisalabad,punjab,30665,61,23,6.3992,0,3,0,approved,0
223,theft,home,sukkur,sindh,26150,64,24,1.2339,2,7,2,in_review,1
224,medical,auto,gujranwala,punjab,217464,53,8,9.5913,0,4,0,approved,0
225,home,home,rawalpindi,punjab,122882,56,11,8.6689,1,7,0,approved,0
226,medical,life,lahore,punjab,55685,61,16,3.8298,0,3,0,approved,0
227,pet_care,pet,gujranwala,punjab,12281,56,25,3.0034,0,3,0,approved,0
228,theft,auto,mardan,kpk,160183,53,1,10.1158,0,3,0,approved,0
229,damage,home,lahore,punjab,24160,44,16,0.9783,0,1,1,submitted,0
230,theft,home,sialkot,punjab,12642,45,22,0.8121,0,4,0,approved,0
231,home,home,gujranwala,punjab,211973,53,8,43.5173,1,1,0,approved,0
232,life,life,karachi,sindh,164897,64,7,25.6969,0,5,0,approved,0
233,theft,home,rawalpindi,punjab,16799,44,27,1.9062,0,4,0,approved,0
234,pet_care,pet,hyderabad,sindh,14791,53,24,1.0902,1,5,1,approved,0
235,auto,auto,multan,punjab,8521,64,28,0.4428,3,3,3,in_review,1
236,pet_care,pet,multan,punjab,30593,64,30,1.6221,4,5,2,submitted,1
237,pet,pet,mardan,kpk,9231,45,18,0.6735,0,5,1,in_review,1
238,auto,auto,multan,punjab,17694,61,25,1.6003,1,6,0,approved,0
239,medical,life,quetta,balochistan,48362,64,3,2.341,3,4,2,submitted,1
240,theft,home,quetta,balochistan,6858,64,19,0.286,0,6,0,approved,0
241,home,home,sukkur,sindh,51494,64,5,16.5896,3,9,2,rejected,1
242,life,life,quetta,balochistan,107879,61,6,17.7433,0,5,2,in_review,1
243,theft,home,faisalabad,punjab,51768,45,4,6.488,2,8,2,submitted,1
244,accident,auto,peshawar,kpk,58931,61,0,3.7552,1,2,0,approved,0
245,life,life,lahore,punjab,77460,58,9,3.5823,0,4,0,approved,0
246,auto,auto,abbottabad,kpk,28380,64,12,1.5153,0,6,0,approved,0
247,auto,auto,rawalpindi,punjab,20363,44,28,8.6504,0,3,0,in_review,0
248,damage,home,multan,punjab,11363,64,25,0.4935,1,2,0,approved,0
249,damage,home,multan,punjab,9379,64,11,0.4484,1,3,2,in_review,1
250,medical,auto,sukkur,sindh,9698,58,0,0.8341,0,4,0,submitted,0
251,home,home,lahore,punjab,166996,45,24,26.3401,2,8,0,in_review,1
252,auto,auto,sialkot,punjab,44156,58,20,3.8774,1,2,1,submitted,0
253,other,life,multan,punjab,26017,44,9,1.1162,0,5,0,approved,0
254,other,home,rawalpindi,punjab,5074,53,19,0.2389,1,1,2,in_review,1
255,medical,auto,sialkot,punjab,244036,64,28,34.8573,0,2,0,approved,0
256,theft,home,lahore,punjab,15440,61,5,1.0915,0,3,0,submitted,0
257,other,auto,rawalpindi,punjab,13838,45,30,0.8496,0,1,2,rejected,1
258,theft,auto,peshawar,kpk,13505,61,19,0.625,0,0,0,approved,0
259,pet,pet,abbottabad,kpk,8684,58,12,0.8098,0,2,0,submitted,0
260,other,pet,multan,punjab,15519,45,27,3.3174,0,3,0,approved,0
261,pet,pet,rawalpindi,punjab,20521,64,14,1.5026,0,3,0,approved,0
262,damage,home,faisalabad,punjab,15252,53,24,0.652,1,7,0,in_review,0
263,life,life,hyderabad,sindh,120750,56,28,10.6934,0,6,0,approved,0
264,medical,life,rawalpindi,punjab,177036,64,8,61.089,2,8,0,approved,0
265,home,home,sukkur,sindh,73761,61,25,4.4671,0,1,0,submitted,0
266,theft,home,peshawar,kpk,6658,58,18,1.3845,0,2,0,approved,0
267,auto,auto,karachi,sindh,34222,44,15,2.7683,2,2,0,approved,0
268,life,life,islamabad,islamabad,35160,61,8,3.9202,1,1,0,submitted,0
269,life,life,islamabad,islamabad,61672,61,9,18.4591,0,6,0,approved,0
270,medical,life,multan,punjab,23852,53,22,9.2342,0,6,0,in_review,0
271,accident,auto,sialkot,punjab,34445,58,27,1.9665,1,3,0,approved,0
272,theft,auto,lahore,punjab,30313,53,7,2.1398,1,3,0,submitted,0
273,accident,life,rawalpindi,punjab,11998,44,30,0.5282,1,6,0,approved,0
274,home,home,gujranwala,punjab,31243,61,26,3.6119,1,1,0,submitted,0
275,home,home,gujranwala,punjab,74119,44,22,3.0978,0,4,1,submitted,0
276,other,pet,abbottabad,kpk,59952,58,20,5.0077,4,6,3,in_review,1
277,other,others,islamabad,islamabad,9463,58,21,1.2253,2,7,0,approved,0
278,pet,pet,gujranwala,punjab,9739,56,23,2.073,3,5,2,rejected,1
279,pet_care,pet,quetta,balochistan,8559,45,14,0.6927,0,6,0,approved,0
280,life,life,sukkur,sindh,157727,61,9,29.0687,0,6,0,approved,0
281,other,pet,rawalpindi,punjab,43592,58,2,3.6734,0,1,0,rejected,1
282,medical,life,peshawar,kpk,50611,56,2,7.564,1,6,0,approved,0
283,accident,auto,sukkur,sindh,30966,53,0,3.8544,0,2,0,approved,0
284,pet_care,pet,faisalabad,punjab,8801,64,23,2.9356,0,5,3,submitted,1
285,home,home,rawalpindi,punjab,8889,64,3,0.604,1,7,0,approved,0
286,pet,pet,peshawar,kpk,17698,64,0,5.7629,1,4,0,approved,0
287,damage,home,mardan,kpk,31441,45,21,1.3117,1,3,0,approved,0
288,theft,home,gujranwala,punjab,41222,53,19,7.8743,1,7,0,submitted,0
289,pet_care,pet,lahore,punjab,12026,58,29,0.618,0,0,0,approved,0
290,other,pet,rawalpindi,punjab,35122,45,23,7.8908,2,7,0,approved,0
291,life,life,faisalabad,punjab,29590,45,13,4.0961,0,6,2,approved,0
292,damage,auto,sialkot,punjab,57159,45,23,3.6078,0,2,0,in_review,0
293,pet_care,pet,mardan,kpk,31330,56,25,1.8246,0,5,1,submitted,0
294,theft,auto,peshawar,kpk,71004,61,5,4.1005,1,5,0,submitted,0
295,damage,auto,hyderabad,sindh,63011,44,2,12.1175,1,1,1,submitted,0
296,other,others,multan,punjab,72985,45,22,3.1125,0,5,0,approved,0
297,auto,auto,islamabad,islamabad,90790,56,0,4.5865,0,3,1,approved,0
298,life,life,multan,punjab,16864,53,12,1.3664,0,3,1,submitted,0
299,life,life,faisalabad,punjab,50857,64,17,2.8576,2,8,1,approved,0
300,pet,pet,abbottabad,kpk,10215,64,26,0.4346,2,8,1,approved,0
301,life,life,mardan,kpk,30076,44,26,1.842,0,2,1,rejected,1
302,damage,auto,faisalabad,punjab,29356,61,29,2.9858,0,6,1,approved,0
303,auto,auto,abbottabad,kpk,42961,58,14,1.8263,1,5,0,approved,0
304,accident,life,islamabad,islamabad,28433,56,29,1.3754,1,2,1,approved,0
305,other,others,sialkot,punjab,60653,53,19,3.3662,0,2,3,rejected,1
306,auto,auto,islamabad,islamabad,29251,53,23,1.1946,0,4,1,in_review,0
307,damage,home,sukkur,sindh,36082,64,3,1.8719,1,5,0,approved,0
308,pet,pet,islamabad,islamabad,21267,61,0,1.3864,0,5,0,submitted,0
309,pet_care,pet,rawalpindi,punjab,16342,64,24,4.6268,0,3,0,submitted,0
310,medical,auto,multan,punjab,480201,64,14,26.3254,3,6,1,in_review,1
311,pet,pet,lahore,punjab,21293,64,7,2.1873,1,5,1,submitted,0
312,medical,auto,hyderabad,sindh,34080,44,5,4.6602,0,3,1,approved,0
313,home,home,quetta,balochistan,59790,64,15,2.7187,0,5,0,approved,0
314,theft,home,karachi,sindh,19138,53,7,0.9919,1,3,0,submitted,0
315,pet,pet,sukkur,sindh,6090,53,19,0.2674,3,8,3,in_review,1
316,theft,auto,gujranwala,punjab,20073,58,16,1.0454,0,2,2,rejected,1
317,theft,home,quetta,balochistan,20533,53,6,1.0735,2,5,2,in_review,1
318,auto,auto,mardan,kpk,12470,64,10,0.52,0,0,0,approved,0
319,medical,auto,karachi,sindh,47728,64,10,3.3576,0,0,0,approved,0
320,other,home,mardan,kpk,14158,44,9,3.6509,1,3,1,approved,0
321,accident,life,rawalpindi,punjab,7163,44,25,0.3774,3,4,1,submitted,1
322,home,home,sukkur,sindh,43260,45,17,2.1973,0,5,1,approved,0
323,pet,pet,rawalpindi,punjab,7447,64,25,0.9891,2,6,1,approved,0
324,theft,auto,faisalabad,punjab,34251,64,10,4.2986,0,5,0,approved,0
325,medical,auto,hyderabad,sindh,24880,56,22,1.5296,1,3,1,approved,0
326,home,home,quetta,balochistan,85950,64,8,9.8139,0,5,0,approved,0
327,pet_care,pet,sukkur,sindh,5000,44,26,0.987,2,3,2,in_review,1
328,theft,home,lahore,punjab,50233,61,18,2.7724,1,2,2,rejected,1
329,pet,pet,abbottabad,kpk,9156,44,24,1.4374,0,4,0,approved,0
330,medical,life,quetta,balochistan,27989,56,18,1.5255,1,4,2,submitted,0
331,medical,life,gujranwala,punjab,15691,64,16,1.1533,0,3,2,approved,0
332,theft,auto,islamabad,islamabad,23546,61,12,2.3248,0,5,2,approved,0
333,medical,auto,sialkot,punjab,52095,64,19,4.068,0,1,0,approved,0
334,pet_care,pet,rawalpindi,punjab,5000,45,26,0.6558,1,4,1,approved,0
335,life,life,multan,punjab,69062,64,20,3.3109,2,3,0,approved,0
336,auto,auto,mardan,kpk,11328,58,15,0.4886,0,6,0,approved,0
337,damage,auto,rawalpindi,punjab,16398,45,18,0.6842,0,3,0,rejected,1
338,pet,pet,islamabad,islamabad,12481,64,28,1.9502,2,6,1,approved,0
339,damage,home,quetta,balochistan,37365,64,11,1.5743,1,4,0,submitted,0
340,auto,auto,peshawar,kpk,31543,58,8,1.2965,1,7,0,approved,0
341,pet_care,pet,lahore,punjab,12737,53,12,0.5149,1,3,0,approved,0
342,other,life,gujranwala,punjab,18287,61,8,0.9591,1,4,0,approved,0
343,pet,pet,gujranwala,punjab,15583,56,12,1.3494,2,7,0,submitted,0
344,damage,home,multan,punjab,19805,64,17,1.0908,0,5,0,approved,0
345,other,pet,faisalabad,punjab,12315,64,19,3.4218,1,4,0,submitted,0
346,other,home,quetta,balochistan,32405,44,6,4.474,0,6,0,approved,0
347,damage,home,sialkot,punjab,11124,64,12,1.1911,1,4,0,submitted,0
348,theft,home,sukkur,sindh,38098,64,18,3.5204,0,6,0,approved,0
349,auto,auto,gujranwala,punjab,23746,44,2,3.2821,0,0,1,submitted,0
350,other,life,mardan,kpk,122843,58,30,7.6739,1,5,1,approved,0
351,auto,auto,abbottabad,kpk,16748,64,30,0.6843,0,0,1,approved,0
352,auto,auto,faisalabad,punjab,72380,53,11,3.6795,2,4,0,in_review,0
353,medical,auto,mardan,kpk,31567,53,8,3.9253,0,6,0,approved,0
354,theft,home,faisalabad,punjab,66837,64,0,2.8267,2,4,1,in_review,0
355,other,life,hyderabad,sindh,14240,56,18,1.9007,0,6,0,approved,0
356,home,home,islamabad,islamabad,76205,58,3,3.1767,0,0,0,approved,0
357,home,home,peshawar,kpk,19557,58,8,1.9539,3,5,1,rejected,1
358,home,home,islamabad,islamabad,24542,53,4,1.678,2,7,0,approved,0
359,auto,auto,rawalpindi,punjab,26036,58,13,4.0681,0,6,0,approved,0
360,life,life,gujranwala,punjab,27414,44,6,1.3762,0,5,0,approved,0
361,home,home,sialkot,punjab,29783,53,21,13.859,1,6,0,submitted,0
362,home,home,abbottabad,kpk,33886,45,28,1.8592,0,2,0,submitted,0
363,home,home,abbottabad,kpk,72500,45,2,3.3621,0,1,0,submitted,0
364,other,pet,gujranwala,punjab,48968,61,14,3.0457,0,6,0,approved,0
365,theft,home,rawalpindi,punjab,61259,61,0,4.2218,0,0,0,approved,0
366,auto,auto,multan,punjab,44908,56,4,4.675,0,1,0,submitted,0
367,home,home,hyderabad,sindh,147944,56,4,7.7002,1,4,0,approved,0
368,pet,pet,sialkot,punjab,13481,44,14,0.7801,0,2,0,rejected,1
369,damage,auto,gujranwala,punjab,28403,58,15,1.6832,0,6,0,approved,0
370,accident,life,multan,punjab,71220,56,7,4.7509,1,6,0,approved,0
371,auto,auto,sukkur,sindh,86788,44,9,4.0193,0,6,0,approved,0
372,life,life,gujranwala,punjab,76596,56,0,3.1324,0,4,0,approved,0
373,damage,auto,mardan,kpk,15807,53,15,8.9406,0,2,1,approved,0
374,accident,life,faisalabad,punjab,10500,44,6,1.6701,2,8,0,submitted,0
375,auto,auto,multan,punjab,6871,53,3,2.6447,0,5,3,rejected,1
376,accident,auto,gujranwala,punjab,37139,64,28,2.1507,2,3,3,rejected,1
377,accident,auto,quetta,balochistan,35609,64,7,3.3762,3,7,3,in_review,1
378,home,home,multan,punjab,36301,64,10,5.4449,0,5,0,approved,0
379,life,life,sialkot,punjab,413709,58,30,20.8986,1,1,0,approved,0
380,accident,life,mardan,kpk,35104,53,15,2.2167,1,5,0,approved,0
381,other,others,rawalpindi,punjab,24036,44,26,6.3994,0,3,0,approved,0
382,damage,home,peshawar,kpk,40040,45,23,2.9814,1,5,1,approved,0
383,pet,pet,peshawar,kpk,6578,45,3,0.6104,0,0,0,approved,0
384,accident,auto,faisalabad,punjab,40066,44,15,2.3021,0,1,0,submitted,1
385,medical,auto,islamabad,islamabad,47260,61,11,11.4709,2,8,1,approved,0
386,accident,auto,islamabad,islamabad,14874,45,16,1.2981,0,1,0,approved,0
387,medical,life,sukkur,sindh,46798,64,20,2.3648,1,6,0,approved,0
388,damage,auto,sukkur,sindh,38709,58,19,3.0822,3,5,2,in_review,1
389,auto,auto,islamabad,islamabad,36243,61,6,2.9958,1,6,0,approved,0
390,auto,auto,mardan,kpk,19146,53,7,7.266,2,2,2,in_review,1
391,pet,pet,faisalabad,punjab,10421,64,8,3.8088,2,3,0,approved,0
392,auto,auto,mardan,kpk,98366,58,5,24.4145,2,7,1,approved,0
393,pet_care,pet,mardan,kpk,6629,64,29,0.3252,0,6,0,approved,0
394,medical,life,abbottabad,kpk,41731,64,1,1.8785,0,1,0,approved,0
395,auto,auto,quetta,balochistan,29712,44,13,1.4148,1,2,0,approved,0
396,accident,life,gujranwala,punjab,23602,56,22,5.5055,1,4,0,approved,0
397,medical,life,multan,punjab,28761,45,21,7.4762,0,3,0,approved,0
398,other,home,quetta,balochistan,10043,58,26,0.8742,1,4,0,approved,0
399,home,home,quetta,balochistan,12955,64,0,3.0051,0,4,0,submitted,0
400,pet,pet,peshawar,kpk,20035,64,12,3.2678,0,0,0,approved,0
401,accident,life,abbottabad,kpk,24304,61,9,13.7078,0,3,0,in_review,0
402,life,life,rawalpindi,punjab,59991,64,29,7.4839,0,4,0,submitted,0
403,accident,life,abbottabad,kpk,22772,44,16,1.7475,2,7,0,in_review,0
404,accident,life,multan,punjab,21262,45,4,3.2857,1,5,3,in_review,1
405,medical,auto,multan,punjab,139135,56,17,6.8634,0,1,0,approved,0
406,damage,auto,mardan,kpk,8478,56,24,0.3446,1,5,2,in_review,1
407,theft,home,sialkot,punjab,73988,61,28,11.8041,3,5,1,submitted,1
408,pet_care,pet,quetta,balochistan,7059,44,24,0.9218,1,5,0,approved,0
409,home,home,mardan,kpk,31889,61,5,1.863,0,1,0,approved,0
410,accident,life,karachi,sindh,42410,58,29,4.8237,2,5,1,submitted,0
411,auto,auto,quetta,balochistan,56263,64,23,19.6038,0,5,0,approved,0
412,accident,auto,hyderabad,sindh,17905,61,17,1.0871,0,5,3,rejected,1
413,pet_care,pet,hyderabad,sindh,9667,56,1,1.3899,0,5,0,approved,0
414,other,others,rawalpindi,punjab,17273,58,5,1.2012,1,6,2,rejected,1
415,home,home,mardan,kpk,44969,61,22,8.1054,1,5,0,approved,0
416,accident,auto,sialkot,punjab,17886,64,24,0.893,0,2,1,approved,0
417,damage,home,rawalpindi,punjab,24108,58,19,2.9591,0,4,0,approved,0
418,other,others,lahore,punjab,49880,53,20,5.2406,0,1,0,approved,0
419,accident,life,sialkot,punjab,10990,56,5,2.5131,1,5,0,approved,0
420,pet,pet,hyderabad,sindh,9421,44,24,0.4602,0,3,1,submitted,0
421,theft,auto,hyderabad,sindh,11792,53,6,1.9959,1,1,0,approved,0
422,theft,auto,mardan,kpk,37098,44,22,1.5416,0,6,0,in_review,0
423,home,home,peshawar,kpk,35617,58,15,1.7866,2,6,0,approved,0
424,theft,home,hyderabad,sindh,93729,61,6,4.2614,0,2,0,approved,0
425,medical,auto,gujranwala,punjab,29683,64,10,7.975,0,2,0,approved,0
426,accident,auto,multan,punjab,28249,56,1,2.2911,0,5,0,submitted,0
427,life,life,mardan,kpk,130544,64,23,39.1436,1,1,0,submitted,0
428,home,home,rawalpindi,punjab,77023,56,12,7.2051,1,4,0,submitted,0
429,pet_care,pet,mardan,kpk,9145,53,28,3.6061,0,6,2,rejected,1
430,theft,auto,quetta,balochistan,16579,56,15,6.084,0,3,1,submitted,0
431,damage,home,islamabad,islamabad,32197,64,23,1.7486,0,5,1,approved,0
432,accident,auto,sialkot,punjab,114231,44,0,6.8003,1,2,0,approved,0
433,home,home,abbottabad,kpk,24502,64,3,4.5755,3,7,2,rejected,1
434,home,home,rawalpindi,punjab,102827,45,5,4.1834,0,2,0,rejected,1
435,accident,auto,karachi,sindh,12385,58,22,3.7968,1,3,0,submitted,0
436,pet,pet,quetta,balochistan,11812,58,25,0.7048,0,2,0,approved,0
437,medical,life,rawalpindi,punjab,30126,64,5,1.3873,1,3,0,rejected,1
438,home,home,hyderabad,sindh,22304,56,18,3.1432,0,3,1,approved,0
439,theft,auto,sukkur,sindh,14092,53,19,0.8487,0,3,0,submitted,0
440,other,pet,quetta,balochistan,25790,53,22,1.6359,0,5,0,approved,0
441,life,life,peshawar,kpk,52267,58,26,2.4851,0,3,0,submitted,0
442,auto,auto,hyderabad,sindh,33239,56,26,1.4685,2,8,1,rejected,1
443,damage,auto,sukkur,sindh,17021,53,6,1.5402,1,3,0,approved,0
444,auto,auto,faisalabad,punjab,23579,64,9,1.1449,0,4,3,approved,0
445,home,home,islamabad,islamabad,72930,61,22,6.7861,1,6,0,approved,0
446,damage,auto,rawalpindi,punjab,39556,61,11,5.1593,0,6,0,approved,0
447,accident,auto,mardan,kpk,17271,61,25,0.9899,2,8,1,approved,0
448,life,life,sukkur,sindh,46973,64,13,2.8912,1,7,1,approved,0
449,pet,pet,lahore,punjab,13872,58,3,5.0628,3,3,0,submitted,1
450,pet_care,pet,sukkur,sindh,12923,58,7,3.1807,1,6,3,approved,0
451,other,life,peshawar,kpk,84132,58,0,26.0551,0,3,0,approved,0
452,pet_care,pet,rawalpindi,punjab,20755,44,9,7.8114,0,3,0,approved,0
453,pet_care,pet,gujranwala,punjab,5000,44,27,0.2876,0,4,0,approved,0
454,theft,home,peshawar,kpk,26062,44,5,4.0394,1,2,0,submitted,0
455,home,home,rawalpindi,punjab,14456,61,24,0.6879,0,3,1,approved,0
456,home,home,abbottabad,kpk,55349,58,5,5.4461,0,2,0,in_review,0
457,medical,auto,abbottabad,kpk,43037,61,16,1.748,0,6,0,in_review,0
458,accident,auto,sukkur,sindh,8888,44,19,0.397,0,2,1,approved,0
459,life,life,mardan,kpk,71654,56,10,3.047,0,0,0,approved,0
460,theft,home,abbottabad,kpk,8200,53,8,0.5089,0,4,0,approved,0
461,medical,life,mardan,kpk,10770,56,12,1.9831,2,7,0,approved,0
462,theft,auto,gujranwala,punjab,41906,64,24,2.7052,0,6,0,approved,0
463,home,home,gujranwala,punjab,23350,56,3,2.2955,0,3,0,in_review,0
464,pet_care,pet,lahore,punjab,11999,64,0,3.0854,1,3,0,approved,0
465,accident,life,hyderabad,sindh,18880,45,25,1.1958,0,0,0,submitted,0
466,theft,auto,sialkot,punjab,13302,45,30,0.5579,0,6,3,rejected,1
467,pet_care,pet,rawalpindi,punjab,5249,44,6,0.2669,1,1,0,approved,0
468,life,life,rawalpindi,punjab,10049,53,18,3.7651,0,0,1,approved,0
469,life,life,lahore,punjab,269531,56,19,21.3625,1,2,2,approved,0
470,accident,life,peshawar,kpk,11583,56,0,3.861,1,3,1,approved,0
471,other,home,islamabad,islamabad,5060,53,19,1.0152,0,1,0,in_review,0
472,auto,auto,faisalabad,punjab,29904,53,26,1.2504,1,5,0,rejected,1
473,auto,auto,mardan,kpk,30159,64,29,2.2142,0,6,1,submitted,0
474,accident,life,faisalabad,punjab,57224,61,9,33.5035,1,7,1,approved,0
475,pet_care,pet,karachi,sindh,42375,56,1,4.5374,1,5,2,in_review,1
476,home,home,lahore,punjab,23462,45,16,1.1864,1,7,1,approved,0
477,medical,auto,lahore,punjab,26825,58,27,3.4185,0,1,0,in_review,1
478,pet_care,pet,karachi,sindh,5000,58,24,0.5135,0,5,0,approved,0
479,accident,life,sukkur,sindh,14442,64,14,2.7234,0,5,0,submitted,0
480,home,home,faisalabad,punjab,28770,58,15,3.1039,0,3,0,approved,0
481,auto,auto,rawalpindi,punjab,55125,53,8,3.3411,0,0,0,rejected,1
482,life,life,karachi,sindh,103141,56,9,14.5085,1,6,2,in_review,1
483,pet,pet,faisalabad,punjab,22457,58,6,1.4981,2,4,0,submitted,0
484,medical,auto,karachi,sindh,155764,64,1,7.6031,4,9,3,approved,0
485,life,life,hyderabad,sindh,22974,61,0,1.2958,3,4,1,submitted,1
486,accident,life,abbottabad,kpk,13296,64,18,1.1574,4,7,3,rejected,1
487,home,home,mardan,kpk,21103,64,16,0.9482,0,6,0,approved,0
488,medical,life,peshawar,kpk,79627,64,30,6.3702,2,2,0,approved,0
489,home,home,abbottabad,kpk,71692,53,24,3.619,0,2,0,approved,0
490,other,auto,quetta,balochistan,5000,61,16,0.5626,0,0,0,approved,0
491,theft,auto,mardan,kpk,31463,58,9,1.6622,1,7,0,in_review,0
492,theft,home,hyderabad,sindh,8211,56,22,1.8833,0,6,0,approved,0
493,auto,auto,hyderabad,sindh,18663,44,0,1.4512,0,0,1,in_review,0
494,home,home,peshawar,kpk,105393,58,15,8.2778,0,4,0,approved,0
495,pet_care,pet,hyderabad,sindh,5539,56,14,0.4047,1,2,1,in_review,0
496,damage,home,multan,punjab,9686,58,4,1.8169,0,1,0,approved,0
497,home,home,sialkot,punjab,38926,45,9,2.4037,3,6,3,submitted,1
498,home,home,lahore,punjab,102445,44,22,5.2818,0,2,3,submitted,1
499,damage,auto,sialkot,punjab,8767,56,1,0.3641,1,1,0,submitted,0
500,life,life,faisalabad,punjab,71310,44,29,5.848,0,0,0,approved,0
501,theft,auto,multan,punjab,9201,64,30,0.5236,2,4,0,approved,0
502,auto,auto,lahore,punjab,20554,45,14,1.8984,0,3,1,approved,0
503,damage,auto,mardan,kpk,7344,56,2,0.4873,0,3,3,rejected,1
504,other,pet,faisalabad,punjab,5000,56,13,2.9138,1,6,0,approved,0
505,auto,auto,sukkur,sindh,47916,58,17,2.7264,0,6,0,in_review,0
506,life,life,abbottabad,kpk,179518,53,15,7.698,0,6,0,approved,0
507,home,home,peshawar,kpk,153869,45,15,9.7453,0,5,0,approved,0
508,accident,auto,sialkot,punjab,52211,64,5,3.1439,0,3,0,approved,0
509,pet_care,pet,sukkur,sindh,17392,56,3,2.2155,0,6,0,submitted,0
510,pet_care,pet,faisalabad,punjab,20034,56,0,1.0538,0,2,1,in_review,0
511,damage,home,multan,punjab,25023,45,25,3.8122,0,0,0,approved,0
512,home,home,mardan,kpk,14139,64,19,1.0567,0,2,0,approved,0
513,damage,home,gujranwala,punjab,15748,45,3,2.8086,0,3,1,rejected,1
514,pet,pet,hyderabad,sindh,14101,56,6,2.6132,1,1,0,in_review,0
515,other,life,sialkot,punjab,31327,45,2,4.6335,2,8,0,approved,0
516,pet_care,pet,quetta,balochistan,25482,56,22,1.3341,0,0,0,approved,0
517,medical,life,karachi,sindh,97596,45,14,18.7793,0,3,1,approved,0
518,accident,auto,sialkot,punjab,14910,44,19,0.8435,1,7,0,approved,0
519,auto,auto,islamabad,islamabad,61918,58,0,16.3804,1,4,0,approved,0
520,damage,auto,karachi,sindh,27955,56,29,1.1516,0,1,0,in_review,0
521,theft,home,islamabad,islamabad,28428,44,22,1.8441,1,7,0,approved,0
522,other,pet,hyderabad,sindh,5056,45,3,0.2769,0,3,0,approved,0
523,accident,auto,hyderabad,sindh,36313,45,9,1.5309,1,6,1,submitted,0
524,medical,auto,abbottabad,kpk,53082,64,10,2.9796,3,3,3,rejected,1
525,life,life,islamabad,islamabad,54332,44,5,3.9283,2,3,1,submitted,0
526,life,life,peshawar,kpk,57843,58,17,2.449,0,6,0,rejected,1
527,other,pet,peshawar,kpk,16560,56,1,0.6997,2,4,2,in_review,1
528,home,home,faisalabad,punjab,25555,64,11,1.6456,1,2,0,approved,0
529,theft,auto,faisalabad,punjab,6353,58,1,0.5057,1,4,0,approved,0
530,life,life,sialkot,punjab,70913,58,3,5.1101,0,5,0,submitted,0
531,home,home,peshawar,kpk,25505,45,15,2.2543,2,6,0,approved,0
532,other,pet,quetta,balochistan,48868,64,18,5.4902,0,4,1,approved,0
533,theft,auto,sukkur,sindh,14579,61,6,1.2871,0,4,0,approved,0
534,accident,auto,peshawar,kpk,53370,61,29,2.9887,3,8,2,rejected,1
535,damage,home,rawalpindi,punjab,10088,45,29,0.4211,1,7,0,approved,0
536,pet_care,pet,karachi,sindh,7092,44,7,0.7614,0,4,3,submitted,1
537,medical,life,gujranwala,punjab,25243,64,20,4.2283,3,6,3,submitted,0
538,home,home,islamabad,islamabad,97249,45,11,27.1418,0,6,1,approved,0
539,pet,pet,sukkur,sindh,19805,45,28,0.8513,0,0,1,submitted,0
540,auto,auto,karachi,sindh,16028,58,8,1.8544,0,6,0,approved,0
541,theft,auto,sukkur,sindh,17177,56,8,1.1164,0,5,0,approved,0
542,other,home,islamabad,islamabad,11851,64,20,0.5108,2,7,0,submitted,0
543,auto,auto,karachi,sindh,41718,56,27,4.2255,2,7,0,approved,0
544,accident,life,islamabad,islamabad,27907,64,26,6.767,1,7,0,approved,0
545,theft,auto,karachi,sindh,37762,58,10,1.7787,1,7,0,approved,0
546,damage,home,karachi,sindh,31462,45,2,3.9054,0,4,1,approved,0
547,damage,auto,quetta,balochistan,14381,44,4,1.2018,0,4,1,approved,0
548,auto,auto,rawalpindi,punjab,48783,64,30,3.3891,3,8,2,rejected,1
549,life,life,gujranwala,punjab,96883,45,4,3.958,3,4,3,in_review,1
550,auto,auto,islamabad,islamabad,26660,53,6,1.131,3,9,3,rejected,1
551,damage,auto,islamabad,islamabad,9674,56,13,1.1698,0,1,0,approved,0
552,life,life,sialkot,punjab,104218,58,0,5.0591,0,2,3,rejected,1
553,auto,auto,mardan,kpk,19466,64,1,0.924,0,1,0,approved,0
554,other,home,lahore,punjab,22277,64,12,2.2706,0,4,0,approved,0
555,life,life,hyderabad,sindh,51647,64,10,8.871,4,7,3,in_review,1
556,auto,auto,gujranwala,punjab,27892,64,5,1.2923,1,4,1,submitted,0
557,life,life,multan,punjab,56501,61,14,8.8699,0,3,0,submitted,0
558,life,life,hyderabad,sindh,124533,44,5,24.0133,1,6,0,in_review,0
559,pet,pet,karachi,sindh,6498,64,3,1.6176,0,5,3,rejected,1
560,theft,auto,rawalpindi,punjab,27615,44,30,11.2899,1,1,0,in_review,1
561,life,life,mardan,kpk,118824,64,25,5.897,1,5,2,rejected,1
562,damage,home,quetta,balochistan,7384,56,20,0.5068,0,3,1,in_review,0
563,other,auto,sialkot,punjab,8218,58,6,0.3526,0,3,0,approved,0
564,auto,auto,peshawar,kpk,23438,64,1,3.0815,4,9,1,rejected,1
565,life,life,gujranwala,punjab,19925,44,15,1.1831,0,1,0,approved,0
566,auto,auto,peshawar,kpk,56415,45,16,18.4182,0,3,0,approved,0
567,pet_care,pet,gujranwala,punjab,5000,58,3,0.2417,0,1,1,rejected,1
568,pet_care,pet,peshawar,kpk,20368,44,25,1.2413,0,6,1,approved,0
569,other,life,islamabad,islamabad,5970,61,0,0.2533,0,1,0,approved,0
570,other,pet,gujranwala,punjab,77767,61,22,3.5729,2,2,0,rejected,1
571,accident,auto,islamabad,islamabad,10252,53,20,4.3112,0,5,1,approved,0
572,life,life,hyderabad,sindh,8913,58,30,0.5816,0,6,0,approved,0
573,auto,auto,sialkot,punjab,23384,44,15,13.3015,0,3,0,approved,0
574,life,life,mardan,kpk,64849,45,10,18.5867,0,5,0,approved,0
575,home,home,mardan,kpk,13610,58,6,0.8617,0,1,0,approved,0
576,other,pet,rawalpindi,punjab,38745,64,13,3.4865,1,7,3,rejected,1
577,theft,auto,rawalpindi,punjab,5934,61,3,0.8267,3,6,1,rejected,1
578,accident,life,gujranwala,punjab,39176,64,27,2.9681,2,4,0,approved,0
579,medical,auto,gujranwala,punjab,364845,44,29,28.8392,2,8,1,approved,0
580,accident,life,quetta,balochistan,80522,64,3,4.8863,0,1,0,in_review,0
581,damage,auto,mardan,kpk,49848,45,27,3.1219,0,2,0,submitted,0
582,life,life,quetta,balochistan,6803,44,10,3.9668,0,0,0,approved,0
583,medical,life,quetta,balochistan,46323,61,25,2.4568,0,3,2,rejected,1
584,home,home,hyderabad,sindh,146544,45,16,23.3722,0,2,0,approved,0
585,auto,auto,abbottabad,kpk,10044,44,20,0.446,0,5,1,submitted,0
586,home,home,lahore,punjab,162414,61,4,15.2258,0,1,2,in_review,1
587,life,life,quetta,balochistan,49321,45,9,2.1672,0,2,0,submitted,0
588,pet,pet,multan,punjab,11130,56,10,2.451,0,6,0,submitted,0
589,pet_care,pet,sukkur,sindh,61879,64,8,12.0905,0,6,0,approved,0
590,accident,life,sialkot,punjab,66090,53,20,7.1557,0,2,0,approved,0
591,damage,auto,sukkur,sindh,7938,64,6,0.8257,0,1,1,approved,0
592,accident,life,rawalpindi,punjab,19969,61,21,1.1674,1,5,1,approved,0
593,auto,auto,mardan,kpk,43357,56,5,2.4718,0,3,1,submitted,0
594,pet,pet,mardan,kpk,10431,64,5,1.232,3,3,2,rejected,1
595,other,life,lahore,punjab,9398,44,11,0.5045,0,0,1,approved,0
596,accident,life,gujranwala,punjab,6208,45,0,0.7249,0,0,1,approved,0
597,other,pet,sialkot,punjab,19213,56,19,1.3859,1,5,0,approved,0
598,damage,auto,faisalabad,punjab,35682,61,7,1.624,0,0,2,in_review,1
599,theft,home,mardan,kpk,30182,44,22,13.0545,1,1,0,in_review,0
600,pet,pet,peshawar,kpk,5943,64,28,0.3196,0,4,0,in_review,1
601,medical,auto,faisalabad,punjab,71381,58,1,3.7603,2,2,0,approved,0
602,pet,pet,karachi,sindh,11616,44,5,1.1701,1,2,0,approved,0
603,other,life,rawalpindi,punjab,35212,64,3,14.7331,0,2,0,submitted,0
604,accident,auto,multan,punjab,36986,61,24,1.7561,3,5,0,rejected,1
605,life,life,karachi,sindh,87432,56,17,3.9279,0,3,0,approved,0
606,damage,auto,sukkur,sindh,56215,58,13,8.0181,0,6,0,approved,0
607,damage,home,lahore,punjab,16069,61,21,0.9288,4,10,2,rejected,1
608,accident,auto,mardan,kpk,33391,45,12,1.7573,2,7,1,approved,0
609,other,others,quetta,balochistan,34242,64,21,2.8702,0,3,2,submitted,1
610,damage,home,peshawar,kpk,8878,58,22,0.5188,1,5,0,approved,0
611,pet,pet,islamabad,islamabad,10256,61,26,0.4363,2,4,0,submitted,0
612,accident,auto,hyderabad,sindh,81680,64,7,5.9887,1,6,2,rejected,1
613,other,life,quetta,balochistan,9793,64,11,1.1197,0,5,1,approved,0
614,auto,auto,islamabad,islamabad,31697,53,17,2.9937,1,5,0,approved,0
615,other,auto,mardan,kpk,35847,64,27,9.8725,4,9,2,in_review,1
616,life,life,karachi,sindh,134067,64,27,5.9577,0,3,0,approved,0
617,home,home,mardan,kpk,38914,53,12,4.3936,0,4,1,approved,0
618,auto,auto,multan,punjab,14993,45,20,1.8857,0,3,1,approved,0
619,home,home,multan,punjab,14253,64,26,2.8319,2,6,2,in_review,1
620,other,pet,quetta,balochistan,34878,64,2,7.5265,2,5,0,approved,0
621,damage,home,quetta,balochistan,21935,64,1,1.3727,0,3,0,approved,0
622,other,others,lahore,punjab,9182,45,28,0.5613,0,5,1,approved,0
623,medical,life,faisalabad,punjab,63423,53,25,33.3454,2,3,1,approved,0
624,other,pet,rawalpindi,punjab,5521,64,16,0.5832,0,4,1,approved,0
625,home,home,sialkot,punjab,39156,64,4,22.1973,0,6,1,approved,0
626,medical,life,abbottabad,kpk,105757,58,21,13.0661,1,4,0,approved,0
627,home,home,karachi,sindh,14728,64,25,1.2005,0,0,0,approved,0
628,medical,life,hyderabad,sindh,115864,56,12,9.3718,2,2,0,rejected,1
629,theft,home,gujranwala,punjab,6151,64,24,0.3861,0,0,0,approved,0
630,pet_care,pet,sialkot,punjab,8498,44,5,0.432,2,2,2,in_review,1
631,theft,auto,multan,punjab,16296,56,11,1.4175,3,9,3,submitted,1
632,theft,home,rawalpindi,punjab,30699,64,12,5.3067,0,3,3,rejected,1
633,other,others,multan,punjab,15165,64,7,0.7962,1,3,1,in_review,0
634,life,life,mardan,kpk,551142,45,24,132.2635,0,3,1,rejected,1
635,life,life,rawalpindi,punjab,124216,58,15,10.3127,0,4,0,approved,0
636,accident,auto,multan,punjab,27432,44,6,3.3655,0,3,0,approved,0
637,pet,pet,rawalpindi,punjab,7055,64,7,1.6588,0,4,0,approved,0
638,home,home,sialkot,punjab,29464,44,7,2.8206,1,3,2,rejected,1
639,pet,pet,quetta,balochistan,7450,44,10,0.7057,0,6,1,approved,0
640,other,auto,islamabad,islamabad,17155,64,18,0.6871,0,4,3,submitted,1
641,medical,life,mardan,kpk,49935,58,25,5.961,1,4,0,submitted,0
642,auto,auto,multan,punjab,23480,56,11,1.4791,1,2,0,approved,0
643,home,home,multan,punjab,23438,44,24,1.5385,0,0,0,rejected,1
644,home,home,karachi,sindh,26494,58,10,3.2345,1,3,0,approved,0
645,accident,life,lahore,punjab,24713,45,9,3.2445,0,2,0,submitted,0
646,auto,auto,rawalpindi,punjab,12509,45,23,2.4394,0,6,0,approved,0
647,life,life,peshawar,kpk,339431,58,21,16.6846,0,0,3,in_review,1
648,other,auto,sukkur,sindh,19054,45,23,1.552,0,3,0,submitted,0
649,auto,auto,karachi,sindh,9832,58,13,1.0175,0,5,0,approved,0
650,accident,auto,islamabad,islamabad,13593,45,9,2.0364,1,6,2,rejected,1
651,pet,pet,sialkot,punjab,18590,64,24,4.6394,0,1,0,approved,0
652,theft,auto,karachi,sindh,15486,56,3,1.2136,0,5,0,approved,0
653,medical,auto,rawalpindi,punjab,22610,61,17,1.3358,0,5,1,approved,0
654,home,home,multan,punjab,9276,45,26,0.3724,0,2,0,approved,0
655,auto,auto,multan,punjab,49690,61,0,3.607,0,0,0,approved,0
656,medical,life,quetta,balochistan,29271,45,13,1.2584,2,4,1,approved,0
657,pet,pet,karachi,sindh,8038,56,10,1.4727,0,5,0,approved,0
658,theft,auto,abbottabad,kpk,14693,61,6,0.6696,0,4,0,submitted,0
659,other,auto,gujranwala,punjab,56445,56,24,12.26,0,5,1,in_review,0
660,life,life,sialkot,punjab,91698,53,12,44.128,0,5,3,in_review,1
661,theft,auto,multan,punjab,48365,56,1,3.1121,0,2,0,approved,0
662,medical,auto,mardan,kpk,23684,64,25,1.9302,0,3,0,approved,0
663,home,home,multan,punjab,67101,53,21,8.1394,2,7,1,approved,0
664,home,home,hyderabad,sindh,16705,56,20,0.7547,3,4,0,in_review,1
665,medical,life,sukkur,sindh,43752,53,5,10.7737,0,1,0,approved,0
666,medical,auto,islamabad,islamabad,44856,61,14,2.5978,0,5,0,in_review,0
667,life,life,quetta,balochistan,52624,44,29,3.7594,1,2,0,approved,0
668,pet_care,pet,gujranwala,punjab,13814,56,10,1.0016,1,2,0,approved,0
669,pet,pet,hyderabad,sindh,23684,44,15,1.605,1,5,0,in_review,0
670,theft,auto,peshawar,kpk,8176,64,8,1.1988,0,3,0,approved,0
671,auto,auto,mardan,kpk,74526,64,21,7.7745,1,6,0,in_review,0
672,damage,auto,multan,punjab,33478,64,5,1.5768,0,0,0,approved,0
673,other,home,sukkur,sindh,44176,44,13,5.7468,1,5,3,rejected,1
674,pet_care,pet,quetta,balochistan,5000,64,25,1.1333,2,4,1,approved,0
675,pet_care,pet,rawalpindi,punjab,19164,44,20,1.0881,1,2,0,approved,0
676,life,life,sukkur,sindh,38825,53,5,7.5949,0,1,1,in_review,0
677,auto,auto,abbottabad,kpk,7399,44,2,0.3369,0,0,0,approved,0
678,life,life,abbottabad,kpk,6238,44,12,1.2988,3,6,3,rejected,1
679,home,home,islamabad,islamabad,30090,64,11,3.2178,2,2,1,submitted,0
680,damage,home,peshawar,kpk,49161,53,22,8.8947,0,4,0,approved,0
681,medical,life,abbottabad,kpk,16873,64,1,1.3994,1,2,0,approved,0
682,theft,auto,karachi,sindh,12413,64,4,0.7259,0,6,0,in_review,0
683,life,life,hyderabad,sindh,56203,53,7,10.6244,0,5,0,in_review,0
684,accident,auto,sialkot,punjab,46142,58,8,3.2804,3,8,0,rejected,1
685,life,life,quetta,balochistan,42147,45,18,1.7439,1,4,2,in_review,1
686,pet,pet,quetta,balochistan,7928,45,2,0.8668,0,5,0,in_review,0
687,other,life,rawalpindi,punjab,115502,44,0,9.8149,0,4,0,approved,0
688,home,home,sukkur,sindh,43936,64,12,1.8898,0,3,0,approved,0
689,medical,auto,abbottabad,kpk,25345,64,23,1.5421,1,3,0,approved,0
690,other,pet,abbottabad,kpk,21462,64,12,2.5049,4,6,0,in_review,1
691,medical,life,islamabad,islamabad,408693,56,14,55.4837,4,8,1,rejected,1
692,home,home,karachi,sindh,38431,53,22,9.9743,1,5,0,submitted,0
693,other,home,islamabad,islamabad,9173,56,18,0.3706,0,3,0,approved,0
694,medical,life,sialkot,punjab,131618,56,13,6.4636,3,3,1,submitted,1
695,theft,auto,peshawar,kpk,15600,61,7,0.9927,0,5,0,submitted,0
696,theft,auto,islamabad,islamabad,11298,64,14,0.4953,0,0,0,approved,0
697,pet,pet,lahore,punjab,13039,45,8,0.629,1,2,0,submitted,0
698,pet_care,pet,faisalabad,punjab,18103,64,26,1.4891,0,6,0,approved,0
699,pet,pet,quetta,balochistan,5000,64,5,0.6026,1,7,0,in_review,1
700,damage,home,sukkur,sindh,92385,56,11,9.3196,0,5,0,in_review,0
701,pet,pet,abbottabad,kpk,9565,64,22,0.5034,0,2,0,approved,0
702,accident,auto,lahore,punjab,19472,53,17,2.5414,1,3,0,approved,0
703,pet_care,pet,karachi,sindh,25598,44,2,1.1232,1,6,0,approved,0
704,pet_care,pet,mardan,kpk,14786,56,16,1.0797,0,1,0,approved,0
705,other,auto,faisalabad,punjab,23859,45,20,2.305,0,2,1,submitted,0
706,pet_care,pet,faisalabad,punjab,5000,44,28,0.3608,1,7,0,submitted,0
707,pet_care,pet,peshawar,kpk,20604,61,30,4.3413,0,6,1,approved,0
708,other,pet,hyderabad,sindh,22579,56,4,1.0799,0,5,0,approved,0
709,home,home,abbottabad,kpk,29147,64,14,1.3592,1,5,0,approved,0
710,medical,auto,abbottabad,kpk,173523,45,10,39.9087,1,1,1,approved,0
711,accident,auto,mardan,kpk,34111,64,27,3.1392,3,6,2,rejected,1
712,life,life,karachi,sindh,502175,64,28,256.867,1,6,0,submitted,1
713,pet,pet,peshawar,kpk,24960,56,7,1.5406,0,6,0,approved,0
714,life,life,rawalpindi,punjab,190295,53,21,13.8588,2,8,2,rejected,1
715,pet_care,pet,multan,punjab,22372,44,6,14.2225,3,8,2,submitted,1
716,other,pet,lahore,punjab,5357,64,9,0.4072,0,2,2,rejected,1
717,theft,auto,hyderabad,sindh,5183,61,4,0.6501,0,3,0,approved,0
718,life,life,sialkot,punjab,7719,44,17,0.6827,0,3,0,approved,0
719,auto,auto,sialkot,punjab,17209,56,1,0.6956,0,5,0,in_review,1
720,life,life,faisalabad,punjab,57796,56,21,3.778,0,6,1,submitted,0
721,auto,auto,faisalabad,punjab,40224,64,11,7.9905,1,2,0,approved,0
722,other,home,karachi,sindh,11703,61,24,0.6791,0,1,1,approved,0
723,theft,auto,mardan,kpk,27581,45,15,2.8715,1,5,0,submitted,0
724,damage,home,faisalabad,punjab,20199,56,6,3.4617,0,4,0,approved,0
725,pet,pet,mardan,kpk,10086,64,13,0.4533,0,2,0,submitted,0
726,medical,auto,lahore,punjab,87513,44,15,11.7388,2,2,0,approved,0
727,home,home,faisalabad,punjab,78988,56,24,16.8994,0,5,1,approved,0
728,other,life,multan,punjab,9583,45,2,0.4202,0,5,0,submitted,1
729,medical,life,mardan,kpk,60442,58,23,3.7528,4,5,2,rejected,1
730,auto,auto,quetta,balochistan,21614,61,29,1.0883,0,3,0,submitted,0
731,damage,auto,mardan,kpk,23990,45,16,4.1911,0,6,0,approved,0
732,other,life,multan,punjab,25425,58,29,3.376,0,5,0,approved,0
733,pet_care,pet,rawalpindi,punjab,6215,56,1,0.7033,3,5,3,in_review,1
734,medical,life,sukkur,sindh,70077,44,2,13.2046,1,4,2,submitted,1
735,accident,life,multan,punjab,286396,45,29,26.8563,1,6,0,submitted,0
736,other,others,multan,punjab,12211,61,18,0.7637,0,1,1,approved,0
737,life,life,hyderabad,sindh,41818,53,5,5.6154,1,6,0,approved,0
738,damage,auto,abbottabad,kpk,14761,53,13,0.6892,0,5,3,rejected,1
739,accident,auto,karachi,sindh,77144,56,1,5.4782,0,0,0,approved,0
740,accident,auto,sukkur,sindh,18479,64,7,1.468,0,2,0,submitted,0
741,theft,auto,faisalabad,punjab,47276,53,0,2.5888,0,3,0,approved,0
742,auto,auto,hyderabad,sindh,57713,64,2,8.1793,0,0,2,rejected,1
743,pet,pet,peshawar,kpk,13593,44,21,1.8265,1,3,0,in_review,0
744,home,home,quetta,balochistan,285718,56,32,11.5172,1,2,0,in_review,1
745,life,life,faisalabad,punjab,38846,45,4,1.901,0,1,0,approved,0
746,auto,auto,mardan,kpk,37654,53,4,2.4996,0,4,0,approved,0
747,medical,auto,faisalabad,punjab,109258,53,24,5.3201,1,2,0,submitted,0
748,home,home,rawalpindi,punjab,13533,56,27,2.6489,0,1,1,in_review,0
749,auto,auto,multan,punjab,23129,61,30,2.6108,0,5,0,approved,0
750,other,auto,lahore,punjab,17572,64,2,2.7835,1,7,0,approved,0
751,damage,auto,hyderabad,sindh,42164,64,20,2.8139,0,1,0,approved,0
752,damage,home,lahore,punjab,101354,58,28,6.9957,1,7,0,approved,0
753,medical,auto,rawalpindi,punjab,249353,56,35,23.9601,1,4,0,rejected,1
754,pet,pet,islamabad,islamabad,10432,61,20,0.4313,2,3,0,approved,0
755,pet_care,pet,faisalabad,punjab,6050,64,10,1.4942,0,1,0,in_review,1
756,pet_care,pet,sukkur,sindh,14178,45,8,1.7482,4,8,0,rejected,1
757,accident,life,faisalabad,punjab,11125,61,9,0.9581,0,2,1,in_review,0
758,theft,auto,karachi,sindh,5241,58,12,0.2912,1,7,0,approved,0
759,theft,home,mardan,kpk,47704,64,5,5.2491,0,1,0,submitted,0
760,auto,auto,mardan,kpk,22684,45,19,0.9501,3,7,2,in_review,1
761,damage,auto,sukkur,sindh,24276,44,5,5.573,0,2,0,approved,0
762,life,life,hyderabad,sindh,129137,56,29,13.0587,3,7,2,rejected,1
763,auto,auto,hyderabad,sindh,27998,64,10,2.0713,0,3,0,submitted,0
764,accident,auto,mardan,kpk,53378,45,4,5.6058,0,1,0,approved,0
765,life,life,sialkot,punjab,53612,58,26,3.1979,0,1,1,in_review,0
766,auto,auto,karachi,sindh,12144,58,19,0.9897,0,5,0,approved,0
767,damage,auto,rawalpindi,punjab,9791,61,19,0.4356,0,6,0,approved,0
768,accident,auto,islamabad,islamabad,13189,56,2,5.8592,0,3,0,approved,0
769,auto,auto,abbottabad,kpk,61694,44,30,6.1688,0,2,2,rejected,1
770,damage,auto,sialkot,punjab,41993,53,17,1.735,0,5,0,approved,0
771,home,home,rawalpindi,punjab,128513,45,10,7.775,1,6,0,approved,0
772,life,life,abbottabad,kpk,102433,53,1,6.3141,1,2,0,approved,0
773,auto,auto,sialkot,punjab,29543,64,26,3.5284,0,2,0,approved,0
774,life,life,karachi,sindh,35368,64,16,2.7154,0,1,0,approved,0
775,damage,auto,karachi,sindh,111376,44,13,10.2755,1,7,0,submitted,0
776,theft,home,peshawar,kpk,26812,58,20,1.7903,0,6,0,approved,0
777,medical,auto,sukkur,sindh,158138,58,25,11.3061,0,6,0,approved,0
778,home,home,sukkur,sindh,13455,61,9,1.2466,1,1,2,rejected,1
779,damage,auto,islamabad,islamabad,72977,56,10,3.9436,3,6,1,rejected,1
780,auto,auto,quetta,balochistan,6602,56,12,0.3231,0,2,0,approved,0
781,damage,home,abbottabad,kpk,30828,56,17,1.5109,3,4,0,approved,0
782,other,auto,lahore,punjab,7684,56,23,0.3532,4,9,2,rejected,1
783,medical,auto,multan,punjab,369773,61,30,19.4168,1,6,0,approved,0
784,accident,auto,faisalabad,punjab,15923,45,5,0.9625,0,6,0,approved,0
785,life,life,karachi,sindh,56460,61,6,14.4399,0,2,0,approved,0
786,pet_care,pet,rawalpindi,punjab,14629,45,1,0.6329,4,6,2,rejected,1
787,damage,auto,faisalabad,punjab,33317,56,16,4.261,0,2,0,approved,0
788,medical,life,mardan,kpk,136931,53,15,5.6672,3,5,2,rejected,1
789,life,life,sukkur,sindh,149923,44,6,10.2652,3,3,2,rejected,1
790,medical,auto,karachi,sindh,34011,64,26,2.11,1,5,0,approved,0
791,theft,auto,rawalpindi,punjab,44104,44,13,16.924,1,6,2,rejected,1
792,theft,home,quetta,balochistan,15891,45,7,1.3162,0,2,0,approved,0
793,home,home,mardan,kpk,13836,53,10,1.1271,1,4,0,approved,0
794,pet,pet,mardan,kpk,16546,61,20,0.7725,1,4,0,approved,0
795,life,life,lahore,punjab,51712,64,5,4.9287,1,2,0,approved,0
796,other,home,hyderabad,sindh,5000,64,16,0.4622,0,0,0,submitted,0
797,pet_care,pet,sialkot,punjab,9409,58,10,0.7333,1,4,0,approved,0
798,theft,auto,peshawar,kpk,7888,53,13,1.621,0,1,1,submitted,0
799,pet,pet,mardan,kpk,5000,64,3,1.5528,3,3,1,in_review,1
800,auto,auto,mardan,kpk,91567,56,3,12.9314,0,1,1,in_review,0
801,auto,auto,abbottabad,kpk,27845,58,15,5.0545,4,6,3,rejected,1
802,pet_care,pet,sialkot,punjab,19808,53,20,1.0004,1,1,3,approved,0
803,medical,auto,islamabad,islamabad,31631,64,6,2.2406,1,3,1,submitted,0
804,theft,home,multan,punjab,13296,53,19,0.9911,1,2,0,approved,0
805,other,home,rawalpindi,punjab,34774,45,8,2.0943,3,3,1,rejected,1
806,auto,auto,lahore,punjab,19876,61,20,1.2453,1,4,0,approved,0
807,pet_care,pet,sukkur,sindh,8822,64,3,0.5617,2,6,0,rejected,1
808,medical,auto,karachi,sindh,120669,56,6,8.3949,1,3,0,approved,0
809,accident,auto,rawalpindi,punjab,119187,44,23,6.6252,2,7,0,approved,0
810,damage,auto,hyderabad,sindh,22003,45,8,3.5795,0,6,1,in_review,0
811,other,home,hyderabad,sindh,21070,44,0,2.1925,2,6,1,submitted,0
812,theft,auto,quetta,balochistan,13897,44,17,1.1118,1,3,0,rejected,1
813,home,home,faisalabad,punjab,98398,56,0,9.5116,4,10,1,rejected,1
814,accident,auto,peshawar,kpk,76928,45,23,3.1658,0,3,0,submitted,0
815,pet,pet,sukkur,sindh,5152,64,28,0.7124,0,3,2,rejected,1
816,other,others,mardan,kpk,39667,58,25,3.1116,1,7,1,in_review,0
817,life,life,hyderabad,sindh,109210,58,9,4.5863,0,6,0,approved,0
818,other,home,lahore,punjab,13013,64,21,0.7435,0,1,0,submitted,0
819,pet,pet,faisalabad,punjab,5153,44,2,0.2072,0,3,2,in_review,1
820,auto,auto,karachi,sindh,30975,64,13,6.5695,2,3,1,approved,0
821,pet,pet,gujranwala,punjab,5000,58,20,0.435,0,3,1,approved,0
822,pet,pet,mardan,kpk,11075,58,11,0.9414,0,3,0,approved,0
823,pet,pet,quetta,balochistan,12480,44,19,0.8161,0,6,0,approved,0
824,pet,pet,islamabad,islamabad,6088,45,20,1.8561,0,0,1,approved,0
825,accident,auto,mardan,kpk,70333,53,1,3.405,0,4,1,approved,0
826,damage,auto,abbottabad,kpk,74200,45,6,6.3489,0,1,0,approved,0
827,medical,life,hyderabad,sindh,136441,45,1,59.1422,0,3,3,in_review,1
828,pet,pet,islamabad,islamabad,41217,45,19,1.9101,0,5,0,submitted,0
829,medical,life,sukkur,sindh,62167,44,9,2.5452,1,5,0,approved,0
830,theft,auto,karachi,sindh,8813,61,3,0.5715,0,2,0,approved,0
831,life,life,sialkot,punjab,49569,64,8,8.1743,4,6,2,rejected,1
832,pet,pet,sukkur,sindh,7370,64,20,2.0726,0,6,1,submitted,0
833,pet_care,pet,faisalabad,punjab,7449,56,19,0.329,1,5,1,approved,0
834,home,home,peshawar,kpk,11285,58,15,0.5193,0,1,3,in_review,1
835,medical,life,rawalpindi,punjab,107049,64,2,7.6002,1,1,0,approved,0
836,home,home,rawalpindi,punjab,12845,53,4,1.0684,0,3,0,approved,0
837,damage,auto,islamabad,islamabad,41129,64,18,2.1856,1,6,0,rejected,1
838,accident,life,quetta,balochistan,56866,56,10,3.8242,1,6,0,submitted,0
839,other,pet,sukkur,sindh,5000,56,27,0.3835,2,5,0,approved,0
840,theft,home,quetta,balochistan,12918,64,7,0.7002,1,3,0,approved,0
841,pet_care,pet,mardan,kpk,21426,44,29,1.6199,0,0,0,approved,0
842,pet_care,pet,lahore,punjab,10833,64,28,0.8613,0,4,1,submitted,0
843,accident,auto,hyderabad,sindh,73256,64,19,18.8367,0,0,2,in_review,1
844,theft,auto,rawalpindi,punjab,25938,53,15,2.5027,1,4,0,submitted,0
845,medical,life,lahore,punjab,508641,61,22,215.2522,1,6,0,rejected,1
846,auto,auto,karachi,sindh,24296,45,14,0.9924,2,4,0,in_review,0
847,medical,life,faisalabad,punjab,14930,64,24,0.7182,4,4,3,rejected,1
848,accident,auto,hyderabad,sindh,19774,53,19,2.666,4,5,2,rejected,1
849,theft,home,gujranwala,punjab,5000,64,26,0.2589,2,8,0,in_review,0
850,pet,pet,islamabad,islamabad,7283,64,3,0.3178,0,3,1,approved,0
851,medical,life,islamabad,islamabad,10807,45,6,0.5819,0,6,1,rejected,1
852,life,life,faisalabad,punjab,59763,61,8,27.2021,0,0,0,approved,0
853,accident,life,karachi,sindh,14563,44,1,0.9074,0,6,0,in_review,1
854,home,home,quetta,balochistan,86675,61,27,4.1543,1,6,1,approved,0
855,pet_care,pet,karachi,sindh,34831,56,8,1.7189,3,6,2,rejected,1
856,accident,life,quetta,balochistan,14709,61,10,0.6163,0,2,0,submitted,0
857,other,home,faisalabad,punjab,25735,56,8,2.227,0,0,0,in_review,0
858,life,life,karachi,sindh,68932,64,28,20.1615,3,6,0,rejected,1
859,life,life,multan,punjab,83390,64,20,3.7641,0,4,1,approved,0
860,medical,life,mardan,kpk,57835,64,7,5.7904,0,4,0,approved,0
861,home,home,islamabad,islamabad,25792,44,28,1.083,0,2,0,in_review,0
862,home,home,gujranwala,punjab,12304,56,9,0.5624,2,2,0,approved,0
863,pet,pet,multan,punjab,15935,45,20,1.1453,3,4,2,in_review,1
864,auto,auto,islamabad,islamabad,66933,58,21,3.5616,0,1,1,approved,0
865,medical,auto,multan,punjab,92700,61,30,5.6401,0,2,0,rejected,1
866,life,life,hyderabad,sindh,139985,44,19,9.195,1,3,0,approved,0
867,damage,auto,abbottabad,kpk,11741,58,29,1.4693,1,2,1,approved,0
868,damage,home,rawalpindi,punjab,57488,53,12,3.1291,1,1,0,approved,0
869,other,others,faisalabad,punjab,48002,44,13,16.0973,1,6,0,submitted,0
870,pet,pet,rawalpindi,punjab,12744,58,20,7.2615,0,3,0,approved,0
871,theft,home,gujranwala,punjab,10598,61,28,0.6,0,3,0,approved,0
872,medical,auto,sukkur,sindh,73254,64,3,6.8997,0,0,0,approved,0
873,damage,auto,gujranwala,punjab,31758,56,6,1.4867,0,0,2,in_review,1
874,accident,life,islamabad,islamabad,23535,61,30,10.0405,1,5,0,in_review,0
875,theft,auto,karachi,sindh,7590,53,2,0.4297,1,3,0,approved,0
876,pet,pet,mardan,kpk,5000,64,25,0.208,0,4,0,approved,0
877,accident,auto,rawalpindi,punjab,40278,58,4,1.9446,2,7,1,approved,0
878,theft,home,lahore,punjab,5000,56,6,0.3178,0,5,0,approved,0
879,home,home,sukkur,sindh,58717,61,20,2.55,1,5,0,approved,0
880,pet_care,pet,hyderabad,sindh,7407,58,5,0.609,3,8,0,in_review,1
881,life,life,peshawar,kpk,81979,53,8,5.4653,2,8,0,approved,0
882,home,home,karachi,sindh,31334,44,1,1.9607,0,1,0,approved,0
883,auto,auto,peshawar,kpk,32734,64,3,4.7052,0,4,0,submitted,0
884,theft,auto,sialkot,punjab,7267,61,5,0.3704,2,3,0,approved,0
885,auto,auto,sukkur,sindh,12175,64,15,1.2618,0,2,0,approved,0
886,accident,life,mardan,kpk,56800,56,12,10.2324,2,4,2,approved,0
887,auto,auto,lahore,punjab,31209,61,23,1.6212,0,4,1,approved,0
888,accident,life,gujranwala,punjab,17677,58,20,1.0689,0,3,0,approved,0
889,life,life,mardan,kpk,60925,61,15,3.2113,3,9,2,rejected,1
890,accident,life,quetta,balochistan,26104,44,3,2.867,0,6,0,approved,0
891,medical,auto,peshawar,kpk,18462,58,26,1.9053,0,6,0,submitted,0
892,pet_care,pet,gujranwala,punjab,20439,64,27,1.6259,0,1,1,approved,0
893,home,home,sialkot,punjab,67998,45,27,4.0918,3,6,2,in_review,1
894,damage,home,rawalpindi,punjab,8114,58,5,1.0185,0,6,0,approved,0
895,auto,auto,mardan,kpk,17932,64,28,0.7575,1,2,0,approved,0
896,other,life,sukkur,sindh,10774,64,29,0.5056,3,8,3,rejected,1
897,life,life,sialkot,punjab,22307,44,0,1.4733,1,2,0,approved,0
898,accident,life,peshawar,kpk,63131,53,0,9.5278,0,6,2,in_review,1
899,home,home,gujranwala,punjab,43286,56,2,2.1767,0,1,0,approved,0
900,pet,pet,sialkot,punjab,21729,58,8,1.0671,0,0,1,approved,0
901,other,auto,rawalpindi,punjab,17712,45,9,2.567,0,3,0,approved,0
902,pet_care,pet,sukkur,sindh,43859,61,26,10.7974,1,4,0,approved,0
903,auto,auto,rawalpindi,punjab,44228,53,13,18.9983,1,2,0,submitted,0
904,accident,auto,hyderabad,sindh,30749,64,9,2.3071,0,2,2,rejected,1
905,pet_care,pet,abbottabad,kpk,15717,44,22,1.4956,0,0,3,submitted,1
906,life,life,hyderabad,sindh,42361,45,24,5.8884,0,0,0,submitted,0
907,damage,home,faisalabad,punjab,40972,64,14,2.687,0,6,0,approved,0
908,other,home,sialkot,punjab,48368,56,22,2.0566,2,6,1,approved,0
909,auto,auto,islamabad,islamabad,33452,56,26,1.4309,1,1,0,in_review,1
910,pet,pet,rawalpindi,punjab,52414,44,0,2.3486,0,2,0,submitted,0
911,theft,auto,faisalabad,punjab,38010,56,2,7.1595,0,5,3,in_review,1
912,medical,auto,hyderabad,sindh,21374,53,30,5.1343,1,6,0,in_review,1
913,damage,auto,rawalpindi,punjab,17552,44,6,0.8769,2,3,3,rejected,1
914,theft,auto,sialkot,punjab,7527,58,16,0.3679,2,7,2,submitted,0
915,auto,auto,sukkur,sindh,8377,44,11,0.416,0,5,3,in_review,1
916,pet_care,pet,sukkur,sindh,7284,45,1,0.8667,0,5,0,approved,0
917,home,home,abbottabad,kpk,86121,64,3,4.1444,2,2,0,approved,0
918,theft,home,sialkot,punjab,6093,64,24,0.5282,0,4,0,approved,0
919,auto,auto,islamabad,islamabad,16746,58,10,1.7663,1,3,0,approved,0
920,pet,pet,karachi,sindh,9846,56,16,0.6371,3,7,3,rejected,1
921,other,auto,rawalpindi,punjab,63026,56,24,2.7122,2,5,0,approved,0
922,medical,life,gujranwala,punjab,23196,61,6,2.0036,0,1,0,submitted,0
923,accident,life,rawalpindi,punjab,9475,53,12,0.7405,2,7,0,approved,0
924,theft,auto,rawalpindi,punjab,28076,64,24,2.3532,2,8,1,approved,0
925,pet,pet,sialkot,punjab,7093,64,11,0.4053,0,0,0,in_review,0
926,medical,life,hyderabad,sindh,19770,64,2,2.5813,0,1,0,approved,0
927,life,life,gujranwala,punjab,25136,45,16,1.6408,0,0,0,approved,0
928,auto,auto,rawalpindi,punjab,10891,58,21,0.9112,0,5,2,in_review,1
929,pet_care,pet,gujranwala,punjab,30156,58,24,1.3536,1,7,0,submitted,0
930,auto,auto,islamabad,islamabad,14772,58,19,0.6257,0,3,0,approved,0
931,home,home,peshawar,kpk,26059,44,21,1.0862,1,1,0,approved,0
932,accident,life,sialkot,punjab,45836,64,11,4.0729,0,3,0,approved,0
933,damage,auto,karachi,sindh,16456,53,19,1.5671,2,8,3,in_review,1
934,accident,auto,sialkot,punjab,138084,61,3,10.0681,0,5,0,submitted,0
935,auto,auto,lahore,punjab,55700,45,20,7.4,2,5,3,in_review,1
936,pet_care,pet,mardan,kpk,9264,61,24,2.9884,0,5,1,approved,0
937,other,pet,rawalpindi,punjab,5000,56,21,0.2108,0,3,0,approved,0
938,medical,life,lahore,punjab,40569,58,9,1.6403,1,6,0,approved,0
939,pet,pet,sialkot,punjab,5000,58,4,0.3949,2,5,0,approved,0
940,pet_care,pet,lahore,punjab,16881,45,11,0.7292,0,4,0,approved,0
941,life,life,rawalpindi,punjab,86544,61,18,3.9383,0,6,0,approved,0
942,life,life,karachi,sindh,12993,45,27,0.6797,0,1,0,approved,0
943,damage,auto,sukkur,sindh,18776,44,28,1.2613,0,2,0,approved,0
944,home,home,multan,punjab,35808,58,26,2.4298,0,6,0,approved,0
945,home,home,abbottabad,kpk,48850,61,18,6.8379,4,7,0,approved,0
946,other,others,sukkur,sindh,39102,64,30,9.4495,0,1,0,approved,0
947,home,home,mardan,kpk,182925,53,17,8.6269,2,3,1,approved,0
948,life,life,sialkot,punjab,24681,58,7,4.2219,4,10,0,in_review,1
949,other,life,islamabad,islamabad,5338,64,2,0.7946,1,6,0,in_review,0
950,auto,auto,quetta,balochistan,31501,64,19,2.0769,0,6,1,approved,0
951,accident,life,karachi,sindh,131043,61,14,5.2455,1,1,0,submitted,0
952,theft,home,sialkot,punjab,23529,58,7,1.5656,0,0,0,approved,0
953,life,life,quetta,balochistan,26208,58,10,2.6158,1,5,0,rejected,1
954,pet,pet,lahore,punjab,26810,44,22,3.0668,0,5,0,approved,0
955,life,life,rawalpindi,punjab,12808,61,27,0.5276,0,1,0,approved,0
956,other,home,gujranwala,punjab,84234,61,16,6.2711,0,1,3,in_review,1
957,pet,pet,sukkur,sindh,5000,56,20,0.3632,2,5,0,approved,0
958,theft,auto,multan,punjab,10897,45,19,0.9366,1,3,0,approved,0
959,accident,auto,mardan,kpk,24797,45,20,3.0478,3,7,0,rejected,1
960,pet,pet,quetta,balochistan,9748,44,7,2.9238,1,2,0,approved,0
961,life,life,lahore,punjab,35300,53,23,1.6449,1,1,2,rejected,1
962,medical,life,multan,punjab,117352,64,3,5.6716,0,5,0,approved,0
963,life,life,faisalabad,punjab,86043,64,9,4.4647,1,7,2,rejected,1
964,medical,auto,lahore,punjab,145208,56,15,14.8947,0,3,0,approved,0
965,pet,pet,sialkot,punjab,15809,58,20,1.5028,0,6,2,rejected,1
966,pet,pet,hyderabad,sindh,5000,44,21,0.7305,0,6,0,approved,0
967,damage,home,quetta,balochistan,38503,44,16,7.6063,0,4,0,in_review,0
968,medical,life,sialkot,punjab,24639,56,5,3.7197,1,2,0,approved,0
969,other,pet,quetta,balochistan,12478,44,29,1.2083,0,2,0,submitted,0
970,life,life,karachi,sindh,44459,61,24,2.2277,0,3,0,in_review,0
971,pet_care,pet,islamabad,islamabad,5000,44,8,0.2034,2,2,0,approved,0
972,pet,pet,quetta,balochistan,13576,45,8,1.589,0,1,0,submitted,0
973,life,life,quetta,balochistan,93770,61,19,4.0581,0,0,0,approved,0
974,pet_care,pet,hyderabad,sindh,15292,45,17,2.5919,0,2,0,approved,0
975,pet,pet,mardan,kpk,38902,64,23,17.5551,3,5,3,submitted,1
976,damage,auto,hyderabad,sindh,22456,44,21,2.5063,0,5,2,in_review,1
977,auto,auto,quetta,balochistan,18960,64,1,1.0874,1,4,0,approved,0
978,theft,home,sukkur,sindh,22696,45,27,4.3815,1,4,0,submitted,0
979,auto,auto,hyderabad,sindh,14418,64,5,0.8852,0,6,0,approved,0
980,accident,life,peshawar,kpk,26200,64,7,2.3546,0,5,0,approved,0
981,home,home,multan,punjab,21513,64,0,3.3836,1,5,0,submitted,1
982,medical,life,multan,punjab,108118,58,1,9.4625,0,1,0,submitted,0
983,theft,home,sukkur,sindh,26180,53,24,1.2803,0,3,1,in_review,0
984,auto,auto,multan,punjab,47211,45,8,10.5499,3,3,0,rejected,1
985,theft,auto,sialkot,punjab,42926,44,27,3.6824,0,5,0,approved,0
986,life,life,gujranwala,punjab,119165,56,0,5.2468,0,1,0,approved,0
987,medical,auto,sialkot,punjab,46351,56,5,2.1325,3,4,2,rejected,1
988,theft,home,lahore,punjab,8746,44,11,0.4913,1,1,1,submitted,0
989,accident,auto,karachi,sindh,36822,56,23,12.1806,0,0,0,approved,0
990,theft,home,hyderabad,sindh,19184,64,19,1.1475,0,3,2,rejected,1
991,pet,pet,peshawar,kpk,16753,53,23,0.7158,0,4,0,approved,0
992,theft,home,mardan,kpk,7906,53,7,0.5367,0,5,0,in_review,0
993,other,others,sukkur,sindh,55153,56,11,2.702,1,7,0,approved,0
994,accident,auto,rawalpindi,punjab,46747,64,10,23.7415,1,4,1,submitted,0
995,other,pet,hyderabad,sindh,19969,45,14,2.3386,1,6,1,approved,0
996,damage,auto,sialkot,punjab,48369,64,3,2.7688,1,3,0,approved,0
997,pet,pet,faisalabad,punjab,6065,61,14,0.6783,1,1,3,rejected,1
998,pet,pet,rawalpindi,punjab,15865,56,19,0.6666,1,5,0,approved,0
999,medical,life,sialkot,punjab,25849,53,20,3.8575,2,8,1,in_review,0
1000,auto,auto,gujranwala,punjab,25732,44,30,8.2953,0,2,1,approved,0
1001,other,others,faisalabad,punjab,34831,56,15,10.1253,1,7,3,rejected,1
1002,damage,auto,karachi,sindh,19204,64,24,0.9198,0,0,0,submitted,0
1003,other,pet,multan,punjab,12885,58,17,0.5568,0,6,2,rejected,1
1004,accident,life,islamabad,islamabad,11687,56,18,1.1841,2,7,2,rejected,1
1005,pet,pet,faisalabad,punjab,10733,61,13,0.5046,0,0,1,submitted,0
1006,pet_care,pet,abbottabad,kpk,6814,64,8,0.3756,0,0,1,approved,0
1007,medical,auto,abbottabad,kpk,112741,61,26,11.0444,1,7,2,in_review,1
1008,other,home,peshawar,kpk,11419,61,28,2.477,2,7,1,submitted,0
1009,life,life,karachi,sindh,120687,64,29,5.4654,0,1,0,approved,0
1010,auto,auto,mardan,kpk,47198,64,26,2.8671,0,1,0,approved,0
1011,pet_care,pet,multan,punjab,23553,61,10,1.1895,1,7,1,submitted,0
1012,home,home,peshawar,kpk,307357,64,12,16.0617,2,2,3,rejected,1
1013,other,pet,abbottabad,kpk,36188,58,27,4.761,0,6,0,approved,0
1014,damage,auto,lahore,punjab,13128,44,16,2.5481,1,5,0,approved,0
1015,theft,home,mardan,kpk,32900,64,10,1.5597,0,3,0,submitted,0
1016,pet_care,pet,sialkot,punjab,11307,56,17,1.2752,1,3,0,approved,0
1017,medical,life,multan,punjab,72493,44,0,4.551,0,0,1,approved,0
1018,pet,pet,karachi,sindh,25705,61,20,3.384,1,6,1,submitted,0
1019,auto,auto,sialkot,punjab,19227,56,30,2.0922,0,6,3,rejected,1
1020,damage,home,quetta,balochistan,45045,53,3,2.4848,1,6,1,submitted,0
1021,medical,auto,gujranwala,punjab,141899,58,14,6.9842,1,1,2,in_review,1
1022,pet,pet,sialkot,punjab,17051,64,21,0.9961,0,5,0,submitted,0
1023,accident,life,karachi,sindh,44023,53,12,1.7914,1,3,0,approved,0
1024,other,others,karachi,sindh,58521,64,19,9.3995,1,3,0,approved,0
1025,theft,auto,mardan,kpk,28322,56,19,4.1761,2,2,1,approved,0
1026,theft,home,karachi,sindh,45760,61,25,2.2533,0,3,0,approved,0
1027,home,home,mardan,kpk,109622,44,5,7.0262,0,1,0,approved,0
1028,life,life,sukkur,sindh,46693,64,30,4.6947,0,3,0,approved,0
1029,home,home,rawalpindi,punjab,53992,53,17,7.0339,4,4,3,in_review,1
1030,other,auto,hyderabad,sindh,23410,64,14,0.9498,1,5,2,rejected,1
1031,pet_care,pet,faisalabad,punjab,19889,45,5,1.5374,0,4,0,approved,0
1032,life,life,quetta,balochistan,23399,53,4,1.4464,3,6,0,rejected,1
1033,life,life,islamabad,islamabad,8680,61,29,0.4683,1,6,0,approved,0
1034,medical,auto,abbottabad,kpk,42729,64,15,2.7622,0,2,0,approved,0
1035,pet_care,pet,sukkur,sindh,8251,56,28,2.8809,1,6,0,submitted,1
1036,auto,auto,sialkot,punjab,27862,64,11,1.4571,2,2,1,approved,0
1037,home,home,mardan,kpk,35736,64,19,4.3735,0,3,0,in_review,0
1038,accident,auto,abbottabad,kpk,58037,61,26,4.7039,0,1,0,approved,0
1039,auto,auto,multan,punjab,39762,64,22,1.7357,0,3,0,approved,0
1040,life,life,peshawar,kpk,84215,58,22,45.7442,0,5,0,approved,0
1041,life,life,rawalpindi,punjab,17263,61,29,0.9041,0,2,0,approved,0
1042,theft,auto,islamabad,islamabad,78781,53,15,9.6985,0,0,0,approved,0
1043,auto,auto,faisalabad,punjab,43707,64,19,1.804,0,1,0,approved,0
1044,pet,pet,quetta,balochistan,13934,56,0,1.6598,0,2,2,rejected,1
1045,accident,life,karachi,sindh,95112,56,7,14.5967,1,3,0,submitted,0
1046,theft,home,peshawar,kpk,12470,64,17,0.6626,0,5,0,approved,0
1047,damage,auto,sialkot,punjab,13484,64,18,4.8873,2,8,1,submitted,0
1048,accident,auto,lahore,punjab,65920,61,18,2.8962,0,4,0,approved,0
1049,life,life,sialkot,punjab,24088,58,4,1.0771,0,2,0,submitted,0
1050,auto,auto,rawalpindi,punjab,44675,56,9,3.2944,0,3,1,approved,0
1051,auto,auto,islamabad,islamabad,22864,58,23,1.0379,0,3,0,approved,0
1052,damage,home,multan,punjab,47857,64,30,5.5589,2,6,2,rejected,1
1053,pet_care,pet,karachi,sindh,11241,44,14,1.8335,2,8,2,rejected,1
1054,home,home,abbottabad,kpk,111499,58,30,7.9122,0,1,0,approved,0
1055,other,auto,abbottabad,kpk,39417,61,4,2.6873,0,1,1,in_review,0
1056,home,home,abbottabad,kpk,57394,64,0,12.2637,0,0,0,approved,0
1057,damage,home,gujranwala,punjab,5000,58,18,1.365,0,5,0,submitted,0
1058,damage,home,rawalpindi,punjab,18346,58,20,1.2146,1,3,0,in_review,0
1059,damage,auto,faisalabad,punjab,10852,58,12,3.8896,0,0,0,approved,0
1060,life,life,hyderabad,sindh,155038,64,2,72.1107,0,1,0,in_review,0
1061,theft,home,abbottabad,kpk,5000,45,25,0.4164,0,6,0,approved,0
1062,damage,auto,islamabad,islamabad,13531,64,16,1.3835,0,1,0,approved,0
1063,life,life,sialkot,punjab,126727,64,10,44.8591,0,4,0,approved,0
1064,medical,auto,karachi,sindh,85604,61,25,6.0174,0,2,0,approved,0
1065,medical,auto,gujranwala,punjab,16823,45,21,1.6432,2,4,2,rejected,1
1066,damage,home,multan,punjab,27704,45,2,7.035,0,0,1,in_review,0
1067,theft,home,peshawar,kpk,23992,45,21,1.0898,1,1,1,submitted,0
1068,theft,home,faisalabad,punjab,7314,53,16,1.625,0,1,1,submitted,0
1069,life,life,mardan,kpk,175553,56,14,7.4211,0,0,0,approved,0
1070,pet,pet,mardan,kpk,13710,64,5,2.4645,1,2,0,approved,0
1071,other,pet,sukkur,sindh,12360,64,26,0.5496,1,5,0,approved,0
1072,pet_care,pet,faisalabad,punjab,5747,64,23,1.6331,1,7,0,submitted,0
1073,life,life,mardan,kpk,11738,64,29,0.4973,1,5,0,rejected,1
1074,home,home,sialkot,punjab,27723,64,15,1.6078,0,5,0,approved,0
1075,home,home,hyderabad,sindh,10332,61,30,0.6214,0,3,0,submitted,0
1076,auto,auto,islamabad,islamabad,47082,56,27,7.7591,0,0,0,in_review,0
1077,damage,home,multan,punjab,6920,64,8,1.5021,0,3,0,in_review,0
1078,pet,pet,multan,punjab,10402,61,13,1.3467,3,4,2,rejected,1
1079,theft,home,sialkot,punjab,17191,58,7,0.6979,2,5,1,approved,0
1080,home,home,abbottabad,kpk,32276,44,4,1.4829,0,2,1,approved,0
1081,life,life,lahore,punjab,45206,64,30,2.7993,1,7,2,submitted,1
1082,life,life,sukkur,sindh,72267,56,6,5.706,3,9,2,rejected,1
1083,other,others,multan,punjab,21306,64,0,2.2051,0,0,0,approved,0
1084,pet,pet,hyderabad,sindh,14063,53,12,0.6619,1,3,1,submitted,0
1085,life,life,multan,punjab,17018,58,19,0.7651,1,7,0,in_review,0
1086,other,others,multan,punjab,27731,53,1,1.2237,0,4,0,approved,0
1087,accident,life,gujranwala,punjab,67578,64,2,8.2493,0,1,0,approved,0
1088,life,life,faisalabad,punjab,54748,58,19,5.2325,0,4,0,approved,0
1089,home,home,sialkot,punjab,13852,64,17,2.2546,1,6,0,approved,0
1090,accident,life,sialkot,punjab,31393,56,22,1.567,0,0,0,approved,0
1091,medical,life,quetta,balochistan,163055,64,13,12.2542,1,4,0,rejected,1
1092,auto,auto,sukkur,sindh,53343,44,3,12.0386,0,0,0,approved,0
1093,medical,auto,lahore,punjab,30779,56,4,10.6797,0,2,0,approved,0
1094,pet,pet,hyderabad,sindh,19467,45,17,8.5758,0,4,0,approved,0
1095,home,home,peshawar,kpk,39262,53,12,2.895,0,0,2,rejected,1
1096,pet,pet,sukkur,sindh,7055,44,19,0.4959,0,2,2,in_review,1
1097,life,life,hyderabad,sindh,104114,64,3,4.8946,0,0,1,approved,0
1098,other,life,islamabad,islamabad,236324,44,31,9.8056,0,0,0,submitted,1
1099,pet_care,pet,sukkur,sindh,9223,64,5,4.0452,0,5,0,in_review,0
1100,other,auto,hyderabad,sindh,25119,53,21,1.4575,0,0,2,in_review,1
1101,accident,life,lahore,punjab,22911,56,30,2.0022,0,2,0,approved,0
1102,home,home,gujranwala,punjab,49954,45,1,3.2908,0,2,0,in_review,0
1103,medical,life,abbottabad,kpk,29480,44,22,1.2365,0,5,0,in_review,1
1104,medical,life,karachi,sindh,44508,58,13,1.8766,0,0,0,rejected,1
1105,pet_care,pet,mardan,kpk,7689,44,21,0.447,3,4,1,rejected,1
1106,accident,life,sukkur,sindh,29166,64,27,1.1888,0,0,0,approved,0
1107,damage,auto,abbottabad,kpk,47858,64,10,3.5022,0,4,0,approved,0
1108,pet_care,pet,islamabad,islamabad,21060,61,17,0.8946,0,3,0,approved,0
1109,home,home,hyderabad,sindh,68273,64,1,3.5618,0,6,3,rejected,1
1110,damage,home,islamabad,islamabad,50928,61,26,6.1776,2,6,1,approved,0
1111,pet_care,pet,mardan,kpk,31780,45,15,3.5584,0,6,1,approved,0
1112,auto,auto,peshawar,kpk,70329,53,3,5.4078,1,4,0,submitted,0
1113,accident,auto,hyderabad,sindh,10729,53,9,1.7222,0,0,2,rejected,1
1114,pet_care,pet,multan,punjab,37929,44,2,5.0005,0,0,0,approved,0
1115,other,life,sialkot,punjab,16690,58,19,1.1749,1,5,0,approved,0
1116,home,home,lahore,punjab,298762,45,17,30.236,0,4,0,in_review,0
1117,life,life,karachi,sindh,24333,45,2,8.794,0,6,1,approved,0
1118,home,home,peshawar,kpk,13577,58,24,0.8045,0,3,0,approved,0
1119,accident,life,faisalabad,punjab,16890,61,18,0.9409,2,6,1,in_review,1
1120,pet,pet,rawalpindi,punjab,8484,64,9,0.5204,0,5,0,approved,0
1121,life,life,lahore,punjab,612960,56,33,43.1936,1,1,0,submitted,1
1122,other,pet,multan,punjab,16555,45,29,0.6651,0,1,0,approved,0
1123,accident,life,hyderabad,sindh,57778,64,22,4.2751,1,1,0,rejected,1
1124,auto,auto,faisalabad,punjab,20220,53,29,4.6397,2,3,0,approved,0
1125,medical,auto,abbottabad,kpk,41547,56,2,2.1429,1,1,0,approved,0
1126,damage,auto,lahore,punjab,5000,64,18,0.3654,0,6,0,submitted,0
1127,medical,life,abbottabad,kpk,51912,61,5,3.0436,1,6,0,approved,0
1128,damage,home,islamabad,islamabad,5000,56,2,1.3412,0,6,0,in_review,0
1129,pet_care,pet,lahore,punjab,5709,64,12,0.3648,0,5,2,in_review,1
1130,medical,life,hyderabad,sindh,222949,56,18,10.2988,0,4,0,approved,0
1131,accident,life,faisalabad,punjab,8335,44,11,0.4187,0,3,0,approved,0
1132,pet,pet,gujranwala,punjab,11149,56,27,0.6598,0,0,0,approved,0
1133,other,home,gujranwala,punjab,13479,53,9,0.6095,0,2,2,rejected,1
1134,pet_care,pet,islamabad,islamabad,12500,61,8,1.0018,1,2,1,approved,0
1135,pet_care,pet,abbottabad,kpk,8623,53,10,0.3596,1,5,0,submitted,0
1136,pet_care,pet,multan,punjab,5000,64,15,0.237,0,3,1,approved,0
1137,home,home,gujranwala,punjab,24328,64,12,1.1392,0,6,2,rejected,1
1138,pet,pet,sukkur,sindh,9784,58,13,0.4869,1,4,0,approved,0
1139,theft,auto,quetta,balochistan,5262,45,4,1.6018,3,8,1,approved,0
1140,accident,auto,faisalabad,punjab,20626,44,7,1.6419,3,5,3,in_review,1
1141,home,home,rawalpindi,punjab,11752,56,30,0.8359,0,5,0,submitted,0
1142,theft,home,multan,punjab,8494,56,5,0.5733,2,4,0,approved,0
1143,other,others,islamabad,islamabad,19766,45,27,1.3948,0,3,0,approved,0
1144,other,pet,lahore,punjab,36858,58,21,1.9161,0,4,0,rejected,1
1145,auto,auto,peshawar,kpk,16083,61,19,1.9537,0,3,0,approved,0
1146,medical,auto,multan,punjab,72578,53,0,5.2091,1,1,0,approved,0
1147,home,home,karachi,sindh,34620,61,29,15.9466,0,2,0,in_review,0
1148,pet_care,pet,rawalpindi,punjab,5678,53,16,0.8086,2,5,0,approved,0
1149,damage,home,peshawar,kpk,26814,44,16,1.1042,0,2,0,submitted,0
1150,damage,home,karachi,sindh,93544,56,18,7.9884,0,3,2,rejected,1
1151,medical,life,faisalabad,punjab,10463,45,17,2.168,1,5,1,approved,0
1152,damage,home,quetta,balochistan,18229,64,8,10.2066,0,0,0,approved,0
1153,damage,home,islamabad,islamabad,71438,58,8,3.3298,0,1,1,approved,0
1154,other,home,faisalabad,punjab,10010,58,16,0.7219,1,4,0,submitted,0
1155,life,life,quetta,balochistan,130300,44,12,6.1056,0,3,0,approved,0
1156,accident,auto,faisalabad,punjab,23964,64,0,1.1328,0,6,0,approved,0
1157,damage,auto,islamabad,islamabad,119367,44,20,5.7259,0,1,0,approved,0
1158,life,life,hyderabad,sindh,36969,56,14,1.4871,0,0,0,approved,0
1159,theft,auto,sialkot,punjab,5000,61,28,1.5432,0,2,0,approved,0
1160,life,life,sialkot,punjab,8124,64,8,0.6572,0,1,0,approved,0
1161,home,home,sialkot,punjab,24338,45,25,1.1126,2,8,1,approved,0
1162,pet,pet,rawalpindi,punjab,5932,44,23,0.4273,0,6,2,rejected,1
1163,auto,auto,lahore,punjab,11478,56,13,3.9014,0,4,0,approved,0
1164,theft,home,islamabad,islamabad,9311,53,2,3.4144,0,1,2,rejected,1
1165,life,life,peshawar,kpk,24510,64,28,1.79,1,3,0,submitted,0
1166,other,others,abbottabad,kpk,185784,53,7,17.4593,2,5,1,approved,0
1167,life,life,lahore,punjab,5556,56,3,0.266,1,7,1,approved,0
1168,damage,home,mardan,kpk,24677,61,12,1.2808,1,3,0,approved,0
1169,theft,auto,lahore,punjab,14163,58,13,0.8979,4,6,3,rejected,1
1170,life,life,peshawar,kpk,21483,53,9,2.5236,1,2,0,approved,0
1171,theft,home,faisalabad,punjab,20252,56,2,4.8254,4,4,2,approved,0
1172,home,home,abbottabad,kpk,17667,64,9,0.8727,0,4,0,rejected,1
1173,medical,life,karachi,sindh,12207,45,19,0.6948,2,4,0,submitted,0
1174,damage,home,hyderabad,sindh,14339,64,12,0.6709,1,6,0,in_review,0
1175,pet_care,pet,abbottabad,kpk,22088,53,29,0.8971,1,7,0,approved,0
1176,damage,home,lahore,punjab,15562,53,10,3.7928,1,4,0,approved,0
1177,pet,pet,mardan,kpk,35750,56,11,4.2697,0,2,0,submitted,1
1178,pet_care,pet,rawalpindi,punjab,5000,64,25,0.2808,0,6,0,approved,0
1179,home,home,lahore,punjab,112863,64,15,16.4069,0,1,0,in_review,0
1180,medical,life,karachi,sindh,168550,64,22,61.091,2,4,0,submitted,0
1181,pet,pet,multan,punjab,6600,44,23,1.0405,0,4,3,in_review,1
1182,auto,auto,hyderabad,sindh,30415,58,24,1.4577,0,2,0,in_review,0
1183,theft,auto,islamabad,islamabad,22163,53,10,1.4608,0,2,2,in_review,1
1184,other,life,karachi,sindh,60329,61,28,5.9175,0,6,2,in_review,1
1185,pet_care,pet,hyderabad,sindh,5000,45,9,0.2438,2,5,1,approved,0
1186,medical,life,abbottabad,kpk,18216,44,21,1.1697,0,3,0,approved,0
1187,pet_care,pet,sukkur,sindh,12813,45,4,0.5303,2,2,3,submitted,0
1188,pet_care,pet,faisalabad,punjab,8411,58,26,0.5164,0,3,0,approved,0
1189,theft,auto,rawalpindi,punjab,48207,64,8,3.3925,2,6,2,rejected,1
1190,theft,home,rawalpindi,punjab,19877,64,29,1.564,0,6,0,approved,0
1191,pet,pet,multan,punjab,5000,45,24,0.7154,4,9,1,submitted,1
1192,life,life,karachi,sindh,80020,64,1,6.6363,0,0,0,in_review,1
1193,home,home,karachi,sindh,49745,56,3,28.5399,0,4,3,rejected,1
1194,other,home,quetta,balochistan,14609,61,26,0.652,0,6,0,approved,0
1195,damage,auto,islamabad,islamabad,67841,44,15,4.8673,1,4,0,approved,0
1196,theft,home,sukkur,sindh,21190,45,3,0.9969,4,10,1,rejected,1
1197,medical,life,multan,punjab,6145,45,17,1.9772,2,6,3,rejected,1
1198,pet,pet,faisalabad,punjab,23006,64,21,1.5623,0,0,0,in_review,0
1199,accident,auto,hyderabad,sindh,27945,45,17,9.6595,0,4,2,rejected,1
1200,home,home,rawalpindi,punjab,30959,56,4,1.3609,1,7,1,in_review,0
1201,accident,life,peshawar,kpk,29366,53,13,3.8412,1,4,0,approved,0
1202,auto,auto,peshawar,kpk,13069,45,28,1.1961,1,3,0,in_review,0
1203,auto,auto,mardan,kpk,46286,45,26,4.7289,3,4,0,in_review,0
1204,accident,auto,abbottabad,kpk,16252,45,30,1.126,1,6,0,approved,0
1205,auto,auto,sialkot,punjab,24971,45,20,3.0228,2,4,3,rejected,1
1206,pet_care,pet,abbottabad,kpk,19285,64,12,2.3797,0,5,1,approved,0
1207,pet_care,pet,lahore,punjab,5000,53,9,0.5122,0,2,0,approved,0
1208,accident,life,quetta,balochistan,10665,53,9,0.5657,0,5,1,in_review,0
1209,pet_care,pet,hyderabad,sindh,11163,53,24,1.2791,1,4,0,approved,0
1210,damage,home,gujranwala,punjab,26835,44,8,1.9658,1,1,0,approved,0
1211,pet_care,pet,quetta,balochistan,28762,56,17,3.026,1,5,0,approved,0
1212,pet,pet,peshawar,kpk,6118,61,24,0.4824,0,6,0,approved,0
1213,other,others,peshawar,kpk,6762,53,6,0.5125,0,6,0,approved,0
1214,home,home,multan,punjab,8769,53,4,0.5615,0,0,0,in_review,0
1215,theft,home,abbottabad,kpk,16332,53,23,0.8386,0,0,0,in_review,1
1216,theft,auto,abbottabad,kpk,21586,53,8,1.0384,0,5,0,submitted,0
1217,accident,life,islamabad,islamabad,10543,44,7,1.2275,0,5,0,approved,0
1218,damage,home,mardan,kpk,32349,56,26,6.8901,0,0,1,approved,0
1219,damage,auto,hyderabad,sindh,32419,64,4,9.2441,0,5,0,submitted,0
1220,pet_care,pet,rawalpindi,punjab,11736,64,11,0.4882,0,5,1,approved,0
1221,damage,home,faisalabad,punjab,19807,56,22,3.03,0,4,1,approved,0
1222,other,others,sialkot,punjab,24765,58,30,1.5151,0,4,1,approved,0
1223,other,auto,mardan,kpk,11319,58,24,5.25,3,9,2,rejected,1
1224,accident,auto,mardan,kpk,40222,58,17,1.6453,0,5,0,approved,0
1225,pet,pet,sukkur,sindh,16401,45,1,1.8033,0,4,0,approved,0
1226,pet_care,pet,sukkur,sindh,11324,53,4,1.8994,1,1,0,approved,0
1227,pet,pet,mardan,kpk,9640,64,27,0.8003,0,6,0,in_review,1
1228,accident,auto,faisalabad,punjab,5584,45,20,0.4627,0,1,0,approved,0
1229,pet,pet,lahore,punjab,20895,56,23,0.9424,4,6,1,submitted,1
1230,pet_care,pet,gujranwala,punjab,15742,44,15,2.3429,0,6,0,submitted,0
1231,pet,pet,sialkot,punjab,10249,64,14,0.7356,0,0,0,approved,0
1232,home,home,faisalabad,punjab,56975,61,4,4.2697,0,0,0,approved,0
1233,medical,auto,sialkot,punjab,19744,61,5,0.8521,1,5,1,approved,0
1234,medical,life,karachi,sindh,188036,64,19,8.8575,1,1,1,in_review,0
1235,pet,pet,rawalpindi,punjab,6375,64,28,1.764,0,5,0,approved,0
1236,life,life,multan,punjab,10194,45,6,0.5541,0,1,0,in_review,1
1237,other,life,mardan,kpk,24210,44,21,3.4103,0,1,0,submitted,0
1238,damage,auto,mardan,kpk,21897,44,30,1.164,0,6,0,in_review,0
1239,auto,auto,sialkot,punjab,10710,64,7,0.7792,0,5,0,submitted,0
1240,accident,auto,hyderabad,sindh,9046,44,27,0.6526,0,6,0,approved,0
1241,medical,life,sialkot,punjab,64443,44,5,6.8476,0,1,0,approved,0
1242,home,home,gujranwala,punjab,24773,53,6,1.032,3,9,1,rejected,1
1243,home,home,karachi,sindh,32090,45,28,3.6591,0,4,3,rejected,1
1244,medical,auto,multan,punjab,43622,64,7,7.3761,2,8,0,rejected,1
1245,other,others,hyderabad,sindh,102698,64,16,8.3979,0,1,0,in_review,1
1246,other,home,sialkot,punjab,160029,61,7,10.5986,0,5,1,approved,0
1247,other,home,mardan,kpk,34794,64,19,2.302,0,0,0,submitted,0
1248,pet,pet,faisalabad,punjab,8281,58,16,0.432,0,0,0,approved,0
1249,damage,home,multan,punjab,28687,58,7,1.342,0,2,0,in_review,0
1250,pet_care,pet,sukkur,sindh,8030,64,26,0.4211,1,7,1,in_review,0
1251,auto,auto,quetta,balochistan,27603,56,23,9.1431,0,6,0,rejected,1
1252,accident,auto,sialkot,punjab,21271,64,26,1.4877,0,5,0,submitted,0
1253,theft,home,quetta,balochistan,10468,61,1,1.2084,0,1,0,approved,0
1254,life,life,quetta,balochistan,78747,44,6,3.9581,0,0,0,approved,0
1255,pet,pet,quetta,balochistan,8844,56,27,1.1253,0,1,0,submitted,0
1256,accident,auto,abbottabad,kpk,24251,64,19,1.7777,0,4,0,rejected,1
1257,other,auto,lahore,punjab,25678,61,24,1.0305,1,5,1,approved,0
1258,pet,pet,faisalabad,punjab,6954,61,11,0.3736,1,5,0,approved,0
1259,accident,life,peshawar,kpk,49439,56,24,2.2703,1,4,0,in_review,0
1260,auto,auto,sukkur,sindh,8504,61,14,0.5003,4,4,2,rejected,1
1261,pet,pet,sukkur,sindh,5000,64,19,0.2339,1,5,0,submitted,0
1262,pet_care,pet,sialkot,punjab,5000,61,19,0.3367,0,4,1,approved,0
1263,home,home,karachi,sindh,7506,61,12,0.3241,0,5,0,approved,0
1264,life,life,faisalabad,punjab,569802,64,15,24.2263,4,10,0,in_review,1
1265,auto,auto,multan,punjab,45080,44,16,2.1721,1,1,1,approved,0
1266,medical,life,lahore,punjab,141661,61,12,6.0593,0,0,0,approved,0
1267,medical,life,faisalabad,punjab,15994,64,26,0.6835,0,0,0,in_review,1
1268,theft,auto,abbottabad,kpk,6018,53,5,0.2816,2,5,1,approved,0
1269,home,home,abbottabad,kpk,29268,56,12,2.7435,0,3,2,in_review,1
1270,auto,auto,peshawar,kpk,17677,58,2,2.9486,1,7,0,approved,0
1271,damage,home,quetta,balochistan,33695,53,6,3.3246,0,1,0,in_review,0
1272,home,home,multan,punjab,99986,45,14,7.8138,0,1,1,approved,0
1273,theft,home,peshawar,kpk,29115,64,16,4.2485,0,3,0,approved,0
1274,medical,life,hyderabad,sindh,204579,44,14,51.9896,1,6,3,rejected,1
1275,damage,auto,gujranwala,punjab,21330,53,1,1.1707,0,5,0,approved,0
1276,theft,home,hyderabad,sindh,24197,45,5,1.3539,0,1,0,submitted,0
1277,other,others,islamabad,islamabad,10288,61,16,1.3761,0,4,0,submitted,0
1278,other,pet,multan,punjab,46010,53,26,2.9763,2,8,1,in_review,0
1279,auto,auto,sialkot,punjab,31509,64,23,3.501,0,5,0,approved,0
1280,theft,auto,hyderabad,sindh,17124,56,16,0.7006,2,2,0,rejected,1
1281,theft,home,rawalpindi,punjab,23867,45,5,2.7008,4,9,3,in_review,1
1282,pet,pet,faisalabad,punjab,6235,45,23,0.2598,0,6,2,approved,0
1283,home,home,hyderabad,sindh,162611,44,17,7.7548,0,4,0,approved,0
1284,accident,auto,rawalpindi,punjab,21888,44,22,7.9942,0,2,0,approved,0
1285,other,others,sukkur,sindh,11700,58,16,0.5288,3,9,3,rejected,1
1286,home,home,multan,punjab,28701,56,6,1.4853,0,4,0,approved,0
1287,other,home,mardan,kpk,35215,58,19,1.5955,0,1,1,approved,0
1288,life,life,islamabad,islamabad,29949,64,15,5.2149,1,5,0,approved,0
1289,damage,home,sialkot,punjab,241266,64,26,75.4192,1,4,0,approved,0
1290,other,home,lahore,punjab,9856,56,17,0.4185,1,3,1,approved,0
1291,pet,pet,hyderabad,sindh,9635,44,26,0.4599,0,1,0,approved,0
1292,other,life,quetta,balochistan,42432,53,30,2.9623,0,4,2,rejected,1
1293,theft,auto,rawalpindi,punjab,71233,58,29,3.7558,0,2,0,approved,0
1294,other,auto,islamabad,islamabad,8849,64,25,0.3648,0,6,3,in_review,1
1295,auto,auto,sialkot,punjab,77859,61,8,33.2731,3,7,1,in_review,1
1296,pet_care,pet,multan,punjab,5000,45,3,2.8588,3,3,3,rejected,1
1297,medical,auto,peshawar,kpk,105013,45,9,11.3737,0,3,0,approved,0
1298,medical,life,sialkot,punjab,42536,45,16,1.9516,0,3,0,approved,0
1299,other,life,islamabad,islamabad,51703,44,3,8.0735,3,9,0,rejected,1
1300,auto,auto,mardan,kpk,28708,56,19,1.3743,1,1,0,submitted,0
1301,pet,pet,karachi,sindh,21554,61,24,3.1539,0,2,1,approved,0
1302,life,life,gujranwala,punjab,118861,64,22,10.5317,0,5,2,in_review,1
1303,other,pet,sialkot,punjab,11416,45,9,0.9595,3,9,2,rejected,1
1304,accident,auto,lahore,punjab,55185,53,7,8.35,0,1,0,submitted,0
1305,theft,auto,islamabad,islamabad,14163,61,6,1.1903,1,2,0,approved,0
1306,pet,pet,karachi,sindh,16914,58,4,0.8165,3,8,3,rejected,1
1307,life,life,abbottabad,kpk,38193,56,23,2.5391,2,4,0,approved,0
1308,damage,home,mardan,kpk,15059,64,26,2.5606,1,5,0,approved,0
1309,theft,home,karachi,sindh,17691,58,17,1.7519,0,4,0,approved,0
1310,theft,auto,rawalpindi,punjab,55350,44,10,7.4596,1,3,0,approved,0
1311,damage,home,sialkot,punjab,33956,58,24,5.5061,0,5,0,approved,0
1312,pet,pet,mardan,kpk,5912,53,6,0.3718,0,5,1,approved,0
1313,damage,home,sialkot,punjab,8420,53,18,1.1293,1,2,2,in_review,1
1314,other,home,abbottabad,kpk,8900,56,7,0.7783,0,2,1,approved,0
1315,pet,pet,sialkot,punjab,20277,58,3,1.0284,1,4,1,approved,0
1316,auto,auto,multan,punjab,30195,58,8,14.1098,1,6,0,approved,0
1317,other,pet,lahore,punjab,26793,64,5,3.5161,0,5,2,rejected,1
1318,life,life,multan,punjab,383366,53,9,21.8231,0,0,1,approved,0
1319,home,home,mardan,kpk,39522,64,28,12.0567,0,4,0,approved,0
1320,life,life,sialkot,punjab,9759,64,22,0.4083,1,3,0,approved,0
1321,accident,auto,multan,punjab,19751,61,29,9.5508,1,7,0,approved,0
1322,life,life,sialkot,punjab,298989,64,7,43.7055,1,6,0,submitted,0
1323,other,life,abbottabad,kpk,10042,53,8,4.3909,0,6,0,rejected,1
1324,life,life,multan,punjab,70824,45,30,2.9505,0,0,0,approved,0
1325,damage,home,islamabad,islamabad,14783,64,4,0.6159,0,6,1,approved,0
1326,auto,auto,rawalpindi,punjab,12930,58,16,1.7424,3,4,3,rejected,1
1327,pet_care,pet,karachi,sindh,8175,56,21,0.5856,0,5,1,approved,0
1328,pet_care,pet,faisalabad,punjab,5000,61,21,1.1231,1,2,2,in_review,1
1329,home,home,rawalpindi,punjab,25412,53,26,1.2078,1,3,3,rejected,1
1330,theft,home,quetta,balochistan,37401,56,11,4.3836,1,5,0,rejected,1
1331,life,life,rawalpindi,punjab,71391,44,12,6.7823,1,2,0,submitted,1
1332,damage,home,rawalpindi,punjab,67660,56,11,3.9135,0,4,0,in_review,1
1333,accident,life,mardan,kpk,15660,61,0,3.6444,0,1,1,in_review,0
1334,theft,auto,sialkot,punjab,80746,53,0,8.0312,1,7,0,approved,0
1335,other,life,karachi,sindh,33844,64,14,1.9051,0,6,0,rejected,1
1336,home,home,gujranwala,punjab,5000,44,4,0.324,0,0,0,submitted,0
1337,pet,pet,lahore,punjab,21480,58,3,2.5911,0,6,2,rejected,1
1338,accident,auto,sukkur,sindh,100558,45,14,21.4318,0,0,1,approved,0
1339,accident,life,faisalabad,punjab,30278,53,3,3.8302,0,5,0,rejected,1
1340,pet_care,pet,sukkur,sindh,11954,56,12,1.1353,0,1,0,approved,0
1341,pet,pet,hyderabad,sindh,18369,64,15,1.1885,0,4,0,approved,0
1342,medical,auto,rawalpindi,punjab,157657,45,4,9.9155,0,0,0,approved,0
1343,life,life,lahore,punjab,221867,45,18,65.5248,0,2,0,rejected,1
1344,theft,home,hyderabad,sindh,17339,44,29,0.8342,0,5,0,approved,0
1345,pet,pet,islamabad,islamabad,13572,44,22,0.5445,1,3,0,approved,0
1346,damage,home,gujranwala,punjab,28432,44,18,1.322,1,5,1,approved,0
1347,other,others,hyderabad,sindh,13955,58,14,0.622,1,7,0,submitted,0
1348,theft,auto,karachi,sindh,6665,64,30,1.3996,0,4,0,approved,0
1349,home,home,rawalpindi,punjab,66923,45,18,7.9566,4,7,3,submitted,0
1350,pet_care,pet,karachi,sindh,7247,58,1,0.3132,2,6,2,rejected,1
1351,damage,home,abbottabad,kpk,29548,45,29,1.2769,0,5,1,approved,0
1352,pet,pet,rawalpindi,punjab,5055,44,0,0.9781,3,7,0,rejected,1
1353,pet,pet,gujranwala,punjab,11419,58,3,0.996,3,5,2,rejected,1
1354,life,life,hyderabad,sindh,64081,44,0,34.1401,0,3,0,approved,0
1355,damage,home,karachi,sindh,5953,45,2,0.2982,3,7,3,in_review,1
1356,damage,auto,sukkur,sindh,5000,58,12,0.2772,1,1,0,approved,0
1357,theft,auto,quetta,balochistan,37565,61,11,8.5433,0,4,0,approved,0
1358,pet,pet,sialkot,punjab,5541,61,14,0.3996,0,5,0,approved,0
1359,pet_care,pet,karachi,sindh,8256,61,19,0.4252,0,3,0,approved,0
1360,damage,auto,faisalabad,punjab,10656,61,26,0.7533,0,4,0,approved,0
1361,medical,auto,sukkur,sindh,59955,64,19,4.1034,2,3,3,rejected,1
1362,pet,pet,peshawar,kpk,12995,53,26,0.6381,1,1,0,approved,0
1363,accident,life,rawalpindi,punjab,13529,45,17,1.4026,0,6,1,rejected,1
1364,pet_care,pet,hyderabad,sindh,6056,64,13,0.9707,1,7,0,approved,0
1365,other,pet,karachi,sindh,18432,45,28,5.163,1,2,1,approved,0
1366,pet,pet,sukkur,sindh,22036,56,17,1.146,0,0,0,submitted,0
1367,theft,home,islamabad,islamabad,164281,61,20,13.469,3,7,1,in_review,1
1368,medical,auto,mardan,kpk,60544,61,16,2.7813,1,6,2,rejected,1
1369,pet_care,pet,quetta,balochistan,5000,64,5,0.2162,2,8,1,approved,0
1370,auto,auto,sialkot,punjab,33994,61,26,6.5185,0,2,0,approved,0
1371,theft,auto,sialkot,punjab,22779,64,0,1.6625,0,5,0,approved,0
1372,pet,pet,rawalpindi,punjab,7776,44,12,2.5596,1,6,1,approved,0
1373,auto,auto,sialkot,punjab,44628,64,13,2.8281,0,3,0,approved,0
1374,pet_care,pet,multan,punjab,60508,61,0,7.7574,0,6,1,approved,0
1375,auto,auto,islamabad,islamabad,14014,44,22,0.6296,0,3,0,approved,0
1376,accident,auto,mardan,kpk,15309,56,3,0.6479,0,1,3,rejected,1
1377,life,life,gujranwala,punjab,25052,61,2,1.7104,0,0,0,approved,0
1378,home,home,sukkur,sindh,38571,61,18,2.0914,0,3,3,submitted,1
1379,damage,auto,hyderabad,sindh,54930,61,4,28.2271,1,7,0,approved,0
1380,theft,home,lahore,punjab,19041,58,24,2.3275,0,3,0,approved,0
1381,pet,pet,hyderabad,sindh,5000,64,5,0.2544,4,8,0,in_review,1
1382,medical,auto,gujranwala,punjab,136038,64,20,10.181,0,3,0,approved,0
1383,theft,home,rawalpindi,punjab,5000,44,14,0.6376,1,5,1,approved,0
1384,other,home,hyderabad,sindh,61644,53,6,3.8855,1,6,0,approved,0
1385,accident,auto,islamabad,islamabad,34853,45,26,1.7702,2,4,1,approved,0
1386,theft,auto,multan,punjab,5152,64,6,1.7976,0,6,3,rejected,1
1387,damage,auto,peshawar,kpk,18015,64,9,1.9977,0,6,1,approved,0
1388,theft,auto,hyderabad,sindh,18315,61,2,1.075,0,1,0,approved,0
1389,home,home,gujranwala,punjab,9041,64,26,0.583,1,4,0,submitted,0
1390,pet,pet,lahore,punjab,23969,64,25,1.0639,0,4,0,in_review,0
1391,pet,pet,islamabad,islamabad,37621,61,18,1.9638,4,8,2,submitted,1
1392,other,home,gujranwala,punjab,19979,58,26,1.6924,0,6,0,approved,0
1393,accident,auto,islamabad,islamabad,123753,44,22,5.8645,0,1,2,in_review,1
1394,other,pet,rawalpindi,punjab,8557,56,3,0.4604,4,9,2,rejected,1
1395,damage,home,rawalpindi,punjab,46905,56,6,2.5432,0,0,1,rejected,1
1396,accident,auto,faisalabad,punjab,31338,45,12,1.2969,0,0,0,approved,0
1397,pet,pet,mardan,kpk,5000,44,26,0.3532,0,3,1,in_review,0
1398,medical,auto,sialkot,punjab,95332,58,25,4.1821,0,6,1,approved,0
1399,medical,auto,gujranwala,punjab,214327,45,31,14.3931,0,1,1,rejected,1
1400,auto,auto,lahore,punjab,45640,61,10,3.3495,0,0,0,approved,0
1401,auto,auto,karachi,sindh,221769,45,14,21.5247,1,6,1,approved,0
1402,pet_care,pet,quetta,balochistan,12729,44,19,0.7883,1,4,0,approved,0
1403,pet,pet,karachi,sindh,11735,61,4,0.7694,0,4,0,approved,0
1404,life,life,sukkur,sindh,69373,45,16,7.5652,0,5,0,approved,0
1405,home,home,sialkot,punjab,30850,45,27,1.4777,1,4,0,approved,0
1406,theft,home,karachi,sindh,32863,56,27,1.342,0,2,3,rejected,1
1407,other,life,rawalpindi,punjab,43754,64,16,11.2594,4,4,2,in_review,1
1408,damage,auto,gujranwala,punjab,46585,56,3,3.2997,0,4,1,approved,0
1409,pet_care,pet,rawalpindi,punjab,15065,45,16,2.4628,0,6,1,submitted,0
1410,home,home,rawalpindi,punjab,74722,64,9,15.1015,0,6,0,approved,0
1411,accident,auto,rawalpindi,punjab,29615,64,18,2.1887,3,3,0,submitted,1
1412,home,home,gujranwala,punjab,33686,44,4,10.4259,2,5,3,submitted,1
1413,other,life,mardan,kpk,38931,56,26,3.6473,0,2,1,approved,0
1414,auto,auto,karachi,sindh,20054,64,1,1.0408,3,8,2,rejected,1
1415,other,life,lahore,punjab,8714,45,25,0.4053,4,9,0,rejected,1
1416,accident,life,multan,punjab,7822,64,6,0.4908,0,0,1,approved,0
1417,accident,life,gujranwala,punjab,101296,44,28,4.1415,1,3,0,approved,0
1418,other,others,hyderabad,sindh,30843,61,27,2.0509,0,4,0,submitted,0
1419,auto,auto,peshawar,kpk,16011,45,17,0.8719,0,6,1,rejected,1
1420,accident,auto,sialkot,punjab,42344,56,21,2.1281,0,2,0,submitted,0
1421,home,home,gujranwala,punjab,322876,56,15,17.2929,0,0,0,approved,0
1422,accident,life,hyderabad,sindh,34387,44,22,4.3811,2,6,1,in_review,0
1423,home,home,karachi,sindh,96200,56,29,4.3404,0,2,0,approved,0
1424,pet_care,pet,karachi,sindh,11096,64,2,0.8343,3,4,1,in_review,1
1425,other,home,sukkur,sindh,55250,58,1,4.4481,1,3,1,approved,0
1426,medical,life,faisalabad,punjab,48197,45,12,10.0831,1,6,0,approved,0
1427,life,life,lahore,punjab,89066,61,0,3.7106,1,3,2,submitted,1
1428,pet_care,pet,abbottabad,kpk,15176,64,28,2.0778,1,5,0,approved,0
1429,auto,auto,faisalabad,punjab,14841,56,23,1.24,2,4,3,in_review,1
1430,pet_care,pet,abbottabad,kpk,8796,58,1,0.4046,0,3,1,approved,0
1431,pet,pet,sialkot,punjab,23574,64,20,0.9541,2,7,2,approved,0
1432,auto,auto,abbottabad,kpk,16487,64,23,0.7534,0,4,0,approved,0
1433,accident,auto,karachi,sindh,30567,44,24,10.2094,0,4,0,approved,0
1434,medical,auto,peshawar,kpk,21898,64,7,1.0089,1,3,0,approved,0
1435,accident,life,hyderabad,sindh,31760,58,12,1.5756,0,0,1,in_review,0
1436,pet,pet,mardan,kpk,7628,44,27,0.3207,0,5,3,rejected,1
1437,accident,life,hyderabad,sindh,10490,64,5,0.6349,0,1,0,approved,0
1438,life,life,karachi,sindh,33638,44,17,2.8606,0,0,0,approved,0
1439,damage,home,quetta,balochistan,5000,64,2,0.5713,1,1,0,submitted,0
1440,accident,life,multan,punjab,33606,53,8,19.9561,0,0,0,approved,0
1441,damage,home,gujranwala,punjab,56914,58,28,2.3987,0,4,1,approved,0
1442,other,pet,gujranwala,punjab,17848,53,26,2.5541,0,6,2,submitted,1
1443,damage,auto,sialkot,punjab,25103,58,14,1.9177,2,7,1,rejected,1
1444,theft,auto,islamabad,islamabad,5000,56,0,0.7341,0,5,2,in_review,1
1445,damage,home,sialkot,punjab,55307,58,29,2.9601,1,6,0,approved,0
1446,theft,auto,multan,punjab,11886,64,2,0.624,1,4,0,submitted,0
1447,theft,auto,sukkur,sindh,53497,58,7,2.9022,0,6,0,approved,0
1448,auto,auto,sukkur,sindh,26118,44,16,1.2699,0,2,1,in_review,0
1449,damage,home,mardan,kpk,29217,56,17,1.7064,1,7,3,submitted,1
1450,accident,life,faisalabad,punjab,62378,45,29,5.8903,0,2,0,submitted,0
1451,damage,home,rawalpindi,punjab,8336,53,4,3.107,2,3,1,submitted,0
1452,damage,home,multan,punjab,33253,56,24,2.4237,0,3,0,rejected,1
1453,medical,life,abbottabad,kpk,16973,58,7,5.0186,0,2,0,approved,0
1454,medical,life,quetta,balochistan,122375,45,19,31.9767,0,6,0,approved,0
1455,auto,auto,islamabad,islamabad,249765,45,11,37.2006,3,3,1,in_review,1
1456,pet_care,pet,peshawar,kpk,10488,53,2,0.7394,3,6,2,rejected,1
1457,pet,pet,islamabad,islamabad,9277,64,28,0.6109,0,5,0,approved,0
1458,auto,auto,sialkot,punjab,19313,44,24,5.5497,0,0,0,in_review,0
1459,pet_care,pet,mardan,kpk,13558,61,9,1.5297,0,1,0,approved,0
1460,theft,home,gujranwala,punjab,5000,56,21,0.7921,2,7,0,approved,0
1461,pet_care,pet,faisalabad,punjab,12502,64,28,0.5263,0,3,2,in_review,1
1462,theft,auto,rawalpindi,punjab,10402,45,26,0.4633,1,5,0,approved,0
1463,home,home,rawalpindi,punjab,17671,64,1,1.6467,0,1,0,in_review,0
1464,accident,auto,faisalabad,punjab,45196,58,21,11.0829,0,2,3,submitted,1
1465,auto,auto,hyderabad,sindh,48723,44,22,3.9484,1,6,0,in_review,0
1466,auto,auto,peshawar,kpk,16307,61,24,0.9608,3,3,1,rejected,1
1467,damage,auto,gujranwala,punjab,8856,44,26,0.6501,0,6,0,approved,0
1468,home,home,peshawar,kpk,13855,45,5,0.9901,2,3,0,approved,0
1469,medical,auto,quetta,balochistan,5000,64,9,0.2406,4,6,2,rejected,1
1470,damage,auto,islamabad,islamabad,16322,53,9,3.0727,1,1,0,approved,0
1471,life,life,faisalabad,punjab,144610,64,15,6.075,2,3,3,submitted,0
1472,life,life,sukkur,sindh,41177,44,26,3.8476,1,2,0,submitted,0
1473,pet_care,pet,islamabad,islamabad,20379,45,1,0.8566,0,5,3,submitted,1
1474,accident,life,quetta,balochistan,15633,56,14,1.2321,1,4,0,approved,0
1475,accident,auto,gujranwala,punjab,36193,64,24,10.2559,2,8,0,approved,0
1476,home,home,abbottabad,kpk,46251,56,0,2.4986,0,5,0,approved,0
1477,home,home,abbottabad,kpk,50005,53,29,6.3418,1,5,1,approved,0
1478,damage,home,multan,punjab,8124,56,11,1.4811,0,3,0,approved,0
1479,damage,auto,quetta,balochistan,11356,64,30,1.1872,2,8,1,approved,0
1480,damage,home,abbottabad,kpk,47430,53,22,1.9587,2,6,1,rejected,1
1481,life,life,quetta,balochistan,33574,45,13,2.5627,0,0,0,approved,0
1482,life,life,sukkur,sindh,41774,45,30,5.4671,1,7,0,approved,0
1483,theft,home,hyderabad,sindh,22828,58,2,4.0874,1,7,0,submitted,0
1484,pet,pet,quetta,balochistan,10585,44,24,0.7206,0,1,3,submitted,1
1485,damage,home,rawalpindi,punjab,25119,44,24,1.0115,0,1,0,submitted,0
1486,other,auto,mardan,kpk,5000,61,11,0.2147,0,1,1,in_review,0
1487,medical,auto,abbottabad,kpk,122451,58,28,39.3101,2,3,0,approved,0
1488,pet_care,pet,abbottabad,kpk,5000,58,0,0.2839,1,2,1,submitted,0
1489,pet,pet,rawalpindi,punjab,15407,64,21,7.9254,0,2,0,submitted,0
1490,life,life,karachi,sindh,39357,64,15,11.0182,0,2,0,in_review,0
1491,theft,auto,faisalabad,punjab,26291,64,8,1.6931,1,6,0,approved,0
1492,medical,auto,hyderabad,sindh,52759,58,1,2.7156,2,8,0,approved,0
1493,damage,home,faisalabad,punjab,66124,45,4,3.0185,0,0,2,in_review,1
1494,auto,auto,hyderabad,sindh,31141,58,1,1.645,0,1,0,approved,0
1495,other,auto,rawalpindi,punjab,45349,58,0,2.8617,3,8,2,in_review,1
1496,pet,pet,sialkot,punjab,8756,61,2,0.9442,0,1,0,submitted,0
1497,other,life,rawalpindi,punjab,21289,58,9,2.3292,1,3,0,approved,0
1498,auto,auto,karachi,sindh,13564,58,13,1.1762,0,4,0,approved,0
1499,theft,auto,islamabad,islamabad,13966,64,22,1.725,0,2,0,approved,0
1500,medical,auto,multan,punjab,67744,61,8,24.7874,1,4,0,approved,0
1501,home,home,peshawar,kpk,28073,64,1,1.1551,1,6,0,approved,0
1502,pet,pet,hyderabad,sindh,14959,45,7,0.994,2,6,0,submitted,0
1503,other,life,peshawar,kpk,15910,61,21,1.1054,0,2,1,in_review,0
1504,pet_care,pet,gujranwala,punjab,9028,44,28,0.365,1,4,0,approved,0
1505,other,auto,islamabad,islamabad,55605,58,18,2.2583,0,4,2,rejected,1
1506,pet,pet,rawalpindi,punjab,5470,56,13,0.6176,1,4,1,approved,0
1507,pet,pet,faisalabad,punjab,10304,45,5,1.0661,2,8,0,submitted,0
1508,pet,pet,multan,punjab,20373,64,11,1.8681,0,4,0,approved,0
1509,accident,auto,gujranwala,punjab,52335,45,12,4.9308,0,4,0,rejected,1
1510,home,home,rawalpindi,punjab,24325,61,11,4.6236,0,4,0,approved,0
1511,accident,life,quetta,balochistan,119691,45,30,29.3073,0,2,0,approved,0
1512,auto,auto,multan,punjab,28681,44,6,6.7121,2,3,2,in_review,1
1513,damage,home,islamabad,islamabad,11250,44,5,1.166,0,5,0,approved,0
1514,other,pet,sukkur,sindh,48494,64,25,2.0028,0,6,2,rejected,1
1515,damage,auto,karachi,sindh,38537,58,21,1.8717,0,2,0,in_review,0
1516,pet_care,pet,islamabad,islamabad,6386,64,25,0.535,3,4,0,submitted,1
1517,auto,auto,sialkot,punjab,24505,56,27,3.2955,0,1,0,submitted,0
1518,accident,auto,lahore,punjab,17811,53,3,3.0163,0,0,0,approved,0
1519,life,life,faisalabad,punjab,123916,64,26,5.1241,0,3,0,approved,0
1520,home,home,mardan,kpk,9616,64,6,2.8653,0,1,2,in_review,1
1521,pet_care,pet,rawalpindi,punjab,5882,56,29,0.6393,0,4,0,submitted,1
1522,other,home,faisalabad,punjab,29382,64,1,1.7934,0,6,1,submitted,0
1523,pet,pet,mardan,kpk,20992,58,20,4.348,0,2,0,submitted,0
1524,damage,auto,lahore,punjab,15996,58,17,1.1298,0,5,0,approved,0
1525,theft,home,rawalpindi,punjab,37423,64,18,3.1511,0,6,0,in_review,0
1526,damage,home,hyderabad,sindh,33463,45,24,3.4634,1,1,0,approved,0
1527,pet,pet,sukkur,sindh,7212,61,22,2.5085,2,7,1,submitted,0
1528,theft,auto,islamabad,islamabad,50369,64,22,16.1387,1,2,0,approved,0
1529,other,others,gujranwala,punjab,12615,45,23,0.5201,0,1,0,in_review,0
1530,pet_care,pet,multan,punjab,11375,44,11,0.5754,0,0,0,approved,0
1531,pet_care,pet,islamabad,islamabad,8011,64,28,1.0267,0,6,0,approved,0
1532,home,home,gujranwala,punjab,141511,64,12,8.4616,0,6,1,approved,0
1533,life,life,peshawar,kpk,178397,53,20,7.2809,0,4,1,approved,0
1534,life,life,hyderabad,sindh,106081,56,11,8.8778,0,0,2,rejected,1
1535,other,auto,lahore,punjab,10546,56,5,0.4598,1,1,0,in_review,0
1536,auto,auto,lahore,punjab,31585,61,21,4.8833,0,1,0,approved,0
1537,auto,auto,islamabad,islamabad,59646,56,30,2.7242,0,3,0,approved,0
1538,accident,life,faisalabad,punjab,19431,64,20,2.4677,0,4,0,submitted,0
1539,damage,home,islamabad,islamabad,45099,45,9,2.0,1,5,0,approved,0
1540,life,life,gujranwala,punjab,12743,64,16,7.1751,0,4,0,approved,0
1541,damage,home,lahore,punjab,75790,58,20,5.3291,0,2,0,in_review,0
1542,auto,auto,islamabad,islamabad,101623,61,3,6.9681,1,2,0,approved,0
1543,auto,auto,rawalpindi,punjab,34175,44,5,8.6301,0,6,3,rejected,1
1544,pet,pet,faisalabad,punjab,21472,61,26,1.2679,1,5,3,in_review,1
1545,theft,home,sukkur,sindh,5000,64,0,0.2051,0,3,0,in_review,1
1546,damage,home,lahore,punjab,18770,64,5,11.1993,0,3,0,approved,0
1547,accident,life,quetta,balochistan,93042,64,0,12.6073,1,2,2,in_review,1
1548,other,others,lahore,punjab,18732,56,13,5.4233,2,8,0,approved,0
1549,pet,pet,islamabad,islamabad,13137,53,25,0.7324,0,3,0,approved,0
1550,theft,auto,rawalpindi,punjab,16523,44,17,1.1372,3,3,0,approved,0
1551,pet,pet,multan,punjab,14233,53,21,1.6007,0,1,0,submitted,0
1552,pet,pet,sialkot,punjab,15477,58,28,0.6264,0,0,0,approved,0
1553,home,home,lahore,punjab,127964,44,3,5.738,0,0,0,approved,0
1554,auto,auto,hyderabad,sindh,38606,61,18,2.1463,1,5,0,approved,0
1555,life,life,mardan,kpk,212356,64,17,8.9844,1,7,0,approved,0
1556,home,home,rawalpindi,punjab,32561,56,16,2.6897,0,1,0,approved,0
1557,accident,life,mardan,kpk,96996,64,19,8.6142,0,5,0,approved,0
1558,other,life,faisalabad,punjab,26622,64,0,1.6798,1,5,0,approved,0
1559,pet,pet,abbottabad,kpk,18109,45,8,0.8328,3,4,3,in_review,1
1560,theft,auto,hyderabad,sindh,10218,64,30,1.0816,0,5,0,approved,0
1561,auto,auto,quetta,balochistan,28426,64,10,1.3769,1,2,0,approved,0
1562,accident,life,rawalpindi,punjab,17990,64,14,3.347,0,2,0,approved,0
1563,pet,pet,gujranwala,punjab,18681,53,3,0.9822,0,4,0,approved,0
1564,accident,life,hyderabad,sindh,47443,58,7,4.1262,0,6,1,approved,0
1565,medical,life,rawalpindi,punjab,146003,61,24,9.041,0,6,1,approved,0
1566,home,home,gujranwala,punjab,52214,58,6,11.1545,4,9,3,rejected,1
1567,other,home,sukkur,sindh,36517,61,5,2.1202,2,8,0,submitted,0
1568,auto,auto,mardan,kpk,12764,44,9,2.3098,3,5,0,rejected,1
1569,life,life,abbottabad,kpk,320913,61,34,25.1953,2,4,0,rejected,1
1570,damage,home,sialkot,punjab,31916,56,15,2.4977,0,3,1,submitted,0
1571,theft,home,sialkot,punjab,5782,44,21,0.6264,0,0,0,in_review,0
1572,pet_care,pet,abbottabad,kpk,10065,64,13,0.827,0,6,1,approved,0
1573,accident,life,islamabad,islamabad,69404,64,23,16.5999,0,1,1,approved,0
1574,accident,auto,karachi,sindh,50484,56,29,8.8802,1,4,0,approved,0
1575,pet,pet,peshawar,kpk,13350,64,10,1.0386,0,4,0,submitted,0
1576,damage,auto,faisalabad,punjab,8434,64,15,0.5696,1,4,0,approved,0
1577,accident,life,gujranwala,punjab,11502,44,9,0.5442,0,6,0,submitted,0
1578,pet_care,pet,islamabad,islamabad,70294,45,9,3.7329,2,8,1,approved,0
1579,other,pet,multan,punjab,11075,64,15,1.1055,0,0,0,submitted,0
1580,theft,home,multan,punjab,19483,61,5,0.8616,3,7,2,rejected,1
1581,pet,pet,sialkot,punjab,10515,44,0,1.4596,2,5,0,approved,0
1582,theft,auto,mardan,kpk,8167,64,6,0.7091,1,4,1,approved,0
1583,pet,pet,sialkot,punjab,13838,61,8,0.8973,0,5,0,in_review,0
1584,other,pet,peshawar,kpk,38592,44,19,10.6051,2,7,2,submitted,1
1585,accident,auto,mardan,kpk,10230,64,17,3.7749,0,4,0,submitted,0
1586,home,home,faisalabad,punjab,8166,44,21,0.3323,2,3,1,submitted,0
1587,pet,pet,peshawar,kpk,13608,58,11,0.5802,0,2,1,approved,0
1588,other,life,quetta,balochistan,6651,64,3,0.3588,0,0,0,submitted,0
1589,other,home,islamabad,islamabad,11220,58,20,1.8669,2,5,0,approved,0
1590,pet_care,pet,sialkot,punjab,58421,61,6,12.3251,0,6,0,in_review,0
1591,theft,home,rawalpindi,punjab,23273,64,16,2.6964,1,7,0,approved,0
1592,other,pet,islamabad,islamabad,145983,56,19,7.6215,2,5,1,rejected,1
1593,pet,pet,karachi,sindh,7711,64,21,0.373,1,5,1,approved,0
1594,accident,life,multan,punjab,42536,45,7,7.5338,0,6,0,in_review,0
1595,pet_care,pet,abbottabad,kpk,9684,64,13,0.8189,1,6,0,submitted,0
1596,pet,pet,lahore,punjab,5000,53,9,0.4636,1,2,0,in_review,0
1597,pet,pet,multan,punjab,14886,45,14,1.0692,0,2,0,approved,0
1598,medical,auto,multan,punjab,37115,61,27,1.7047,0,5,2,rejected,1
1599,home,home,islamabad,islamabad,17305,64,5,1.2534,0,0,0,approved,0
1600,other,home,abbottabad,kpk,20874,56,0,3.5434,0,3,3,rejected,1
1601,home,home,gujranwala,punjab,38168,44,8,5.2271,0,5,0,submitted,1
1602,other,pet,sialkot,punjab,54665,44,27,2.452,0,2,0,approved,0
1603,medical,life,rawalpindi,punjab,20939,56,13,1.1918,3,7,3,rejected,1
1604,pet_care,pet,faisalabad,punjab,17486,53,10,0.9287,3,7,1,rejected,1
1605,auto,auto,mardan,kpk,85727,64,22,3.7106,1,2,0,approved,0
1606,other,others,hyderabad,sindh,5000,64,7,0.4838,0,3,0,approved,0
1607,medical,life,abbottabad,kpk,37043,45,16,2.4023,0,1,0,submitted,0
1608,pet,pet,mardan,kpk,7255,58,15,0.7913,0,2,0,approved,0
1609,other,home,sialkot,punjab,23243,64,13,2.9707,0,1,0,submitted,0
1610,accident,life,faisalabad,punjab,20415,64,1,0.8888,0,1,0,approved,0
1611,accident,life,mardan,kpk,54121,53,18,2.5915,0,2,3,in_review,1
1612,theft,home,peshawar,kpk,28373,56,30,1.6384,0,2,0,approved,0
1613,pet,pet,rawalpindi,punjab,12042,64,5,0.8438,0,3,1,approved,0
1614,accident,life,islamabad,islamabad,37740,45,13,1.5571,0,6,0,rejected,1
1615,pet,pet,faisalabad,punjab,9619,56,0,0.4003,0,3,0,in_review,0
1616,damage,home,lahore,punjab,8188,61,12,0.3902,1,1,0,in_review,0
1617,other,home,lahore,punjab,19199,64,0,1.5229,0,1,0,approved,0
1618,accident,auto,quetta,balochistan,15091,64,6,0.9081,1,2,0,approved,0
1619,auto,auto,mardan,kpk,25962,58,12,1.4273,0,0,0,approved,0
1620,pet_care,pet,quetta,balochistan,32352,58,0,6.2637,0,1,0,approved,0
1621,medical,auto,gujranwala,punjab,30615,61,20,5.263,0,2,0,approved,0
1622,theft,home,mardan,kpk,40393,58,9,1.736,1,4,2,rejected,1
1623,damage,auto,abbottabad,kpk,19485,56,29,0.8858,0,0,0,approved,0
1624,pet,pet,abbottabad,kpk,7624,64,22,1.2948,1,3,0,rejected,1
1625,other,home,sialkot,punjab,48718,61,5,2.5511,0,3,3,in_review,1
1626,pet,pet,gujranwala,punjab,14415,61,29,0.8384,0,3,0,rejected,1
1627,pet,pet,gujranwala,punjab,6582,58,7,0.4002,2,6,3,rejected,1
1628,accident,life,gujranwala,punjab,49643,44,13,2.2766,0,3,0,approved,0
1629,medical,auto,peshawar,kpk,26479,53,10,1.2041,0,2,0,in_review,0
1630,accident,auto,faisalabad,punjab,36383,44,10,4.1157,0,1,1,rejected,1
1631,damage,home,mardan,kpk,65723,64,27,3.7321,0,2,0,approved,0
1632,accident,auto,lahore,punjab,30715,61,9,1.5772,0,4,0,rejected,1
1633,other,others,faisalabad,punjab,11562,64,0,2.1118,1,7,1,submitted,0
1634,damage,home,rawalpindi,punjab,21706,58,23,0.9059,1,5,0,in_review,1
1635,home,home,sukkur,sindh,41503,61,8,9.8982,0,0,0,submitted,0
1636,other,others,gujranwala,punjab,10229,45,28,0.4276,1,2,2,rejected,1
1637,theft,auto,faisalabad,punjab,27684,44,22,1.1934,0,1,1,approved,0
1638,accident,auto,abbottabad,kpk,95815,64,2,9.57,0,6,0,approved,0
1639,home,home,peshawar,kpk,44260,44,28,2.0685,2,5,0,approved,0
1640,pet,pet,gujranwala,punjab,36245,45,22,1.6037,1,2,2,rejected,1
1641,other,life,lahore,punjab,70887,64,1,11.0917,0,0,0,in_review,0
1642,life,life,quetta,balochistan,78976,56,9,5.9618,3,4,1,rejected,1
1643,theft,home,peshawar,kpk,5000,45,3,1.0862,1,1,0,in_review,0
1644,home,home,gujranwala,punjab,88133,64,28,3.7811,0,4,0,rejected,1
1645,accident,auto,faisalabad,punjab,35095,45,14,6.1711,0,5,1,approved,0
1646,damage,auto,faisalabad,punjab,43135,53,10,3.3191,3,9,3,in_review,1
1647,pet_care,pet,mardan,kpk,25735,56,5,8.5584,4,7,3,rejected,1
1648,accident,auto,peshawar,kpk,29616,53,20,6.7509,3,5,2,rejected,1
1649,pet,pet,faisalabad,punjab,6579,56,3,0.3739,2,7,3,submitted,1
1650,pet,pet,islamabad,islamabad,15399,61,11,1.0126,3,9,0,submitted,1
1651,other,pet,karachi,sindh,11813,44,8,0.6094,0,6,0,approved,0
1652,medical,auto,lahore,punjab,7336,44,25,2.7211,0,3,3,rejected,1
1653,home,home,quetta,balochistan,24221,61,13,2.8959,0,0,0,approved,0
1654,pet_care,pet,rawalpindi,punjab,5000,61,0,0.3789,1,3,1,approved,0
1655,theft,home,abbottabad,kpk,37270,45,17,1.5045,0,3,0,approved,0
1656,pet_care,pet,sialkot,punjab,13846,56,27,0.5845,1,5,0,approved,0
1657,accident,life,karachi,sindh,14647,45,8,1.4635,2,3,0,in_review,1
1658,accident,life,peshawar,kpk,17055,58,7,0.9073,0,5,1,approved,0
1659,accident,auto,rawalpindi,punjab,38993,64,18,10.9932,0,6,0,approved,0
1660,life,life,multan,punjab,134552,58,3,26.8889,1,5,0,approved,0
1661,auto,auto,quetta,balochistan,47852,64,24,3.6459,1,3,0,submitted,0
1662,life,life,islamabad,islamabad,380405,53,7,28.285,3,5,1,in_review,1
1663,accident,life,rawalpindi,punjab,39184,64,14,1.9802,0,6,0,submitted,0
1664,life,life,karachi,sindh,45854,45,16,9.2336,1,4,3,submitted,1
1665,other,others,abbottabad,kpk,10368,53,3,0.7359,0,6,0,approved,0
1666,theft,home,rawalpindi,punjab,22252,64,22,2.042,1,4,1,approved,0
1667,pet_care,pet,multan,punjab,7124,56,5,1.203,4,4,1,in_review,0
1668,other,pet,sukkur,sindh,45406,58,21,3.4802,0,6,0,approved,0
1669,other,home,multan,punjab,9595,56,28,0.4694,0,0,1,submitted,0
1670,damage,auto,faisalabad,punjab,23688,64,6,14.4088,0,6,0,submitted,0
1671,damage,auto,islamabad,islamabad,60605,53,19,7.179,1,3,0,approved,0
1672,accident,auto,gujranwala,punjab,64136,45,25,12.8016,2,4,2,approved,0
1673,theft,auto,hyderabad,sindh,69264,44,12,5.1494,0,6,0,in_review,0
1674,home,home,gujranwala,punjab,22015,58,4,1.1278,0,6,0,in_review,0
1675,home,home,multan,punjab,14323,45,29,0.7315,0,6,0,approved,0
1676,theft,home,multan,punjab,11772,45,16,0.5631,0,2,0,approved,0
1677,other,pet,rawalpindi,punjab,14099,64,24,1.5769,1,4,1,approved,0
1678,theft,auto,faisalabad,punjab,16965,58,16,7.0835,0,3,1,approved,0
1679,medical,auto,abbottabad,kpk,23094,53,9,6.5889,0,6,0,submitted,0
1680,pet_care,pet,mardan,kpk,16489,56,5,0.9969,0,6,1,approved,0
1681,damage,auto,rawalpindi,punjab,25128,58,1,1.2764,0,2,0,submitted,0
1682,medical,life,hyderabad,sindh,359133,64,35,96.6711,0,4,3,rejected,1
1683,damage,auto,peshawar,kpk,10699,58,23,1.9078,1,4,2,in_review,1
1684,pet,pet,peshawar,kpk,8178,64,10,0.3441,1,3,0,approved,0
1685,other,auto,hyderabad,sindh,35081,64,30,4.3557,1,4,0,approved,0
1686,medical,auto,karachi,sindh,14804,58,19,0.9108,0,2,0,submitted,0
1687,other,home,multan,punjab,5000,53,15,0.2664,2,7,2,rejected,1
1688,accident,auto,rawalpindi,punjab,100504,61,15,4.45,1,4,0,submitted,0
1689,damage,auto,faisalabad,punjab,11957,53,18,1.0902,0,1,2,submitted,1
1690,accident,auto,peshawar,kpk,55049,44,12,7.4683,0,0,0,submitted,0
1691,life,life,quetta,balochistan,40136,64,28,18.8167,1,1,0,approved,0
1692,life,life,gujranwala,punjab,46219,58,3,4.3345,0,2,1,approved,0
1693,pet,pet,sukkur,sindh,5000,64,8,0.5692,0,2,0,in_review,0
1694,home,home,mardan,kpk,12878,58,4,0.6052,1,7,0,approved,0
1695,other,home,islamabad,islamabad,6417,61,9,0.4519,0,6,0,approved,0
1696,home,home,hyderabad,sindh,40575,58,6,5.8415,0,5,0,approved,0
1697,accident,life,gujranwala,punjab,24168,61,11,15.1904,2,2,0,approved,0
1698,theft,home,peshawar,kpk,7928,53,1,2.6234,0,1,0,approved,0
1699,accident,auto,multan,punjab,18677,64,10,1.4133,2,2,0,approved,0
1700,home,home,sialkot,punjab,76791,44,12,3.216,1,2,0,approved,0
1701,damage,auto,islamabad,islamabad,20462,56,13,2.1381,0,4,0,submitted,0
1702,medical,life,rawalpindi,punjab,83191,64,28,8.0541,0,2,1,in_review,0
1703,other,others,peshawar,kpk,10008,45,6,1.7,0,2,0,approved,0
1704,accident,life,rawalpindi,punjab,48208,53,2,2.295,2,4,1,approved,0
1705,damage,auto,hyderabad,sindh,33173,53,11,8.314,1,2,2,rejected,1
1706,home,home,abbottabad,kpk,49719,45,12,2.7366,2,3,1,approved,0
1707,life,life,lahore,punjab,68709,44,23,41.7177,0,1,0,submitted,0
1708,theft,auto,mardan,kpk,40682,45,10,4.4977,0,5,1,approved,0
1709,pet_care,pet,abbottabad,kpk,12516,58,29,4.0154,1,3,0,approved,0
1710,pet_care,pet,rawalpindi,punjab,12118,44,26,2.6569,1,6,0,submitted,0
1711,other,auto,mardan,kpk,11306,64,15,6.4865,0,5,0,in_review,0
1712,medical,life,peshawar,kpk,202180,64,8,9.7118,2,2,0,approved,0
1713,pet_care,pet,gujranwala,punjab,22960,64,16,6.7969,1,5,0,approved,0
1714,home,home,mardan,kpk,8705,58,12,0.5074,0,4,1,in_review,0
1715,home,home,faisalabad,punjab,25464,56,5,1.2308,2,2,2,rejected,1
1716,auto,auto,quetta,balochistan,23350,44,6,2.0616,2,7,0,approved,0
1717,damage,home,gujranwala,punjab,12286,64,19,2.8198,1,5,1,approved,0
1718,life,life,rawalpindi,punjab,47847,64,26,3.2045,2,2,3,rejected,1
1719,theft,auto,islamabad,islamabad,22437,45,7,2.0698,0,6,0,approved,0
1720,medical,life,rawalpindi,punjab,30276,53,2,4.4833,0,0,0,approved,0
1721,pet,pet,hyderabad,sindh,13917,61,8,0.7989,0,5,1,approved,0
1722,auto,auto,karachi,sindh,13186,64,30,1.23,0,4,0,approved,0
1723,auto,auto,hyderabad,sindh,102659,45,21,6.6463,0,6,2,rejected,1
1724,other,life,gujranwala,punjab,7242,53,4,0.2915,1,4,0,approved,0
1725,medical,auto,rawalpindi,punjab,34819,64,16,2.0848,0,3,2,rejected,1
1726,medical,auto,peshawar,kpk,133988,64,27,12.095,0,4,0,submitted,0
1727,life,life,rawalpindi,punjab,83735,44,5,7.3951,1,4,0,approved,0
1728,life,life,multan,punjab,18951,53,25,1.8394,0,3,0,submitted,0
1729,accident,auto,sialkot,punjab,51881,61,7,4.6681,2,3,0,approved,0
1730,life,life,multan,punjab,41494,64,2,2.2552,4,4,2,submitted,1
1731,home,home,mardan,kpk,16656,53,8,1.6204,0,4,0,approved,0
1732,medical,auto,sukkur,sindh,28507,58,9,7.0492,2,7,0,approved,0
1733,pet,pet,gujranwala,punjab,10165,45,12,1.2022,0,3,1,approved,0
1734,auto,auto,karachi,sindh,44978,45,29,2.675,0,2,2,rejected,1
1735,pet,pet,lahore,punjab,5748,45,5,0.9,0,4,0,rejected,1
1736,pet,pet,lahore,punjab,23624,61,24,2.1469,0,0,0,approved,0
1737,auto,auto,multan,punjab,18954,53,21,7.9438,0,3,0,in_review,0
1738,pet,pet,rawalpindi,punjab,5279,44,15,0.703,1,5,0,approved,0
1739,pet,pet,sialkot,punjab,10978,64,19,1.27,0,6,0,approved,0
1740,damage,auto,karachi,sindh,39520,64,20,17.2727,2,8,1,approved,0
1741,theft,auto,lahore,punjab,29476,45,24,2.9193,0,3,0,approved,0
1742,medical,life,islamabad,islamabad,106733,64,5,30.4516,0,6,0,submitted,0
1743,other,home,abbottabad,kpk,21304,64,13,1.0616,3,9,1,rejected,1
1744,life,life,sukkur,sindh,127919,56,8,8.3297,0,2,0,approved,0
1745,pet,pet,faisalabad,punjab,12167,64,9,0.5155,1,5,3,submitted,1
1746,other,auto,faisalabad,punjab,12893,64,6,0.5937,0,4,0,approved,0
1747,pet,pet,abbottabad,kpk,31579,45,25,3.3105,0,4,0,submitted,0
1748,accident,life,abbottabad,kpk,66244,45,7,4.783,0,5,0,submitted,0
1749,accident,auto,karachi,sindh,43281,45,4,1.897,0,1,2,rejected,1
1750,accident,auto,karachi,sindh,18609,53,1,0.8394,0,5,0,submitted,0
1751,theft,auto,rawalpindi,punjab,9786,61,30,0.6668,1,6,1,approved,0
1752,pet,pet,quetta,balochistan,5232,64,18,2.102,3,4,2,rejected,1
1753,theft,auto,sukkur,sindh,13691,61,3,8.7148,2,3,2,rejected,1
1754,pet,pet,sukkur,sindh,17351,58,3,2.9544,0,6,1,approved,0
1755,pet_care,pet,gujranwala,punjab,7489,56,20,0.8654,1,3,3,submitted,1
1756,accident,auto,rawalpindi,punjab,45727,56,21,24.6109,0,5,1,approved,0
1757,other,home,rawalpindi,punjab,20227,44,5,2.2983,1,4,1,approved,0
1758,other,pet,abbottabad,kpk,13225,44,4,0.816,0,2,0,approved,0
1759,theft,auto,quetta,balochistan,31683,53,0,2.3413,2,8,1,submitted,0
1760,pet,pet,faisalabad,punjab,26791,53,15,2.0541,0,2,2,rejected,1
1761,medical,life,multan,punjab,16413,61,14,1.0575,0,0,0,approved,0
1762,life,life,rawalpindi,punjab,62870,61,30,19.9334,1,2,0,approved,0
1763,life,life,rawalpindi,punjab,167175,56,18,21.7195,1,6,0,approved,0
1764,medical,auto,quetta,balochistan,39388,58,22,2.0081,0,1,0,approved,0
1765,theft,home,gujranwala,punjab,6626,44,27,0.3542,2,8,0,approved,0
1766,medical,life,rawalpindi,punjab,46389,45,28,8.2396,0,0,0,approved,0
1767,auto,auto,islamabad,islamabad,59211,53,20,2.7267,2,8,0,approved,0
1768,pet_care,pet,lahore,punjab,12625,56,10,1.5419,2,8,1,approved,0
1769,pet,pet,abbottabad,kpk,19070,56,5,1.5603,0,0,0,approved,0
1770,accident,auto,multan,punjab,5965,44,3,0.4758,1,5,0,approved,0
1771,pet,pet,abbottabad,kpk,9741,45,0,0.715,0,2,0,approved,0
1772,auto,auto,faisalabad,punjab,23742,56,15,1.2668,1,6,2,in_review,1
1773,accident,life,multan,punjab,29333,64,5,2.535,0,0,0,approved,0
1774,auto,auto,lahore,punjab,26660,56,20,8.3365,0,2,0,submitted,0
1775,damage,home,rawalpindi,punjab,13300,45,26,0.5479,1,5,0,approved,0
1776,pet_care,pet,quetta,balochistan,21352,58,27,1.9182,0,4,0,approved,0
1777,life,life,islamabad,islamabad,115060,64,2,20.1295,1,4,0,in_review,1
1778,theft,auto,abbottabad,kpk,19640,64,8,7.5048,0,2,0,approved,0
1779,home,home,sialkot,punjab,38973,45,23,3.0334,0,6,0,submitted,0
1780,auto,auto,multan,punjab,9219,64,15,0.4341,0,0,0,submitted,0
1781,pet_care,pet,gujranwala,punjab,13884,61,18,2.5995,0,1,1,approved,0
1782,pet,pet,islamabad,islamabad,13074,64,8,0.6765,1,5,0,approved,0
1783,other,life,faisalabad,punjab,12126,53,19,0.8648,2,7,0,approved,0
1784,accident,auto,peshawar,kpk,5346,64,16,0.3173,1,7,0,in_review,1
1785,other,others,hyderabad,sindh,25732,45,21,8.8915,1,5,0,submitted,0
1786,pet_care,pet,faisalabad,punjab,6321,45,3,1.4016,0,2,0,approved,0
1787,auto,auto,rawalpindi,punjab,8725,64,12,0.3783,0,3,1,approved,0
1788,accident,life,multan,punjab,15651,44,11,0.7389,0,5,0,submitted,0
1789,damage,home,faisalabad,punjab,39503,45,23,2.4625,2,6,0,approved,0
1790,life,life,karachi,sindh,125582,61,10,21.5259,3,5,1,submitted,0
1791,theft,auto,lahore,punjab,6751,58,29,1.1739,0,3,0,submitted,1
1792,accident,life,multan,punjab,24949,64,26,8.7234,0,1,1,approved,0
1793,auto,auto,islamabad,islamabad,38590,53,0,21.9012,1,5,0,submitted,0
1794,medical,life,rawalpindi,punjab,12864,56,10,0.9561,1,7,2,in_review,1
1795,other,life,multan,punjab,42394,64,12,8.1952,0,5,0,submitted,1
1796,life,life,islamabad,islamabad,34778,56,20,1.97,0,2,1,approved,0
1797,pet_care,pet,multan,punjab,5000,45,20,0.2727,1,5,0,approved,0
1798,pet_care,pet,quetta,balochistan,9983,56,27,0.8104,1,6,0,approved,0
1799,accident,life,mardan,kpk,24295,61,25,1.6361,0,3,1,approved,0
1800,life,life,gujranwala,punjab,120673,61,13,7.4448,0,1,0,approved,0
1801,home,home,faisalabad,punjab,16013,45,23,1.1629,0,6,0,approved,0
1802,life,life,sialkot,punjab,28306,53,6,4.9443,1,3,0,submitted,0
1803,pet_care,pet,multan,punjab,16238,58,30,3.4697,1,3,1,in_review,0
1804,theft,auto,karachi,sindh,42250,61,6,3.7254,0,0,0,approved,0
1805,other,pet,gujranwala,punjab,35869,64,17,1.6266,0,3,0,approved,0
1806,life,life,quetta,balochistan,65559,45,0,14.8795,1,2,0,approved,0
1807,medical,life,islamabad,islamabad,113667,53,15,18.3127,1,2,0,approved,0
1808,pet_care,pet,rawalpindi,punjab,24185,56,24,1.217,2,8,2,in_review,1
1809,other,auto,gujranwala,punjab,6979,56,19,1.009,0,4,1,approved,0
1810,medical,life,lahore,punjab,7251,44,5,0.3563,0,1,3,rejected,1
1811,other,others,rawalpindi,punjab,15011,64,2,0.7006,2,7,0,approved,0
1812,life,life,karachi,sindh,135772,53,6,6.7464,0,0,1,approved,0
1813,medical,life,abbottabad,kpk,7206,56,20,1.0968,2,5,0,approved,0
1814,theft,auto,mardan,kpk,24381,61,12,1.3479,3,8,2,rejected,1
1815,medical,auto,lahore,punjab,44605,64,19,4.7962,0,4,1,approved,0
1816,accident,life,quetta,balochistan,22577,58,28,0.914,0,5,0,submitted,0
1817,home,home,karachi,sindh,30183,64,29,1.8452,2,5,2,approved,0
1818,auto,auto,quetta,balochistan,36429,61,27,2.0063,2,8,0,approved,0
1819,other,pet,gujranwala,punjab,33324,45,6,2.8186,0,1,3,in_review,1
1820,life,life,islamabad,islamabad,113074,61,29,5.359,0,5,0,approved,0
1821,pet_care,pet,rawalpindi,punjab,20834,56,6,1.3741,0,1,3,rejected,1
1822,damage,home,rawalpindi,punjab,146947,45,17,7.552,1,1,0,in_review,0
1823,medical,auto,lahore,punjab,79010,61,14,48.3833,1,2,0,approved,0
1824,pet,pet,hyderabad,sindh,13547,58,22,1.195,1,6,0,submitted,0
1825,pet,pet,rawalpindi,punjab,9476,58,20,1.1531,0,5,0,approved,0
1826,pet,pet,karachi,sindh,14379,64,20,0.5904,0,3,1,approved,0
1827,pet_care,pet,lahore,punjab,8585,44,14,0.3613,1,7,0,approved,0
1828,accident,life,rawalpindi,punjab,25503,64,26,3.1497,1,2,0,approved,0
1829,theft,auto,sialkot,punjab,28364,64,8,2.1527,0,4,2,in_review,1
1830,home,home,sialkot,punjab,34208,64,0,7.1685,0,3,0,approved,0
1831,pet,pet,gujranwala,punjab,9299,56,3,0.3892,0,2,1,submitted,0
1832,other,others,hyderabad,sindh,41953,61,13,3.7451,0,6,0,approved,0
1833,accident,auto,hyderabad,sindh,80538,44,1,37.4421,2,4,0,approved,0
1834,accident,auto,lahore,punjab,23715,53,19,0.9787,0,4,1,approved,0
1835,pet_care,pet,peshawar,kpk,28926,58,15,1.8428,2,8,2,rejected,1
1836,pet_care,pet,rawalpindi,punjab,8722,44,12,0.4429,0,2,0,rejected,1
1837,auto,auto,gujranwala,punjab,14845,53,30,0.816,1,6,0,submitted,0
1838,pet,pet,rawalpindi,punjab,14742,64,4,0.6394,2,2,0,in_review,0
1839,damage,auto,sukkur,sindh,78897,53,14,7.3825,2,3,0,submitted,0
1840,life,life,gujranwala,punjab,50938,45,11,2.6879,1,1,0,approved,0
1841,pet,pet,multan,punjab,10977,64,4,6.7717,1,5,1,submitted,0
1842,pet_care,pet,peshawar,kpk,5000,56,7,0.3274,4,7,0,in_review,1
1843,auto,auto,rawalpindi,punjab,22359,53,29,1.3512,0,3,0,rejected,1
1844,other,auto,abbottabad,kpk,5554,44,4,0.2464,1,4,1,approved,0
1845,auto,auto,karachi,sindh,14939,53,4,2.2965,1,1,0,approved,0
1846,damage,home,multan,punjab,43330,61,1,2.5563,0,2,1,approved,0
1847,life,life,abbottabad,kpk,30646,64,14,1.5641,1,1,0,approved,0
1848,home,home,peshawar,kpk,115693,64,21,6.1878,2,7,0,approved,0
1849,theft,auto,hyderabad,sindh,5000,61,11,0.2354,0,6,0,approved,0
1850,life,life,multan,punjab,13211,56,2,0.7062,0,3,0,in_review,0
1851,other,home,abbottabad,kpk,49626,45,25,3.9908,0,4,0,approved,0
1852,theft,home,islamabad,islamabad,27565,61,29,11.6308,0,6,1,submitted,0
1853,accident,life,peshawar,kpk,5791,56,18,0.9945,0,4,2,submitted,1
1854,pet,pet,abbottabad,kpk,13395,53,1,1.1695,1,1,0,approved,0
1855,auto,auto,multan,punjab,19617,58,25,1.5586,0,5,0,submitted,0
1856,medical,life,sialkot,punjab,41871,64,27,3.4072,0,0,0,approved,0
1857,other,others,abbottabad,kpk,24065,44,8,2.7362,0,2,3,rejected,1
1858,theft,auto,faisalabad,punjab,37788,56,24,3.2545,3,8,3,rejected,1
1859,pet,pet,faisalabad,punjab,13587,45,29,1.1205,1,5,0,approved,0
1860,life,life,islamabad,islamabad,226743,61,16,36.8269,0,2,0,submitted,0
1861,accident,auto,islamabad,islamabad,49359,64,9,3.2116,0,1,2,rejected,1
1862,life,life,islamabad,islamabad,28464,56,5,5.2711,1,2,0,approved,0
1863,medical,life,rawalpindi,punjab,116050,44,11,5.7993,1,7,0,approved,0
1864,home,home,sukkur,sindh,46537,61,7,3.6162,1,1,2,rejected,1
1865,auto,auto,mardan,kpk,16489,64,11,1.6754,0,5,0,approved,0
1866,other,home,karachi,sindh,19242,56,30,5.3674,2,2,1,approved,0
1867,theft,auto,faisalabad,punjab,32835,58,8,3.6614,0,0,1,approved,0
1868,life,life,gujranwala,punjab,93079,56,25,39.6756,0,2,0,in_review,0
1869,accident,auto,karachi,sindh,43216,45,5,1.939,1,2,0,approved,0
1870,auto,auto,karachi,sindh,53668,64,25,3.4032,0,6,1,approved,0
1871,medical,auto,peshawar,kpk,58314,58,6,2.8063,4,8,1,rejected,1
1872,accident,auto,hyderabad,sindh,36996,44,20,2.2666,0,3,0,approved,0
1873,medical,life,quetta,balochistan,20532,64,12,1.5815,0,2,0,submitted,0
1874,theft,auto,multan,punjab,32578,64,2,1.857,1,6,0,approved,0
1875,other,auto,abbottabad,kpk,21192,44,27,2.8309,2,4,1,submitted,1
1876,pet,pet,lahore,punjab,15927,53,2,2.1634,2,8,3,submitted,1
1877,pet_care,pet,hyderabad,sindh,11547,45,7,1.8902,0,2,0,approved,0
1878,home,home,gujranwala,punjab,63857,45,2,3.113,0,6,0,approved,0
1879,home,home,faisalabad,punjab,12763,58,7,2.1665,0,3,0,approved,0
1880,pet,pet,sukkur,sindh,31478,44,2,9.8677,0,0,0,approved,0
1881,auto,auto,sukkur,sindh,17307,64,25,1.1524,0,4,0,approved,0
1882,auto,auto,karachi,sindh,53416,64,17,4.6984,0,3,1,approved,0
1883,theft,auto,gujranwala,punjab,26239,64,12,3.5593,0,1,0,approved,0
1884,home,home,mardan,kpk,17300,45,3,8.1681,0,1,0,approved,0
1885,home,home,gujranwala,punjab,80997,45,0,6.7627,4,7,1,in_review,1
1886,pet,pet,rawalpindi,punjab,18087,64,1,3.0419,0,4,0,approved,0
1887,auto,auto,abbottabad,kpk,6360,64,19,2.6478,2,2,2,rejected,1
1888,medical,life,multan,punjab,76411,61,16,8.5233,3,3,3,in_review,1
1889,pet_care,pet,islamabad,islamabad,16314,44,6,1.0883,0,3,0,approved,0
1890,auto,auto,rawalpindi,punjab,32088,44,6,3.1642,0,0,1,approved,0
1891,auto,auto,abbottabad,kpk,19264,53,26,0.8213,0,4,0,approved,0
1892,life,life,sialkot,punjab,223731,64,31,15.1548,1,1,0,rejected,1
1893,damage,auto,quetta,balochistan,69201,61,19,7.231,0,0,0,approved,0
1894,medical,auto,islamabad,islamabad,77929,58,28,3.7907,1,3,2,in_review,1
1895,medical,auto,multan,punjab,80858,61,29,4.0655,0,5,2,submitted,1
1896,medical,life,gujranwala,punjab,396084,58,17,48.6769,3,4,1,rejected,1
1897,life,life,multan,punjab,66098,53,8,3.006,3,5,1,in_review,1
1898,medical,life,karachi,sindh,37914,58,9,7.8692,1,2,0,submitted,0
1899,theft,auto,faisalabad,punjab,90339,45,16,6.8882,0,6,0,approved,0
1900,accident,auto,lahore,punjab,62910,64,12,3.5365,0,1,1,in_review,0
1901,pet_care,pet,islamabad,islamabad,10153,45,6,0.5871,0,0,3,rejected,1
1902,pet_care,pet,karachi,sindh,9201,56,4,1.2224,0,5,0,approved,0
1903,medical,life,hyderabad,sindh,136356,44,25,22.5606,0,3,1,submitted,0
1904,theft,home,rawalpindi,punjab,5000,44,22,0.2218,1,1,0,approved,0
1905,auto,auto,multan,punjab,18447,61,3,1.5037,0,2,1,approved,0
1906,medical,auto,mardan,kpk,29334,53,8,1.419,0,5,0,submitted,0
1907,pet_care,pet,gujranwala,punjab,26866,44,22,8.9763,0,0,2,rejected,1
1908,medical,life,faisalabad,punjab,82259,45,21,8.4576,1,1,1,in_review,0
1909,accident,auto,sukkur,sindh,61717,45,13,3.1,0,4,3,rejected,1
1910,other,others,lahore,punjab,15278,53,27,1.5956,0,5,2,rejected,1
1911,damage,home,multan,punjab,11817,58,22,0.988,1,6,0,in_review,0
1912,theft,home,sukkur,sindh,6962,45,15,0.4965,2,2,2,submitted,1
1913,theft,auto,islamabad,islamabad,12127,45,5,5.971,0,0,0,submitted,0
1914,pet_care,pet,rawalpindi,punjab,22215,58,13,1.2783,2,4,1,approved,0
1915,other,home,multan,punjab,35746,58,29,1.8185,0,0,0,submitted,0
1916,pet_care,pet,multan,punjab,6661,64,28,0.2958,0,1,0,approved,0
1917,auto,auto,abbottabad,kpk,21471,64,8,2.833,0,2,0,submitted,0
1918,theft,home,rawalpindi,punjab,12230,45,25,0.5499,3,6,2,in_review,1
1919,pet,pet,karachi,sindh,13603,53,30,0.9517,4,4,1,in_review,1
1920,home,home,hyderabad,sindh,18600,44,16,1.4421,2,8,3,in_review,1
1921,life,life,karachi,sindh,10673,64,12,0.7238,0,3,1,approved,0
1922,theft,auto,islamabad,islamabad,10878,61,30,0.4745,2,4,0,approved,0
1923,theft,home,lahore,punjab,59350,64,17,2.6483,1,7,1,approved,0
1924,accident,life,karachi,sindh,7222,64,3,1.0286,2,7,0,approved,0
1925,damage,home,sukkur,sindh,12845,64,15,1.9524,2,6,0,approved,0
1926,pet_care,pet,lahore,punjab,13500,45,25,1.2927,0,6,0,approved,0
1927,accident,life,multan,punjab,46696,64,29,3.9102,1,4,0,in_review,0
1928,home,home,sukkur,sindh,47522,64,7,16.7272,0,4,0,submitted,1
1929,theft,auto,islamabad,islamabad,42332,64,2,1.7042,2,3,2,submitted,1
1930,pet_care,pet,hyderabad,sindh,10058,56,23,0.5104,1,2,0,approved,0
1931,other,auto,lahore,punjab,11445,64,29,0.8099,1,2,0,approved,0
1932,damage,home,multan,punjab,138681,44,14,5.9911,3,4,3,in_review,1
1933,home,home,sukkur,sindh,100387,64,9,8.304,0,2,0,approved,0
1934,auto,auto,peshawar,kpk,12433,56,28,0.5552,0,6,0,rejected,1
1935,accident,life,sialkot,punjab,27787,44,24,1.8192,0,0,0,approved,0
1936,theft,home,karachi,sindh,20436,64,28,0.8788,0,1,0,approved,0
1937,auto,auto,abbottabad,kpk,48771,58,9,2.2598,1,4,1,submitted,0
1938,accident,life,abbottabad,kpk,20155,56,8,2.6749,0,4,0,rejected,1
1939,damage,auto,faisalabad,punjab,20817,64,17,1.6861,0,2,1,approved,0
1940,damage,auto,peshawar,kpk,20097,53,24,1.4445,0,1,0,approved,0
1941,home,home,multan,punjab,20720,56,25,4.9275,0,1,0,in_review,1
1942,other,pet,karachi,sindh,29064,58,3,3.8634,0,1,0,approved,0
1943,theft,auto,hyderabad,sindh,5000,56,18,0.2598,2,5,1,in_review,0
1944,accident,life,multan,punjab,155427,45,6,27.5824,2,6,0,rejected,1
1945,home,home,rawalpindi,punjab,41720,53,7,6.4632,0,4,0,approved,0
1946,accident,auto,lahore,punjab,41535,56,12,1.832,0,2,0,approved,0
1947,life,life,sukkur,sindh,33029,58,0,2.4334,1,5,1,approved,0
1948,home,home,rawalpindi,punjab,13504,58,20,1.4713,0,6,0,rejected,1
1949,pet_care,pet,mardan,kpk,23802,45,25,2.1767,1,7,0,approved,0
1950,theft,home,abbottabad,kpk,60370,61,13,3.706,0,2,0,submitted,0
1951,auto,auto,rawalpindi,punjab,40364,64,2,17.0456,0,0,0,in_review,1
1952,accident,auto,rawalpindi,punjab,27967,58,29,2.9263,0,5,1,approved,0
1953,medical,life,rawalpindi,punjab,74898,56,11,9.3611,0,1,0,submitted,0
1954,pet,pet,karachi,sindh,8435,53,9,0.9662,0,0,2,in_review,1
1955,medical,life,islamabad,islamabad,75980,44,4,8.0215,0,4,0,approved,0
1956,other,auto,rawalpindi,punjab,51393,45,8,2.9902,0,4,0,approved,0
1957,other,home,sialkot,punjab,28749,64,12,3.4262,0,3,0,approved,0
1958,medical,auto,faisalabad,punjab,5000,64,10,0.8021,0,6,2,in_review,1
1959,auto,auto,quetta,balochistan,16067,61,9,1.1359,0,2,1,submitted,0
1960,theft,home,gujranwala,punjab,23554,61,30,1.5884,1,5,0,in_review,0
1961,theft,home,islamabad,islamabad,5860,58,4,0.2491,2,7,1,approved,0
1962,home,home,peshawar,kpk,42476,44,21,2.6639,2,2,0,approved,0
1963,home,home,rawalpindi,punjab,65681,58,15,10.3794,1,7,0,approved,0
1964,accident,life,sialkot,punjab,50768,56,28,2.877,0,6,0,approved,0
1965,accident,auto,multan,punjab,35061,58,9,1.5384,1,7,2,rejected,1
1966,medical,life,hyderabad,sindh,82690,44,1,3.6527,0,5,2,in_review,1
1967,life,life,karachi,sindh,49303,61,4,6.1946,0,0,0,submitted,0
1968,damage,home,islamabad,islamabad,25583,56,8,8.2393,0,2,1,approved,0
1969,medical,auto,islamabad,islamabad,83973,56,30,5.1549,3,8,2,in_review,1
1970,theft,home,karachi,sindh,75021,44,8,42.0286,2,6,0,approved,0
1971,auto,auto,peshawar,kpk,42297,56,6,1.6963,0,2,1,approved,0
1972,medical,auto,lahore,punjab,37755,64,11,1.6487,0,0,0,approved,0
1973,accident,life,gujranwala,punjab,13715,53,8,0.6121,0,3,0,approved,0
1974,medical,auto,multan,punjab,68267,53,16,3.6665,0,3,0,approved,0
1975,other,home,faisalabad,punjab,22855,58,9,1.5532,0,6,1,approved,0
1976,other,home,rawalpindi,punjab,81390,53,12,4.8859,0,0,0,approved,0
1977,auto,auto,quetta,balochistan,31438,61,26,1.7038,0,4,1,approved,0
1978,damage,auto,faisalabad,punjab,51560,53,17,3.0129,0,2,0,approved,0
1979,auto,auto,hyderabad,sindh,13810,53,11,0.5609,4,8,2,rejected,1
1980,pet_care,pet,karachi,sindh,14710,58,28,1.0066,0,0,0,submitted,0
1981,auto,auto,sukkur,sindh,31534,53,26,1.8135,0,6,0,in_review,0
1982,life,life,hyderabad,sindh,46194,53,20,3.2783,0,0,0,submitted,0
1983,damage,auto,rawalpindi,punjab,18890,53,3,1.0228,0,4,0,in_review,0
1984,pet,pet,rawalpindi,punjab,20126,56,7,11.4287,3,9,2,in_review,1
1985,theft,home,quetta,balochistan,11563,58,22,0.6451,1,4,0,approved,0
1986,life,life,rawalpindi,punjab,117973,44,9,30.265,0,5,3,in_review,1
1987,life,life,faisalabad,punjab,119896,45,15,5.5039,0,5,0,approved,0
1988,life,life,gujranwala,punjab,112648,53,12,39.7628,0,6,0,in_review,1
1989,damage,home,islamabad,islamabad,13714,58,6,1.2787,1,6,0,approved,0
1990,pet_care,pet,peshawar,kpk,18271,61,7,0.7443,0,0,0,approved,0
1991,theft,auto,lahore,punjab,15966,56,1,0.6515,0,4,0,approved,0
1992,life,life,peshawar,kpk,29446,53,16,1.792,0,0,0,approved,0
1993,life,life,islamabad,islamabad,217515,53,14,22.2818,2,2,2,submitted,1
1994,life,life,islamabad,islamabad,47243,56,24,2.0504,0,4,0,approved,0
1995,damage,auto,abbottabad,kpk,18035,56,1,3.1579,0,3,0,approved,0
1996,auto,auto,sialkot,punjab,34311,44,10,7.946,0,1,0,in_review,0
1997,medical,life,abbottabad,kpk,33552,53,20,1.3803,0,5,1,submitted,0
1998,theft,home,lahore,punjab,23742,53,19,8.6808,0,3,0,submitted,0
1999,pet_care,pet,rawalpindi,punjab,5000,56,30,0.2665,1,1,0,in_review,0
2000,medical,auto,karachi,sindh,38125,64,20,2.4731,0,6,0,approved,0
2001,auto,auto,sialkot,punjab,17379,44,22,0.8584,1,7,0,submitted,0
2002,theft,home,lahore,punjab,48250,61,0,3.7313,0,1,0,approved,0
2003,damage,home,sukkur,sindh,10350,58,7,0.5011,4,9,3,in_review,1
2004,theft,auto,quetta,balochistan,12799,58,3,0.7348,0,6,2,rejected,1
2005,medical,auto,multan,punjab,113027,64,21,7.213,0,5,0,submitted,0
2006,damage,auto,karachi,sindh,28423,61,13,3.9853,0,6,0,in_review,1
2007,medical,auto,abbottabad,kpk,18811,64,26,1.2963,0,4,2,submitted,1
2008,pet,pet,hyderabad,sindh,12205,45,10,1.1046,0,2,0,approved,0
2009,home,home,karachi,sindh,94179,64,23,8.4006,0,0,2,rejected,1
2010,life,life,quetta,balochistan,32244,45,6,2.271,3,4,2,rejected,1
2011,auto,auto,quetta,balochistan,28967,45,20,6.379,2,4,1,submitted,1
2012,home,home,lahore,punjab,19307,56,22,0.9075,0,3,0,approved,0
2013,life,life,abbottabad,kpk,167339,53,18,18.3245,0,0,1,approved,0
2014,theft,auto,islamabad,islamabad,7091,64,18,0.3223,0,5,0,approved,0
2015,medical,life,karachi,sindh,32635,64,17,1.5311,0,0,0,approved,0
2016,accident,auto,quetta,balochistan,41666,58,8,4.136,0,3,2,rejected,1
2017,accident,life,hyderabad,sindh,6861,44,8,0.2844,0,5,3,rejected,1
2018,life,life,lahore,punjab,68693,64,6,4.9189,1,3,2,rejected,1
2019,theft,auto,karachi,sindh,14341,61,17,0.6243,0,6,0,submitted,0
2020,pet,pet,quetta,balochistan,16992,64,21,1.5143,1,4,0,submitted,0
2021,medical,auto,karachi,sindh,56147,58,0,4.9595,0,4,0,in_review,0
2022,pet_care,pet,rawalpindi,punjab,7179,53,17,0.3147,1,6,0,in_review,0
2023,auto,auto,islamabad,islamabad,39635,64,25,2.0807,0,5,0,approved,0
2024,life,life,mardan,kpk,73854,58,1,41.7726,0,5,0,in_review,0
2025,home,home,abbottabad,kpk,11062,64,10,0.8631,0,0,0,approved,0
2026,pet_care,pet,lahore,punjab,5417,53,9,0.2349,0,0,0,approved,0
2027,medical,life,quetta,balochistan,164352,53,10,9.3361,0,5,1,approved,0
2028,home,home,gujranwala,punjab,30428,44,14,4.3674,0,3,1,approved,0
2029,home,home,mardan,kpk,38878,53,16,12.2489,1,6,0,in_review,0
2030,pet_care,pet,lahore,punjab,31726,53,18,1.491,0,0,0,approved,0
2031,home,home,quetta,balochistan,17194,61,1,0.7188,0,1,0,approved,0
2032,medical,auto,gujranwala,punjab,270343,58,31,19.1407,0,3,1,in_review,1
2033,auto,auto,faisalabad,punjab,19335,58,25,2.6873,0,0,0,approved,0
2034,medical,life,peshawar,kpk,8031,64,7,0.5136,3,6,2,rejected,1
2035,accident,life,mardan,kpk,73056,56,29,3.3713,2,7,1,approved,0
2036,theft,home,quetta,balochistan,11903,64,24,1.3914,0,2,1,approved,0
2037,damage,home,rawalpindi,punjab,29592,64,9,2.1757,0,5,0,submitted,0
2038,theft,home,gujranwala,punjab,15075,61,14,2.5805,0,4,0,approved,0
2039,other,home,mardan,kpk,28186,53,2,2.5987,1,2,0,approved,0
2040,theft,home,abbottabad,kpk,84634,58,18,3.6953,0,5,0,approved,0
2041,other,home,abbottabad,kpk,28726,64,25,1.7073,2,5,0,approved,0
2042,auto,auto,abbottabad,kpk,27046,56,19,1.2503,0,4,0,submitted,0
2043,home,home,multan,punjab,28017,64,3,1.1791,0,4,0,approved,0
2044,pet_care,pet,islamabad,islamabad,64935,64,2,3.0933,2,2,0,approved,0
2045,damage,home,rawalpindi,punjab,10175,58,7,0.4488,1,1,2,rejected,1
2046,home,home,rawalpindi,punjab,23236,61,24,1.1076,0,5,1,approved,0
2047,medical,auto,karachi,sindh,135129,45,9,5.6445,0,5,0,approved,0
2048,theft,home,faisalabad,punjab,75888,56,14,8.0042,0,6,1,approved,0
2049,auto,auto,faisalabad,punjab,20591,53,3,1.0628,0,4,0,approved,0
2050,pet,pet,abbottabad,kpk,36228,45,16,9.0209,1,6,0,approved,0
2051,pet,pet,abbottabad,kpk,10627,64,12,0.4341,0,4,0,approved,0
2052,life,life,lahore,punjab,14752,64,24,5.0869,3,3,2,rejected,1
2053,home,home,quetta,balochistan,169627,45,10,7.3953,0,3,0,submitted,0
2054,other,home,peshawar,kpk,42711,64,8,4.1968,0,3,0,approved,0
2055,theft,home,hyderabad,sindh,17982,45,14,1.1589,1,6,0,approved,0
2056,auto,auto,peshawar,kpk,23443,61,12,1.7879,3,6,2,rejected,1
2057,life,life,hyderabad,sindh,70243,64,26,14.8662,0,1,0,submitted,0
2058,pet_care,pet,faisalabad,punjab,8337,56,12,0.7318,0,1,1,submitted,1
2059,theft,home,quetta,balochistan,15749,56,9,0.9558,1,1,0,approved,0
2060,other,pet,sukkur,sindh,12563,61,17,0.8205,1,4,2,in_review,1
2061,medical,life,lahore,punjab,61335,53,19,5.776,0,1,0,rejected,1
2062,damage,home,quetta,balochistan,31761,64,29,1.2877,0,4,0,submitted,1
2063,accident,life,mardan,kpk,31793,56,16,1.3266,0,0,0,rejected,1
2064,life,life,abbottabad,kpk,178364,58,21,54.8812,0,5,1,approved,0
2065,other,pet,gujranwala,punjab,35231,64,1,1.7137,0,6,0,approved,0
2066,pet,pet,quetta,balochistan,23853,45,23,1.9081,1,5,0,submitted,0
2067,accident,life,faisalabad,punjab,5000,64,27,0.2835,0,1,0,submitted,0
2068,damage,auto,sialkot,punjab,22342,61,27,1.7124,0,4,0,approved,0
2069,pet,pet,faisalabad,punjab,17028,64,27,0.8385,0,1,0,approved,0
2070,accident,life,faisalabad,punjab,78372,56,25,5.0697,0,1,1,approved,0
2071,theft,home,faisalabad,punjab,25619,64,8,1.5153,1,1,0,approved,0
2072,life,life,peshawar,kpk,114422,64,24,8.6644,0,2,0,submitted,0
2073,medical,life,rawalpindi,punjab,16576,64,4,0.9588,1,3,0,approved,0
2074,other,auto,sialkot,punjab,55753,61,15,2.8197,2,2,2,in_review,1
2075,auto,auto,faisalabad,punjab,28732,44,19,1.1818,0,0,1,approved,0
2076,home,home,faisalabad,punjab,17702,53,19,1.5018,0,6,1,approved,0
2077,home,home,abbottabad,kpk,26703,58,11,1.2876,0,2,2,in_review,0
2078,other,others,islamabad,islamabad,39351,53,20,5.4195,0,6,2,rejected,1
2079,theft,home,multan,punjab,9362,64,14,0.4281,0,1,0,submitted,0
2080,accident,auto,gujranwala,punjab,51398,44,23,8.7935,0,4,0,submitted,0
2081,accident,life,abbottabad,kpk,17503,44,10,1.8332,2,2,2,in_review,1
2082,pet_care,pet,rawalpindi,punjab,23159,44,27,2.0648,0,5,0,approved,0
2083,home,home,mardan,kpk,22550,45,22,1.0641,0,5,0,in_review,0
2084,auto,auto,lahore,punjab,44730,58,9,2.0731,0,4,0,submitted,0
2085,life,life,sialkot,punjab,111607,64,26,9.5456,4,9,2,in_review,0
2086,damage,auto,islamabad,islamabad,88370,64,2,22.1312,1,3,0,approved,0
2087,other,others,rawalpindi,punjab,28309,61,15,10.6665,1,4,0,approved,0
2088,damage,home,peshawar,kpk,11050,44,2,0.8587,0,0,0,submitted,0
2089,other,home,islamabad,islamabad,177962,56,9,8.144,0,5,1,approved,0
2090,damage,home,gujranwala,punjab,40921,53,7,2.7394,0,3,0,submitted,0
2091,auto,auto,peshawar,kpk,47340,64,24,4.8129,2,3,0,approved,0
2092,other,auto,sukkur,sindh,14198,64,6,1.1538,2,2,1,in_review,0
2093,pet,pet,peshawar,kpk,6965,61,28,0.6689,0,1,0,submitted,0
2094,auto,auto,lahore,punjab,20826,53,16,2.088,0,6,0,approved,0
2095,pet,pet,multan,punjab,13229,61,12,1.2595,0,4,0,approved,0
2096,auto,auto,hyderabad,sindh,88156,61,27,3.6062,1,1,1,in_review,0
2097,theft,home,quetta,balochistan,32487,58,30,3.8037,0,3,0,approved,0
2098,home,home,abbottabad,kpk,32354,61,3,2.5682,0,2,0,approved,0
2099,medical,auto,mardan,kpk,170630,61,28,20.5628,1,3,0,in_review,0
2100,home,home,abbottabad,kpk,72700,53,22,5.8249,0,2,0,submitted,0
2101,pet_care,pet,quetta,balochistan,10530,56,22,0.5296,2,8,0,approved,0
2102,damage,auto,lahore,punjab,70923,58,27,2.9721,0,1,1,approved,0
2103,theft,auto,quetta,balochistan,18683,61,7,1.9319,2,8,0,approved,0
2104,home,home,lahore,punjab,72177,61,18,16.8993,1,1,3,rejected,1
2105,pet_care,pet,rawalpindi,punjab,11877,58,12,0.4808,0,1,0,approved,0
2106,medical,auto,multan,punjab,35562,44,20,3.6236,0,6,0,submitted,0
2107,medical,life,sukkur,sindh,74365,64,7,19.2805,0,3,0,submitted,0
2108,accident,life,multan,punjab,60524,64,27,10.8778,0,3,0,approved,0
2109,medical,auto,hyderabad,sindh,40100,58,19,2.0956,2,4,2,submitted,1
2110,other,life,abbottabad,kpk,136559,64,4,12.5295,2,5,1,submitted,0
2111,accident,auto,hyderabad,sindh,26912,64,9,1.8878,0,1,0,approved,0
2112,home,home,gujranwala,punjab,32861,45,2,1.5607,0,3,1,approved,0
2113,other,others,lahore,punjab,27781,44,27,10.8562,1,7,0,submitted,0
2114,damage,home,mardan,kpk,38745,64,16,3.5162,1,4,0,approved,0
2115,medical,life,karachi,sindh,174807,64,24,11.2171,2,2,0,approved,0
2116,other,others,mardan,kpk,73124,58,23,5.0164,1,3,0,in_review,1
2117,life,life,karachi,sindh,64480,58,13,14.1808,1,3,1,approved,0
2118,auto,auto,mardan,kpk,10645,64,4,0.4923,0,4,0,in_review,1
2119,theft,auto,mardan,kpk,46740,56,0,6.7976,1,2,0,submitted,0
2120,home,home,islamabad,islamabad,72989,56,13,4.2271,2,2,0,approved,0
2121,theft,auto,karachi,sindh,12044,53,27,4.7121,0,4,1,submitted,0
2122,pet,pet,rawalpindi,punjab,7778,56,26,0.7734,0,2,0,approved,0
2123,damage,home,quetta,balochistan,23530,45,11,1.3048,0,5,0,approved,0
2124,pet_care,pet,hyderabad,sindh,7174,53,16,0.6287,0,2,0,in_review,0
2125,auto,auto,sukkur,sindh,22131,58,3,5.4336,1,3,0,approved,0
2126,other,others,gujranwala,punjab,5640,45,26,0.229,0,2,1,approved,0
2127,theft,home,gujranwala,punjab,44055,64,17,2.325,1,2,3,approved,0
2128,auto,auto,gujranwala,punjab,7961,58,11,1.4053,1,2,3,in_review,1
2129,theft,home,faisalabad,punjab,10799,44,6,0.5877,0,0,0,approved,0
2130,theft,auto,abbottabad,kpk,5000,45,30,0.3794,0,0,0,approved,0
2131,life,life,sukkur,sindh,81706,61,1,18.6501,0,4,0,approved,0
2132,auto,auto,multan,punjab,5000,56,3,0.4345,1,1,0,submitted,0
2133,other,life,sialkot,punjab,8176,45,2,1.2573,0,0,2,submitted,1
2134,auto,auto,lahore,punjab,125136,56,20,36.4934,0,2,0,approved,0
2135,damage,auto,islamabad,islamabad,14092,61,5,0.783,2,6,2,rejected,1
2136,medical,auto,hyderabad,sindh,264762,64,28,13.0598,0,4,0,approved,0
2137,home,home,rawalpindi,punjab,41663,53,22,7.1255,0,0,0,approved,0
2138,pet_care,pet,peshawar,kpk,17177,58,6,0.9724,3,4,2,rejected,1
2139,accident,life,abbottabad,kpk,15259,44,1,0.8353,1,2,1,approved,0
2140,auto,auto,islamabad,islamabad,50515,61,30,4.453,1,5,3,approved,0
2141,pet_care,pet,abbottabad,kpk,8857,44,22,0.4928,0,0,2,in_review,1
2142,auto,auto,multan,punjab,31277,58,29,1.7027,1,4,0,in_review,0
2143,other,others,islamabad,islamabad,7503,64,30,0.8079,0,1,2,in_review,1
2144,theft,home,quetta,balochistan,19583,58,8,2.4975,2,4,1,submitted,0
2145,other,others,lahore,punjab,22413,44,3,2.63,2,6,1,approved,0
2146,medical,life,mardan,kpk,38170,45,22,1.8932,0,6,0,rejected,1
2147,pet_care,pet,rawalpindi,punjab,7684,61,2,0.3866,0,5,0,submitted,0
2148,damage,auto,hyderabad,sindh,42946,61,16,24.4567,2,6,1,submitted,0
2149,auto,auto,peshawar,kpk,16769,56,21,2.4076,2,3,1,approved,0
2150,accident,auto,sukkur,sindh,14616,61,1,1.6889,2,6,0,approved,0
2151,auto,auto,karachi,sindh,26745,61,30,1.1917,0,6,0,approved,0
2152,pet_care,pet,islamabad,islamabad,11699,64,7,0.5753,1,1,2,rejected,1
2153,home,home,sukkur,sindh,46468,58,22,1.9015,3,3,3,approved,0
2154,pet,pet,abbottabad,kpk,9811,45,3,1.4805,1,5,0,approved,0
2155,other,pet,sialkot,punjab,7865,61,20,0.6593,0,0,0,approved,0
2156,medical,life,quetta,balochistan,61567,56,23,19.6574,0,0,0,approved,0
2157,home,home,abbottabad,kpk,12215,53,24,0.5441,0,5,0,approved,0
2158,accident,life,karachi,sindh,68535,53,25,2.9851,0,2,0,submitted,1
2159,medical,auto,mardan,kpk,10643,61,12,1.1286,4,7,0,rejected,1
2160,auto,auto,sialkot,punjab,70129,61,1,7.3595,0,2,2,rejected,1
2161,damage,auto,rawalpindi,punjab,49371,44,12,16.0556,1,1,0,submitted,0
2162,home,home,hyderabad,sindh,36581,45,5,1.6605,2,4,3,in_review,1
2163,medical,life,islamabad,islamabad,88506,64,27,41.3193,0,0,2,rejected,1
2164,medical,auto,karachi,sindh,72964,61,23,4.2537,0,4,0,submitted,0
2165,home,home,abbottabad,kpk,42918,64,15,2.153,0,1,0,approved,0
2166,pet_care,pet,sialkot,punjab,16924,56,8,2.0514,0,5,1,approved,0
2167,other,pet,gujranwala,punjab,19324,64,24,1.214,1,1,0,approved,0
2168,other,life,abbottabad,kpk,5000,58,17,0.2023,1,1,0,approved,0
2169,damage,home,islamabad,islamabad,10614,64,28,0.5158,0,5,0,approved,0
2170,home,home,hyderabad,sindh,53586,53,27,9.5775,1,5,3,rejected,1
2171,pet_care,pet,rawalpindi,punjab,9327,64,30,1.3014,0,0,0,in_review,0
2172,life,life,faisalabad,punjab,93411,58,11,6.4896,0,5,0,approved,0
2173,home,home,sialkot,punjab,198933,64,26,10.1445,0,4,0,in_review,0
2174,theft,auto,karachi,sindh,29603,45,20,10.0315,1,4,0,submitted,0
2175,pet_care,pet,lahore,punjab,9203,45,14,0.8109,0,3,0,submitted,0
2176,medical,auto,faisalabad,punjab,38490,64,10,1.952,0,1,0,submitted,0
2177,auto,auto,faisalabad,punjab,23464,64,14,1.4117,1,1,0,rejected,1
2178,accident,life,hyderabad,sindh,49610,58,1,2.4477,0,5,0,approved,0
2179,theft,auto,mardan,kpk,30345,61,21,4.588,0,5,0,submitted,0
2180,life,life,sialkot,punjab,303531,61,24,12.8729,0,0,0,approved,0
2181,pet_care,pet,multan,punjab,25036,44,2,2.7658,0,4,0,approved,0
2182,pet_care,pet,karachi,sindh,5871,61,23,0.3973,0,6,2,rejected,1
2183,accident,auto,mardan,kpk,24304,64,25,1.0398,1,4,1,approved,0
2184,accident,auto,islamabad,islamabad,10300,44,15,0.8092,1,7,0,submitted,0
2185,pet,pet,karachi,sindh,15778,56,8,0.7655,0,1,1,approved,0
2186,life,life,islamabad,islamabad,29366,58,10,2.3652,3,8,2,rejected,1
2187,medical,life,sialkot,punjab,107383,45,29,4.4756,0,0,1,approved,0
2188,home,home,multan,punjab,77366,64,30,5.519,1,2,0,approved,0
2189,pet,pet,mardan,kpk,17497,45,24,0.8358,0,2,1,approved,0
2190,damage,home,lahore,punjab,12253,53,6,3.1091,0,0,2,rejected,1
2191,pet,pet,karachi,sindh,5784,61,28,3.0864,3,6,3,approved,0
2192,auto,auto,karachi,sindh,25614,64,19,5.0701,0,3,0,approved,0
2193,auto,auto,faisalabad,punjab,14914,61,16,0.8355,1,6,0,submitted,0
2194,medical,life,multan,punjab,174076,61,8,7.4088,0,0,0,approved,0
2195,medical,life,karachi,sindh,156526,58,30,16.1417,1,2,0,approved,0
2196,theft,auto,abbottabad,kpk,59909,53,3,18.4961,0,4,0,in_review,0
2197,life,life,rawalpindi,punjab,23396,61,28,4.3633,1,7,1,approved,0
2198,accident,auto,rawalpindi,punjab,20503,64,24,3.9391,1,5,0,approved,0
2199,damage,home,multan,punjab,31396,44,26,2.3153,0,6,0,approved,0
2200,life,life,quetta,balochistan,180053,44,10,14.7693,0,1,1,approved,0
2201,damage,home,gujranwala,punjab,8521,45,6,2.8011,1,3,0,submitted,0
2202,other,others,lahore,punjab,7867,58,19,0.9016,0,3,0,approved,0
2203,accident,life,karachi,sindh,27844,44,18,1.5561,0,2,2,rejected,1
2204,theft,auto,gujranwala,punjab,118701,64,20,6.1749,0,3,0,submitted,0
2205,life,life,hyderabad,sindh,172106,64,1,10.2873,0,1,0,approved,0
2206,other,pet,abbottabad,kpk,30910,58,2,1.3856,1,1,0,approved,0
2207,auto,auto,sialkot,punjab,51347,64,27,2.8719,0,0,0,approved,0
2208,accident,life,mardan,kpk,43063,45,3,2.7121,4,7,0,rejected,1
2209,life,life,hyderabad,sindh,178785,64,30,8.5237,2,7,2,rejected,1
2210,theft,home,faisalabad,punjab,5000,61,15,1.5733,0,3,0,approved,0
2211,home,home,rawalpindi,punjab,43258,61,5,2.368,1,2,0,in_review,0
2212,accident,auto,peshawar,kpk,35907,61,21,19.5041,0,2,1,rejected,1
2213,other,others,rawalpindi,punjab,38864,56,6,1.7048,3,9,2,submitted,0
2214,life,life,hyderabad,sindh,80397,53,24,5.0609,1,7,0,approved,0
2215,other,auto,mardan,kpk,6492,64,7,0.4045,0,4,0,approved,0
2216,accident,life,sukkur,sindh,63048,53,5,2.7529,0,6,0,approved,0
2217,other,auto,gujranwala,punjab,9149,64,26,0.8573,2,5,1,submitted,0
2218,accident,life,peshawar,kpk,38003,61,14,2.9771,0,1,0,approved,0
2219,medical,auto,mardan,kpk,16852,44,30,5.452,0,6,0,approved,0
2220,home,home,faisalabad,punjab,81187,44,0,15.2751,0,2,3,rejected,1
2221,accident,life,multan,punjab,77174,64,25,4.808,0,6,3,rejected,1
2222,life,life,lahore,punjab,30477,56,18,1.2838,0,1,2,rejected,1
2223,theft,auto,sukkur,sindh,30120,58,15,2.0561,0,4,0,approved,0
2224,pet_care,pet,quetta,balochistan,17509,45,5,1.5032,0,5,0,approved,0
2225,accident,auto,multan,punjab,33165,64,15,4.4291,0,0,1,approved,0
2226,home,home,rawalpindi,punjab,19693,64,22,8.9758,0,3,0,approved,0
2227,auto,auto,sukkur,sindh,40958,45,22,2.2975,0,2,0,approved,0
2228,accident,auto,sialkot,punjab,20341,44,14,2.8621,0,6,0,approved,0
2229,life,life,gujranwala,punjab,19181,58,11,0.9945,0,1,0,approved,0
2230,accident,life,lahore,punjab,60216,56,19,13.7448,0,3,0,approved,0
2231,home,home,peshawar,kpk,34063,45,1,1.5287,1,4,0,approved,0
2232,damage,home,peshawar,kpk,15076,45,1,2.6306,2,3,1,approved,0
2233,medical,life,peshawar,kpk,118275,58,24,7.2811,1,5,0,approved,0
2234,home,home,quetta,balochistan,125999,44,2,22.532,1,1,2,in_review,1
2235,life,life,mardan,kpk,157041,58,25,30.6302,2,6,0,approved,0
2236,theft,home,mardan,kpk,5000,58,30,1.3172,1,2,1,submitted,0
2237,life,life,rawalpindi,punjab,24173,64,6,2.4294,2,6,2,rejected,1
2238,auto,auto,hyderabad,sindh,19371,44,22,3.7878,0,4,1,submitted,0
2239,other,others,lahore,punjab,10288,44,0,1.1536,0,3,0,approved,0
2240,accident,auto,peshawar,kpk,48785,61,15,4.4728,0,1,0,in_review,0
2241,damage,home,sialkot,punjab,129342,61,7,12.8379,1,2,0,submitted,0
2242,pet_care,pet,faisalabad,punjab,8508,45,3,0.3584,1,2,1,in_review,0
2243,pet_care,pet,islamabad,islamabad,6250,53,29,0.51,0,2,0,approved,0
2244,pet_care,pet,rawalpindi,punjab,12796,64,25,0.6289,1,6,0,submitted,0
2245,theft,auto,multan,punjab,5716,44,23,0.2722,0,6,0,approved,0
2246,medical,life,peshawar,kpk,30850,44,2,1.5471,0,3,0,submitted,0
2247,home,home,gujranwala,punjab,15100,61,3,0.6542,1,5,0,approved,0
2248,auto,auto,sialkot,punjab,53685,44,6,5.2274,3,8,2,rejected,1
2249,medical,life,quetta,balochistan,33315,53,17,1.3839,0,1,0,approved,0
2250,medical,life,lahore,punjab,28961,53,20,1.6766,0,1,0,approved,0
2251,pet_care,pet,gujranwala,punjab,16694,58,6,7.5573,0,1,0,submitted,1
2252,auto,auto,rawalpindi,punjab,47732,64,26,4.9494,0,0,0,approved,0
2253,life,life,quetta,balochistan,164984,64,22,7.9476,0,1,2,in_review,1
2254,home,home,gujranwala,punjab,7190,64,11,1.8758,2,3,0,submitted,0
2255,life,life,peshawar,kpk,164456,53,23,36.6598,1,3,0,submitted,0
2256,theft,auto,faisalabad,punjab,130117,64,10,10.4789,0,0,2,in_review,1
2257,damage,home,gujranwala,punjab,16754,45,4,1.1228,1,7,0,in_review,0
2258,auto,auto,sialkot,punjab,11727,64,10,2.0198,0,0,0,approved,0
2259,home,home,peshawar,kpk,34122,53,6,2.1202,1,4,0,approved,0
2260,other,home,faisalabad,punjab,8872,61,24,3.0115,1,7,0,approved,0
2261,pet,pet,sukkur,sindh,7191,61,28,0.3431,1,4,2,rejected,1
2262,pet,pet,mardan,kpk,14244,64,26,0.7476,3,7,0,rejected,1
2263,other,pet,sialkot,punjab,52132,61,5,3.567,0,4,0,approved,0
2264,life,life,islamabad,islamabad,8886,44,27,5.7035,0,5,0,approved,0
2265,accident,life,sukkur,sindh,82004,53,0,9.3017,0,3,0,approved,0
2266,other,others,abbottabad,kpk,12649,44,11,0.6272,1,2,0,approved,0
2267,life,life,peshawar,kpk,191876,61,16,72.2153,0,0,1,approved,0
2268,theft,home,karachi,sindh,14435,64,21,1.2583,2,3,3,in_review,1
2269,pet,pet,abbottabad,kpk,9387,64,4,0.4083,1,2,0,approved,0
2270,home,home,multan,punjab,64408,64,7,3.8132,1,1,0,approved,0
2271,other,auto,islamabad,islamabad,9462,56,15,0.6258,0,0,0,approved,0
2272,home,home,sialkot,punjab,20715,64,1,1.7225,1,5,2,in_review,1
2273,life,life,abbottabad,kpk,24957,44,4,1.5112,0,3,0,submitted,0
2274,pet_care,pet,sukkur,sindh,8382,53,9,0.9633,4,7,2,rejected,1
2275,other,others,abbottabad,kpk,14853,61,24,0.9886,0,4,0,approved,0
2276,other,pet,rawalpindi,punjab,13904,61,10,2.2211,0,1,0,rejected,1
2277,pet_care,pet,sialkot,punjab,19835,45,27,1.4143,0,0,0,submitted,0
2278,pet_care,pet,sukkur,sindh,5412,45,1,0.2448,2,3,1,approved,0
2279,pet_care,pet,abbottabad,kpk,21427,56,10,0.9908,0,4,0,submitted,0
2280,pet_care,pet,gujranwala,punjab,5195,61,26,0.7886,0,0,0,approved,0
2281,pet_care,pet,lahore,punjab,20774,45,25,2.3297,3,9,0,in_review,1
2282,auto,auto,karachi,sindh,9450,45,25,2.2007,2,6,2,rejected,1
2283,other,others,rawalpindi,punjab,52148,56,21,4.4074,2,7,1,approved,0
2284,medical,auto,faisalabad,punjab,33914,53,2,11.3691,1,5,0,in_review,0
2285,pet,pet,gujranwala,punjab,22066,53,2,12.1375,0,5,0,approved,0
2286,pet_care,pet,hyderabad,sindh,12142,44,18,4.3945,1,7,3,rejected,1
2287,pet,pet,sukkur,sindh,6292,64,8,0.7429,1,4,0,in_review,0
2288,damage,auto,sialkot,punjab,50598,64,8,2.1836,0,6,3,rejected,1
2289,other,others,sukkur,sindh,14223,61,7,0.8759,1,5,0,approved,0
2290,pet_care,pet,lahore,punjab,20458,45,7,1.4484,1,5,0,in_review,0
2291,medical,life,abbottabad,kpk,84526,61,9,31.4691,1,2,0,approved,0
2292,pet_care,pet,lahore,punjab,5000,58,12,0.4671,1,5,0,approved,0
2293,pet,pet,sukkur,sindh,11298,53,28,1.1566,0,0,0,submitted,1
2294,life,life,quetta,balochistan,9925,53,24,2.5759,1,3,0,approved,0
2295,medical,life,hyderabad,sindh,93396,64,1,4.9692,0,0,0,approved,0
2296,theft,auto,sialkot,punjab,15428,53,7,0.7384,1,5,0,approved,0
2297,home,home,rawalpindi,punjab,40559,64,24,4.5081,2,7,0,approved,0
2298,accident,life,peshawar,kpk,74430,61,12,3.0675,4,5,2,submitted,1
2299,other,pet,abbottabad,kpk,7996,61,9,0.486,1,2,0,submitted,0
2300,medical,auto,islamabad,islamabad,40729,53,21,2.1737,2,3,2,rejected,1
2301,life,life,gujranwala,punjab,22135,45,25,0.9042,2,5,3,submitted,1
2302,auto,auto,sialkot,punjab,29118,53,27,2.1694,2,5,1,submitted,0
2303,auto,auto,sialkot,punjab,13626,53,17,5.9192,3,5,3,rejected,1
2304,other,others,mardan,kpk,20138,64,9,0.9577,0,0,1,submitted,0
2305,pet_care,pet,hyderabad,sindh,13037,56,30,0.5367,0,1,0,approved,0
2306,accident,auto,karachi,sindh,178468,64,3,54.812,0,2,0,submitted,0
2307,life,life,sukkur,sindh,176058,56,2,17.6925,3,9,1,submitted,0
2308,pet,pet,abbottabad,kpk,11447,64,12,1.4618,1,6,2,in_review,1
2309,auto,auto,rawalpindi,punjab,35136,44,1,4.4235,1,5,0,in_review,0
2310,life,life,abbottabad,kpk,63397,64,4,4.22,0,6,0,approved,0
2311,pet_care,pet,hyderabad,sindh,8949,61,20,0.6349,1,4,0,approved,0
2312,other,home,karachi,sindh,19878,56,7,1.1937,0,4,0,submitted,0
2313,damage,auto,rawalpindi,punjab,48262,53,28,2.542,0,2,0,approved,0
2314,damage,home,sialkot,punjab,63194,44,8,8.3568,0,4,0,submitted,0
2315,auto,auto,sukkur,sindh,12871,64,16,2.4747,0,3,0,approved,0
2316,home,home,quetta,balochistan,14231,64,15,0.633,0,2,0,approved,0
2317,pet_care,pet,multan,punjab,6441,61,28,0.3826,0,0,0,approved,0
2318,theft,home,rawalpindi,punjab,8354,58,18,0.3815,0,1,1,submitted,0
2319,medical,auto,hyderabad,sindh,35069,56,18,1.7134,0,3,0,approved,0
2320,medical,auto,hyderabad,sindh,21579,64,4,11.4296,0,5,0,approved,0
2321,home,home,mardan,kpk,29784,56,23,4.4098,1,2,0,approved,0
2322,pet,pet,multan,punjab,9871,53,16,1.3879,0,5,0,in_review,0
2323,pet_care,pet,rawalpindi,punjab,5001,44,0,0.6646,0,3,0,approved,0
2324,damage,auto,peshawar,kpk,10307,61,20,0.4228,0,1,0,approved,0
2325,theft,home,lahore,punjab,8050,44,17,0.6004,1,2,0,approved,0
2326,accident,auto,karachi,sindh,58188,53,0,31.436,1,6,0,approved,0
2327,life,life,quetta,balochistan,99496,64,30,12.1233,2,2,2,rejected,1
2328,auto,auto,peshawar,kpk,57724,44,21,4.0846,0,1,1,approved,0
2329,pet_care,pet,lahore,punjab,5807,58,18,0.4071,0,5,0,submitted,0
2330,pet,pet,faisalabad,punjab,14190,44,13,1.1549,0,3,1,approved,0
2331,damage,auto,faisalabad,punjab,18318,61,0,3.3929,1,6,0,submitted,0
2332,theft,auto,islamabad,islamabad,29264,53,22,4.2897,1,2,0,in_review,0
2333,home,home,hyderabad,sindh,32365,44,11,1.4238,1,6,1,in_review,0
2334,damage,auto,mardan,kpk,12698,45,24,0.5366,0,2,1,approved,0
2335,auto,auto,hyderabad,sindh,46506,61,5,2.89,0,0,3,in_review,1
2336,medical,life,gujranwala,punjab,147410,64,25,11.1211,1,5,0,approved,0
2337,pet_care,pet,rawalpindi,punjab,25830,44,22,1.2036,1,3,0,approved,0
2338,home,home,hyderabad,sindh,29714,45,27,2.4712,0,1,1,submitted,0
2339,medical,life,mardan,kpk,114705,58,4,9.9674,2,4,2,rejected,1
2340,auto,auto,sukkur,sindh,5000,61,6,0.2478,1,5,1,submitted,1
2341,medical,auto,hyderabad,sindh,73145,53,21,4.6661,0,3,0,submitted,0
2342,medical,auto,peshawar,kpk,137881,64,12,6.573,2,8,2,in_review,1
2343,pet,pet,islamabad,islamabad,11518,61,30,1.8376,0,0,0,submitted,0
2344,other,pet,karachi,sindh,5551,64,28,0.2282,1,4,0,approved,0
2345,other,life,quetta,balochistan,8818,44,20,0.8346,2,4,0,approved,0
2346,auto,auto,mardan,kpk,7967,64,29,0.5153,0,1,0,approved,0
2347,other,home,mardan,kpk,12528,53,20,0.8753,3,7,1,in_review,1
2348,other,home,hyderabad,sindh,46008,64,13,2.1543,0,2,0,in_review,0
2349,life,life,karachi,sindh,39408,53,26,1.6897,4,9,0,in_review,1
2350,accident,life,abbottabad,kpk,10663,53,3,0.4547,0,0,0,rejected,1
2351,medical,auto,peshawar,kpk,27558,64,22,4.1534,0,1,2,in_review,1
2352,home,home,sukkur,sindh,47933,53,5,3.8618,0,1,2,rejected,1
2353,medical,life,hyderabad,sindh,22587,45,10,2.43,0,3,0,approved,0
2354,damage,home,multan,punjab,23704,64,13,2.3067,2,6,0,approved,0
2355,life,life,rawalpindi,punjab,36211,44,9,13.3916,3,9,1,rejected,1
2356,auto,auto,quetta,balochistan,9139,45,29,1.3547,3,4,2,in_review,1
2357,auto,auto,lahore,punjab,36851,56,4,2.3266,2,6,1,approved,0
2358,home,home,gujranwala,punjab,24684,64,7,2.2894,3,5,1,rejected,1
2359,home,home,rawalpindi,punjab,19362,58,0,1.3025,0,6,0,approved,0
2360,medical,life,abbottabad,kpk,47638,64,6,7.9596,0,6,0,rejected,1
2361,medical,auto,peshawar,kpk,10364,56,0,0.7481,3,4,0,rejected,1
2362,home,home,karachi,sindh,31083,58,13,6.3267,0,5,0,approved,0
2363,accident,auto,multan,punjab,54169,64,19,2.6248,0,4,0,approved,0
2364,damage,home,sukkur,sindh,14023,53,21,0.6159,1,6,1,in_review,1
2365,other,pet,quetta,balochistan,26643,64,27,1.1707,0,3,0,approved,0
2366,accident,auto,rawalpindi,punjab,15682,44,23,0.8597,0,6,0,approved,0
2367,life,life,quetta,balochistan,11652,64,26,1.6751,3,4,1,rejected,1
2368,pet_care,pet,karachi,sindh,10080,56,10,0.4105,1,3,0,in_review,1
2369,accident,life,islamabad,islamabad,23084,64,8,2.2649,0,3,0,approved,0
2370,life,life,sukkur,sindh,29797,44,25,1.5622,0,3,0,approved,0
2371,auto,auto,rawalpindi,punjab,28073,56,30,1.2969,0,1,0,in_review,1
2372,pet,pet,karachi,sindh,23681,61,24,0.9862,0,3,0,submitted,0
2373,theft,auto,lahore,punjab,10079,64,17,0.8085,1,1,0,approved,0
2374,pet_care,pet,islamabad,islamabad,34054,58,4,1.6682,1,2,2,in_review,1
2375,pet_care,pet,sukkur,sindh,15727,61,26,0.657,1,1,0,approved,0
2376,pet_care,pet,sukkur,sindh,10894,61,24,0.6844,0,0,0,rejected,1
2377,theft,home,hyderabad,sindh,7844,64,13,0.7232,1,5,0,approved,0
2378,pet_care,pet,faisalabad,punjab,14870,58,3,0.6343,1,3,0,approved,0
2379,damage,auto,abbottabad,kpk,27097,53,24,2.4699,1,5,0,in_review,0
2380,damage,auto,sialkot,punjab,51906,58,20,2.3638,1,6,0,approved,0
2381,other,pet,sialkot,punjab,36823,56,24,1.7537,0,3,0,submitted,0
2382,pet_care,pet,lahore,punjab,6316,53,11,0.5893,0,0,2,submitted,1
2383,theft,home,multan,punjab,143056,58,12,8.6564,0,0,1,submitted,0
2384,accident,life,sialkot,punjab,178290,44,14,10.0355,1,1,1,approved,0
2385,auto,auto,gujranwala,punjab,30024,53,1,2.8756,3,9,1,rejected,1
2386,accident,life,hyderabad,sindh,41816,56,6,4.2362,0,6,0,approved,0
2387,other,home,faisalabad,punjab,82198,45,25,15.4537,3,5,1,rejected,1
2388,pet,pet,peshawar,kpk,7723,53,3,0.879,0,5,0,approved,0
2389,pet,pet,quetta,balochistan,17408,61,27,6.2038,0,2,0,approved,0
2390,damage,home,sialkot,punjab,5000,58,26,0.404,3,7,3,rejected,1
2391,theft,auto,hyderabad,sindh,5000,58,8,0.2094,0,0,0,in_review,0
2392,theft,auto,mardan,kpk,6170,56,14,0.3173,0,4,0,submitted,0
2393,other,auto,karachi,sindh,31955,58,20,1.9831,1,5,0,approved,0
2394,pet_care,pet,sukkur,sindh,30440,64,28,3.0584,1,5,0,approved,0
2395,theft,home,gujranwala,punjab,59417,45,0,4.2903,0,2,1,submitted,0
2396,life,life,karachi,sindh,45324,45,28,1.9349,4,7,2,in_review,1
2397,medical,life,quetta,balochistan,15467,44,19,0.9235,0,6,0,approved,0
2398,damage,home,hyderabad,sindh,52396,53,1,2.3465,2,7,0,approved,0
2399,life,life,sukkur,sindh,77961,58,9,5.1763,2,4,0,submitted,0
2400,theft,home,abbottabad,kpk,5000,56,15,1.2481,1,4,0,in_review,0
2401,auto,auto,sialkot,punjab,54295,64,27,2.231,0,3,0,submitted,0
2402,pet_care,pet,sukkur,sindh,15436,45,4,6.3236,3,8,2,rejected,1
2403,accident,life,islamabad,islamabad,14577,44,22,0.6748,0,4,2,in_review,1
2404,pet_care,pet,lahore,punjab,7264,53,21,0.5926,2,3,2,submitted,1
2405,life,life,quetta,balochistan,34099,53,0,4.8776,2,5,1,approved,0
2406,life,life,sukkur,sindh,264255,58,10,18.5403,0,3,1,submitted,0
2407,damage,home,sukkur,sindh,22230,58,8,1.2827,3,8,0,rejected,1
2408,medical,auto,abbottabad,kpk,8788,64,24,0.3949,0,2,2,submitted,1
2409,damage,auto,hyderabad,sindh,33011,64,8,1.4599,0,4,0,approved,0
2410,damage,auto,multan,punjab,31756,64,17,1.4214,2,8,0,approved,0
2411,damage,auto,lahore,punjab,17152,61,29,2.6416,0,5,1,in_review,0
2412,life,life,abbottabad,kpk,41101,45,15,14.854,0,4,0,approved,0
2413,life,life,sukkur,sindh,31169,44,9,2.178,0,2,1,submitted,0
2414,medical,life,mardan,kpk,66524,56,22,9.0595,0,4,0,in_review,0
2415,life,life,lahore,punjab,19849,64,30,0.8592,1,5,0,approved,0
2416,pet_care,pet,hyderabad,sindh,9801,64,4,0.6526,0,1,0,rejected,1
2417,pet,pet,faisalabad,punjab,6819,61,11,0.4935,0,0,0,submitted,0
2418,theft,home,sukkur,sindh,32391,53,8,1.374,0,3,0,approved,0
2419,damage,auto,faisalabad,punjab,61199,64,13,5.1234,0,4,0,in_review,0
2420,home,home,peshawar,kpk,26959,64,28,1.336,0,5,0,approved,0
2421,theft,auto,faisalabad,punjab,21228,44,30,1.8716,2,6,0,approved,0
2422,home,home,mardan,kpk,55497,45,24,2.3903,0,2,0,in_review,1
2423,damage,home,gujranwala,punjab,23373,56,10,1.6982,0,1,0,approved,0
2424,auto,auto,hyderabad,sindh,29159,53,1,3.5848,2,4,1,submitted,0
2425,theft,home,mardan,kpk,39019,56,23,3.6055,1,7,0,submitted,0
2426,accident,life,faisalabad,punjab,45232,64,17,6.2234,0,6,0,approved,0
2427,other,others,lahore,punjab,15020,56,2,0.6086,2,7,0,approved,0
2428,accident,auto,sukkur,sindh,93706,44,7,4.4675,2,7,0,rejected,1
2429,other,pet,mardan,kpk,63484,45,13,8.7407,0,1,0,submitted,0
2430,damage,home,quetta,balochistan,98418,53,22,14.2223,0,1,0,submitted,0
2431,pet,pet,rawalpindi,punjab,11688,45,17,0.5373,1,6,0,approved,0
2432,theft,home,abbottabad,kpk,5000,64,6,0.2455,0,4,1,approved,0
2433,damage,home,quetta,balochistan,98542,64,15,6.3071,4,9,3,submitted,1
2434,theft,home,islamabad,islamabad,7254,45,18,0.3158,1,5,1,approved,0
2435,accident,auto,multan,punjab,57736,44,30,7.0,1,4,0,approved,0
2436,pet,pet,quetta,balochistan,5000,58,15,0.3495,0,5,0,approved,0
2437,damage,home,faisalabad,punjab,37948,64,12,2.7372,2,7,1,submitted,0
2438,theft,home,sialkot,punjab,43806,53,12,1.8169,0,3,1,rejected,1
2439,other,life,karachi,sindh,14744,56,27,0.6998,4,5,1,rejected,1
2440,theft,auto,sukkur,sindh,47897,45,27,26.7432,0,0,0,approved,0
2441,pet_care,pet,islamabad,islamabad,21198,58,28,8.469,0,5,0,approved,0
2442,damage,home,hyderabad,sindh,27755,64,16,2.2241,2,8,1,approved,0
2443,home,home,sialkot,punjab,44263,61,18,3.7302,1,2,2,rejected,1
2444,medical,auto,hyderabad,sindh,60976,58,22,3.1625,0,4,1,in_review,0
2445,pet,pet,lahore,punjab,15377,64,14,1.5443,0,3,0,approved,0
2446,life,life,faisalabad,punjab,9135,64,4,0.6355,0,0,0,approved,0
2447,life,life,karachi,sindh,22913,64,9,8.4177,0,0,1,submitted,0
2448,home,home,rawalpindi,punjab,15989,61,6,0.8273,2,2,0,approved,0
2449,auto,auto,islamabad,islamabad,27546,64,23,3.445,1,3,0,approved,0
2450,home,home,rawalpindi,punjab,36370,44,16,2.4998,3,9,3,rejected,1
2451,theft,auto,quetta,balochistan,36307,44,10,15.1658,4,10,2,in_review,1
2452,accident,auto,multan,punjab,11778,53,4,6.8199,3,6,3,rejected,1
2453,damage,home,abbottabad,kpk,132906,53,12,8.2643,0,5,1,in_review,1
2454,life,life,quetta,balochistan,136772,64,13,6.6125,0,0,0,approved,0
2455,pet_care,pet,multan,punjab,31222,44,17,2.9696,0,5,3,rejected,1
2456,auto,auto,quetta,balochistan,57980,64,21,3.3211,2,2,0,in_review,0
2457,pet_care,pet,peshawar,kpk,10720,45,4,0.7556,4,10,2,in_review,1
2458,home,home,rawalpindi,punjab,22950,64,30,1.3458,0,5,2,in_review,1
2459,theft,auto,multan,punjab,9196,44,25,0.8863,1,3,0,approved,0
2460,auto,auto,sukkur,sindh,52700,58,29,5.8758,1,6,2,rejected,1
2461,life,life,hyderabad,sindh,132111,64,20,6.6976,0,0,1,submitted,0
2462,other,life,sukkur,sindh,9206,53,28,0.8576,0,2,1,submitted,0
2463,pet,pet,abbottabad,kpk,10378,58,25,1.2227,1,7,0,in_review,0
2464,theft,home,lahore,punjab,14991,58,8,2.4824,3,6,0,rejected,1
2465,damage,home,islamabad,islamabad,26201,64,2,1.4017,0,4,0,approved,0
2466,pet_care,pet,gujranwala,punjab,8298,45,30,0.8431,4,10,2,approved,0
2467,home,home,rawalpindi,punjab,105435,64,30,9.2527,4,5,1,in_review,1
2468,pet_care,pet,hyderabad,sindh,5000,45,28,3.0211,1,3,0,approved,0
2469,theft,home,sukkur,sindh,33727,64,18,4.9201,1,6,0,approved,0
2470,auto,auto,mardan,kpk,29011,64,18,3.5553,0,3,0,approved,0
2471,damage,home,quetta,balochistan,42483,58,23,27.6222,0,6,1,approved,0
2472,accident,auto,hyderabad,sindh,63188,61,16,3.4073,2,7,2,submitted,1
2473,medical,life,lahore,punjab,518049,64,27,29.037,1,5,0,approved,0
2474,auto,auto,mardan,kpk,38707,56,29,3.3729,1,3,0,approved,0
2475,pet_care,pet,karachi,sindh,10790,64,12,0.9086,1,1,1,approved,0
2476,life,life,hyderabad,sindh,15763,56,24,0.9208,0,3,3,submitted,1
2477,medical,life,multan,punjab,129587,44,30,23.1571,0,2,2,rejected,1
2478,accident,life,quetta,balochistan,23622,64,13,2.3738,0,1,0,approved,0
2479,theft,home,sialkot,punjab,21232,64,20,0.8595,0,6,0,approved,0
2480,auto,auto,multan,punjab,26592,56,8,4.4647,0,2,0,in_review,0
2481,pet,pet,hyderabad,sindh,20791,56,5,3.419,0,4,0,in_review,1
2482,life,life,lahore,punjab,94573,53,20,4.9002,0,0,0,approved,0
2483,medical,life,quetta,balochistan,116714,53,17,14.6939,0,2,0,approved,0
2484,home,home,sukkur,sindh,84295,58,7,3.8299,0,4,1,approved,0
2485,theft,auto,karachi,sindh,29838,61,28,1.4755,0,6,1,submitted,0
2486,damage,home,sialkot,punjab,39881,58,7,2.274,1,2,0,rejected,1
2487,damage,auto,multan,punjab,19772,53,19,0.8701,0,1,0,approved,0
2488,other,home,multan,punjab,10484,53,14,0.493,1,1,0,rejected,1
2489,other,others,sialkot,punjab,52267,64,11,2.5423,1,6,0,rejected,1
2490,auto,auto,karachi,sindh,29132,64,24,1.279,0,3,0,approved,0
2491,theft,auto,islamabad,islamabad,22922,56,7,1.1393,1,3,1,submitted,0
2492,medical,auto,rawalpindi,punjab,19364,56,5,1.6592,0,2,0,in_review,0
2493,life,life,multan,punjab,97915,44,19,4.831,1,5,0,approved,0
2494,home,home,karachi,sindh,27480,53,11,2.0552,0,0,0,approved,0
2495,theft,home,abbottabad,kpk,50775,53,12,8.0608,1,2,0,submitted,0
2496,medical,life,rawalpindi,punjab,27712,53,8,3.3791,1,1,0,submitted,0
2497,other,home,lahore,punjab,15038,64,23,0.7072,1,2,3,rejected,1
2498,pet_care,pet,quetta,balochistan,38507,58,6,1.9476,0,4,0,approved,0
2499,auto,auto,quetta,balochistan,44908,45,15,2.0699,2,4,3,in_review,1
2500,home,home,lahore,punjab,23637,44,7,2.1771,0,4,1,approved,0
2501,medical,life,sukkur,sindh,316472,64,35,19.8627,0,4,0,rejected,1
2502,theft,home,hyderabad,sindh,33697,58,14,1.7487,0,4,2,rejected,1
2503,life,life,multan,punjab,32822,64,12,3.2334,1,5,0,approved,0
2504,damage,home,lahore,punjab,98093,61,26,5.372,0,6,0,approved,0
2505,medical,auto,quetta,balochistan,34070,64,19,3.7407,0,0,0,approved,0
2506,accident,auto,sukkur,sindh,9202,53,1,0.5643,0,2,0,approved,0
2507,pet_care,pet,multan,punjab,9948,61,14,0.5808,1,5,0,approved,0
2508,theft,home,rawalpindi,punjab,70250,61,26,13.2697,1,3,0,approved,0
2509,theft,home,lahore,punjab,5714,53,7,0.5004,0,1,1,submitted,0
2510,auto,auto,faisalabad,punjab,27651,64,0,3.1347,0,2,1,submitted,0
2511,accident,auto,lahore,punjab,16722,58,11,4.4628,0,4,0,approved,0
2512,theft,auto,peshawar,kpk,28184,61,29,1.4009,1,6,0,approved,0
2513,other,home,abbottabad,kpk,17285,61,16,0.8257,1,4,0,rejected,1
2514,pet_care,pet,peshawar,kpk,30589,64,30,3.7377,0,5,0,approved,0
2515,other,auto,multan,punjab,9736,64,18,1.5953,0,1,0,submitted,0
2516,pet_care,pet,abbottabad,kpk,11206,58,29,3.4921,0,4,0,submitted,0
2517,pet_care,pet,karachi,sindh,31609,53,20,2.1668,2,5,1,in_review,0
2518,auto,auto,hyderabad,sindh,28813,45,20,1.222,0,0,0,approved,0
2519,medical,life,multan,punjab,25247,58,27,7.335,1,2,0,approved,0
2520,pet_care,pet,peshawar,kpk,14708,45,22,0.9425,2,6,1,approved,0
2521,auto,auto,gujranwala,punjab,124641,64,30,9.3906,0,5,1,approved,0
2522,pet,pet,mardan,kpk,10932,53,1,0.5078,0,4,0,submitted,0
2523,accident,life,lahore,punjab,138859,64,10,6.6589,0,1,0,approved,0
2524,auto,auto,abbottabad,kpk,186262,64,11,8.5606,0,1,0,approved,0
2525,other,home,gujranwala,punjab,18852,44,6,0.8638,0,6,0,approved,0
2526,home,home,lahore,punjab,11948,58,9,2.5772,0,5,0,approved,0
2527,auto,auto,peshawar,kpk,34790,58,25,17.6689,3,3,0,rejected,1
2528,pet,pet,karachi,sindh,16299,56,16,9.2713,0,3,1,approved,0
2529,auto,auto,abbottabad,kpk,13168,58,5,4.3806,1,7,0,rejected,1
2530,home,home,rawalpindi,punjab,25420,53,30,3.0779,0,2,1,approved,0
2531,pet,pet,mardan,kpk,18086,45,12,0.9713,0,0,0,approved,0
2532,damage,home,abbottabad,kpk,8946,45,6,0.6729,0,2,2,approved,0
2533,other,auto,gujranwala,punjab,11656,45,23,0.5012,0,0,2,in_review,1
2534,pet_care,pet,mardan,kpk,18991,45,22,3.745,0,0,1,submitted,0
2535,pet,pet,gujranwala,punjab,18222,58,28,0.7511,1,5,0,approved,0
2536,damage,home,faisalabad,punjab,8099,45,30,0.5227,0,5,0,in_review,1
2537,auto,auto,islamabad,islamabad,13563,61,14,1.161,2,7,0,approved,0
2538,pet_care,pet,islamabad,islamabad,8122,56,9,1.4307,0,6,3,rejected,1
2539,pet_care,pet,mardan,kpk,6559,45,10,0.8648,0,3,3,in_review,1
2540,pet,pet,sialkot,punjab,8019,56,16,2.665,0,3,0,approved,0
2541,life,life,karachi,sindh,123849,58,17,8.901,0,5,0,approved,0
2542,damage,home,abbottabad,kpk,18471,53,26,1.0874,1,4,0,approved,0
2543,damage,auto,rawalpindi,punjab,30414,44,26,6.5803,1,1,0,approved,0
2544,theft,home,quetta,balochistan,10773,61,27,0.7585,3,5,2,submitted,1
2545,medical,life,peshawar,kpk,5289,44,28,0.2453,1,4,0,approved,0
2546,accident,auto,lahore,punjab,136262,53,9,45.4661,0,4,0,submitted,0
2547,home,home,abbottabad,kpk,74239,58,2,19.7707,0,0,2,in_review,1
2548,damage,home,sialkot,punjab,31216,53,8,1.5404,0,1,0,approved,0
2549,accident,auto,multan,punjab,17373,64,27,3.2467,0,0,2,rejected,1
2550,medical,life,gujranwala,punjab,26360,44,14,1.4085,0,5,1,approved,0
2551,medical,auto,karachi,sindh,87798,56,30,5.8645,0,4,1,in_review,0
2552,pet,pet,faisalabad,punjab,16815,61,27,0.8187,2,6,0,approved,0
2553,life,life,karachi,sindh,92296,53,6,9.1691,2,4,1,approved,0
2554,auto,auto,abbottabad,kpk,59995,61,30,22.2039,0,2,0,approved,0
2555,medical,auto,abbottabad,kpk,27206,44,25,2.6749,1,5,0,approved,0
2556,auto,auto,faisalabad,punjab,10665,58,7,1.6292,1,1,0,approved,0
2557,medical,auto,gujranwala,punjab,157797,64,18,7.1693,3,8,3,in_review,1
2558,home,home,rawalpindi,punjab,51921,53,24,13.3131,3,4,3,submitted,1
2559,auto,auto,peshawar,kpk,14105,58,13,0.7938,0,2,0,approved,0
2560,theft,home,islamabad,islamabad,8055,45,19,0.6937,1,2,1,approved,0
2561,pet,pet,rawalpindi,punjab,5000,58,0,0.3191,2,2,0,rejected,1
2562,theft,home,peshawar,kpk,10835,44,0,2.1748,0,5,0,approved,0
2563,damage,home,gujranwala,punjab,28449,61,27,1.3763,0,3,1,approved,0
2564,life,life,gujranwala,punjab,67950,58,28,3.074,0,5,2,in_review,1
2565,other,pet,hyderabad,sindh,10326,61,1,0.4425,0,6,0,approved,0
2566,pet_care,pet,abbottabad,kpk,5000,58,12,0.6961,4,6,3,rejected,1
2567,home,home,abbottabad,kpk,44543,58,28,2.776,0,0,0,approved,0
2568,theft,auto,abbottabad,kpk,169083,61,0,9.4698,0,3,0,submitted,0
2569,pet,pet,quetta,balochistan,7266,64,6,2.0416,0,3,1,submitted,0
2570,pet_care,pet,mardan,kpk,30719,58,8,3.9013,0,3,0,submitted,0
2571,auto,auto,peshawar,kpk,48371,61,20,3.3589,0,2,1,in_review,0
2572,theft,auto,sialkot,punjab,32600,58,27,1.4758,2,8,0,in_review,1
2573,pet_care,pet,quetta,balochistan,6827,64,19,0.5078,1,3,0,approved,0
2574,home,home,abbottabad,kpk,5095,44,11,0.2322,1,1,1,approved,0
2575,medical,life,multan,punjab,38897,56,6,2.0486,1,1,0,approved,0
2576,pet,pet,mardan,kpk,7611,44,30,0.7203,0,0,1,approved,0
2577,pet_care,pet,sialkot,punjab,6462,58,7,1.3226,1,4,0,in_review,0
2578,life,life,abbottabad,kpk,6080,58,19,0.3924,0,2,0,submitted,0
2579,other,life,islamabad,islamabad,8348,58,1,2.2044,2,2,1,approved,0
2580,pet_care,pet,peshawar,kpk,11228,53,6,0.6755,4,10,3,rejected,1
2581,medical,auto,hyderabad,sindh,27557,53,15,1.1996,2,2,3,in_review,1
2582,damage,auto,lahore,punjab,18388,61,10,2.4243,1,1,0,in_review,0
2583,pet,pet,rawalpindi,punjab,9752,45,6,0.4611,0,3,0,approved,0
2584,pet,pet,abbottabad,kpk,19158,58,13,3.9444,0,5,0,approved,0
2585,theft,home,abbottabad,kpk,39746,64,28,2.6941,2,4,0,rejected,1
2586,medical,auto,hyderabad,sindh,112477,64,6,5.9524,0,4,1,approved,0
2587,home,home,mardan,kpk,24390,64,5,1.0279,1,2,0,submitted,0
2588,pet,pet,quetta,balochistan,48930,53,8,2.1061,1,1,0,approved,0
2589,other,others,islamabad,islamabad,83809,64,21,8.1781,4,8,1,rejected,1
2590,accident,life,abbottabad,kpk,17452,64,26,1.2756,0,4,0,in_review,1
2591,damage,home,islamabad,islamabad,20601,56,0,0.9049,2,4,2,rejected,1
2592,accident,auto,lahore,punjab,40438,64,25,2.5396,0,6,1,approved,0
2593,medical,life,lahore,punjab,67164,64,17,12.5564,0,2,0,submitted,1
2594,damage,home,quetta,balochistan,5000,64,25,0.2066,1,1,2,rejected,1
2595,life,life,sukkur,sindh,35412,58,19,2.6706,2,6,2,rejected,1
2596,home,home,multan,punjab,78378,56,2,4.1815,0,6,0,submitted,0
2597,auto,auto,islamabad,islamabad,59328,64,3,10.2131,0,2,0,approved,0
2598,pet,pet,sialkot,punjab,12392,45,29,0.9843,1,6,1,approved,0
2599,pet_care,pet,mardan,kpk,11408,64,25,0.6358,0,5,1,approved,0
2600,theft,auto,mardan,kpk,18353,44,8,7.35,0,2,0,approved,0
2601,auto,auto,sialkot,punjab,49425,53,29,3.7891,0,2,0,rejected,1
2602,damage,home,hyderabad,sindh,41817,58,24,2.6345,1,4,0,approved,0
2603,pet_care,pet,rawalpindi,punjab,12317,53,9,1.4315,0,3,0,rejected,1
2604,pet_care,pet,sialkot,punjab,6141,58,13,0.2903,2,7,2,rejected,1
2605,medical,auto,quetta,balochistan,87552,64,4,5.7149,0,1,0,rejected,1
2606,life,life,hyderabad,sindh,157712,44,12,15.5627,0,1,2,rejected,1
2607,life,life,sialkot,punjab,88878,58,3,11.1572,2,7,2,approved,0
2608,home,home,sukkur,sindh,69876,64,19,7.4455,2,4,3,submitted,1
2609,auto,auto,multan,punjab,13817,61,24,1.0069,0,0,0,approved,0
2610,accident,life,quetta,balochistan,10336,64,24,0.5037,0,0,0,approved,0
2611,life,life,quetta,balochistan,54631,61,12,8.1551,2,8,3,rejected,1
2612,theft,auto,lahore,punjab,372458,64,21,19.9667,1,1,3,approved,0
2613,pet,pet,peshawar,kpk,5627,56,6,1.3843,0,3,0,in_review,1
2614,medical,life,peshawar,kpk,20706,64,5,1.3187,1,2,0,approved,0
2615,theft,home,sukkur,sindh,20258,58,13,1.8028,0,1,1,submitted,0
2616,damage,home,sukkur,sindh,9723,44,5,1.066,0,6,0,approved,0
2617,auto,auto,gujranwala,punjab,11762,56,6,4.7389,1,5,1,approved,0
2618,home,home,abbottabad,kpk,41364,44,27,1.7086,0,4,0,approved,0
2619,theft,auto,gujranwala,punjab,32455,64,25,2.3046,0,6,0,approved,0
2620,damage,home,peshawar,kpk,10863,64,24,1.0203,2,6,2,submitted,1
2621,auto,auto,karachi,sindh,7560,56,20,0.3234,0,4,0,approved,0
2622,life,life,multan,punjab,265590,61,6,15.2428,1,1,0,in_review,0
2623,pet,pet,hyderabad,sindh,16981,64,12,0.947,1,4,0,approved,0
2624,home,home,sukkur,sindh,85042,56,27,6.0198,2,7,1,approved,0
2625,pet_care,pet,multan,punjab,5025,61,8,0.3334,0,2,1,approved,0
2626,damage,home,abbottabad,kpk,21466,45,22,1.1785,2,3,0,approved,0
2627,theft,auto,abbottabad,kpk,6264,45,11,0.2719,0,2,1,approved,0
2628,theft,auto,multan,punjab,95963,58,16,12.6567,2,5,1,submitted,0
2629,other,home,quetta,balochistan,10718,64,3,1.0067,0,5,1,approved,0
2630,life,life,lahore,punjab,14288,44,16,1.0651,0,6,0,approved,0
2631,auto,auto,peshawar,kpk,24126,61,11,1.1427,0,0,1,in_review,0
2632,pet,pet,lahore,punjab,10286,64,23,0.8771,0,0,0,in_review,1
2633,damage,home,karachi,sindh,28821,53,25,1.4769,2,2,0,in_review,0
2634,damage,home,gujranwala,punjab,5460,61,5,0.5714,0,2,0,rejected,1
2635,auto,auto,karachi,sindh,22097,56,24,1.6794,0,2,0,approved,0
2636,damage,home,abbottabad,kpk,7324,64,23,0.7768,0,5,0,submitted,1
2637,home,home,sukkur,sindh,10169,61,27,0.582,0,5,0,in_review,0
2638,home,home,peshawar,kpk,22887,64,18,2.5362,3,9,3,in_review,1
2639,life,life,multan,punjab,442950,64,12,70.7588,0,1,0,submitted,0
2640,home,home,mardan,kpk,41154,44,1,8.0442,0,6,0,in_review,1
2641,pet,pet,quetta,balochistan,5000,44,6,0.4217,0,2,1,approved,0
2642,medical,life,sialkot,punjab,90221,53,9,5.2172,0,6,0,approved,0
2643,pet_care,pet,karachi,sindh,5227,44,26,0.5157,0,0,1,submitted,0
2644,other,auto,sukkur,sindh,42867,58,6,1.8026,0,5,1,approved,0
2645,theft,auto,karachi,sindh,16579,45,19,0.7773,0,5,0,approved,0
2646,accident,auto,lahore,punjab,21834,45,26,0.911,1,5,1,submitted,0
2647,theft,auto,peshawar,kpk,57320,58,20,6.7899,0,4,1,approved,0
2648,auto,auto,mardan,kpk,21922,64,23,0.9908,1,7,0,rejected,1
2649,auto,auto,lahore,punjab,18957,58,0,0.9296,0,5,0,in_review,0
2650,damage,auto,faisalabad,punjab,31701,56,0,1.5436,4,10,2,in_review,1
2651,theft,home,sukkur,sindh,20650,45,23,1.3078,0,4,2,rejected,1
2652,accident,auto,peshawar,kpk,36574,64,1,3.4439,2,3,1,approved,0
2653,accident,life,islamabad,islamabad,46687,58,14,1.9953,2,8,0,approved,0
2654,damage,auto,sukkur,sindh,28317,61,20,4.9324,0,0,3,in_review,1
2655,other,life,karachi,sindh,95354,56,18,3.9265,0,2,1,approved,0
2656,medical,auto,karachi,sindh,411593,58,23,43.9314,1,6,0,approved,0
2657,accident,auto,hyderabad,sindh,11482,61,8,0.8702,1,2,0,approved,0
2658,theft,auto,mardan,kpk,9606,58,9,0.5405,0,1,0,in_review,0
2659,home,home,multan,punjab,19350,58,18,1.0132,1,2,0,submitted,0
2660,other,auto,lahore,punjab,17180,45,20,0.7058,0,6,0,approved,0
2661,other,others,multan,punjab,11779,45,6,1.4009,0,4,0,approved,0
2662,auto,auto,sukkur,sindh,22069,64,26,1.2873,0,5,0,approved,0
2663,pet,pet,gujranwala,punjab,10991,56,17,0.6379,0,6,0,submitted,0
2664,theft,auto,multan,punjab,9148,58,14,0.453,0,2,2,approved,0
2665,pet_care,pet,sialkot,punjab,15397,58,30,0.681,1,4,1,approved,0
2666,life,life,multan,punjab,16188,64,6,4.1191,0,5,0,approved,0
2667,accident,auto,hyderabad,sindh,13431,53,1,2.0124,0,5,1,approved,0
2668,auto,auto,peshawar,kpk,11393,61,13,1.15,2,8,1,rejected,1
2669,home,home,lahore,punjab,42004,44,24,2.8774,0,0,0,approved,0
2670,damage,auto,quetta,balochistan,22144,44,11,1.058,2,3,0,approved,0
2671,pet,pet,sukkur,sindh,29988,45,19,1.5473,0,1,1,approved,0
2672,home,home,sialkot,punjab,44600,45,28,5.319,0,2,1,rejected,1
2673,life,life,karachi,sindh,362961,61,31,111.9214,0,5,0,in_review,1
2674,home,home,gujranwala,punjab,21250,64,7,1.4038,1,7,0,approved,0
2675,medical,auto,lahore,punjab,41966,44,7,2.3896,0,0,2,submitted,1
2676,pet_care,pet,abbottabad,kpk,15666,53,1,5.0147,3,7,3,approved,0
2677,home,home,karachi,sindh,28103,45,20,3.6393,1,1,2,in_review,1
2678,life,life,karachi,sindh,49069,64,19,13.2368,0,5,1,in_review,0
2679,home,home,faisalabad,punjab,21773,64,12,2.7975,1,1,0,in_review,0
2680,theft,auto,karachi,sindh,31414,58,3,1.2913,1,1,0,approved,0
2681,other,home,mardan,kpk,26170,45,26,2.1299,1,1,0,approved,0
2682,other,life,sukkur,sindh,14008,45,24,2.6944,0,4,3,rejected,1
2683,other,others,multan,punjab,18765,45,28,0.9144,2,8,1,approved,0
2684,accident,auto,lahore,punjab,128568,44,22,5.8998,0,4,0,approved,0
2685,other,life,sukkur,sindh,31123,45,5,7.9234,0,3,0,in_review,0
2686,theft,auto,gujranwala,punjab,35164,64,29,3.3653,0,1,1,approved,0
2687,theft,home,multan,punjab,22382,45,6,6.3603,0,6,1,submitted,0
2688,medical,auto,rawalpindi,punjab,14019,56,0,0.7265,0,5,1,approved,0
2689,auto,auto,islamabad,islamabad,11109,64,14,2.6602,2,5,0,approved,0
2690,medical,auto,abbottabad,kpk,163376,58,12,6.6316,0,4,1,approved,0
2691,damage,home,lahore,punjab,31290,64,9,1.9308,0,6,0,in_review,1
2692,theft,home,mardan,kpk,116539,58,22,4.9467,3,4,1,submitted,1
2693,home,home,rawalpindi,punjab,5144,53,13,0.3284,1,4,3,in_review,1
2694,medical,auto,mardan,kpk,15297,56,25,2.0205,1,5,0,approved,0
2695,damage,auto,sukkur,sindh,21958,64,28,0.9618,0,5,1,in_review,0
2696,medical,life,sukkur,sindh,78764,45,2,3.6423,1,6,0,approved,0
2697,medical,auto,multan,punjab,169683,64,11,14.4559,2,8,3,approved,0
2698,accident,life,peshawar,kpk,50138,61,25,4.6605,0,2,0,submitted,0
2699,auto,auto,quetta,balochistan,17378,44,26,4.554,1,6,0,approved,0
2700,home,home,sialkot,punjab,27726,45,9,5.7726,1,2,0,in_review,0
2701,theft,home,peshawar,kpk,17949,53,21,1.2,4,10,3,in_review,1
2702,other,home,islamabad,islamabad,35697,53,15,2.8596,0,1,0,approved,0
2703,life,life,islamabad,islamabad,16215,45,14,5.8014,2,8,1,submitted,0
2704,medical,auto,islamabad,islamabad,153987,64,27,13.3138,2,8,0,approved,0
2705,home,home,multan,punjab,75272,44,2,4.2243,1,2,0,submitted,0
2706,pet,pet,rawalpindi,punjab,5000,64,24,0.5326,1,5,2,rejected,1
2707,medical,life,sukkur,sindh,27447,64,17,12.9896,1,6,0,rejected,1
2708,damage,auto,faisalabad,punjab,11569,64,14,0.4694,0,2,3,approved,0
2709,life,life,abbottabad,kpk,7405,58,9,0.3333,2,8,0,in_review,0
2710,pet_care,pet,abbottabad,kpk,15462,53,23,1.3212,0,1,0,approved,0
2711,accident,auto,gujranwala,punjab,21295,64,7,1.4741,0,5,0,approved,0
2712,life,life,abbottabad,kpk,27183,64,30,1.1415,0,6,3,in_review,1
2713,life,life,quetta,balochistan,335673,58,24,83.6047,1,7,1,rejected,1
2714,life,life,islamabad,islamabad,24703,45,21,6.8964,0,1,0,in_review,0
2715,medical,auto,abbottabad,kpk,54901,64,8,2.4581,0,2,0,approved,0
2716,pet,pet,abbottabad,kpk,16900,64,3,1.0274,0,4,0,submitted,0
2717,accident,auto,abbottabad,kpk,53247,64,15,2.3916,0,4,0,submitted,0
2718,pet,pet,multan,punjab,9603,44,11,0.4143,2,6,0,approved,0
2719,theft,auto,gujranwala,punjab,41645,61,10,16.5389,2,2,0,rejected,1
2720,theft,auto,multan,punjab,20316,64,1,1.2292,0,5,0,approved,0
2721,home,home,gujranwala,punjab,11022,61,16,4.1127,0,5,3,rejected,1
2722,other,auto,abbottabad,kpk,20336,64,21,0.8149,3,3,3,rejected,1
2723,theft,home,quetta,balochistan,12910,64,14,1.7946,1,5,0,approved,0
2724,accident,life,sukkur,sindh,26167,44,13,1.6872,3,4,3,rejected,1
2725,life,life,mardan,kpk,71339,45,2,7.1489,2,2,1,approved,0
2726,medical,life,sialkot,punjab,217639,44,26,13.0487,0,6,0,approved,0
2727,auto,auto,quetta,balochistan,33057,44,15,1.7518,1,7,0,approved,0
2728,accident,life,quetta,balochistan,30309,58,14,3.3838,1,6,0,approved,0
2729,auto,auto,gujranwala,punjab,33855,61,16,2.0145,1,3,0,submitted,0
2730,home,home,islamabad,islamabad,16822,58,2,1.23,0,1,0,approved,0
2731,medical,life,sialkot,punjab,131917,64,0,9.426,0,1,0,approved,0
2732,medical,life,faisalabad,punjab,19341,64,3,1.5438,1,1,0,approved,0
2733,auto,auto,lahore,punjab,22197,44,2,8.5968,0,5,1,approved,0
2734,medical,auto,islamabad,islamabad,71901,61,10,8.9218,0,6,0,approved,0
2735,other,others,mardan,kpk,7340,45,13,0.341,0,6,1,approved,0
2736,home,home,karachi,sindh,7984,64,11,0.4232,0,2,1,submitted,0
2737,pet_care,pet,rawalpindi,punjab,6463,53,11,0.8313,2,6,0,approved,0
2738,home,home,sukkur,sindh,69717,58,27,3.7748,1,5,0,submitted,0
2739,life,life,sialkot,punjab,170462,58,8,17.0547,0,3,0,approved,0
2740,auto,auto,quetta,balochistan,17312,64,9,0.8346,0,0,0,approved,0
2741,damage,auto,gujranwala,punjab,5000,58,21,0.2577,0,2,1,approved,0
2742,pet,pet,abbottabad,kpk,14105,45,18,1.281,0,0,2,rejected,1
2743,home,home,quetta,balochistan,84888,45,1,6.4765,1,1,0,submitted,0
2744,medical,life,islamabad,islamabad,109832,56,14,4.9436,0,1,0,submitted,0
2745,life,life,multan,punjab,228161,56,11,40.9257,0,5,1,in_review,0
2746,other,life,multan,punjab,33621,44,16,1.4255,3,4,2,rejected,1
2747,medical,auto,faisalabad,punjab,65654,44,13,3.6754,0,6,0,submitted,0
2748,other,life,islamabad,islamabad,5000,45,23,0.3039,0,6,0,approved,0
2749,damage,auto,mardan,kpk,25489,44,4,5.1101,2,3,0,approved,0
2750,damage,auto,karachi,sindh,12804,64,8,2.6378,1,3,3,submitted,1
2751,home,home,faisalabad,punjab,16499,45,16,3.9795,3,3,1,in_review,1
2752,damage,home,lahore,punjab,41478,64,20,2.4222,1,2,1,in_review,0
2753,damage,auto,quetta,balochistan,22825,53,5,1.4955,1,3,0,submitted,0
2754,life,life,mardan,kpk,124439,61,6,21.2208,1,5,0,approved,0
2755,accident,auto,rawalpindi,punjab,16643,44,28,1.1948,3,8,2,in_review,1
2756,auto,auto,multan,punjab,26058,64,0,1.4659,0,4,0,approved,0
2757,medical,life,abbottabad,kpk,178738,58,14,8.8823,2,3,0,approved,0
2758,medical,auto,faisalabad,punjab,55714,56,24,4.7611,1,4,0,approved,0
2759,accident,auto,karachi,sindh,23760,45,30,1.2292,0,6,1,approved,0
2760,other,life,peshawar,kpk,35748,45,6,2.3753,2,8,1,approved,0
2761,life,life,faisalabad,punjab,20369,53,0,1.2285,0,0,1,approved,0
2762,auto,auto,peshawar,kpk,72043,56,0,6.6874,3,8,1,submitted,1
2763,accident,life,sukkur,sindh,33441,58,11,1.5209,0,5,0,approved,0
2764,home,home,gujranwala,punjab,74853,61,7,5.9954,0,2,0,approved,0
2765,auto,auto,faisalabad,punjab,53835,56,22,2.8039,0,6,3,in_review,1
2766,home,home,abbottabad,kpk,20202,58,3,0.8393,2,4,1,approved,0
2767,medical,auto,faisalabad,punjab,5000,61,14,0.3236,1,6,1,submitted,0
2768,home,home,hyderabad,sindh,13383,61,25,1.2904,0,1,3,rejected,1
2769,life,life,abbottabad,kpk,48557,53,10,2.3716,0,0,0,approved,0
2770,theft,auto,mardan,kpk,9560,56,16,0.9359,3,5,3,rejected,1
2771,accident,life,hyderabad,sindh,17759,53,18,11.1762,0,0,1,approved,0
2772,other,auto,karachi,sindh,8706,58,28,0.3576,4,4,0,rejected,1
2773,home,home,abbottabad,kpk,81792,45,18,4.5244,0,1,1,submitted,0
2774,auto,auto,lahore,punjab,31968,64,0,1.5582,2,8,1,approved,0
2775,medical,life,multan,punjab,18389,53,10,1.7848,0,4,0,approved,0
2776,other,others,islamabad,islamabad,21967,64,1,1.3693,0,3,0,approved,0
2777,life,life,lahore,punjab,90482,58,27,8.5344,4,6,0,rejected,1
2778,auto,auto,sukkur,sindh,25302,64,2,1.0319,2,7,1,approved,0
2779,home,home,sialkot,punjab,32714,44,4,1.8239,1,6,0,rejected,1
2780,pet,pet,multan,punjab,17761,56,15,0.8048,0,5,0,approved,0
2781,damage,home,multan,punjab,63879,56,26,2.5667,0,4,1,in_review,1
2782,theft,home,islamabad,islamabad,5000,58,13,0.8275,3,6,0,in_review,1
2783,theft,auto,abbottabad,kpk,9948,53,26,0.4094,1,1,0,approved,0
2784,life,life,hyderabad,sindh,46119,61,15,1.9736,0,6,0,approved,0
2785,home,home,lahore,punjab,65710,44,13,3.6734,0,2,2,approved,0
2786,pet_care,pet,sukkur,sindh,14891,58,4,2.523,0,5,0,approved,0
2787,pet,pet,mardan,kpk,8733,58,19,3.0859,1,2,0,approved,0
2788,accident,auto,karachi,sindh,13462,61,30,0.7829,0,0,0,approved,0
2789,medical,life,multan,punjab,58914,53,18,13.3441,0,0,2,rejected,1
2790,pet,pet,abbottabad,kpk,9538,64,17,4.3315,0,3,0,approved,0
2791,damage,auto,faisalabad,punjab,11814,58,19,0.9259,3,5,2,rejected,1
2792,theft,auto,peshawar,kpk,7490,45,22,0.3861,1,3,0,approved,0
2793,other,pet,multan,punjab,30897,61,11,1.3416,1,1,0,approved,0
2794,auto,auto,mardan,kpk,43491,61,3,7.8802,0,6,0,approved,0
2795,auto,auto,peshawar,kpk,8804,44,29,1.1116,0,4,1,approved,0
2796,other,pet,multan,punjab,19826,64,19,1.2609,0,0,0,submitted,0
2797,life,life,peshawar,kpk,20116,56,21,5.9095,2,3,1,approved,0
2798,damage,home,quetta,balochistan,37769,44,20,2.8037,2,7,2,rejected,1
2799,pet_care,pet,mardan,kpk,8885,53,20,1.1859,1,6,0,approved,0
2800,damage,auto,rawalpindi,punjab,11255,44,30,0.9313,0,0,0,in_review,0
2801,other,others,islamabad,islamabad,8747,64,5,0.8099,0,2,0,in_review,0
2802,accident,life,gujranwala,punjab,48599,56,7,3.5753,0,6,0,approved,0
2803,life,life,rawalpindi,punjab,34974,53,25,3.4345,0,4,0,approved,0
2804,damage,home,abbottabad,kpk,35122,56,29,2.8636,1,4,0,approved,0
2805,home,home,gujranwala,punjab,27864,64,14,1.7475,0,1,0,in_review,0
2806,pet_care,pet,faisalabad,punjab,26067,64,3,3.5278,2,3,1,approved,0
2807,damage,auto,rawalpindi,punjab,133292,45,30,8.0007,0,5,0,submitted,0
2808,medical,life,peshawar,kpk,45008,64,27,14.2611,0,2,1,approved,0
2809,other,home,islamabad,islamabad,32903,53,1,5.6612,0,0,0,in_review,0
2810,home,home,peshawar,kpk,66976,45,21,2.7525,3,9,0,rejected,1
2811,damage,home,lahore,punjab,15846,64,21,0.6431,1,1,0,approved,0
2812,auto,auto,multan,punjab,18518,56,26,1.2901,1,5,1,approved,0
2813,damage,home,mardan,kpk,30105,58,28,1.2196,0,4,0,approved,0
2814,pet,pet,sukkur,sindh,13283,53,19,1.1095,0,6,0,rejected,1
2815,accident,auto,abbottabad,kpk,13976,58,13,0.9099,3,5,1,rejected,1
2816,life,life,sukkur,sindh,33558,53,0,1.4551,0,6,0,approved,0
2817,pet_care,pet,sialkot,punjab,46469,44,13,2.0426,3,9,0,rejected,1
2818,medical,auto,faisalabad,punjab,37666,45,24,2.2482,2,6,0,submitted,0
2819,life,life,peshawar,kpk,32093,64,18,1.3596,2,5,0,approved,0
2820,medical,life,hyderabad,sindh,15638,44,12,1.3237,0,5,0,rejected,1
2821,damage,auto,faisalabad,punjab,15895,64,18,1.558,2,3,1,approved,0
2822,auto,auto,gujranwala,punjab,21035,58,19,5.5414,0,0,0,approved,0
2823,pet,pet,faisalabad,punjab,12763,56,20,6.2934,0,5,0,approved,0
2824,home,home,faisalabad,punjab,157707,56,28,6.3156,1,1,0,approved,0
2825,other,life,multan,punjab,5000,53,17,0.235,1,6,0,approved,0
2826,other,home,lahore,punjab,22313,61,12,1.4067,4,7,2,rejected,1
2827,accident,life,multan,punjab,25848,64,21,1.3991,2,2,1,approved,0
2828,auto,auto,peshawar,kpk,47302,56,18,2.7628,0,6,0,submitted,0
2829,life,life,abbottabad,kpk,73610,64,30,6.4193,1,3,0,approved,0
2830,medical,auto,abbottabad,kpk,46880,45,11,4.8141,3,5,2,rejected,1
2831,accident,life,islamabad,islamabad,22716,61,17,1.2402,1,6,0,approved,0
2832,other,auto,gujranwala,punjab,86318,64,20,8.8887,0,3,0,submitted,0
2833,medical,auto,gujranwala,punjab,15984,45,27,5.2562,0,4,0,submitted,0
2834,pet_care,pet,karachi,sindh,11928,53,25,0.5765,1,5,0,in_review,1
2835,damage,home,quetta,balochistan,11614,64,16,4.8171,0,0,0,approved,0
2836,damage,home,faisalabad,punjab,5000,53,20,0.6342,1,3,1,approved,0
2837,damage,auto,lahore,punjab,11178,61,29,1.4874,0,0,1,approved,0
2838,accident,auto,faisalabad,punjab,58925,61,10,2.5368,2,7,1,rejected,1
2839,theft,home,hyderabad,sindh,9200,53,9,0.6654,0,1,1,submitted,0
2840,theft,auto,faisalabad,punjab,9710,45,13,0.8269,0,5,0,approved,0
2841,accident,auto,hyderabad,sindh,31327,44,1,5.1288,0,4,0,submitted,0
2842,accident,auto,gujranwala,punjab,63952,53,5,2.9006,0,3,0,rejected,1
2843,other,auto,rawalpindi,punjab,43199,64,4,4.2381,0,3,0,approved,0
2844,accident,auto,faisalabad,punjab,12248,64,18,1.4052,1,2,0,approved,0
2845,auto,auto,abbottabad,kpk,21148,61,3,8.9232,4,7,3,rejected,1
2846,damage,home,rawalpindi,punjab,12286,44,12,1.0255,1,4,0,approved,0
2847,accident,life,faisalabad,punjab,16645,44,0,0.9601,3,3,1,in_review,1
2848,pet_care,pet,lahore,punjab,8801,64,25,0.378,0,2,0,approved,0
2849,life,life,lahore,punjab,151129,58,13,16.5639,1,1,1,submitted,0
2850,accident,life,karachi,sindh,100268,53,10,9.6116,0,5,2,submitted,1
2851,life,life,hyderabad,sindh,79034,56,29,3.5107,0,4,0,approved,0
2852,medical,life,lahore,punjab,172730,64,2,12.959,0,1,0,approved,0
2853,life,life,islamabad,islamabad,345062,64,19,20.2359,1,3,0,submitted,0
2854,other,pet,sukkur,sindh,18375,45,21,0.9317,0,6,1,approved,0
2855,other,home,gujranwala,punjab,8180,53,30,0.3668,0,5,0,in_review,0
2856,theft,auto,islamabad,islamabad,32186,61,22,2.5778,0,3,2,rejected,1
2857,pet_care,pet,mardan,kpk,10617,58,29,4.3352,2,5,2,submitted,0
2858,medical,life,gujranwala,punjab,29526,58,5,1.2019,0,1,0,approved,0
2859,other,life,abbottabad,kpk,28929,58,8,1.3929,1,3,1,in_review,0
2860,damage,home,multan,punjab,68200,64,28,3.0863,0,2,0,approved,0
2861,pet,pet,abbottabad,kpk,5000,44,16,0.325,1,3,0,approved,0
2862,medical,life,sialkot,punjab,109077,53,22,7.5885,1,5,1,approved,0
2863,damage,home,hyderabad,sindh,14886,64,9,1.5416,3,8,0,rejected,1
2864,medical,life,gujranwala,punjab,7972,45,4,2.3201,0,5,0,in_review,0
2865,damage,auto,multan,punjab,26768,53,6,1.8279,0,0,0,approved,0
2866,theft,auto,multan,punjab,5000,44,8,0.4819,4,6,2,in_review,1
2867,theft,auto,rawalpindi,punjab,33843,45,16,1.5387,2,2,0,in_review,0
2868,auto,auto,quetta,balochistan,33053,61,8,1.8789,0,4,0,approved,0
2869,pet_care,pet,mardan,kpk,6862,58,19,0.8374,0,5,0,approved,0
2870,accident,auto,hyderabad,sindh,50968,45,30,4.2986,1,2,1,approved,0
2871,medical,life,sialkot,punjab,161428,64,8,9.6352,1,1,0,approved,0
2872,auto,auto,multan,punjab,30694,56,12,1.787,0,5,0,approved,0
2873,pet_care,pet,lahore,punjab,8564,45,12,0.5543,1,4,1,approved,0
2874,life,life,peshawar,kpk,123980,45,27,25.5313,0,3,0,approved,0
2875,home,home,karachi,sindh,72735,64,2,18.0037,1,1,0,approved,0
2876,medical,life,karachi,sindh,50626,61,25,17.1905,1,7,0,approved,0
2877,damage,home,sukkur,sindh,50253,44,22,3.5105,0,0,1,submitted,0
2878,other,others,islamabad,islamabad,44897,44,28,2.0078,0,0,0,approved,0
2879,pet_care,pet,gujranwala,punjab,5000,58,26,0.3484,0,5,1,approved,0
2880,home,home,rawalpindi,punjab,243111,44,28,13.1411,0,2,0,approved,0
2881,life,life,peshawar,kpk,19530,58,15,2.1642,1,5,0,approved,0
2882,life,life,lahore,punjab,26392,64,1,1.5645,1,5,0,approved,0
2883,accident,life,islamabad,islamabad,10216,64,23,1.1311,2,6,0,approved,0
2884,auto,auto,mardan,kpk,55999,44,11,28.0838,1,4,0,submitted,0
2885,damage,home,lahore,punjab,24358,56,5,5.5321,0,6,0,approved,0
2886,damage,auto,sialkot,punjab,13779,53,25,0.6694,0,2,0,approved,0
2887,medical,auto,quetta,balochistan,12392,61,23,0.758,3,5,3,submitted,1
2888,life,life,sukkur,sindh,263559,45,15,20.1899,0,2,2,in_review,1
2889,auto,auto,quetta,balochistan,72077,56,24,3.4459,2,8,1,in_review,0
2890,other,life,peshawar,kpk,16036,61,25,0.6691,0,5,1,approved,0
2891,accident,auto,lahore,punjab,40984,58,1,4.6352,0,4,0,approved,0
2892,theft,home,gujranwala,punjab,11190,64,15,1.8043,0,5,0,submitted,1
2893,other,pet,karachi,sindh,13844,61,9,0.5624,0,1,1,approved,0
2894,accident,life,rawalpindi,punjab,24977,61,8,11.1804,0,4,0,approved,0
2895,damage,home,abbottabad,kpk,47329,64,6,3.3734,0,5,2,approved,0
2896,auto,auto,multan,punjab,33754,64,26,4.1518,0,0,0,approved,0
2897,auto,auto,abbottabad,kpk,47816,53,29,6.4425,0,3,2,in_review,1
2898,theft,home,peshawar,kpk,60973,61,23,6.5052,0,3,1,submitted,0
2899,home,home,karachi,sindh,26978,64,19,2.3068,0,4,0,submitted,0
2900,pet_care,pet,sialkot,punjab,10243,64,10,1.9936,0,6,0,submitted,0
2901,medical,life,multan,punjab,23939,44,2,1.0458,4,8,1,rejected,1
2902,accident,auto,karachi,sindh,22629,45,10,2.3317,1,3,0,approved,0
2903,theft,auto,gujranwala,punjab,11926,58,22,0.5984,0,1,0,in_review,1
2904,life,life,sialkot,punjab,82663,64,23,11.8158,0,1,0,approved,0
2905,pet,pet,sukkur,sindh,12524,45,19,1.2319,1,7,1,approved,0
2906,other,life,faisalabad,punjab,33328,45,18,2.3662,1,6,0,submitted,0
2907,pet_care,pet,karachi,sindh,17129,64,26,1.759,0,0,3,submitted,1
2908,pet,pet,hyderabad,sindh,9081,64,28,0.4745,1,5,0,approved,0
2909,home,home,faisalabad,punjab,21412,53,1,0.8944,0,1,1,in_review,0
2910,damage,home,lahore,punjab,18342,64,15,0.7596,2,5,0,approved,0
2911,medical,life,karachi,sindh,29364,58,23,6.245,1,2,1,approved,0
2912,pet_care,pet,hyderabad,sindh,25509,56,9,2.1075,1,6,2,submitted,1
2913,pet,pet,hyderabad,sindh,20353,64,2,0.8473,1,4,2,submitted,1
2914,theft,auto,sialkot,punjab,7761,61,26,0.4609,1,1,1,in_review,0
2915,pet_care,pet,peshawar,kpk,8526,44,12,0.9121,0,0,0,approved,0
2916,auto,auto,islamabad,islamabad,11886,53,13,3.0865,0,2,2,rejected,1
2917,home,home,peshawar,kpk,28647,44,27,1.9434,1,7,0,approved,0
2918,pet_care,pet,peshawar,kpk,16187,53,13,0.8929,0,1,0,in_review,1
2919,auto,auto,rawalpindi,punjab,109587,44,13,8.503,0,0,2,rejected,1
2920,other,home,faisalabad,punjab,33851,61,26,1.9359,0,5,0,approved,0
2921,home,home,quetta,balochistan,16660,64,6,1.1713,0,2,0,approved,0
2922,other,others,gujranwala,punjab,11383,56,6,3.1393,0,4,0,submitted,0
2923,auto,auto,mardan,kpk,8641,56,22,0.7115,0,1,1,approved,0
2924,auto,auto,sukkur,sindh,41875,45,6,1.795,1,1,0,submitted,0
2925,life,life,quetta,balochistan,88354,53,12,4.1569,0,5,2,rejected,1
2926,theft,home,rawalpindi,punjab,47939,44,16,3.1811,0,1,0,approved,0
2927,damage,auto,lahore,punjab,23943,53,20,2.6993,1,1,0,approved,0
2928,home,home,islamabad,islamabad,28494,58,13,1.183,2,6,1,in_review,1
2929,medical,life,sialkot,punjab,54426,45,14,3.7027,0,6,1,approved,0
2930,other,life,quetta,balochistan,30343,53,5,1.5759,0,1,2,rejected,1
2931,theft,auto,peshawar,kpk,15600,45,18,0.9288,0,5,0,approved,0
2932,home,home,sukkur,sindh,74989,64,26,10.7805,1,6,2,rejected,1
2933,damage,auto,sukkur,sindh,28476,44,21,2.8097,1,3,0,in_review,0
2934,auto,auto,mardan,kpk,79490,64,13,8.5574,1,1,1,in_review,0
2935,other,home,mardan,kpk,37074,58,23,2.7377,0,1,2,in_review,1
2936,home,home,karachi,sindh,157643,45,9,78.8215,0,3,0,approved,0
2937,home,home,karachi,sindh,65555,58,1,24.9733,0,5,0,in_review,0
2938,medical,life,faisalabad,punjab,73214,61,15,10.9684,4,7,0,approved,0
2939,medical,auto,quetta,balochistan,79875,64,12,8.2354,0,0,0,approved,0
2940,accident,life,karachi,sindh,73249,53,9,3.1703,1,4,0,approved,0
2941,life,life,peshawar,kpk,23786,64,19,2.5051,1,6,3,rejected,1
2942,pet,pet,mardan,kpk,13862,61,11,1.4748,0,0,1,in_review,0
2943,damage,home,karachi,sindh,12066,64,15,0.7913,1,5,0,rejected,1
2944,theft,auto,karachi,sindh,62080,64,14,11.2832,0,0,2,submitted,1
2945,accident,life,multan,punjab,30098,58,12,1.6262,2,7,0,approved,0
2946,medical,auto,quetta,balochistan,20520,44,1,1.0129,0,0,0,approved,0
2947,life,life,sukkur,sindh,28929,64,0,3.334,0,5,0,submitted,0
2948,damage,auto,abbottabad,kpk,27413,64,24,7.3691,1,7,1,approved,0
2949,other,life,faisalabad,punjab,13068,64,19,1.7553,1,2,1,approved,0
2950,life,life,hyderabad,sindh,216036,64,31,15.1583,2,8,0,submitted,1
2951,pet_care,pet,abbottabad,kpk,17915,53,15,2.1174,0,2,0,approved,0
2952,pet,pet,sukkur,sindh,9764,53,24,1.2297,1,7,0,approved,0
2953,auto,auto,multan,punjab,31521,53,3,1.7314,0,6,0,approved,0
2954,accident,life,hyderabad,sindh,23840,56,2,1.4702,4,10,3,in_review,1
2955,damage,home,islamabad,islamabad,15670,64,1,1.7489,0,6,2,in_review,1
2956,medical,auto,lahore,punjab,44182,56,3,3.1813,0,4,0,approved,0
2957,home,home,faisalabad,punjab,85794,61,26,11.1363,0,2,0,submitted,0
2958,home,home,hyderabad,sindh,66216,44,23,5.0247,4,6,2,rejected,1
2959,damage,auto,rawalpindi,punjab,27063,64,3,1.776,3,9,3,rejected,1
2960,auto,auto,multan,punjab,29131,58,10,3.198,0,5,0,approved,0
2961,accident,life,quetta,balochistan,6996,53,2,0.3695,0,2,1,approved,0
2962,pet,pet,lahore,punjab,20321,64,23,2.1067,0,5,0,approved,0
2963,damage,home,gujranwala,punjab,66873,64,8,3.0486,0,2,0,submitted,0
2964,life,life,karachi,sindh,63459,53,20,8.1326,2,4,3,submitted,1
2965,life,life,karachi,sindh,173743,56,12,34.0206,1,6,0,approved,0
2966,life,life,hyderabad,sindh,93322,53,28,6.1416,1,1,0,approved,0
2967,pet_care,pet,sukkur,sindh,30390,45,13,1.894,1,7,0,approved,0
2968,damage,auto,faisalabad,punjab,33580,64,24,1.3511,2,8,3,rejected,1
2969,other,life,islamabad,islamabad,59480,64,10,12.9136,0,6,0,approved,0
2970,pet,pet,faisalabad,punjab,6897,53,0,0.6855,2,3,1,approved,0
2971,pet_care,pet,gujranwala,punjab,17364,61,30,1.0759,0,0,0,approved,0
2972,auto,auto,faisalabad,punjab,5315,64,11,0.6746,0,1,1,approved,0
2973,auto,auto,abbottabad,kpk,18117,56,21,2.1591,0,4,0,approved,0
2974,pet,pet,karachi,sindh,9705,53,6,0.5778,0,4,0,rejected,1
2975,auto,auto,sukkur,sindh,18022,61,28,9.1622,0,0,0,submitted,0
2976,life,life,peshawar,kpk,87429,44,7,21.0926,2,7,0,approved,0
2977,theft,home,mardan,kpk,6652,61,24,0.276,0,6,3,rejected,1
2978,home,home,faisalabad,punjab,79358,58,10,7.2104,1,7,2,submitted,1
2979,home,home,quetta,balochistan,54150,61,16,11.0285,0,3,1,submitted,0
2980,accident,auto,islamabad,islamabad,60767,64,18,4.2608,1,4,0,approved,0
2981,other,home,islamabad,islamabad,16114,61,0,1.1557,0,3,0,in_review,0
2982,medical,life,faisalabad,punjab,8424,44,29,0.5397,0,1,1,approved,0
2983,pet_care,pet,hyderabad,sindh,30817,58,0,7.7062,1,5,0,rejected,1
2984,accident,life,abbottabad,kpk,64455,44,3,25.813,0,1,2,in_review,1
2985,life,life,gujranwala,punjab,71588,45,8,4.3619,0,6,1,approved,0
2986,other,auto,rawalpindi,punjab,40285,45,30,23.8514,0,5,0,submitted,0
2987,home,home,faisalabad,punjab,120804,56,3,7.582,0,3,0,submitted,0
2988,accident,life,mardan,kpk,66430,44,7,7.4058,0,1,1,approved,0
2989,accident,auto,hyderabad,sindh,59546,53,25,6.1318,1,5,3,in_review,1
2990,medical,auto,abbottabad,kpk,40782,44,18,2.8366,0,5,0,approved,0
2991,medical,life,lahore,punjab,45044,44,3,2.418,1,6,0,approved,0
2992,pet,pet,quetta,balochistan,9111,44,26,4.2064,3,7,3,rejected,1
2993,accident,life,faisalabad,punjab,16132,56,15,0.8166,0,4,0,approved,0
2994,other,auto,peshawar,kpk,38582,44,15,7.6964,2,2,0,approved,0
2995,pet,pet,sukkur,sindh,18075,44,24,1.2483,1,4,0,rejected,1
2996,auto,auto,mardan,kpk,43510,64,4,12.7895,1,5,0,approved,0
2997,pet,pet,sialkot,punjab,27716,44,18,4.7378,0,1,0,approved,0
2998,accident,auto,karachi,sindh,50281,64,14,2.3482,0,3,0,approved,0
2999,accident,auto,abbottabad,kpk,25440,45,16,5.3762,0,1,0,approved,0
3000,home,home,hyderabad,sindh,70840,53,26,5.0131,1,2,0,submitted,0
3001,home,home,peshawar,kpk,6245,61,27,0.4621,0,5,0,approved,0
3002,pet,pet,multan,punjab,5000,58,19,0.4541,2,4,1,submitted,0
3003,medical,auto,islamabad,islamabad,214870,44,7,12.8834,0,6,0,approved,0
3004,life,life,peshawar,kpk,193728,64,8,13.7269,0,1,2,submitted,1
3005,other,home,lahore,punjab,112258,64,15,6.0673,0,5,0,approved,0
3006,damage,home,abbottabad,kpk,38001,58,21,2.1139,2,7,1,approved,0
3007,theft,auto,sialkot,punjab,16797,44,7,0.9285,1,1,0,approved,0
3008,pet,pet,hyderabad,sindh,22878,58,25,4.4719,1,5,1,approved,0
3009,other,home,rawalpindi,punjab,63539,64,27,3.6155,2,3,0,approved,0
3010,other,pet,lahore,punjab,23182,64,22,1.0344,1,5,1,approved,0
3011,medical,life,mardan,kpk,20451,61,11,1.9272,4,4,2,in_review,1
3012,pet_care,pet,sukkur,sindh,5000,64,13,0.2019,0,6,1,submitted,0
3013,pet_care,pet,hyderabad,sindh,11651,56,16,0.5445,0,4,0,submitted,0
3014,pet_care,pet,hyderabad,sindh,17412,58,18,2.1095,1,6,0,approved,0
3015,other,pet,mardan,kpk,49746,64,26,6.3081,4,7,2,submitted,1
3016,life,life,abbottabad,kpk,135514,56,18,7.8016,0,5,0,approved,0
3017,life,life,faisalabad,punjab,21883,45,0,1.1056,0,1,1,in_review,0
3018,damage,auto,karachi,sindh,61683,58,12,17.9886,0,1,0,approved,0
3019,damage,auto,peshawar,kpk,44667,61,14,1.8118,0,2,0,submitted,0
3020,damage,auto,rawalpindi,punjab,33728,45,17,1.673,0,5,0,in_review,0
3021,damage,auto,lahore,punjab,39153,45,30,6.3018,0,1,0,approved,0
3022,auto,auto,hyderabad,sindh,21831,61,9,3.8762,2,6,0,approved,0
3023,auto,auto,karachi,sindh,55320,64,25,2.283,0,6,0,approved,0
3024,accident,life,multan,punjab,51833,64,24,11.3519,2,7,0,approved,0
3025,home,home,abbottabad,kpk,13767,44,5,8.3996,0,5,0,in_review,0
3026,pet_care,pet,sialkot,punjab,12102,58,2,1.3707,1,1,0,approved,0
3027,pet,pet,sialkot,punjab,7935,58,12,0.4854,2,8,3,rejected,1
3028,home,home,islamabad,islamabad,13459,64,23,0.9825,1,4,0,approved,0
3029,home,home,sukkur,sindh,55104,44,8,3.7854,0,6,0,approved,0
3030,pet,pet,abbottabad,kpk,21018,56,12,2.9277,2,3,0,rejected,1
3031,damage,auto,abbottabad,kpk,61338,64,30,4.7801,0,4,0,approved,0
3032,home,home,faisalabad,punjab,33422,44,24,4.6698,2,4,1,rejected,1
3033,life,life,mardan,kpk,51599,61,8,7.6716,0,1,2,rejected,1
3034,home,home,rawalpindi,punjab,6822,58,8,1.114,0,5,0,approved,0
3035,pet_care,pet,rawalpindi,punjab,15757,44,17,0.7649,0,6,0,approved,0
3036,medical,auto,quetta,balochistan,77069,45,27,6.7622,2,5,1,in_review,0
3037,medical,life,mardan,kpk,56012,64,16,28.5048,0,5,2,rejected,1
3038,pet_care,pet,multan,punjab,5000,64,10,0.5815,1,6,0,approved,0
3039,auto,auto,sialkot,punjab,30454,64,13,1.3521,1,1,1,approved,0
3040,auto,auto,karachi,sindh,39615,56,3,17.8285,1,6,1,submitted,0
3041,auto,auto,lahore,punjab,45329,44,16,2.7512,1,6,1,submitted,0
3042,auto,auto,islamabad,islamabad,15388,44,2,0.752,1,3,0,approved,0
3043,theft,auto,karachi,sindh,16407,45,16,1.2512,0,2,3,in_review,1
3044,pet_care,pet,sukkur,sindh,16712,45,20,0.8285,0,2,0,submitted,0
3045,other,life,multan,punjab,21539,56,29,3.7362,0,1,0,submitted,0
3046,home,home,gujranwala,punjab,39063,64,23,3.2539,1,7,0,approved,0
3047,accident,auto,sialkot,punjab,298251,56,31,28.7083,1,4,0,rejected,1
3048,pet,pet,peshawar,kpk,7798,64,5,1.0929,1,5,0,approved,0
3049,damage,home,multan,punjab,25801,58,5,1.7114,0,2,0,submitted,0
3050,home,home,abbottabad,kpk,103415,64,21,6.1156,0,4,0,approved,0
3051,auto,auto,gujranwala,punjab,15942,44,6,0.9719,0,6,0,approved,0
3052,accident,auto,rawalpindi,punjab,42042,61,16,4.5163,2,7,0,approved,0
3053,accident,life,karachi,sindh,27756,58,15,1.2357,1,2,1,approved,0
3054,accident,life,lahore,punjab,18720,58,23,0.9568,2,3,0,approved,0
3055,life,life,mardan,kpk,394582,53,25,23.0925,0,5,2,rejected,1
3056,other,auto,peshawar,kpk,11518,58,28,2.0035,0,6,0,approved,0
3057,home,home,rawalpindi,punjab,58822,64,28,11.7785,0,0,2,rejected,1
3058,accident,auto,mardan,kpk,17696,61,26,1.273,1,5,0,submitted,0
3059,damage,home,quetta,balochistan,15670,53,22,0.6708,0,4,1,submitted,0
3060,accident,life,peshawar,kpk,39556,53,10,1.6153,0,5,0,in_review,0
3061,pet_care,pet,faisalabad,punjab,26942,44,15,1.7665,0,3,0,submitted,0
3062,pet,pet,multan,punjab,14401,64,7,0.9554,1,3,1,submitted,0
3063,damage,home,faisalabad,punjab,33815,53,5,1.3612,3,5,3,approved,0
3064,life,life,hyderabad,sindh,68465,53,21,3.9188,0,6,0,approved,0
3065,other,others,hyderabad,sindh,20753,56,15,0.8739,2,8,0,in_review,1
3066,theft,home,quetta,balochistan,8196,61,16,3.2942,1,5,0,approved,0
3067,life,life,peshawar,kpk,370773,61,23,29.3171,0,5,0,submitted,0
3068,pet,pet,lahore,punjab,11266,44,5,0.453,0,1,0,approved,0
3069,other,pet,karachi,sindh,31603,53,9,2.4396,2,4,0,approved,0
3070,home,home,rawalpindi,punjab,30793,58,21,1.3457,0,1,0,submitted,0
3071,auto,auto,sukkur,sindh,20568,64,2,1.1891,0,5,0,approved,0
3072,life,life,faisalabad,punjab,338162,64,32,15.2814,3,6,0,in_review,1
3073,accident,life,islamabad,islamabad,85167,61,22,8.3851,1,4,1,approved,0
3074,theft,auto,faisalabad,punjab,12110,61,12,1.7107,0,6,0,approved,0
3075,damage,auto,quetta,balochistan,60550,64,4,7.6049,0,3,1,approved,0
3076,home,home,hyderabad,sindh,160997,58,21,8.1078,0,5,0,submitted,0
3077,auto,auto,mardan,kpk,7584,53,20,0.5021,1,6,2,in_review,1
3078,damage,auto,sialkot,punjab,35071,64,18,2.4313,1,1,0,approved,0
3079,auto,auto,lahore,punjab,33803,45,4,9.6031,1,1,0,rejected,1
3080,life,life,islamabad,islamabad,26825,64,20,1.0799,1,7,0,submitted,0
3081,medical,auto,sialkot,punjab,50423,64,5,7.4756,1,5,0,approved,0
3082,home,home,gujranwala,punjab,58287,58,1,3.1618,0,1,0,approved,0
3083,other,home,sialkot,punjab,32376,58,26,2.9215,0,5,0,submitted,0
3084,theft,home,rawalpindi,punjab,18340,44,26,1.2812,0,1,0,approved,0
3085,pet,pet,faisalabad,punjab,10934,45,4,0.823,0,1,1,approved,0
3086,other,life,quetta,balochistan,46202,64,21,3.0689,0,4,0,approved,0
3087,damage,auto,sukkur,sindh,142973,61,28,8.1401,0,6,0,approved,0
3088,damage,home,quetta,balochistan,19351,58,27,2.0993,0,3,0,approved,0
3089,other,pet,gujranwala,punjab,70328,44,21,4.0481,2,5,0,approved,0
3090,accident,life,abbottabad,kpk,58493,64,24,9.0771,3,3,3,in_review,1
3091,accident,auto,sukkur,sindh,11965,64,26,0.6943,1,6,0,approved,0
3092,home,home,faisalabad,punjab,46742,61,28,30.1756,0,3,1,approved,0
3093,theft,home,hyderabad,sindh,96815,61,30,5.1192,0,6,0,approved,0
3094,home,home,multan,punjab,21508,61,8,2.3465,4,5,3,submitted,1
3095,damage,auto,rawalpindi,punjab,18770,44,15,1.0457,0,5,0,approved,0
3096,home,home,faisalabad,punjab,23145,64,20,1.0933,0,1,1,rejected,1
3097,other,pet,rawalpindi,punjab,7978,58,18,0.3799,0,3,0,submitted,0
3098,home,home,peshawar,kpk,33525,61,12,1.6983,0,4,0,approved,0
3099,life,life,sukkur,sindh,94497,64,20,4.4964,0,1,0,approved,0
3100,pet_care,pet,quetta,balochistan,7597,56,10,0.3585,0,2,0,approved,0
3101,damage,home,rawalpindi,punjab,24871,64,14,2.8317,0,6,0,approved,0
3102,pet,pet,sialkot,punjab,10327,53,17,0.752,0,1,1,in_review,1
3103,accident,life,peshawar,kpk,20800,58,3,10.9359,0,2,0,approved,0
3104,other,home,peshawar,kpk,15213,58,21,1.7203,0,1,0,in_review,0
3105,accident,life,sialkot,punjab,7542,58,19,0.8147,0,6,0,approved,0
3106,damage,home,mardan,kpk,10158,58,0,0.4135,1,7,0,approved,0
3107,pet,pet,quetta,balochistan,6040,64,7,0.2467,1,4,0,submitted,0
3108,medical,auto,islamabad,islamabad,39509,58,21,2.8003,0,2,2,in_review,1
3109,accident,life,gujranwala,punjab,43222,61,4,3.2207,0,4,2,submitted,1
3110,accident,auto,lahore,punjab,48959,56,22,3.0666,0,1,0,approved,0
3111,medical,life,sialkot,punjab,39031,61,11,1.7861,0,0,0,approved,0
3112,life,life,gujranwala,punjab,43035,58,28,1.9221,1,5,0,approved,0
3113,home,home,mardan,kpk,73361,61,23,3.754,0,5,0,approved,0
3114,other,life,lahore,punjab,6975,64,27,0.4264,0,3,0,rejected,1
3115,theft,auto,karachi,sindh,9108,56,0,0.4685,0,4,2,in_review,1
3116,pet,pet,faisalabad,punjab,10372,61,0,0.9462,1,5,0,approved,0
3117,medical,life,karachi,sindh,332080,45,34,16.7497,0,1,0,rejected,1
3118,auto,auto,karachi,sindh,20337,53,25,1.1922,1,7,1,submitted,0
3119,home,home,hyderabad,sindh,25174,45,22,1.0902,0,4,2,rejected,1
3120,damage,home,sialkot,punjab,24876,58,25,1.4319,1,1,0,in_review,0
3121,accident,life,faisalabad,punjab,10262,44,30,0.7535,1,1,0,in_review,1
3122,auto,auto,faisalabad,punjab,41708,45,13,3.2717,0,2,0,approved,0
3123,home,home,lahore,punjab,79829,44,17,27.9415,0,5,0,approved,0
3124,accident,life,islamabad,islamabad,35042,61,20,1.7348,0,6,0,approved,0
3125,home,home,abbottabad,kpk,72688,53,17,8.1847,0,3,0,approved,0
3126,pet,pet,hyderabad,sindh,11290,45,11,4.095,1,7,0,approved,0
3127,pet_care,pet,karachi,sindh,5904,64,24,0.2408,1,3,0,in_review,0
3128,pet,pet,gujranwala,punjab,13569,61,25,0.5542,0,1,1,approved,0
3129,other,pet,faisalabad,punjab,5000,58,30,0.3157,0,3,1,approved,0
3130,theft,auto,karachi,sindh,37974,44,20,2.0013,0,0,0,approved,0
3131,theft,auto,gujranwala,punjab,10003,64,4,0.8222,0,0,0,approved,0
3132,damage,auto,karachi,sindh,24374,56,24,1.1636,1,5,0,submitted,0
3133,other,life,hyderabad,sindh,13728,58,20,1.2856,0,1,0,approved,0
3134,life,life,karachi,sindh,130038,45,30,48.0554,0,6,0,approved,0
3135,accident,life,gujranwala,punjab,22168,64,9,4.4938,1,5,1,in_review,0
3136,auto,auto,mardan,kpk,11406,45,26,0.839,2,7,2,rejected,1
3137,pet,pet,islamabad,islamabad,5000,53,25,0.3217,0,4,0,approved,0
3138,damage,auto,abbottabad,kpk,9643,61,9,0.6361,0,6,2,approved,0
3139,theft,home,sialkot,punjab,11266,61,10,1.4505,0,1,0,submitted,0
3140,theft,home,sukkur,sindh,14473,64,0,1.4644,0,1,1,submitted,0
3141,life,life,lahore,punjab,42267,64,20,3.1191,0,2,0,approved,0
3142,accident,life,rawalpindi,punjab,12027,44,6,0.7105,0,5,0,approved,0
3143,theft,home,rawalpindi,punjab,16645,56,7,1.1226,2,3,0,approved,0
3144,pet_care,pet,peshawar,kpk,31477,44,27,2.518,1,5,3,rejected,1
3145,pet_care,pet,peshawar,kpk,6229,45,25,0.5669,0,3,0,approved,0
3146,auto,auto,sukkur,sindh,50716,64,28,5.0514,2,4,0,submitted,0
3147,pet,pet,quetta,balochistan,10491,53,10,1.3771,0,1,0,approved,0
3148,theft,auto,quetta,balochistan,18392,44,12,0.79,0,0,0,approved,0
3149,theft,home,sukkur,sindh,117040,64,19,6.2196,3,3,0,submitted,1
3150,medical,auto,sukkur,sindh,40628,45,25,8.8553,2,6,2,approved,0
3151,auto,auto,sukkur,sindh,46335,64,12,3.0344,0,3,0,in_review,0
3152,damage,home,gujranwala,punjab,29184,64,4,1.6486,0,6,0,submitted,0
3153,auto,auto,quetta,balochistan,20444,58,27,2.1479,2,6,1,approved,0
3154,other,others,faisalabad,punjab,28448,64,20,10.4704,0,3,0,approved,0
3155,pet,pet,karachi,sindh,5495,56,29,0.2804,0,0,0,in_review,0
3156,accident,life,faisalabad,punjab,64651,64,6,6.0461,1,2,0,in_review,1
3157,auto,auto,karachi,sindh,25397,44,20,9.0833,0,4,1,approved,0
3158,pet,pet,faisalabad,punjab,7026,64,3,0.7746,3,4,2,rejected,1
3159,other,pet,abbottabad,kpk,14408,53,18,0.6067,1,7,2,submitted,1
3160,pet_care,pet,abbottabad,kpk,12221,64,9,2.8454,1,4,0,in_review,1
3161,other,auto,mardan,kpk,36304,53,13,3.5131,0,2,0,approved,0
3162,accident,life,islamabad,islamabad,33638,64,11,2.6876,0,5,0,approved,0
3163,other,home,mardan,kpk,152706,64,18,19.9121,0,1,0,approved,0
3164,auto,auto,gujranwala,punjab,23753,53,19,11.3002,4,5,1,in_review,0
3165,damage,home,quetta,balochistan,5931,61,2,0.4219,1,2,1,in_review,0
3166,medical,life,karachi,sindh,75787,44,25,16.4898,0,5,0,approved,0
3167,other,life,lahore,punjab,39928,58,24,2.0313,1,2,0,approved,0
3168,medical,auto,peshawar,kpk,33077,53,3,2.4332,1,1,0,in_review,0
3169,pet,pet,hyderabad,sindh,5000,61,23,1.0627,0,2,0,approved,0
3170,life,life,hyderabad,sindh,22548,64,1,2.0645,0,3,0,submitted,0
3171,other,others,islamabad,islamabad,55814,56,11,3.1603,0,0,0,in_review,0
3172,other,others,peshawar,kpk,24605,45,15,0.9881,0,0,0,submitted,0
3173,theft,home,gujranwala,punjab,34484,44,11,1.4079,3,6,1,submitted,1
3174,life,life,mardan,kpk,24277,64,29,1.4366,1,4,0,in_review,0
3175,accident,life,hyderabad,sindh,10526,45,28,6.3371,0,3,0,approved,0
3176,theft,home,hyderabad,sindh,25062,45,21,2.9533,0,0,2,rejected,1
3177,auto,auto,islamabad,islamabad,34561,64,27,2.2554,0,1,1,submitted,0
3178,life,life,islamabad,islamabad,18101,53,8,1.6408,0,5,0,submitted,0
3179,theft,home,gujranwala,punjab,12375,61,12,0.7279,0,6,0,in_review,0
3180,accident,life,gujranwala,punjab,137716,44,13,24.4264,0,1,0,approved,0
3181,home,home,abbottabad,kpk,27511,61,8,1.1232,0,1,0,approved,0
3182,pet_care,pet,multan,punjab,5487,44,27,0.5993,1,3,0,rejected,1
3183,pet_care,pet,faisalabad,punjab,27224,45,29,1.1276,3,8,2,in_review,1
3184,medical,life,quetta,balochistan,87708,58,20,3.6698,0,4,1,approved,0
3185,auto,auto,faisalabad,punjab,57717,44,0,2.9202,0,5,0,approved,0
3186,pet_care,pet,gujranwala,punjab,8142,64,7,0.4567,4,10,2,rejected,1
3187,other,pet,lahore,punjab,36719,56,11,8.0313,2,4,2,submitted,0
3188,life,life,lahore,punjab,37536,58,18,3.8201,0,0,1,approved,0
3189,home,home,lahore,punjab,10316,61,12,0.4883,0,3,2,in_review,1
3190,damage,auto,faisalabad,punjab,63691,61,1,4.12,0,3,0,approved,0
3191,pet,pet,karachi,sindh,15335,56,3,0.8539,3,9,0,rejected,1
3192,damage,home,quetta,balochistan,11991,56,15,1.7767,0,6,0,approved,0
3193,home,home,faisalabad,punjab,15081,44,3,0.9785,0,2,1,submitted,0
3194,medical,life,multan,punjab,73341,44,15,6.1949,0,6,0,submitted,0
3195,accident,life,rawalpindi,punjab,26833,44,15,10.1794,0,5,0,in_review,1
3196,pet_care,pet,sialkot,punjab,65527,64,27,20.7956,0,6,1,approved,0
3197,other,auto,karachi,sindh,30442,58,6,2.7231,1,4,0,approved,0
3198,auto,auto,rawalpindi,punjab,15447,45,3,0.7497,1,6,0,approved,0
3199,accident,life,sialkot,punjab,14832,56,1,1.9386,2,5,3,rejected,1
3200,pet_care,pet,rawalpindi,punjab,5000,53,5,0.594,2,2,1,approved,0
3201,home,home,lahore,punjab,18271,45,26,0.8975,0,0,3,in_review,1
3202,life,life,hyderabad,sindh,29873,61,3,1.3735,2,7,1,approved,0
3203,pet,pet,peshawar,kpk,6457,58,29,0.307,2,4,0,approved,0
3204,medical,life,multan,punjab,37393,45,7,2.3288,0,6,0,rejected,1
3205,pet_care,pet,rawalpindi,punjab,21073,58,0,1.8272,2,2,0,in_review,0
3206,home,home,islamabad,islamabad,141112,45,3,17.2109,1,1,0,approved,0
3207,medical,auto,lahore,punjab,115937,58,15,19.4362,1,5,1,approved,0
3208,home,home,hyderabad,sindh,126818,45,9,33.3907,0,6,1,submitted,0
3209,life,life,karachi,sindh,16937,61,1,1.1317,0,1,0,in_review,0
3210,auto,auto,faisalabad,punjab,12272,53,0,0.5888,0,5,0,approved,0
3211,medical,auto,hyderabad,sindh,15935,53,24,0.7274,0,5,0,rejected,1
3212,pet,pet,lahore,punjab,11144,45,4,5.6368,0,6,0,approved,0
3213,pet_care,pet,sukkur,sindh,22847,64,11,2.2081,0,3,2,in_review,1
3214,other,home,sialkot,punjab,58760,58,29,2.3525,1,1,0,in_review,0
3215,accident,life,hyderabad,sindh,69046,45,0,3.5445,1,7,1,approved,0
3216,pet_care,pet,sialkot,punjab,6290,45,23,0.3989,2,5,0,approved,0
3217,home,home,lahore,punjab,29126,64,28,1.3041,3,8,1,submitted,1
3218,accident,auto,lahore,punjab,68428,64,25,12.8262,1,5,0,submitted,1
3219,theft,home,gujranwala,punjab,9963,61,1,0.4515,1,1,0,submitted,0
3220,pet_care,pet,sialkot,punjab,12350,64,1,1.0614,0,2,0,approved,0
3221,home,home,peshawar,kpk,16225,58,9,0.9752,0,2,0,submitted,0
3222,other,others,rawalpindi,punjab,18306,61,14,1.7043,0,1,0,approved,0
3223,theft,home,sukkur,sindh,36053,64,5,6.9695,0,5,0,approved,0
3224,pet_care,pet,faisalabad,punjab,28999,45,26,2.3048,1,3,0,approved,0
3225,life,life,multan,punjab,116222,53,28,24.0825,1,2,1,approved,0
3226,life,life,rawalpindi,punjab,36202,44,13,2.7079,3,5,1,rejected,1
3227,pet,pet,gujranwala,punjab,11537,45,28,0.483,2,8,2,rejected,1
3228,damage,auto,mardan,kpk,70705,56,29,2.9615,1,4,1,approved,0
3229,pet_care,pet,sukkur,sindh,5100,44,27,0.2506,2,3,2,rejected,1
3230,pet_care,pet,sukkur,sindh,16429,58,7,7.8271,0,5,0,submitted,0
3231,other,pet,multan,punjab,23643,56,8,1.4473,0,4,0,approved,0
3232,damage,auto,gujranwala,punjab,20661,61,13,1.2939,1,6,0,approved,0
3233,home,home,karachi,sindh,10014,53,20,1.0225,0,3,1,in_review,0
3234,accident,life,karachi,sindh,22826,64,20,1.4122,2,5,1,submitted,0
3235,other,pet,hyderabad,sindh,124126,58,25,41.1013,0,3,2,rejected,1
3236,home,home,islamabad,islamabad,120975,64,11,7.1851,3,5,2,submitted,0
3237,other,others,sukkur,sindh,20025,61,11,1.6676,4,5,2,rejected,1
3238,pet,pet,sialkot,punjab,24936,58,20,1.9901,0,6,2,rejected,1
3239,home,home,rawalpindi,punjab,27043,58,0,16.8492,0,5,0,submitted,0
3240,damage,auto,karachi,sindh,15030,58,17,0.7427,0,5,0,submitted,0
3241,damage,auto,islamabad,islamabad,8026,64,13,0.5457,1,2,1,submitted,0
3242,pet_care,pet,abbottabad,kpk,5560,64,1,0.2627,3,7,3,rejected,1
3243,medical,auto,hyderabad,sindh,78838,58,8,4.6919,0,2,0,rejected,1
3244,medical,auto,peshawar,kpk,51293,56,19,4.1256,0,0,0,rejected,1
3245,life,life,hyderabad,sindh,61072,64,15,2.779,0,0,0,submitted,0
3246,other,home,rawalpindi,punjab,83106,56,7,9.9743,2,5,1,submitted,0
3247,pet_care,pet,faisalabad,punjab,20602,45,29,1.0514,0,5,0,approved,0
3248,pet_care,pet,multan,punjab,22335,64,29,5.9831,1,1,3,rejected,1
3249,medical,life,peshawar,kpk,39602,44,13,11.4755,0,4,2,rejected,1
3250,medical,auto,sialkot,punjab,192872,61,9,8.1556,0,5,0,approved,0
3251,home,home,mardan,kpk,15552,56,25,1.64,1,1,3,in_review,1
3252,auto,auto,sialkot,punjab,60137,56,6,19.8734,0,4,0,submitted,0
3253,pet_care,pet,mardan,kpk,33722,53,15,2.0115,1,6,0,submitted,0
3254,theft,home,islamabad,islamabad,61250,58,16,3.266,0,3,1,approved,0
3255,accident,life,lahore,punjab,8847,56,25,0.5523,1,7,0,approved,0
3256,pet_care,pet,mardan,kpk,11887,64,16,1.0007,0,2,0,submitted,1
3257,life,life,peshawar,kpk,11132,58,7,2.9583,0,1,0,in_review,0
3258,pet_care,pet,multan,punjab,9696,64,6,0.7336,0,0,0,rejected,1
3259,home,home,sialkot,punjab,32616,45,28,2.2548,2,5,0,in_review,1
3260,theft,auto,gujranwala,punjab,15961,58,0,0.7946,4,4,0,submitted,1
3261,life,life,hyderabad,sindh,20668,64,25,2.4367,0,6,0,in_review,0
3262,other,auto,karachi,sindh,37851,56,29,5.7116,3,8,3,approved,0
3263,theft,home,sukkur,sindh,5000,61,18,0.3573,3,3,0,submitted,1
3264,pet_care,pet,sialkot,punjab,53918,58,26,2.7972,0,6,0,in_review,0
3265,accident,life,sialkot,punjab,13569,45,7,4.2101,1,5,2,submitted,1
3266,auto,auto,islamabad,islamabad,25480,44,6,3.9498,1,7,0,approved,0
3267,accident,life,gujranwala,punjab,57545,64,4,3.2035,0,0,1,approved,0
3268,pet_care,pet,karachi,sindh,42035,61,22,2.0157,1,7,1,submitted,0
3269,theft,home,hyderabad,sindh,30380,61,3,1.7019,0,4,0,rejected,1
3270,home,home,hyderabad,sindh,41691,61,23,14.4911,2,4,2,in_review,1
3271,theft,auto,gujranwala,punjab,197409,56,24,32.8905,1,4,1,rejected,1
3272,home,home,faisalabad,punjab,66322,61,21,5.4092,4,5,1,in_review,1
3273,life,life,gujranwala,punjab,30379,45,18,4.9117,0,6,2,in_review,0
3274,pet,pet,hyderabad,sindh,5000,44,2,0.2183,0,2,0,in_review,0
3275,other,pet,karachi,sindh,69976,44,10,4.6741,0,3,1,approved,0
3276,life,life,lahore,punjab,638860,45,16,154.6128,1,5,2,approved,0
3277,life,life,rawalpindi,punjab,34307,61,14,1.8944,0,5,0,submitted,0
3278,auto,auto,hyderabad,sindh,47593,56,5,8.2057,1,2,0,approved,0
3279,accident,auto,faisalabad,punjab,68554,53,17,5.1259,0,6,0,submitted,0
3280,accident,auto,rawalpindi,punjab,50580,44,18,2.1066,2,7,1,approved,0
3281,pet,pet,faisalabad,punjab,13508,61,24,1.8557,1,1,0,submitted,0
3282,pet,pet,rawalpindi,punjab,10642,45,25,0.805,2,8,1,submitted,0
3283,auto,auto,hyderabad,sindh,15950,64,10,4.5056,2,6,0,approved,0
3284,auto,auto,karachi,sindh,15058,61,11,0.6119,3,8,0,rejected,1
3285,home,home,islamabad,islamabad,37202,64,4,2.6936,1,2,0,approved,0
3286,pet,pet,karachi,sindh,5909,58,17,0.2731,2,8,3,in_review,1
3287,theft,home,abbottabad,kpk,15747,44,9,1.4419,4,5,3,in_review,1
3288,medical,life,quetta,balochistan,37510,64,22,22.1953,2,7,0,approved,0
3289,life,life,karachi,sindh,121129,58,7,11.4912,0,6,0,submitted,0
3290,accident,life,mardan,kpk,28442,64,20,1.4461,0,3,0,in_review,0
3291,accident,auto,sialkot,punjab,8075,64,29,0.3644,2,4,0,approved,0
3292,accident,life,rawalpindi,punjab,19902,56,16,1.1449,0,6,0,approved,0
3293,damage,home,sialkot,punjab,8389,64,2,0.3463,2,2,0,approved,0
3294,theft,home,quetta,balochistan,20879,64,24,1.3179,0,2,0,approved,0
3295,theft,auto,faisalabad,punjab,30403,64,0,1.6608,0,5,2,in_review,1
3296,home,home,sialkot,punjab,142590,53,6,9.1887,2,3,1,approved,0
3297,auto,auto,hyderabad,sindh,29164,64,6,3.2735,1,2,0,approved,0
3298,accident,life,lahore,punjab,24570,58,1,1.8168,0,2,1,approved,0
3299,medical,auto,peshawar,kpk,23957,45,26,5.5251,1,4,0,approved,0
3300,pet_care,pet,karachi,sindh,15468,44,21,1.193,2,4,1,submitted,0
3301,home,home,sukkur,sindh,16614,64,18,3.1083,4,6,1,in_review,1
3302,theft,auto,peshawar,kpk,46117,53,24,2.36,0,5,1,approved,0
3303,damage,home,multan,punjab,42339,53,24,4.825,0,4,0,approved,0
3304,other,auto,hyderabad,sindh,6001,61,17,2.9576,3,6,2,in_review,1
3305,damage,auto,lahore,punjab,22156,61,16,3.2829,3,4,1,approved,0
3306,life,life,sukkur,sindh,66694,56,19,19.639,0,3,0,approved,0
3307,pet,pet,rawalpindi,punjab,20590,61,26,4.1867,2,5,1,approved,0
3308,pet,pet,karachi,sindh,23191,61,0,1.1991,1,4,1,in_review,0
3309,theft,home,hyderabad,sindh,9970,44,21,0.4801,0,4,2,in_review,1
3310,life,life,rawalpindi,punjab,21032,58,19,0.948,4,7,0,in_review,1
3311,pet,pet,gujranwala,punjab,20043,64,29,1.0118,2,4,0,approved,0
3312,other,home,islamabad,islamabad,82172,44,6,7.8989,0,6,0,approved,0
3313,damage,auto,lahore,punjab,20241,61,23,2.7028,0,2,2,in_review,1
3314,pet_care,pet,abbottabad,kpk,13717,53,0,5.9743,0,1,2,rejected,1
3315,medical,auto,faisalabad,punjab,19443,58,16,3.44,0,0,0,approved,0
3316,theft,home,abbottabad,kpk,11226,56,26,0.7058,4,4,3,rejected,1
3317,damage,auto,hyderabad,sindh,15938,58,3,0.76,4,5,1,rejected,1
3318,other,pet,karachi,sindh,6673,64,26,0.4238,3,6,2,rejected,1
3319,accident,auto,sialkot,punjab,26622,56,12,1.6649,0,4,0,approved,0
3320,auto,auto,abbottabad,kpk,19216,44,27,3.4296,0,2,0,approved,0
3321,other,auto,peshawar,kpk,6121,61,4,0.2861,0,2,0,approved,0
3322,pet_care,pet,multan,punjab,5000,53,29,0.2713,1,6,0,approved,0
3323,damage,home,islamabad,islamabad,43451,56,12,2.2778,0,5,2,rejected,1
3324,auto,auto,peshawar,kpk,11785,58,11,0.7852,0,4,0,approved,0
3325,theft,auto,islamabad,islamabad,10109,64,7,0.4933,0,3,0,approved,0
3326,auto,auto,islamabad,islamabad,87080,61,1,8.0258,0,4,1,submitted,0
3327,accident,auto,peshawar,kpk,25838,64,21,5.1831,0,2,2,rejected,1
3328,life,life,islamabad,islamabad,58624,56,24,4.0123,2,2,3,in_review,1
3329,damage,auto,abbottabad,kpk,27968,58,28,1.1845,1,7,0,in_review,0
3330,damage,home,karachi,sindh,11287,45,12,0.7783,0,3,0,approved,0
3331,theft,home,islamabad,islamabad,6638,64,11,0.3748,3,6,1,rejected,1
3332,auto,auto,multan,punjab,83079,61,24,7.1245,0,3,0,approved,0
3333,home,home,gujranwala,punjab,204407,45,13,11.4488,0,3,0,submitted,0
3334,home,home,mardan,kpk,40497,58,11,2.0764,3,7,3,rejected,1
3335,theft,auto,sialkot,punjab,158574,53,5,23.109,0,6,0,approved,0
3336,medical,life,abbottabad,kpk,74250,44,22,7.7635,0,6,0,submitted,0
3337,damage,auto,sialkot,punjab,21930,58,29,0.9233,1,6,0,approved,0
3338,life,life,rawalpindi,punjab,153776,44,23,15.2571,2,5,0,submitted,0
3339,pet,pet,abbottabad,kpk,8529,45,25,0.762,0,4,0,approved,0
3340,damage,home,peshawar,kpk,13933,56,8,0.6906,0,4,0,approved,0
3341,other,pet,quetta,balochistan,7939,64,2,2.5219,0,2,0,approved,0
3342,pet,pet,multan,punjab,14516,64,12,1.4278,3,8,0,rejected,1
3343,pet_care,pet,lahore,punjab,45962,64,16,1.8396,0,5,0,approved,0
3344,home,home,multan,punjab,143215,44,25,11.8624,2,6,0,in_review,0
3345,theft,home,sukkur,sindh,6435,56,20,0.9383,0,5,0,approved,0
3346,life,life,quetta,balochistan,89875,64,15,5.3763,0,0,0,in_review,0
3347,accident,life,rawalpindi,punjab,38814,56,12,2.7508,3,8,2,submitted,1
3348,damage,auto,sialkot,punjab,24065,58,8,1.4724,0,4,0,submitted,0
3349,medical,auto,peshawar,kpk,53868,53,5,2.9206,1,5,0,approved,0
3350,theft,auto,sialkot,punjab,48195,64,7,4.5553,0,5,2,rejected,1
3351,damage,home,faisalabad,punjab,46268,64,10,3.0354,0,2,0,submitted,0
3352,life,life,sialkot,punjab,42030,53,30,1.8629,0,5,0,approved,0
3353,medical,auto,islamabad,islamabad,35359,61,2,1.9951,1,7,0,approved,0
3354,theft,home,quetta,balochistan,29828,61,16,13.7583,0,4,1,submitted,0
3355,pet,pet,lahore,punjab,7173,64,30,4.3133,0,5,0,approved,0
3356,theft,home,sialkot,punjab,11799,58,5,1.3768,1,7,0,in_review,0
3357,life,life,abbottabad,kpk,103291,58,29,7.3209,0,0,0,approved,0
3358,pet_care,pet,sukkur,sindh,5000,64,14,0.2838,0,1,1,approved,0
3359,pet_care,pet,quetta,balochistan,15366,44,21,2.9163,0,5,0,submitted,0
3360,auto,auto,abbottabad,kpk,42371,56,0,4.1918,1,4,2,approved,0
3361,medical,auto,sukkur,sindh,13700,45,10,1.1085,2,3,0,approved,0
3362,accident,auto,faisalabad,punjab,32000,58,0,1.3975,0,0,0,approved,0
3363,auto,auto,peshawar,kpk,103990,61,21,6.9909,1,1,1,rejected,1
3364,pet_care,pet,quetta,balochistan,15695,44,12,3.7737,0,3,1,submitted,0
3365,auto,auto,mardan,kpk,32918,45,9,1.9942,1,3,0,approved,0
3366,damage,home,multan,punjab,30289,61,27,9.2176,1,2,0,approved,0
3367,auto,auto,islamabad,islamabad,60675,58,27,4.3987,0,6,1,submitted,0
3368,pet_care,pet,sukkur,sindh,13175,61,26,0.6261,0,1,0,approved,0
3369,theft,auto,islamabad,islamabad,14522,61,1,4.3479,0,3,0,submitted,0
3370,life,life,sialkot,punjab,39901,58,20,1.9579,0,3,0,approved,0
3371,pet_care,pet,hyderabad,sindh,14760,64,21,5.7724,0,2,0,submitted,0
3372,damage,home,lahore,punjab,38418,44,16,2.0979,1,4,1,in_review,0
3373,damage,auto,quetta,balochistan,20696,61,16,2.4057,0,3,3,rejected,1
3374,pet,pet,mardan,kpk,5635,64,15,0.614,1,3,0,approved,0
3375,medical,auto,hyderabad,sindh,79533,64,26,12.3116,0,6,1,approved,0
3376,pet,pet,sukkur,sindh,5000,45,20,0.6684,1,4,0,approved,0
3377,pet_care,pet,abbottabad,kpk,16091,61,18,1.8715,1,4,3,rejected,1
3378,other,home,sialkot,punjab,22496,61,7,4.5173,2,8,0,approved,0
3379,accident,life,karachi,sindh,20314,64,24,1.766,1,5,0,submitted,0
3380,other,life,rawalpindi,punjab,49682,45,27,2.8063,1,6,0,approved,0
3381,accident,auto,peshawar,kpk,64265,64,21,3.59,1,7,2,in_review,0
3382,pet_care,pet,islamabad,islamabad,9706,61,27,2.3416,0,3,1,submitted,0
3383,pet_care,pet,lahore,punjab,27328,64,17,1.833,0,4,1,approved,0
3384,accident,life,peshawar,kpk,27147,64,18,1.195,1,2,0,rejected,1
3385,medical,life,sialkot,punjab,119670,45,13,33.1221,0,4,0,submitted,0
3386,pet_care,pet,abbottabad,kpk,9381,44,3,0.557,1,7,0,approved,0
3387,home,home,peshawar,kpk,21397,56,19,1.056,4,7,3,in_review,1
3388,accident,life,peshawar,kpk,51026,56,16,4.4274,0,5,1,approved,0
3389,pet_care,pet,sukkur,sindh,5000,45,0,0.6704,0,5,1,approved,0
3390,theft,auto,islamabad,islamabad,7126,64,28,1.4654,4,10,3,submitted,1
3391,life,life,lahore,punjab,175952,45,7,9.7632,0,1,1,in_review,0
3392,medical,life,gujranwala,punjab,34568,53,23,3.7611,1,7,1,submitted,0
3393,home,home,rawalpindi,punjab,31044,64,22,1.5857,1,6,0,approved,0
3394,pet,pet,peshawar,kpk,11943,64,5,1.0771,1,5,0,approved,0
3395,life,life,quetta,balochistan,124040,64,20,7.9938,2,5,1,approved,0
3396,home,home,sukkur,sindh,62996,53,4,10.7557,3,8,0,rejected,1
3397,accident,auto,faisalabad,punjab,18965,58,30,1.3917,1,7,0,approved,0
3398,pet_care,pet,hyderabad,sindh,14253,53,13,1.135,1,1,0,approved,0
3399,pet,pet,lahore,punjab,22623,56,16,1.2096,0,4,0,submitted,0
3400,damage,home,abbottabad,kpk,10166,64,14,0.4718,2,8,1,approved,0
3401,pet_care,pet,faisalabad,punjab,82654,56,4,12.3475,0,4,3,in_review,1
3402,auto,auto,abbottabad,kpk,40732,61,18,3.9515,0,4,0,in_review,1
3403,auto,auto,mardan,kpk,40814,44,6,2.6043,0,0,2,rejected,1
3404,pet,pet,peshawar,kpk,9123,58,5,1.4917,0,5,0,submitted,0
3405,medical,auto,abbottabad,kpk,74859,64,19,9.663,1,6,1,approved,0
3406,accident,life,peshawar,kpk,14784,64,5,1.3045,1,5,2,rejected,1
3407,auto,auto,sukkur,sindh,25177,56,23,6.7192,2,3,1,in_review,1
3408,auto,auto,sukkur,sindh,17116,44,16,0.7506,0,6,0,approved,0
3409,theft,home,rawalpindi,punjab,112366,58,15,7.1845,2,3,2,rejected,1
3410,theft,home,abbottabad,kpk,7092,44,16,0.3935,1,1,1,approved,0
3411,life,life,quetta,balochistan,65943,45,5,4.7736,1,5,1,in_review,1
3412,life,life,hyderabad,sindh,104765,53,22,15.0893,0,1,3,in_review,1
3413,pet_care,pet,lahore,punjab,12787,64,24,1.4839,0,5,0,submitted,0
3414,pet,pet,islamabad,islamabad,11938,64,5,2.9117,0,0,1,approved,0
3415,life,life,karachi,sindh,73138,64,0,16.5097,0,0,0,approved,0
3416,other,auto,quetta,balochistan,7221,56,20,0.5962,0,4,0,in_review,1
3417,accident,auto,lahore,punjab,46465,45,27,2.3191,2,4,0,submitted,0
3418,auto,auto,faisalabad,punjab,15826,58,29,0.6437,0,3,0,approved,0
3419,accident,auto,karachi,sindh,260468,53,16,31.7373,0,1,0,approved,0
3420,damage,auto,rawalpindi,punjab,73939,45,12,6.0785,0,0,1,approved,0
3421,home,home,multan,punjab,46011,58,12,5.2572,0,6,1,in_review,0
3422,damage,auto,lahore,punjab,11824,64,6,0.6892,1,6,0,approved,0
3423,accident,auto,quetta,balochistan,74558,53,8,5.2957,0,0,0,approved,0
3424,accident,auto,quetta,balochistan,19410,61,21,0.9899,0,0,0,approved,0
3425,theft,auto,karachi,sindh,5435,44,16,0.4061,0,5,0,approved,0
3426,theft,home,rawalpindi,punjab,10583,45,11,1.2452,1,5,2,submitted,0
3427,other,home,islamabad,islamabad,18722,64,25,1.0732,0,0,2,in_review,1
3428,pet,pet,multan,punjab,14379,58,17,0.6752,1,2,0,approved,0
3429,pet,pet,faisalabad,punjab,18925,64,21,7.6372,0,3,0,approved,0
3430,damage,auto,faisalabad,punjab,60242,44,2,2.5115,0,2,0,in_review,0
3431,accident,auto,abbottabad,kpk,45860,53,15,2.111,4,7,3,in_review,1
3432,damage,auto,multan,punjab,29269,64,25,1.9478,1,2,0,rejected,1
3433,pet_care,pet,abbottabad,kpk,11201,61,6,0.9969,0,2,0,rejected,1
3434,damage,home,sialkot,punjab,5000,45,6,0.7079,0,5,0,in_review,0
3435,pet,pet,peshawar,kpk,8759,44,11,0.6816,1,1,0,approved,0
3436,accident,life,quetta,balochistan,20803,58,3,1.0668,0,1,0,submitted,0
3437,other,home,lahore,punjab,6300,64,20,0.3265,0,0,0,in_review,1
3438,auto,auto,karachi,sindh,136526,61,15,12.8774,0,4,1,approved,0
3439,accident,life,sialkot,punjab,41829,44,27,12.3063,0,6,3,rejected,1
3440,life,life,peshawar,kpk,217486,64,8,10.6241,0,2,0,approved,0
3441,medical,life,sialkot,punjab,187715,64,13,7.8555,2,2,1,submitted,0
3442,other,others,lahore,punjab,177886,64,28,13.7555,2,4,0,approved,0
3443,accident,auto,quetta,balochistan,21972,58,13,6.7836,0,3,0,submitted,0
3444,other,home,mardan,kpk,5000,45,28,2.4166,1,1,0,approved,0
3445,pet_care,pet,mardan,kpk,5000,45,30,0.4722,2,3,1,approved,0
3446,pet,pet,multan,punjab,5000,58,13,0.9407,0,2,0,approved,0
3447,auto,auto,mardan,kpk,8466,56,6,0.5682,3,4,2,approved,0
3448,other,home,peshawar,kpk,67463,64,12,2.8895,1,1,2,in_review,1
3449,pet_care,pet,lahore,punjab,8696,56,7,0.5371,3,9,2,in_review,1
3450,theft,auto,lahore,punjab,60727,45,18,4.6332,0,0,0,submitted,0
3451,auto,auto,hyderabad,sindh,38183,64,7,3.9352,0,0,0,approved,0
3452,medical,auto,islamabad,islamabad,52451,56,13,2.224,0,0,0,approved,0
3453,damage,home,hyderabad,sindh,11756,53,28,1.4309,1,3,0,approved,0
3454,home,home,islamabad,islamabad,11922,45,6,1.0363,1,7,0,approved,0
3455,auto,auto,multan,punjab,31817,44,17,1.8703,0,1,0,approved,0
3456,life,life,karachi,sindh,62974,44,21,4.5836,2,6,1,submitted,1
3457,damage,auto,gujranwala,punjab,40771,56,16,2.7779,0,3,0,approved,0
3458,pet,pet,multan,punjab,13522,45,16,0.8602,0,1,1,approved,0
3459,accident,life,sialkot,punjab,87340,53,23,50.7496,0,0,0,approved,0
3460,pet_care,pet,mardan,kpk,5000,45,13,0.2917,0,1,2,rejected,1
3461,damage,auto,quetta,balochistan,37420,64,2,1.5404,0,1,0,approved,0
3462,pet,pet,lahore,punjab,5413,61,2,0.7486,0,1,0,in_review,0
3463,life,life,karachi,sindh,19717,64,19,10.1791,0,3,2,rejected,1
3464,theft,home,sialkot,punjab,13904,53,5,0.5729,0,5,0,approved,0
3465,other,auto,quetta,balochistan,77132,45,16,22.7126,0,4,0,approved,0
3466,auto,auto,multan,punjab,16472,45,3,2.284,0,6,2,in_review,1
3467,damage,home,lahore,punjab,17308,44,2,0.713,0,0,3,submitted,1
3468,damage,home,gujranwala,punjab,45756,53,17,4.0996,1,2,0,approved,0
3469,auto,auto,multan,punjab,231705,45,18,14.301,0,1,1,approved,0
3470,auto,auto,mardan,kpk,113627,45,20,7.5095,1,4,0,approved,0
3471,home,home,gujranwala,punjab,73916,53,8,18.7652,3,6,1,in_review,1
3472,life,life,karachi,sindh,229426,53,16,53.2929,0,3,0,approved,0
3473,other,auto,mardan,kpk,13068,61,7,0.6087,0,5,2,in_review,1
3474,life,life,gujranwala,punjab,15879,64,12,0.8254,0,2,0,rejected,1
3475,auto,auto,abbottabad,kpk,42323,45,10,11.959,2,8,0,rejected,1
3476,auto,auto,quetta,balochistan,60790,64,26,8.9358,0,3,0,approved,0
3477,pet,pet,sukkur,sindh,5000,61,0,0.3624,1,1,0,in_review,0
3478,accident,life,islamabad,islamabad,5000,45,21,0.2783,0,4,0,approved,0
3479,home,home,rawalpindi,punjab,101232,64,11,7.6332,0,2,0,approved,0
3480,theft,home,abbottabad,kpk,17560,64,0,0.7526,0,6,2,rejected,1
3481,pet,pet,faisalabad,punjab,11788,61,0,3.7257,3,9,0,in_review,1
3482,theft,auto,multan,punjab,15583,56,25,3.8026,0,5,0,submitted,0
3483,theft,home,gujranwala,punjab,5057,61,28,0.5966,2,5,0,submitted,0
3484,pet_care,pet,quetta,balochistan,10310,56,24,5.0366,0,2,0,approved,0
3485,pet_care,pet,peshawar,kpk,10465,45,22,0.716,0,6,0,approved,0
3486,pet_care,pet,multan,punjab,12579,56,3,0.8259,2,5,0,approved,0
3487,life,life,islamabad,islamabad,6885,53,19,0.9983,2,6,1,approved,0
3488,theft,home,faisalabad,punjab,5000,64,10,0.6277,2,6,1,rejected,1
3489,damage,auto,karachi,sindh,26637,64,7,1.8768,0,1,2,submitted,1
3490,medical,auto,mardan,kpk,77752,64,30,19.86,0,1,0,in_review,0
3491,life,life,quetta,balochistan,122472,56,23,5.9728,1,2,0,approved,0
3492,life,life,peshawar,kpk,55893,45,14,3.6491,2,2,2,rejected,1
3493,accident,auto,sukkur,sindh,49678,44,28,2.0198,0,5,0,approved,0
3494,auto,auto,faisalabad,punjab,37908,61,8,4.1124,2,6,3,submitted,1
3495,pet,pet,sukkur,sindh,11534,64,18,0.7495,1,5,0,rejected,1
3496,pet_care,pet,hyderabad,sindh,6786,56,10,0.638,0,3,0,approved,0
3497,damage,auto,gujranwala,punjab,5000,53,27,1.517,1,3,0,rejected,1
3498,damage,home,multan,punjab,5000,45,19,0.424,1,1,0,approved,0
3499,life,life,lahore,punjab,46233,53,18,2.7373,2,6,1,approved,0
3500,life,life,mardan,kpk,622987,53,31,54.2813,0,3,1,approved,0
3501,auto,auto,mardan,kpk,178190,45,13,11.2027,0,1,1,approved,0
3502,pet,pet,multan,punjab,15585,61,21,8.4747,0,4,0,submitted,0
3503,pet_care,pet,hyderabad,sindh,18026,44,9,7.2306,3,9,1,in_review,1
3504,home,home,faisalabad,punjab,12505,64,5,2.1475,2,7,0,rejected,1
3505,pet,pet,gujranwala,punjab,7149,44,0,0.3942,1,4,0,approved,0
3506,accident,auto,peshawar,kpk,54001,64,25,7.6586,0,2,0,in_review,0
3507,home,home,sialkot,punjab,89914,58,4,4.9018,0,3,3,in_review,1
3508,life,life,islamabad,islamabad,98019,53,7,4.8529,0,2,0,approved,0
3509,damage,home,faisalabad,punjab,5082,61,14,0.2597,3,3,1,in_review,1
3510,damage,auto,lahore,punjab,10551,58,20,0.6997,2,7,0,submitted,0
3511,medical,auto,abbottabad,kpk,8205,44,11,0.5285,0,0,0,approved,0
3512,pet,pet,mardan,kpk,10341,44,8,0.6904,1,1,1,submitted,0
3513,other,auto,mardan,kpk,14901,53,10,0.818,0,6,0,approved,0
3514,auto,auto,islamabad,islamabad,38188,64,23,2.0138,0,4,0,submitted,0
3515,pet,pet,mardan,kpk,5000,64,24,0.305,0,2,0,submitted,0
3516,accident,life,mardan,kpk,52816,64,8,2.7721,1,6,2,rejected,1
3517,home,home,rawalpindi,punjab,31350,61,20,9.0922,0,4,2,in_review,1
3518,life,life,abbottabad,kpk,28649,53,0,1.8013,0,4,0,in_review,0
3519,other,life,gujranwala,punjab,27800,64,8,4.8909,0,1,1,approved,0
3520,other,life,lahore,punjab,24903,64,28,1.4673,1,5,0,in_review,1
3521,medical,life,mardan,kpk,22910,64,0,1.0458,1,7,1,in_review,0
3522,auto,auto,sukkur,sindh,33005,64,25,2.9003,1,4,0,in_review,0
3523,medical,life,peshawar,kpk,92193,64,0,4.4928,0,4,0,approved,0
3524,life,life,quetta,balochistan,140886,53,5,7.476,1,5,0,approved,0
3525,other,others,karachi,sindh,36031,44,24,2.7008,0,6,0,submitted,0
3526,pet_care,pet,islamabad,islamabad,6895,61,23,0.4522,1,1,2,rejected,1
3527,pet,pet,sialkot,punjab,10162,64,25,0.5478,1,1,0,approved,0
3528,damage,home,gujranwala,punjab,64243,58,1,4.3945,4,5,2,in_review,1
3529,pet,pet,hyderabad,sindh,7456,44,4,0.4208,1,3,1,approved,0
3530,life,life,abbottabad,kpk,68286,64,17,14.176,0,1,0,approved,0
3531,damage,home,mardan,kpk,37773,56,29,2.6166,2,2,3,rejected,1
3532,auto,auto,hyderabad,sindh,30773,64,14,8.3827,0,1,3,rejected,1
3533,theft,home,lahore,punjab,11533,64,5,0.5048,0,3,0,approved,0
3534,auto,auto,multan,punjab,28604,56,9,10.4623,1,6,0,approved,0
3535,damage,auto,karachi,sindh,86439,61,1,8.8555,0,3,0,approved,0
3536,life,life,sukkur,sindh,127016,45,8,6.7133,0,0,0,approved,0
3537,pet,pet,hyderabad,sindh,25026,45,20,1.146,0,5,0,approved,0
3538,auto,auto,sukkur,sindh,14201,64,14,0.6415,2,8,1,approved,0
3539,home,home,quetta,balochistan,49873,53,19,2.845,1,4,0,submitted,0
3540,home,home,multan,punjab,39262,53,26,13.5014,0,1,0,approved,0
3541,accident,life,islamabad,islamabad,89031,44,10,34.8185,0,1,1,approved,0
3542,pet_care,pet,karachi,sindh,12696,58,3,1.51,2,3,2,rejected,1
3543,home,home,faisalabad,punjab,61889,53,12,3.629,1,7,0,approved,0
3544,pet_care,pet,sukkur,sindh,12460,45,22,0.5159,0,6,0,rejected,1
3545,medical,life,karachi,sindh,192248,58,29,16.1039,0,0,0,approved,0
3546,theft,home,peshawar,kpk,8000,61,29,0.4234,0,6,0,approved,0
3547,accident,life,sukkur,sindh,31538,44,13,2.1098,0,3,2,in_review,1
3548,pet_care,pet,sukkur,sindh,7309,56,9,0.3627,0,2,0,approved,0
3549,other,pet,mardan,kpk,40821,64,26,2.3588,0,5,2,submitted,0
3550,medical,auto,mardan,kpk,8030,64,0,3.2288,1,1,0,submitted,0
3551,home,home,peshawar,kpk,46444,64,7,2.1617,1,4,2,in_review,1
3552,auto,auto,mardan,kpk,41876,53,21,9.312,0,6,0,approved,0
3553,other,home,karachi,sindh,30060,64,2,3.972,1,6,0,in_review,1
3554,medical,life,peshawar,kpk,71208,53,29,3.7409,0,4,0,approved,0
3555,accident,life,hyderabad,sindh,58900,53,29,2.718,0,1,0,approved,0
3556,auto,auto,karachi,sindh,9398,44,23,1.5095,0,4,0,approved,0
3557,medical,life,karachi,sindh,30234,64,15,1.6073,1,6,0,approved,0
3558,damage,home,sukkur,sindh,15693,61,4,1.338,0,3,2,submitted,1
3559,damage,auto,sukkur,sindh,19054,64,8,4.0968,0,0,0,submitted,0
3560,pet_care,pet,karachi,sindh,59644,44,4,4.7053,0,4,0,in_review,0
3561,theft,auto,peshawar,kpk,6604,45,14,0.9007,0,5,0,approved,0
3562,pet_care,pet,lahore,punjab,14899,64,20,0.6003,0,3,0,approved,0
3563,accident,life,karachi,sindh,19021,45,9,1.2476,0,5,0,approved,0
3564,life,life,multan,punjab,87411,56,20,6.7379,3,5,0,in_review,1
3565,pet,pet,karachi,sindh,44389,53,25,22.1281,0,3,0,approved,0
3566,theft,auto,faisalabad,punjab,29760,64,3,6.0971,1,3,0,approved,0
3567,theft,home,islamabad,islamabad,18527,64,30,0.9079,0,2,0,approved,0
3568,theft,home,hyderabad,sindh,48201,64,16,2.8255,0,6,0,approved,0
3569,life,life,gujranwala,punjab,455271,64,5,26.0572,1,1,1,submitted,0
3570,other,auto,rawalpindi,punjab,100222,45,8,4.9981,1,7,0,approved,0
3571,damage,home,hyderabad,sindh,16481,64,13,1.078,1,2,0,approved,0
3572,auto,auto,karachi,sindh,29677,45,27,4.0399,2,8,1,in_review,1
3573,accident,auto,sialkot,punjab,27811,58,12,3.5235,1,7,1,approved,0
3574,medical,life,hyderabad,sindh,61838,53,5,16.2304,2,6,1,approved,0
3575,theft,auto,gujranwala,punjab,5000,64,17,1.3284,0,6,1,approved,0
3576,damage,home,islamabad,islamabad,57348,56,29,2.3641,1,4,0,submitted,0
3577,pet_care,pet,mardan,kpk,5426,58,28,0.3796,1,3,0,approved,0
3578,other,auto,quetta,balochistan,63635,64,27,7.0502,0,1,2,rejected,1
3579,medical,life,karachi,sindh,70120,58,10,16.7952,0,0,0,approved,0
3580,pet_care,pet,quetta,balochistan,8144,64,18,0.3441,1,2,0,approved,0
3581,pet,pet,gujranwala,punjab,10584,64,8,0.8635,1,3,0,approved,0
3582,accident,auto,peshawar,kpk,23682,61,24,3.2841,0,4,1,approved,0
3583,damage,home,islamabad,islamabad,30738,58,11,9.2362,2,2,1,submitted,0
3584,home,home,sialkot,punjab,15917,64,26,0.6641,2,5,1,approved,0
3585,auto,auto,lahore,punjab,15427,56,3,3.1452,1,4,1,approved,0
3586,other,life,quetta,balochistan,67178,64,18,3.8735,0,5,0,approved,0
3587,auto,auto,peshawar,kpk,54380,56,15,4.0946,2,6,1,approved,0
3588,accident,auto,sialkot,punjab,10703,45,0,0.6731,2,7,0,submitted,0
3589,medical,auto,abbottabad,kpk,14842,64,2,0.8952,2,8,0,approved,0
3590,accident,life,quetta,balochistan,28405,53,7,1.4224,4,10,1,in_review,1
3591,damage,auto,karachi,sindh,64929,64,11,5.0809,0,4,0,approved,0
3592,pet,pet,lahore,punjab,15809,58,30,1.0222,0,5,0,approved,0
3593,theft,home,lahore,punjab,6693,61,8,2.1047,1,3,1,approved,0
3594,pet,pet,rawalpindi,punjab,5729,44,16,0.2772,0,0,0,approved,0
3595,home,home,sialkot,punjab,57166,58,6,2.4498,0,4,2,submitted,1
3596,pet,pet,peshawar,kpk,13231,58,20,0.9184,2,4,1,approved,0
3597,damage,home,peshawar,kpk,37290,58,30,1.9956,1,1,0,submitted,0
3598,auto,auto,mardan,kpk,6937,64,12,0.4179,2,6,1,in_review,1
3599,home,home,hyderabad,sindh,21287,44,15,4.4768,4,5,3,rejected,1
3600,pet,pet,mardan,kpk,9521,45,23,0.527,1,5,0,approved,0
3601,home,home,sukkur,sindh,30232,45,23,2.7241,2,5,2,in_review,1
3602,accident,life,multan,punjab,12008,58,27,0.5169,0,1,2,rejected,1
3603,pet_care,pet,peshawar,kpk,46052,61,14,3.4019,1,3,0,approved,0
3604,auto,auto,multan,punjab,26733,53,27,10.1338,0,4,0,approved,0
3605,pet_care,pet,rawalpindi,punjab,6135,56,6,0.6646,2,7,1,approved,0
3606,home,home,islamabad,islamabad,29511,58,22,1.6503,0,1,0,approved,0
3607,damage,auto,multan,punjab,24195,45,6,4.112,0,5,2,approved,0
3608,theft,home,karachi,sindh,6876,53,8,4.3137,0,5,0,in_review,0
3609,auto,auto,multan,punjab,23572,56,12,1.7443,1,5,0,submitted,0
3610,home,home,faisalabad,punjab,14252,53,23,1.0719,3,9,3,in_review,1
3611,auto,auto,lahore,punjab,103148,64,9,10.1875,0,0,0,submitted,0
3612,medical,auto,gujranwala,punjab,37421,64,8,1.6293,2,7,3,submitted,1
3613,accident,life,faisalabad,punjab,10879,56,16,2.0534,0,6,0,approved,0
3614,life,life,quetta,balochistan,31432,53,21,2.285,0,2,2,rejected,1
3615,other,others,faisalabad,punjab,56417,53,28,3.0123,1,7,0,approved,0
3616,pet,pet,lahore,punjab,16910,53,30,1.3199,2,8,0,approved,0
3617,damage,auto,abbottabad,kpk,56270,58,3,3.956,2,2,0,approved,0
3618,home,home,abbottabad,kpk,105354,56,25,7.2498,0,1,0,rejected,1
3619,accident,life,multan,punjab,10467,58,18,0.434,2,2,1,submitted,0
3620,home,home,quetta,balochistan,58474,56,9,2.4874,2,8,0,approved,0
3621,damage,home,rawalpindi,punjab,10423,45,24,0.5305,0,5,1,in_review,0
3622,pet_care,pet,rawalpindi,punjab,16561,53,9,1.6462,0,1,0,approved,0
3623,accident,auto,multan,punjab,9977,56,5,1.7382,0,1,0,submitted,0
3624,other,home,mardan,kpk,7687,64,19,0.8406,4,4,2,rejected,1
3625,other,life,mardan,kpk,23172,61,15,0.9529,0,6,0,submitted,0
3626,life,life,peshawar,kpk,36386,64,8,2.7172,1,1,0,rejected,1
3627,medical,life,karachi,sindh,33441,56,23,10.1521,0,3,1,approved,0
3628,damage,home,gujranwala,punjab,88458,58,18,7.3556,1,7,0,submitted,0
3629,pet_care,pet,sukkur,sindh,5135,56,19,0.7759,0,1,2,rejected,1
3630,theft,home,sukkur,sindh,10263,64,10,0.8438,0,3,0,submitted,0
3631,pet_care,pet,mardan,kpk,6476,56,2,0.2695,0,1,0,approved,0
3632,home,home,hyderabad,sindh,47633,53,22,2.0159,2,7,1,rejected,1
3633,damage,home,multan,punjab,57771,53,11,2.5608,2,6,2,submitted,1
3634,medical,life,mardan,kpk,43011,64,18,2.3107,1,1,1,approved,0
3635,home,home,quetta,balochistan,57111,58,10,22.3352,0,2,0,approved,0
3636,life,life,multan,punjab,205086,64,5,27.4914,0,4,0,approved,0
3637,other,life,sukkur,sindh,16291,64,14,1.4463,0,4,0,submitted,0
3638,auto,auto,lahore,punjab,35163,56,4,1.7833,0,6,2,approved,0
3639,damage,auto,quetta,balochistan,33300,45,20,1.4925,1,6,0,submitted,0
3640,home,home,rawalpindi,punjab,26661,61,13,1.1638,0,5,0,in_review,0
3641,pet_care,pet,mardan,kpk,13485,53,1,1.1469,0,6,0,submitted,0
3642,home,home,mardan,kpk,13067,53,27,1.9778,0,3,0,approved,0
3643,accident,auto,hyderabad,sindh,5000,44,22,1.3048,0,0,0,in_review,1
3644,auto,auto,abbottabad,kpk,102724,53,11,41.2878,1,1,1,in_review,0
3645,damage,auto,gujranwala,punjab,21242,64,14,1.0253,0,5,0,approved,0
3646,pet,pet,abbottabad,kpk,17188,64,2,1.8834,1,6,0,in_review,0
3647,pet_care,pet,sialkot,punjab,14302,45,4,0.9976,0,4,0,approved,0
3648,accident,life,gujranwala,punjab,22946,45,22,1.1116,1,7,0,in_review,0
3649,pet_care,pet,lahore,punjab,24781,44,28,0.9968,0,0,0,in_review,1
3650,medical,life,lahore,punjab,56755,61,1,4.3986,0,6,0,approved,0
3651,theft,auto,faisalabad,punjab,18956,64,2,1.8623,0,4,0,approved,0
3652,life,life,lahore,punjab,25519,61,7,1.0653,0,2,0,in_review,1
3653,damage,auto,islamabad,islamabad,6331,53,19,1.3609,0,0,0,approved,0
3654,home,home,abbottabad,kpk,18595,45,6,1.8884,2,2,1,approved,0
3655,damage,home,hyderabad,sindh,18911,44,20,3.0248,0,5,1,approved,0
3656,pet,pet,mardan,kpk,16843,56,18,6.4066,0,1,1,approved,0
3657,accident,auto,quetta,balochistan,84751,44,3,21.5268,1,1,1,approved,0
3658,damage,auto,mardan,kpk,102248,56,20,19.9547,0,3,1,approved,0
3659,other,life,peshawar,kpk,41399,44,6,6.4535,1,7,0,approved,0
3660,damage,auto,multan,punjab,70143,61,19,3.7015,2,4,1,approved,0
3661,theft,home,peshawar,kpk,54811,56,14,2.4372,2,3,0,approved,0
3662,other,others,multan,punjab,15884,64,2,0.6837,0,4,0,in_review,0
3663,pet,pet,abbottabad,kpk,17883,45,24,1.35,4,7,2,approved,0
3664,medical,auto,karachi,sindh,124023,64,5,29.1888,0,6,3,in_review,1
3665,home,home,abbottabad,kpk,12093,64,12,1.9821,2,6,3,in_review,1
3666,theft,home,islamabad,islamabad,24103,58,21,11.2003,0,3,0,submitted,0
3667,auto,auto,quetta,balochistan,11956,64,20,1.4448,0,3,1,approved,0
3668,accident,life,sialkot,punjab,30777,64,1,14.3282,2,2,1,rejected,1
3669,auto,auto,sialkot,punjab,47222,64,16,15.3768,0,2,2,rejected,1
3670,theft,auto,quetta,balochistan,35576,45,13,9.5841,0,2,0,approved,0
3671,other,others,lahore,punjab,15173,45,24,0.9528,1,3,0,approved,0
3672,pet,pet,peshawar,kpk,5166,45,18,2.6223,4,10,2,rejected,1
3673,accident,life,multan,punjab,5982,45,23,0.3384,0,3,0,submitted,0
3674,damage,auto,lahore,punjab,32793,64,12,1.3134,2,6,0,approved,0
3675,auto,auto,islamabad,islamabad,64208,53,11,4.8284,1,3,2,rejected,1
3676,life,life,multan,punjab,244012,45,21,11.5591,0,3,0,submitted,0
3677,medical,auto,sukkur,sindh,100910,56,7,22.851,2,2,1,approved,0
3678,theft,auto,lahore,punjab,16274,64,16,0.7723,0,3,0,approved,0
3679,auto,auto,gujranwala,punjab,11966,61,23,1.1719,1,4,2,in_review,1
3680,life,life,rawalpindi,punjab,22540,64,24,1.4412,0,3,0,approved,0
3681,pet_care,pet,sialkot,punjab,31963,64,22,2.5883,0,4,1,submitted,0
3682,other,others,multan,punjab,35359,64,8,4.539,0,4,3,rejected,1
3683,pet,pet,sukkur,sindh,7131,44,9,0.4472,0,5,1,approved,0
3684,life,life,karachi,sindh,112056,64,27,4.9569,0,3,0,approved,0
3685,pet_care,pet,karachi,sindh,14901,64,18,1.7367,0,2,2,rejected,1
3686,home,home,islamabad,islamabad,12299,45,21,1.5109,0,6,3,rejected,1
3687,auto,auto,karachi,sindh,23860,61,12,14.4782,2,6,2,in_review,1
3688,pet_care,pet,mardan,kpk,22159,53,4,1.6284,1,3,0,approved,0
3689,pet_care,pet,abbottabad,kpk,13875,53,16,1.107,1,4,3,in_review,1
3690,accident,auto,gujranwala,punjab,37291,56,1,3.3475,1,4,1,approved,0
3691,pet,pet,islamabad,islamabad,6949,61,15,1.7312,3,3,1,in_review,1
3692,medical,life,gujranwala,punjab,10055,44,4,0.8418,0,6,0,submitted,0
3693,pet,pet,gujranwala,punjab,9959,56,9,0.4364,2,2,1,approved,0
3694,damage,home,islamabad,islamabad,51446,64,1,6.3884,0,3,0,approved,0
3695,accident,life,multan,punjab,23836,61,20,1.996,1,6,0,approved,0
3696,auto,auto,gujranwala,punjab,78687,64,2,10.6004,1,1,1,approved,0
3697,home,home,karachi,sindh,15116,56,28,0.6114,3,5,2,rejected,1
3698,theft,auto,sukkur,sindh,44076,58,23,6.4751,0,0,1,submitted,1
3699,auto,auto,faisalabad,punjab,64245,61,19,3.6418,0,5,0,approved,0
3700,home,home,abbottabad,kpk,53832,58,4,2.952,0,5,1,approved,0
3701,auto,auto,gujranwala,punjab,14390,45,15,9.5678,0,0,2,in_review,1
3702,accident,auto,sukkur,sindh,55449,61,11,2.4409,3,4,2,rejected,1
3703,home,home,rawalpindi,punjab,28178,44,21,1.7197,0,6,0,approved,0
3704,other,auto,peshawar,kpk,15776,61,7,0.9732,1,6,2,rejected,1
3705,other,life,hyderabad,sindh,5000,61,15,1.9223,0,5,0,in_review,0
3706,accident,auto,sukkur,sindh,24880,56,27,1.0834,2,2,0,approved,0
3707,damage,auto,faisalabad,punjab,52383,44,8,4.007,0,1,1,approved,0
3708,medical,auto,gujranwala,punjab,109016,64,8,10.5258,0,6,0,submitted,0
3709,pet_care,pet,sukkur,sindh,7603,64,20,0.4064,0,3,0,submitted,0
3710,damage,auto,rawalpindi,punjab,20825,64,3,1.7999,0,3,0,approved,0
3711,home,home,faisalabad,punjab,5278,61,6,0.3584,3,9,0,in_review,1
3712,medical,life,gujranwala,punjab,231948,45,31,107.5327,0,3,1,rejected,1
3713,pet_care,pet,peshawar,kpk,12834,61,23,0.6624,0,3,0,approved,0
3714,damage,auto,hyderabad,sindh,8825,61,20,0.4377,0,5,0,approved,0
3715,pet_care,pet,hyderabad,sindh,5789,56,11,0.2695,0,2,3,rejected,1
3716,accident,auto,gujranwala,punjab,15696,64,8,4.1316,0,2,0,submitted,0
3717,theft,auto,sialkot,punjab,79061,64,26,4.2805,0,0,1,approved,0
3718,accident,life,hyderabad,sindh,65182,53,3,3.8408,0,6,0,approved,0
3719,pet,pet,multan,punjab,17646,64,10,1.2074,2,4,0,submitted,0
3720,damage,home,lahore,punjab,39949,45,24,8.3505,0,4,0,approved,0
3721,life,life,lahore,punjab,14461,56,21,1.5862,0,1,0,rejected,1
3722,medical,auto,gujranwala,punjab,7225,61,6,0.5292,2,6,1,in_review,0
3723,medical,auto,sukkur,sindh,17804,44,26,1.1335,4,6,2,rejected,1
3724,theft,home,abbottabad,kpk,39320,61,4,2.6692,2,8,0,approved,0
3725,accident,life,rawalpindi,punjab,14936,56,27,0.7278,1,1,0,approved,0
3726,medical,auto,lahore,punjab,73493,56,28,4.7057,0,4,1,approved,0
3727,theft,home,rawalpindi,punjab,11063,53,18,5.2531,1,7,3,submitted,1
3728,theft,auto,lahore,punjab,13401,58,9,0.5742,4,4,1,rejected,1
3729,auto,auto,multan,punjab,16713,45,0,6.0797,2,8,0,in_review,0
3730,medical,life,karachi,sindh,192430,56,6,125.6891,0,0,0,rejected,1
3731,home,home,peshawar,kpk,74369,45,23,17.7619,1,7,3,in_review,1
3732,accident,auto,multan,punjab,17626,64,13,1.2655,3,7,0,in_review,1
3733,other,life,sukkur,sindh,10310,64,28,0.4625,2,2,0,approved,0
3734,theft,auto,islamabad,islamabad,5000,61,0,0.2157,0,4,0,in_review,0
3735,pet_care,pet,multan,punjab,5000,53,11,0.8878,0,6,0,approved,0
3736,medical,life,quetta,balochistan,259689,64,27,20.3391,2,4,3,rejected,1
3737,pet_care,pet,sialkot,punjab,8122,44,5,0.6165,0,2,2,rejected,1
3738,pet_care,pet,faisalabad,punjab,13579,45,18,0.6041,1,2,0,approved,0
3739,auto,auto,hyderabad,sindh,48956,64,21,3.0718,0,4,2,rejected,1
3740,auto,auto,gujranwala,punjab,42877,64,4,1.7663,1,7,0,approved,0
3741,medical,life,multan,punjab,14151,45,6,0.8241,0,2,3,rejected,1
3742,pet_care,pet,multan,punjab,6287,45,14,0.2601,2,4,3,rejected,1
3743,theft,auto,lahore,punjab,25090,64,28,2.0968,0,2,0,submitted,0
3744,theft,home,abbottabad,kpk,29398,64,3,3.7685,2,6,0,approved,0
3745,medical,auto,rawalpindi,punjab,137070,44,8,11.3375,0,1,0,approved,0
3746,other,others,hyderabad,sindh,36728,64,3,10.4758,0,2,0,approved,0
3747,theft,auto,sukkur,sindh,5000,61,1,0.5451,1,7,0,submitted,0
3748,damage,home,karachi,sindh,31841,64,27,2.1185,0,0,0,in_review,0
3749,accident,auto,karachi,sindh,35095,61,11,2.1398,1,2,0,approved,0
3750,medical,auto,sukkur,sindh,23988,61,9,2.0728,2,3,2,approved,0
3751,other,home,sialkot,punjab,109906,64,0,13.6631,1,3,0,in_review,0
3752,pet_care,pet,sukkur,sindh,5000,56,12,0.2222,0,3,0,submitted,0
3753,life,life,hyderabad,sindh,301760,64,34,27.6997,1,7,0,in_review,1
3754,theft,auto,sialkot,punjab,7580,64,11,0.6057,0,3,0,approved,0
3755,theft,auto,multan,punjab,19688,58,24,3.4534,3,8,0,in_review,1
3756,accident,auto,peshawar,kpk,41830,61,5,10.4785,0,0,0,approved,0
3757,accident,life,abbottabad,kpk,73566,53,3,5.8867,0,2,2,rejected,1
3758,home,home,lahore,punjab,69823,45,0,8.058,0,0,0,approved,0
3759,theft,auto,multan,punjab,27350,64,27,1.6342,3,5,1,rejected,1
3760,damage,auto,hyderabad,sindh,10061,61,14,4.4302,1,6,0,in_review,0
3761,life,life,sialkot,punjab,98383,44,24,6.6927,0,1,0,approved,0
3762,pet_care,pet,hyderabad,sindh,25904,53,6,3.7,1,5,0,rejected,1
3763,theft,auto,hyderabad,sindh,13946,45,1,1.1825,0,6,1,submitted,0
3764,accident,life,rawalpindi,punjab,75415,53,18,13.2006,0,5,2,in_review,1
3765,pet_care,pet,multan,punjab,24416,58,21,4.7318,0,2,2,rejected,1
3766,life,life,faisalabad,punjab,213817,45,30,10.0483,0,3,0,approved,0
3767,accident,auto,hyderabad,sindh,20681,61,29,3.8671,0,3,0,submitted,0
3768,pet_care,pet,quetta,balochistan,100587,61,22,5.5286,1,7,0,rejected,1
3769,pet,pet,sialkot,punjab,11161,58,20,4.7595,1,1,2,rejected,1
3770,pet_care,pet,gujranwala,punjab,13870,53,9,4.4627,0,6,0,in_review,0
3771,pet_care,pet,sukkur,sindh,40173,45,3,2.7675,0,0,0,submitted,0
3772,life,life,gujranwala,punjab,51853,44,14,3.2219,0,1,0,in_review,0
3773,theft,home,sialkot,punjab,17237,53,3,1.1407,1,3,0,approved,0
3774,life,life,abbottabad,kpk,149455,64,23,60.2884,0,3,0,approved,0
3775,home,home,multan,punjab,5004,45,8,2.1043,0,1,3,rejected,1
3776,damage,auto,karachi,sindh,34641,64,11,2.1419,0,5,2,submitted,1
3777,theft,auto,hyderabad,sindh,24453,56,10,2.2311,3,6,1,submitted,1
3778,pet_care,pet,hyderabad,sindh,5000,56,25,0.4316,0,1,0,rejected,1
3779,other,pet,lahore,punjab,9982,64,22,0.6052,3,8,0,rejected,1
3780,accident,life,hyderabad,sindh,26235,53,1,2.8836,4,4,2,in_review,1
3781,other,auto,quetta,balochistan,18335,61,12,2.4854,2,2,1,approved,0
3782,pet,pet,gujranwala,punjab,8994,44,8,0.3838,0,5,0,submitted,1
3783,damage,home,sukkur,sindh,18267,44,1,0.9057,0,6,0,approved,0
3784,home,home,mardan,kpk,18432,56,15,1.0986,2,5,0,approved,0
3785,theft,auto,abbottabad,kpk,12001,58,1,1.4219,2,4,0,approved,0
3786,life,life,rawalpindi,punjab,20132,64,19,2.9017,2,6,0,in_review,0
3787,damage,auto,lahore,punjab,23593,58,28,5.6335,1,5,0,approved,0
3788,pet,pet,faisalabad,punjab,6210,64,20,1.2668,0,4,0,approved,0
3789,damage,home,multan,punjab,24127,64,9,1.4402,0,1,0,approved,0
3790,other,pet,sukkur,sindh,18157,56,3,1.8713,0,3,1,approved,0
3791,damage,auto,peshawar,kpk,8854,64,15,0.9209,0,2,0,rejected,1
3792,accident,life,hyderabad,sindh,25272,61,30,1.0784,1,6,0,approved,0
3793,other,home,quetta,balochistan,9225,56,1,0.9054,1,4,0,approved,0
3794,medical,auto,karachi,sindh,25902,44,5,3.6913,0,2,1,submitted,0
3795,accident,life,sukkur,sindh,115048,61,10,8.7111,1,2,1,approved,0
3796,theft,home,faisalabad,punjab,18293,56,11,1.0393,1,2,1,approved,0
3797,pet_care,pet,quetta,balochistan,6552,44,17,1.0436,0,3,0,in_review,0
3798,auto,auto,hyderabad,sindh,20076,44,5,1.3585,2,4,2,rejected,1
3799,medical,auto,karachi,sindh,54110,44,7,27.6071,0,1,1,approved,0
3800,medical,auto,islamabad,islamabad,120027,61,13,5.3766,0,4,0,approved,0
3801,home,home,sialkot,punjab,87675,64,11,9.4102,1,6,0,approved,0
3802,accident,auto,sukkur,sindh,19176,45,25,7.1874,0,5,0,approved,0
3803,damage,auto,islamabad,islamabad,15471,61,4,0.7683,4,9,2,in_review,1
3804,pet_care,pet,hyderabad,sindh,16448,53,7,1.0857,3,8,2,rejected,1
3805,pet_care,pet,abbottabad,kpk,31097,61,3,1.8353,3,8,2,rejected,1
3806,accident,auto,gujranwala,punjab,36648,56,23,17.1573,0,2,1,approved,0
3807,life,life,peshawar,kpk,18777,56,25,1.8803,1,6,1,submitted,0
3808,theft,auto,sialkot,punjab,5000,53,18,0.5375,1,2,0,approved,0
3809,theft,home,mardan,kpk,7866,45,24,0.3377,0,4,0,approved,0
3810,other,life,faisalabad,punjab,9820,64,26,1.1079,3,5,3,rejected,1
3811,other,pet,karachi,sindh,73511,45,21,6.3989,0,1,2,rejected,1
3812,damage,home,mardan,kpk,166832,64,10,8.2236,2,8,0,approved,0
3813,pet,pet,quetta,balochistan,26706,61,23,7.4702,1,3,0,submitted,0
3814,theft,auto,islamabad,islamabad,22234,56,23,1.4808,0,3,0,submitted,0
3815,home,home,islamabad,islamabad,11369,44,23,1.0354,0,5,0,approved,0
3816,auto,auto,karachi,sindh,11402,44,24,1.4303,1,3,0,submitted,0
3817,pet_care,pet,abbottabad,kpk,19361,45,16,3.8499,1,7,1,in_review,0
3818,pet_care,pet,multan,punjab,11413,56,21,2.3263,1,3,0,approved,0
3819,pet,pet,multan,punjab,10641,53,10,1.5171,1,3,0,approved,0
3820,medical,auto,multan,punjab,5000,64,6,1.3721,0,5,0,approved,0
3821,medical,life,abbottabad,kpk,59322,44,10,2.6641,0,6,0,approved,0
3822,damage,home,karachi,sindh,38556,64,10,2.0107,0,4,2,rejected,1
3823,pet,pet,peshawar,kpk,15476,61,2,0.6448,1,3,2,rejected,1
3824,pet_care,pet,multan,punjab,9653,61,29,0.6349,0,1,0,submitted,0
3825,theft,auto,faisalabad,punjab,36236,53,7,2.3276,0,0,0,approved,0
3826,medical,auto,hyderabad,sindh,7906,64,15,1.9459,0,6,2,rejected,1
3827,theft,home,faisalabad,punjab,47187,61,21,2.8848,1,4,0,approved,0
3828,damage,home,gujranwala,punjab,26642,45,6,6.0303,1,1,0,approved,0
3829,life,life,mardan,kpk,190166,58,8,7.8927,3,3,3,in_review,1
3830,damage,auto,sialkot,punjab,62694,64,10,6.5408,1,3,0,approved,0
3831,medical,auto,lahore,punjab,72973,61,27,8.1735,0,2,0,approved,0
3832,accident,life,faisalabad,punjab,69345,53,12,6.9665,0,5,0,approved,0
3833,damage,home,multan,punjab,32430,53,16,6.1223,2,8,0,approved,0
3834,home,home,islamabad,islamabad,28610,53,13,1.3387,0,4,2,in_review,1
3835,damage,home,sialkot,punjab,7189,61,6,0.2893,0,4,0,in_review,1
3836,auto,auto,islamabad,islamabad,62921,64,24,7.4445,0,1,0,submitted,0
3837,auto,auto,sukkur,sindh,14677,53,13,0.6371,1,1,0,submitted,0
3838,pet,pet,sialkot,punjab,12705,53,18,0.5238,1,7,0,approved,0
3839,other,home,gujranwala,punjab,58978,64,9,8.7948,1,4,1,in_review,0
3840,pet,pet,hyderabad,sindh,15370,58,21,1.5256,1,4,3,rejected,1
3841,pet_care,pet,karachi,sindh,31130,58,14,2.2295,0,5,0,approved,0
3842,home,home,peshawar,kpk,64022,61,30,5.9439,0,5,0,submitted,0
3843,life,life,sukkur,sindh,67534,56,18,10.3723,2,2,2,rejected,1
3844,damage,auto,lahore,punjab,37369,44,14,10.3889,2,8,2,in_review,1
3845,home,home,sialkot,punjab,16940,64,22,3.0004,0,3,0,approved,0
3846,auto,auto,gujranwala,punjab,44695,53,6,7.4879,1,7,0,approved,0
3847,auto,auto,faisalabad,punjab,50742,53,9,2.5119,1,5,0,approved,0
3848,auto,auto,karachi,sindh,41629,44,27,1.7954,2,2,0,approved,0
3849,pet_care,pet,hyderabad,sindh,10366,53,6,0.4342,0,5,0,submitted,0
3850,accident,life,faisalabad,punjab,41494,56,3,2.1361,0,3,0,approved,0
3851,other,auto,multan,punjab,23612,45,20,6.3885,1,6,1,in_review,1
3852,accident,auto,islamabad,islamabad,100258,61,28,10.8763,4,9,2,approved,0
3853,home,home,peshawar,kpk,20114,44,9,1.6947,1,1,0,approved,0
3854,life,life,sukkur,sindh,88605,64,25,6.1953,1,2,0,approved,0
3855,accident,auto,faisalabad,punjab,46923,64,8,2.7503,0,0,0,rejected,1
3856,home,home,rawalpindi,punjab,162556,64,19,8.7499,0,5,1,approved,0
3857,auto,auto,multan,punjab,13129,61,14,1.5067,4,6,3,rejected,1
3858,accident,auto,mardan,kpk,34948,56,19,3.0851,0,4,0,approved,0
3859,damage,home,faisalabad,punjab,32154,64,20,20.7178,1,3,1,approved,0
3860,other,auto,lahore,punjab,12606,58,25,0.7814,0,1,0,submitted,0
3861,life,life,sialkot,punjab,73962,44,24,3.4142,1,6,0,approved,0
3862,theft,home,multan,punjab,27508,56,15,3.7864,0,0,0,submitted,0
3863,other,pet,rawalpindi,punjab,5108,64,10,0.2431,2,2,0,approved,0
3864,accident,life,quetta,balochistan,8124,53,20,0.3797,0,0,1,approved,0
3865,auto,auto,karachi,sindh,32172,56,28,1.6977,0,3,0,approved,0
3866,home,home,sukkur,sindh,30968,56,30,4.241,1,6,0,approved,0
3867,other,life,islamabad,islamabad,8644,53,11,0.7697,1,4,1,submitted,0
3868,damage,auto,karachi,sindh,43164,44,13,3.8988,4,7,1,in_review,1
3869,life,life,mardan,kpk,30882,64,27,18.7618,3,3,1,in_review,1
3870,auto,auto,islamabad,islamabad,11714,64,20,0.9337,0,1,1,approved,0
3871,life,life,gujranwala,punjab,49161,58,19,7.095,1,1,1,submitted,0
3872,pet_care,pet,karachi,sindh,21536,56,7,12.5209,0,0,1,approved,0
3873,life,life,lahore,punjab,75609,56,19,3.4163,0,1,0,submitted,0
3874,pet,pet,rawalpindi,punjab,35284,61,8,1.7184,4,10,0,rejected,1
3875,theft,auto,sukkur,sindh,5000,45,20,0.2993,0,0,0,approved,0
3876,home,home,mardan,kpk,36350,45,18,1.874,0,2,0,submitted,0
3877,other,life,rawalpindi,punjab,25514,64,21,4.3443,0,0,0,rejected,1
3878,life,life,quetta,balochistan,44529,45,3,2.1885,0,4,0,submitted,0
3879,other,others,peshawar,kpk,31707,64,24,6.8114,1,4,0,approved,0
3880,pet_care,pet,lahore,punjab,8938,53,24,0.3634,0,5,3,in_review,1
3881,damage,home,lahore,punjab,24769,56,2,0.9922,0,3,0,submitted,0
3882,pet,pet,rawalpindi,punjab,6008,45,9,0.4953,0,0,0,approved,0
3883,life,life,lahore,punjab,213644,64,17,13.3444,4,9,1,rejected,1
3884,pet_care,pet,multan,punjab,18506,44,17,1.3748,1,5,0,approved,0
3885,home,home,sukkur,sindh,33301,61,22,4.9364,1,7,0,approved,0
3886,theft,auto,karachi,sindh,182626,64,19,9.1501,0,0,1,approved,0
3887,theft,home,lahore,punjab,29080,56,2,4.1184,0,4,1,in_review,0
3888,auto,auto,sialkot,punjab,16671,53,8,0.9877,1,6,0,approved,0
3889,other,others,mardan,kpk,25736,58,23,2.4986,2,6,1,in_review,1
3890,theft,home,faisalabad,punjab,8627,56,10,0.953,0,0,0,approved,0
3891,life,life,abbottabad,kpk,18655,61,24,1.1139,0,5,0,approved,0
3892,accident,auto,multan,punjab,9188,56,4,0.389,2,4,0,submitted,0
3893,medical,auto,faisalabad,punjab,50846,45,24,2.3892,0,2,0,submitted,0
3894,accident,life,rawalpindi,punjab,33493,56,25,1.4308,0,1,0,approved,0
3895,theft,home,islamabad,islamabad,31141,44,15,1.413,0,0,0,approved,0
3896,home,home,peshawar,kpk,10223,58,2,1.4421,0,1,2,rejected,1
3897,pet,pet,quetta,balochistan,8940,58,30,1.3116,1,5,0,approved,0
3898,theft,auto,hyderabad,sindh,25207,56,1,14.1295,3,9,0,submitted,0
3899,auto,auto,gujranwala,punjab,44008,61,6,1.9679,0,4,0,approved,0
3900,home,home,abbottabad,kpk,16478,61,29,3.4401,0,5,3,in_review,1
3901,accident,auto,islamabad,islamabad,62623,44,8,3.1371,1,4,0,submitted,0
3902,accident,life,hyderabad,sindh,50632,45,4,5.2117,0,2,0,approved,0
3903,pet_care,pet,sialkot,punjab,21918,61,9,4.5605,1,3,0,submitted,0
3904,home,home,sialkot,punjab,66638,61,16,11.2736,0,2,1,approved,0
3905,accident,life,multan,punjab,27698,45,4,6.6058,0,4,0,submitted,0
3906,other,pet,sialkot,punjab,24540,58,15,2.4442,0,1,1,submitted,0
3907,home,home,islamabad,islamabad,20842,64,10,3.2228,1,7,0,submitted,0
3908,damage,auto,hyderabad,sindh,9979,58,2,1.6623,0,6,0,approved,0
3909,auto,auto,rawalpindi,punjab,123826,58,17,13.4725,3,4,1,rejected,1
3910,accident,life,sukkur,sindh,90614,56,11,11.7696,3,4,0,in_review,1
3911,home,home,mardan,kpk,41221,45,16,11.7909,0,0,1,approved,0
3912,pet,pet,hyderabad,sindh,11930,64,24,0.4812,0,1,0,submitted,0
3913,home,home,multan,punjab,19535,58,21,1.6819,1,7,0,approved,0
3914,accident,auto,rawalpindi,punjab,28040,53,6,2.5408,0,5,0,approved,0
3915,life,life,gujranwala,punjab,57378,64,18,5.8317,3,3,3,submitted,1
3916,home,home,peshawar,kpk,113005,45,19,5.8906,0,2,1,approved,0
3917,damage,auto,quetta,balochistan,29905,58,1,4.3753,0,4,0,rejected,1
3918,pet,pet,faisalabad,punjab,30578,64,15,6.873,0,3,0,in_review,0
3919,pet,pet,lahore,punjab,17771,64,12,1.2969,0,6,0,approved,0
3920,life,life,faisalabad,punjab,43668,64,17,18.9696,0,2,0,in_review,0
3921,medical,auto,islamabad,islamabad,56026,64,7,3.4416,3,3,0,rejected,1
3922,medical,auto,multan,punjab,160864,45,3,9.4343,0,5,0,submitted,1
3923,theft,home,rawalpindi,punjab,7295,64,11,0.5221,0,3,0,in_review,0
3924,home,home,islamabad,islamabad,42783,61,27,6.5881,0,6,1,approved,0
3925,medical,life,karachi,sindh,19925,64,28,0.9388,0,2,0,in_review,0
3926,pet_care,pet,islamabad,islamabad,7531,61,27,0.9201,1,2,0,approved,0
3927,theft,auto,gujranwala,punjab,16510,64,25,0.7304,4,6,3,rejected,1
3928,damage,home,sialkot,punjab,41069,64,4,1.9488,0,3,0,approved,0
3929,theft,auto,lahore,punjab,24380,58,24,1.0049,2,3,0,approved,0
3930,auto,auto,multan,punjab,31312,45,2,1.5616,1,6,1,approved,0
3931,damage,auto,lahore,punjab,12733,53,8,2.7923,2,5,1,submitted,0
3932,auto,auto,sukkur,sindh,13931,64,23,0.7626,2,6,1,approved,0
3933,home,home,abbottabad,kpk,26335,58,14,1.3227,0,2,1,approved,0
3934,accident,life,multan,punjab,36013,61,10,2.5538,0,4,3,rejected,1
3935,accident,life,sukkur,sindh,28867,53,10,1.283,0,4,0,approved,0
3936,auto,auto,sukkur,sindh,19513,53,27,0.8266,1,7,0,approved,0
3937,other,others,peshawar,kpk,20604,45,14,3.1428,0,0,1,approved,0
3938,home,home,multan,punjab,79226,64,1,6.6437,0,1,0,approved,0
3939,medical,life,faisalabad,punjab,33176,45,25,3.0289,1,4,0,in_review,0
3940,pet_care,pet,abbottabad,kpk,6406,64,16,1.8958,0,6,1,submitted,0
3941,pet,pet,lahore,punjab,26134,53,26,6.8396,2,8,0,approved,0
3942,life,life,sukkur,sindh,45949,58,1,4.5199,0,5,0,approved,0
3943,auto,auto,hyderabad,sindh,34831,64,13,2.7199,0,0,3,submitted,1
3944,life,life,gujranwala,punjab,13480,64,4,4.2284,1,6,1,submitted,0
3945,pet,pet,karachi,sindh,5000,64,26,1.0936,0,1,1,approved,0
3946,auto,auto,islamabad,islamabad,37621,45,30,1.74,1,5,2,in_review,1
3947,pet_care,pet,lahore,punjab,27523,58,16,1.9634,2,2,2,in_review,1
3948,theft,home,quetta,balochistan,11148,56,4,0.7218,0,4,0,in_review,0
3949,other,life,sukkur,sindh,16157,45,4,0.7284,0,6,0,approved,0
3950,home,home,islamabad,islamabad,101967,64,10,8.9626,0,1,1,approved,0
3951,theft,home,sialkot,punjab,22239,58,22,2.1954,3,7,3,submitted,1
3952,damage,auto,rawalpindi,punjab,30954,53,6,3.1741,3,4,1,in_review,1
3953,pet_care,pet,hyderabad,sindh,7655,45,12,1.3684,1,5,1,approved,0
3954,pet,pet,hyderabad,sindh,10341,56,28,0.6699,0,5,0,submitted,1
3955,other,home,lahore,punjab,27583,61,22,2.4397,0,6,0,approved,0
3956,auto,auto,abbottabad,kpk,15075,64,2,2.2727,0,5,0,approved,0
3957,other,life,islamabad,islamabad,90019,44,23,9.0727,2,4,1,approved,0
3958,life,life,sialkot,punjab,28334,53,23,3.5542,1,2,0,submitted,0
3959,damage,home,quetta,balochistan,46161,44,10,2.7397,1,5,0,submitted,0
3960,other,life,karachi,sindh,9819,64,20,0.4081,0,5,0,in_review,1
3961,pet_care,pet,karachi,sindh,5000,44,30,0.3306,0,1,0,in_review,0
3962,medical,life,multan,punjab,105868,53,7,9.1939,0,3,0,approved,0
3963,pet,pet,islamabad,islamabad,25475,56,9,1.8933,1,7,3,in_review,1
3964,accident,auto,multan,punjab,62735,45,12,6.8736,1,1,2,rejected,1
3965,accident,auto,gujranwala,punjab,58594,61,20,13.2536,2,3,0,approved,0
3966,pet,pet,faisalabad,punjab,15905,61,29,1.2016,0,4,1,submitted,0
3967,life,life,lahore,punjab,133499,45,4,9.8197,2,4,0,approved,0
3968,theft,home,lahore,punjab,21061,64,7,0.9312,0,3,0,approved,0
3969,auto,auto,karachi,sindh,17025,53,13,0.8495,1,7,0,submitted,0
3970,damage,auto,quetta,balochistan,21017,45,20,1.3062,0,1,0,rejected,1
3971,other,others,islamabad,islamabad,5000,56,9,0.2926,1,1,1,submitted,0
3972,auto,auto,gujranwala,punjab,27155,45,28,3.3893,0,2,1,approved,0
3973,other,life,gujranwala,punjab,16135,44,15,5.0835,0,6,0,approved,0
3974,pet,pet,quetta,balochistan,13826,58,19,2.0314,2,6,3,rejected,1
3975,pet_care,pet,sialkot,punjab,5217,44,30,0.2158,0,0,0,approved,0
3976,auto,auto,faisalabad,punjab,24429,64,8,1.4365,0,5,1,rejected,1
3977,other,others,karachi,sindh,19357,53,25,1.3735,0,2,1,submitted,0
3978,accident,auto,mardan,kpk,35956,64,11,1.5295,3,7,1,submitted,1
3979,home,home,mardan,kpk,24986,53,21,3.0271,0,6,0,approved,0
3980,life,life,faisalabad,punjab,19446,58,3,2.2257,0,1,0,approved,0
3981,pet_care,pet,faisalabad,punjab,5393,44,9,0.4301,0,3,2,rejected,1
3982,theft,home,sialkot,punjab,36828,45,28,1.5399,2,4,2,submitted,1
3983,damage,auto,karachi,sindh,43881,61,19,6.5387,1,2,0,approved,0
3984,theft,home,lahore,punjab,21351,61,17,0.9445,1,6,1,approved,0
3985,life,life,sialkot,punjab,36264,56,14,7.4449,0,4,0,in_review,0
3986,accident,life,karachi,sindh,43384,56,20,2.0008,4,8,1,rejected,1
3987,home,home,gujranwala,punjab,18941,53,7,4.6435,0,0,0,approved,0
3988,pet,pet,gujranwala,punjab,5000,45,4,2.0551,0,3,1,approved,0
3989,medical,auto,multan,punjab,28034,64,3,3.9691,2,3,1,submitted,0
3990,auto,auto,multan,punjab,38988,58,19,1.6056,0,5,0,approved,0
3991,pet_care,pet,islamabad,islamabad,5000,64,9,0.6238,2,8,2,rejected,1
3992,pet_care,pet,abbottabad,kpk,45588,45,27,4.1007,0,0,0,approved,0
3993,home,home,islamabad,islamabad,52766,58,10,5.5914,1,4,0,approved,0
3994,accident,life,lahore,punjab,22803,61,29,2.9917,1,6,0,approved,0
3995,damage,auto,faisalabad,punjab,18342,64,11,6.0177,2,7,0,in_review,0
3996,life,life,islamabad,islamabad,83027,44,5,16.5557,0,6,1,approved,0
3997,pet_care,pet,sialkot,punjab,20410,64,0,0.9905,2,6,1,in_review,0
3998,life,life,karachi,sindh,27287,56,21,1.2283,0,4,0,submitted,0
3999,pet,pet,peshawar,kpk,10326,61,3,0.5433,0,0,1,approved,0
4000,home,home,karachi,sindh,40181,64,21,22.8301,1,2,0,submitted,0
4001,home,home,abbottabad,kpk,44399,61,3,2.402,2,4,2,submitted,1
4002,medical,life,multan,punjab,49761,45,7,11.7527,0,1,1,approved,0
4003,auto,auto,quetta,balochistan,20933,61,15,1.6364,1,1,0,approved,0
4004,auto,auto,abbottabad,kpk,14826,58,3,1.1803,0,0,1,approved,0
4005,auto,auto,sukkur,sindh,17736,64,25,3.9006,0,1,0,rejected,1
4006,other,pet,islamabad,islamabad,78732,44,14,3.5311,1,3,0,submitted,0
4007,pet,pet,faisalabad,punjab,10604,56,17,0.5768,0,1,2,rejected,1
4008,life,life,gujranwala,punjab,163520,45,6,58.1922,0,1,0,approved,0
4009,pet,pet,sialkot,punjab,9020,53,13,0.3725,0,6,0,approved,0
4010,medical,auto,faisalabad,punjab,39126,53,25,5.6565,0,6,0,submitted,0
4011,damage,auto,karachi,sindh,11195,64,30,0.7979,2,8,1,rejected,1
4012,other,auto,multan,punjab,16536,44,14,1.1969,0,0,0,in_review,0
4013,pet,pet,multan,punjab,10549,45,24,0.5101,0,5,0,in_review,1
4014,pet_care,pet,peshawar,kpk,5707,58,5,0.598,1,1,2,in_review,1
4015,damage,home,multan,punjab,36338,44,12,8.8371,2,7,0,approved,0
4016,pet_care,pet,sukkur,sindh,11858,58,19,0.6532,0,4,3,rejected,1
4017,life,life,hyderabad,sindh,69166,45,9,2.8282,0,4,1,approved,0
4018,other,home,karachi,sindh,79330,64,18,3.8145,0,4,1,submitted,0
4019,medical,life,quetta,balochistan,17017,44,17,0.9636,0,0,0,in_review,0
4020,home,home,abbottabad,kpk,82550,44,3,9.1916,1,1,1,approved,0
4021,theft,home,multan,punjab,6155,64,19,0.4904,0,0,0,submitted,0
4022,auto,auto,lahore,punjab,38870,58,24,2.0253,0,6,0,approved,0
4023,life,life,faisalabad,punjab,124789,58,13,20.124,0,0,2,rejected,1
4024,pet_care,pet,karachi,sindh,41932,44,21,11.2238,1,7,0,submitted,0
4025,home,home,faisalabad,punjab,40832,64,1,5.5629,2,4,0,approved,0
4026,auto,auto,rawalpindi,punjab,97938,45,6,10.3277,0,6,0,approved,0
4027,life,life,quetta,balochistan,75189,61,26,4.1096,0,0,1,approved,0
4028,pet_care,pet,abbottabad,kpk,31419,45,4,1.4628,1,1,2,submitted,1
4029,life,life,multan,punjab,32292,44,1,7.8246,1,7,0,approved,0
4030,home,home,peshawar,kpk,26816,64,8,1.8508,0,3,0,in_review,0
4031,auto,auto,rawalpindi,punjab,24064,58,24,2.8251,0,5,2,rejected,1
4032,other,others,peshawar,kpk,107885,45,19,13.6771,0,5,1,submitted,1
4033,life,life,lahore,punjab,23057,61,27,4.0737,1,6,0,approved,0
4034,pet_care,pet,lahore,punjab,13369,64,24,0.5475,0,6,3,submitted,1
4035,other,life,mardan,kpk,25256,44,23,1.1995,1,5,0,submitted,0
4036,damage,home,multan,punjab,11028,61,27,0.5367,0,0,0,approved,0
4037,life,life,quetta,balochistan,23096,61,28,2.1185,2,3,0,submitted,0
4038,auto,auto,multan,punjab,15693,64,14,7.505,0,0,0,approved,0
4039,medical,auto,mardan,kpk,107736,64,10,67.3771,3,8,2,rejected,1
4040,other,auto,abbottabad,kpk,19127,44,21,1.2427,0,3,0,approved,0
4041,pet,pet,hyderabad,sindh,5000,61,22,1.3151,0,5,0,approved,0
4042,auto,auto,peshawar,kpk,58715,53,25,6.1708,1,5,1,approved,0
4043,medical,auto,islamabad,islamabad,60198,61,23,3.8648,0,6,0,approved,0
4044,life,life,sukkur,sindh,101436,58,1,6.4568,2,7,1,approved,0
4045,life,life,multan,punjab,46272,64,19,2.0841,0,4,0,approved,0
4046,medical,life,gujranwala,punjab,132825,64,19,18.2377,0,3,0,approved,0
4047,auto,auto,sukkur,sindh,64139,58,14,14.6136,1,4,1,approved,0
4048,life,life,mardan,kpk,56259,64,2,2.6515,0,4,0,approved,0
4049,other,others,multan,punjab,21531,56,13,2.4987,4,5,1,approved,0
4050,damage,auto,sukkur,sindh,23227,45,11,0.9596,0,2,1,approved,0
4051,auto,auto,faisalabad,punjab,14523,53,12,1.723,3,6,0,in_review,1
4052,other,others,sialkot,punjab,186254,64,21,10.8978,0,3,0,submitted,0
4053,medical,auto,sukkur,sindh,71708,56,13,40.4901,1,3,0,approved,0
4054,accident,life,faisalabad,punjab,36941,58,24,3.6012,1,3,1,approved,0
4055,pet_care,pet,multan,punjab,32750,45,12,2.3381,1,4,0,approved,0
4056,life,life,rawalpindi,punjab,9616,61,9,1.503,1,1,1,approved,0
4057,accident,auto,rawalpindi,punjab,9271,64,11,0.5215,2,5,2,submitted,1
4058,other,pet,quetta,balochistan,17624,64,27,0.7281,2,2,0,approved,0
4059,other,home,faisalabad,punjab,26655,64,4,1.6926,0,6,0,in_review,1
4060,other,home,sialkot,punjab,41437,53,29,3.0715,2,7,0,approved,0
4061,home,home,karachi,sindh,20635,44,3,1.6378,1,5,3,in_review,1
4062,medical,auto,abbottabad,kpk,156132,53,19,36.3267,0,0,0,rejected,1
4063,home,home,hyderabad,sindh,19047,61,24,9.8485,1,6,0,submitted,0
4064,medical,auto,faisalabad,punjab,536055,58,21,23.4854,0,5,1,approved,0
4065,medical,life,abbottabad,kpk,73245,56,26,5.303,0,2,0,in_review,0
4066,pet,pet,rawalpindi,punjab,39773,56,0,2.2025,1,1,0,rejected,1
4067,home,home,islamabad,islamabad,40429,45,3,12.5947,0,3,0,approved,0
4068,pet,pet,sialkot,punjab,14185,44,17,1.4,0,0,0,in_review,0
4069,auto,auto,gujranwala,punjab,104269,64,30,6.3033,1,3,0,approved,0
4070,accident,life,karachi,sindh,114245,64,26,8.1779,0,0,0,approved,0
4071,auto,auto,sialkot,punjab,44379,53,28,24.0667,2,2,0,submitted,0
4072,auto,auto,islamabad,islamabad,11287,64,0,0.8487,1,6,0,approved,0
4073,other,auto,islamabad,islamabad,128391,58,9,7.5052,0,3,0,approved,0
4074,medical,auto,islamabad,islamabad,265635,61,34,40.9047,2,2,1,approved,0
4075,pet_care,pet,faisalabad,punjab,5000,56,7,0.4307,0,0,1,approved,0
4076,auto,auto,multan,punjab,12382,53,17,0.712,0,2,0,approved,0
4077,accident,auto,gujranwala,punjab,18898,56,28,1.3361,0,2,0,approved,0
4078,auto,auto,karachi,sindh,17194,64,1,0.909,1,5,0,submitted,0
4079,medical,life,sialkot,punjab,37472,64,17,2.221,0,0,0,rejected,1
4080,other,life,peshawar,kpk,5000,45,26,1.0014,3,5,1,in_review,1
4081,other,life,gujranwala,punjab,20467,61,27,3.9967,2,5,2,rejected,1
4082,pet,pet,gujranwala,punjab,13694,61,27,1.1626,0,6,0,approved,0
4083,home,home,rawalpindi,punjab,20935,56,24,0.9018,0,6,0,approved,0
4084,auto,auto,gujranwala,punjab,78983,61,3,4.3342,0,3,2,rejected,1
4085,medical,auto,sukkur,sindh,145894,45,6,42.1781,1,1,0,submitted,1
4086,home,home,faisalabad,punjab,13443,53,15,2.6463,0,3,3,rejected,1
4087,damage,home,multan,punjab,23422,61,19,1.0727,1,2,0,approved,0
4088,pet,pet,abbottabad,kpk,5000,64,24,0.6285,1,6,0,rejected,1
4089,life,life,lahore,punjab,23181,61,18,1.4223,0,3,0,approved,0
4090,other,home,karachi,sindh,22333,44,9,3.998,0,0,0,rejected,1
4091,home,home,faisalabad,punjab,202663,45,14,9.8047,0,1,0,approved,0
4092,pet_care,pet,faisalabad,punjab,7362,61,20,0.4763,0,0,0,in_review,0
4093,life,life,islamabad,islamabad,48332,45,13,6.5562,0,2,3,rejected,1
4094,medical,auto,karachi,sindh,14985,53,2,0.8116,0,5,0,in_review,1
4095,life,life,peshawar,kpk,57941,44,30,4.209,2,2,0,approved,0
4096,home,home,sukkur,sindh,56174,64,12,7.2887,3,6,0,in_review,1
4097,pet,pet,sukkur,sindh,6276,45,28,0.6321,0,4,0,approved,0
4098,damage,home,abbottabad,kpk,74641,64,14,33.027,1,6,2,rejected,1
4099,medical,life,abbottabad,kpk,24447,64,21,14.1804,0,6,0,approved,0
4100,damage,auto,abbottabad,kpk,52989,53,5,3.8196,1,2,1,approved,0
4101,pet_care,pet,rawalpindi,punjab,10580,64,18,0.4647,0,1,0,approved,0
4102,auto,auto,gujranwala,punjab,47991,58,6,2.3047,2,8,0,approved,0
4103,home,home,gujranwala,punjab,26501,64,26,4.2381,1,5,0,approved,0
4104,pet_care,pet,mardan,kpk,5000,45,7,0.4238,2,5,0,approved,0
4105,theft,home,karachi,sindh,11931,56,20,0.8818,1,3,2,rejected,1
4106,auto,auto,sukkur,sindh,30046,44,6,1.3257,0,6,0,approved,0
4107,other,life,peshawar,kpk,5000,56,18,0.4405,0,0,0,approved,0
4108,damage,auto,peshawar,kpk,22140,45,10,1.3762,0,6,1,submitted,0
4109,home,home,multan,punjab,14876,64,13,0.7803,1,1,0,approved,0
4110,damage,home,multan,punjab,85858,53,25,9.6949,1,6,1,approved,0
4111,pet,pet,islamabad,islamabad,5000,58,10,0.3999,0,4,0,approved,0
4112,pet,pet,sukkur,sindh,6961,44,27,0.2875,0,4,1,approved,0
4113,home,home,faisalabad,punjab,16449,61,9,1.2621,0,6,0,in_review,0
4114,other,others,quetta,balochistan,33773,44,23,1.3586,0,2,0,submitted,0
4115,accident,auto,abbottabad,kpk,80662,56,7,20.0802,0,4,0,approved,0
4116,damage,home,karachi,sindh,32819,56,23,3.6232,0,2,0,approved,0
4117,accident,life,sialkot,punjab,60431,58,17,10.8222,0,4,1,in_review,0
4118,theft,auto,quetta,balochistan,8871,44,17,0.4157,0,1,1,approved,0
4119,pet_care,pet,peshawar,kpk,7495,53,22,0.315,0,6,0,approved,0
4120,damage,home,mardan,kpk,11199,56,10,0.5754,0,4,1,submitted,0
4121,auto,auto,rawalpindi,punjab,20218,53,21,2.3638,0,4,1,approved,0
4122,theft,auto,lahore,punjab,29940,61,30,1.7322,1,5,0,in_review,0
4123,other,home,abbottabad,kpk,71393,45,12,3.5489,0,5,0,approved,0
4124,damage,auto,faisalabad,punjab,15632,64,29,1.1691,0,3,2,submitted,1
4125,medical,auto,multan,punjab,20332,61,4,2.4972,0,3,0,in_review,0
4126,home,home,multan,punjab,56296,45,27,14.8931,0,4,0,submitted,0
4127,auto,auto,abbottabad,kpk,37214,64,10,3.3806,0,0,0,approved,0
4128,damage,auto,sialkot,punjab,18667,64,20,0.9203,0,4,0,approved,0
4129,pet,pet,multan,punjab,18202,44,8,1.8417,1,2,1,submitted,0
4130,pet,pet,lahore,punjab,11248,44,21,0.7303,0,4,1,submitted,0
4131,other,others,faisalabad,punjab,37589,64,11,3.1625,1,1,0,approved,0
4132,life,life,mardan,kpk,24108,56,14,3.5489,0,2,0,submitted,0
4133,damage,auto,sialkot,punjab,39958,44,0,4.7332,0,0,0,approved,0
4134,pet_care,pet,sialkot,punjab,6104,61,22,0.2593,0,2,1,submitted,0
4135,auto,auto,lahore,punjab,6836,56,3,0.3397,0,6,3,rejected,1
4136,pet_care,pet,quetta,balochistan,20929,64,22,1.0962,1,6,0,approved,0
4137,home,home,faisalabad,punjab,27075,58,3,1.6045,0,5,1,approved,0
4138,other,pet,lahore,punjab,17202,53,20,0.9096,0,3,2,rejected,1
4139,home,home,hyderabad,sindh,35897,64,3,8.2884,0,1,0,submitted,0
4140,home,home,peshawar,kpk,8882,45,29,0.5874,0,1,0,approved,0
4141,auto,auto,peshawar,kpk,35394,61,13,3.2106,0,2,0,approved,0
4142,other,home,multan,punjab,30788,64,2,1.366,2,7,0,submitted,0
4143,auto,auto,faisalabad,punjab,21924,53,29,2.6453,0,5,2,rejected,1
4144,damage,home,rawalpindi,punjab,110814,64,16,9.1182,1,7,1,approved,0
4145,medical,auto,peshawar,kpk,36400,53,10,2.4571,4,5,1,in_review,1
4146,accident,life,gujranwala,punjab,67642,53,4,39.4874,3,9,2,approved,0
4147,damage,auto,gujranwala,punjab,24445,58,30,1.4744,2,2,0,approved,0
4148,accident,auto,abbottabad,kpk,33605,64,27,3.2547,1,2,0,approved,0
4149,auto,auto,rawalpindi,punjab,55670,44,10,3.3297,0,3,0,submitted,0
4150,other,pet,hyderabad,sindh,12382,56,27,0.5361,0,4,0,submitted,0
4151,theft,home,multan,punjab,5000,56,17,0.5729,2,8,1,in_review,0
4152,life,life,peshawar,kpk,45848,44,19,2.2846,1,7,0,submitted,0
4153,home,home,faisalabad,punjab,200851,44,22,13.2794,1,3,3,rejected,1
4154,auto,auto,islamabad,islamabad,76395,61,10,11.4587,0,6,0,submitted,1
4155,auto,auto,abbottabad,kpk,38718,56,6,2.8515,1,4,0,rejected,1
4156,home,home,karachi,sindh,132112,58,9,6.5639,1,7,1,approved,0
4157,damage,home,rawalpindi,punjab,207528,64,32,12.3089,1,7,0,rejected,1
4158,damage,home,lahore,punjab,13440,53,25,0.8035,0,5,0,approved,0
4159,other,life,faisalabad,punjab,37725,53,15,7.6074,0,5,0,approved,0
4160,life,life,hyderabad,sindh,119977,44,0,6.3212,0,4,1,submitted,0
4161,auto,auto,faisalabad,punjab,18096,61,16,1.5763,0,2,0,approved,0
4162,accident,life,sukkur,sindh,13941,44,27,3.8554,2,6,1,submitted,0
4163,damage,home,rawalpindi,punjab,24844,64,0,1.1922,0,1,2,rejected,1
4164,pet_care,pet,peshawar,kpk,15154,58,2,0.6156,1,2,2,approved,0
4165,accident,life,quetta,balochistan,34175,44,27,3.2059,0,6,1,submitted,0
4166,other,auto,peshawar,kpk,6964,44,30,0.3517,1,1,1,approved,0
4167,other,auto,abbottabad,kpk,42449,64,1,2.852,4,4,3,rejected,1
4168,damage,home,sukkur,sindh,54605,44,22,11.1439,0,1,0,approved,0
4169,home,home,faisalabad,punjab,62738,45,11,5.1458,2,3,0,in_review,0
4170,theft,auto,gujranwala,punjab,30661,44,16,2.8898,2,2,2,submitted,1
4171,accident,auto,quetta,balochistan,36154,64,27,10.5467,1,7,0,approved,0
4172,theft,home,faisalabad,punjab,14841,64,24,1.3683,0,2,0,approved,0
4173,damage,home,faisalabad,punjab,95943,56,27,9.2529,1,3,0,approved,0
4174,auto,auto,lahore,punjab,24498,56,18,3.9634,0,5,0,approved,0
4175,life,life,sukkur,sindh,122954,53,30,30.6389,0,5,2,rejected,1
4176,theft,home,abbottabad,kpk,11332,64,0,0.4536,0,4,0,approved,0
4177,theft,auto,islamabad,islamabad,5000,45,27,0.274,2,4,1,in_review,1
4178,pet_care,pet,peshawar,kpk,13202,64,4,0.7897,1,2,0,submitted,0
4179,accident,auto,peshawar,kpk,20564,53,19,1.2618,0,2,0,approved,0
4180,theft,home,multan,punjab,25108,61,21,1.1345,1,3,1,approved,0
4181,damage,home,peshawar,kpk,23554,45,24,1.2656,0,4,0,approved,0
4182,pet_care,pet,gujranwala,punjab,8558,44,27,2.5731,0,3,0,submitted,0
4183,auto,auto,abbottabad,kpk,6475,45,18,0.4396,0,5,3,submitted,1
4184,theft,auto,mardan,kpk,9707,64,28,0.3968,0,0,0,in_review,0
4185,pet,pet,multan,punjab,5000,64,25,0.3155,1,5,0,in_review,0
4186,accident,life,hyderabad,sindh,39087,56,28,14.0097,2,4,0,submitted,0
4187,pet_care,pet,abbottabad,kpk,8629,45,14,0.5554,0,6,1,approved,0
4188,theft,home,lahore,punjab,38000,53,20,2.1479,1,5,0,submitted,0
4189,auto,auto,sialkot,punjab,11999,64,2,0.9515,0,5,2,rejected,1
4190,home,home,sukkur,sindh,85200,61,16,27.9803,1,6,0,in_review,0
4191,accident,life,multan,punjab,44169,64,15,4.1345,0,6,1,approved,0
4192,medical,life,peshawar,kpk,61615,64,18,3.1875,0,0,0,submitted,0
4193,home,home,islamabad,islamabad,65285,44,3,2.8377,0,2,0,approved,0
4194,home,home,sukkur,sindh,27707,58,21,1.5828,1,5,0,approved,0
4195,theft,home,sukkur,sindh,35407,53,8,4.5272,0,3,0,approved,0
4196,medical,auto,hyderabad,sindh,42751,56,10,1.8183,1,6,2,rejected,1
4197,damage,auto,peshawar,kpk,18608,58,17,3.9158,3,7,2,rejected,1
4198,damage,auto,sialkot,punjab,124704,64,15,18.1546,0,6,0,approved,0
4199,home,home,sialkot,punjab,18083,45,26,1.1601,0,6,1,in_review,0
4200,pet,pet,hyderabad,sindh,12926,58,1,0.7015,3,9,2,rejected,1
4201,theft,home,gujranwala,punjab,35002,56,28,1.5962,0,6,2,rejected,1
4202,pet_care,pet,rawalpindi,punjab,11498,53,23,0.9809,1,7,0,approved,0
4203,damage,auto,multan,punjab,9267,44,24,1.016,0,5,0,approved,0
4204,damage,home,mardan,kpk,83646,61,9,29.0841,1,1,0,approved,0
4205,accident,life,peshawar,kpk,32909,44,27,20.6068,0,3,0,in_review,1
4206,theft,home,quetta,balochistan,7613,45,4,2.7209,0,5,0,rejected,1
4207,home,home,quetta,balochistan,104046,64,0,4.9917,2,8,0,approved,0
4208,auto,auto,lahore,punjab,26725,56,25,1.9412,0,0,0,approved,0
4209,pet,pet,peshawar,kpk,18075,64,22,0.7391,3,8,2,submitted,0
4210,damage,auto,sukkur,sindh,5000,58,7,0.2335,2,5,3,rejected,1
4211,pet_care,pet,karachi,sindh,5000,45,8,0.2582,3,5,2,in_review,1
4212,pet,pet,hyderabad,sindh,5000,44,29,0.3133,0,2,0,approved,0
4213,home,home,islamabad,islamabad,15263,56,18,1.3499,0,3,0,approved,0
4214,damage,auto,faisalabad,punjab,18786,58,16,1.2904,4,5,1,rejected,1
4215,pet,pet,multan,punjab,14827,61,14,1.4818,1,5,0,in_review,0
4216,accident,auto,faisalabad,punjab,41021,56,30,2.1976,0,6,0,approved,0
4217,auto,auto,hyderabad,sindh,38531,56,29,1.6483,3,5,2,submitted,0
4218,home,home,sukkur,sindh,30805,61,2,2.7504,0,6,0,submitted,0
4219,home,home,sialkot,punjab,212902,56,12,23.3317,1,5,0,approved,0
4220,auto,auto,sialkot,punjab,52932,61,26,10.5024,2,8,2,in_review,1
4221,home,home,peshawar,kpk,34192,64,28,2.2657,0,6,0,approved,0
4222,damage,auto,karachi,sindh,11764,64,29,0.8551,1,5,0,in_review,0
4223,home,home,karachi,sindh,62841,58,28,3.2574,1,1,0,approved,0
4224,damage,home,mardan,kpk,28163,44,23,2.6544,0,5,0,approved,0
4225,life,life,gujranwala,punjab,79085,53,5,3.2952,2,2,0,submitted,0
4226,theft,home,karachi,sindh,27643,53,8,1.935,0,4,0,approved,0
4227,pet,pet,multan,punjab,15770,64,28,2.6161,0,6,0,approved,0
4228,medical,auto,lahore,punjab,35374,64,8,1.6091,1,5,1,approved,0
4229,accident,life,hyderabad,sindh,7532,44,13,0.4031,0,2,0,approved,0
4230,pet,pet,rawalpindi,punjab,7773,53,29,0.757,0,5,0,approved,0
4231,accident,auto,hyderabad,sindh,42253,64,26,3.6688,1,1,0,approved,0
4232,theft,auto,abbottabad,kpk,18257,44,12,3.9203,0,2,1,approved,0
4233,damage,home,hyderabad,sindh,73897,45,11,42.0586,1,7,0,in_review,0
4234,auto,auto,hyderabad,sindh,5000,44,16,0.5304,0,3,0,approved,0
4235,auto,auto,abbottabad,kpk,42775,53,6,4.9263,0,5,1,approved,0
4236,auto,auto,multan,punjab,51853,56,17,15.6845,0,3,2,rejected,1
4237,other,pet,sukkur,sindh,10907,56,29,1.7133,1,1,0,approved,0
4238,pet,pet,mardan,kpk,7116,45,15,0.3278,0,1,2,rejected,1
4239,auto,auto,lahore,punjab,26752,56,21,1.623,2,4,0,approved,0
4240,life,life,abbottabad,kpk,36552,61,25,1.7207,2,8,1,approved,0
4241,pet_care,pet,karachi,sindh,5759,53,13,0.5147,1,3,3,rejected,1
4242,medical,life,quetta,balochistan,186779,58,11,97.7389,0,1,0,rejected,1
4243,accident,auto,hyderabad,sindh,22448,56,0,1.008,0,6,0,submitted,0
4244,pet,pet,hyderabad,sindh,9752,44,23,1.0083,1,4,0,submitted,0
4245,other,others,lahore,punjab,34961,44,12,1.4635,0,5,3,rejected,1
4246,medical,auto,quetta,balochistan,225346,64,26,95.0025,3,3,2,rejected,1
4247,accident,life,multan,punjab,38646,61,11,6.662,4,4,2,rejected,1
4248,auto,auto,islamabad,islamabad,49664,56,27,3.0759,0,3,1,approved,0
4249,theft,home,hyderabad,sindh,28897,64,13,3.7176,0,3,0,approved,0
4250,life,life,quetta,balochistan,25366,64,7,9.1607,0,5,0,approved,0
4251,medical,life,mardan,kpk,12175,45,8,0.7303,1,4,0,submitted,0
4252,home,home,gujranwala,punjab,39598,44,12,2.8278,0,6,2,in_review,1
4253,pet_care,pet,lahore,punjab,18434,58,24,11.0715,0,3,0,approved,0
4254,life,life,sukkur,sindh,32353,53,10,4.4066,0,3,1,approved,0
4255,damage,home,mardan,kpk,17459,44,10,1.8957,0,3,0,in_review,0
4256,auto,auto,lahore,punjab,32489,64,28,1.3325,1,7,3,rejected,1
4257,pet_care,pet,peshawar,kpk,17442,44,6,1.8711,0,4,0,rejected,1
4258,other,pet,multan,punjab,15329,64,16,3.5451,1,5,0,approved,0
4259,home,home,mardan,kpk,8394,53,4,0.9938,0,5,1,approved,0
4260,pet,pet,lahore,punjab,17458,53,2,3.5247,0,5,3,submitted,1
4261,pet,pet,rawalpindi,punjab,10392,58,27,0.4791,0,6,1,approved,0
4262,auto,auto,multan,punjab,12384,58,23,0.8447,0,3,0,rejected,1
4263,damage,auto,rawalpindi,punjab,35659,64,13,1.5702,0,0,0,approved,0
4264,auto,auto,peshawar,kpk,9689,45,3,0.7298,2,8,1,approved,0
4265,theft,home,hyderabad,sindh,18134,53,11,1.5416,0,3,0,approved,0
4266,medical,life,gujranwala,punjab,54504,45,18,2.6655,0,3,0,approved,0
4267,pet,pet,multan,punjab,36814,61,25,3.7941,3,8,2,rejected,1
4268,other,others,abbottabad,kpk,15063,53,24,2.3106,0,1,1,approved,0
4269,pet,pet,sialkot,punjab,7657,64,3,0.5176,0,2,1,approved,0
4270,pet,pet,faisalabad,punjab,19390,53,25,0.9051,0,3,0,submitted,0
4271,damage,home,sukkur,sindh,18086,58,28,4.0974,0,0,0,approved,0
4272,accident,life,islamabad,islamabad,25282,58,10,2.9167,1,3,0,approved,0
4273,pet_care,pet,lahore,punjab,19358,56,1,5.473,1,3,1,approved,0
4274,accident,auto,faisalabad,punjab,32929,45,21,3.4297,1,4,1,approved,0
4275,medical,auto,mardan,kpk,151225,44,2,9.8976,0,4,2,in_review,1
4276,pet,pet,multan,punjab,9757,45,1,0.6722,0,3,1,approved,0
4277,other,home,islamabad,islamabad,39058,56,16,2.1412,2,5,0,approved,0
4278,other,pet,sukkur,sindh,8581,45,21,2.2528,0,6,0,approved,0
4279,life,life,abbottabad,kpk,106229,61,20,44.6716,1,4,0,submitted,0
4280,pet,pet,sialkot,punjab,9383,58,10,0.4454,0,3,0,submitted,0
4281,pet,pet,lahore,punjab,5433,56,13,0.3263,0,5,0,submitted,0
4282,medical,life,gujranwala,punjab,211434,56,34,12.5682,0,4,0,rejected,1
4283,life,life,abbottabad,kpk,170034,61,26,8.7891,0,5,1,in_review,0
4284,medical,life,faisalabad,punjab,16252,58,16,1.6852,1,5,0,approved,0
4285,accident,auto,mardan,kpk,118550,64,26,5.0112,0,6,1,approved,0
4286,medical,life,sukkur,sindh,60798,64,21,3.2643,0,5,0,in_review,1
4287,other,home,karachi,sindh,5301,64,2,0.9343,1,2,1,approved,0
4288,life,life,islamabad,islamabad,239034,58,17,14.593,0,5,0,approved,0
4289,pet,pet,islamabad,islamabad,9227,64,13,0.4459,2,7,2,rejected,1
4290,auto,auto,abbottabad,kpk,117451,58,30,4.8326,0,0,0,approved,0
4291,life,life,faisalabad,punjab,14509,58,13,0.5833,0,5,1,rejected,1
4292,life,life,lahore,punjab,308768,56,23,30.0533,1,1,0,rejected,1
4293,other,others,abbottabad,kpk,5582,61,20,2.5009,0,0,0,approved,0
4294,theft,auto,multan,punjab,39461,44,2,3.5302,0,2,0,submitted,0
4295,damage,home,islamabad,islamabad,59994,45,18,7.2597,0,6,0,approved,0
4296,auto,auto,multan,punjab,38933,61,7,17.1511,1,5,0,rejected,1
4297,pet_care,pet,multan,punjab,9430,64,14,0.775,2,7,0,submitted,0
4298,life,life,sukkur,sindh,34378,56,10,1.5639,0,6,0,approved,0
4299,other,home,abbottabad,kpk,30626,64,6,2.581,1,1,1,in_review,0
4300,auto,auto,peshawar,kpk,31679,61,23,4.8535,0,6,2,rejected,1
4301,accident,auto,gujranwala,punjab,37168,61,5,1.7082,1,7,0,in_review,0
4302,pet_care,pet,mardan,kpk,21838,56,18,9.3046,1,3,0,in_review,0
4303,medical,life,peshawar,kpk,83009,61,7,3.5092,0,4,3,in_review,1
4304,home,home,mardan,kpk,74705,45,9,13.7756,0,6,1,approved,0
4305,accident,life,rawalpindi,punjab,43231,56,6,4.6331,0,0,0,approved,0
4306,auto,auto,abbottabad,kpk,29391,45,19,1.1786,0,1,0,approved,0
4307,medical,auto,peshawar,kpk,33174,45,6,6.0033,2,3,0,submitted,0
4308,life,life,mardan,kpk,155303,64,22,13.2806,1,1,0,approved,0
4309,auto,auto,sukkur,sindh,31558,56,17,1.3527,0,3,0,approved,0
4310,medical,auto,rawalpindi,punjab,52939,44,13,2.51,1,6,3,in_review,1
4311,life,life,rawalpindi,punjab,162456,61,27,6.5029,0,6,0,approved,0
4312,theft,home,sialkot,punjab,7495,58,4,0.7697,3,7,1,rejected,1
4313,pet_care,pet,gujranwala,punjab,5466,44,6,0.2247,0,0,0,approved,0
4314,accident,life,mardan,kpk,15862,53,5,1.3172,1,3,0,approved,0
4315,medical,auto,mardan,kpk,5000,58,24,0.3633,0,6,0,approved,0
4316,theft,auto,abbottabad,kpk,5408,64,5,0.3326,1,1,0,approved,0
4317,accident,life,multan,punjab,64175,44,3,2.7774,1,3,0,approved,0
4318,pet_care,pet,karachi,sindh,45003,53,21,8.4307,0,6,0,approved,0
4319,pet,pet,sukkur,sindh,5000,64,16,0.6894,1,5,2,rejected,1
4320,damage,auto,rawalpindi,punjab,5455,44,25,0.2478,1,2,0,approved,0
4321,theft,home,lahore,punjab,16873,64,4,2.5419,0,0,0,in_review,0
4322,damage,auto,peshawar,kpk,17062,53,25,0.8576,0,4,0,approved,0
4323,medical,life,karachi,sindh,27204,58,27,10.415,0,0,0,approved,0
4324,life,life,quetta,balochistan,18315,56,10,1.4225,0,0,0,approved,0
4325,other,life,islamabad,islamabad,5000,64,17,0.2454,0,2,0,approved,0
4326,pet,pet,karachi,sindh,13813,44,22,4.6228,1,1,0,approved,0
4327,other,home,multan,punjab,34652,64,4,2.3421,1,7,0,rejected,1
4328,home,home,sukkur,sindh,37748,53,24,3.5441,1,5,2,rejected,1
4329,auto,auto,faisalabad,punjab,33905,64,26,2.7159,1,5,1,approved,0
4330,other,life,hyderabad,sindh,68431,58,1,2.9116,4,8,3,in_review,1
4331,accident,auto,sialkot,punjab,117994,58,3,15.3618,0,2,0,approved,0
4332,home,home,sukkur,sindh,52857,45,7,2.7384,4,9,1,rejected,1
4333,auto,auto,faisalabad,punjab,5108,45,3,0.4011,2,7,1,submitted,0
4334,other,life,peshawar,kpk,111258,61,23,4.4958,0,4,0,approved,0
4335,auto,auto,gujranwala,punjab,14952,58,6,0.7676,2,2,3,in_review,1
4336,other,others,lahore,punjab,16108,44,5,3.0187,2,3,0,approved,0
4337,other,life,faisalabad,punjab,23319,45,16,0.9998,1,4,0,submitted,0
4338,theft,auto,peshawar,kpk,5000,64,12,0.9625,2,3,0,approved,0
4339,other,auto,lahore,punjab,26637,45,1,2.468,0,0,0,approved,0
4340,theft,home,multan,punjab,5761,56,30,0.7436,0,3,0,submitted,0
4341,medical,life,hyderabad,sindh,60989,61,30,4.7389,0,4,0,approved,0
4342,other,home,hyderabad,sindh,17809,64,25,0.8116,1,7,1,approved,0
4343,life,life,peshawar,kpk,41332,53,17,3.9754,1,1,0,submitted,0
4344,auto,auto,gujranwala,punjab,56931,45,14,2.846,1,7,3,rejected,1
4345,theft,home,hyderabad,sindh,95417,61,17,4.3236,4,9,2,rejected,1
4346,other,pet,lahore,punjab,33343,61,14,1.5098,0,5,0,approved,0
4347,theft,home,abbottabad,kpk,72814,58,5,2.9143,0,0,2,rejected,1
4348,life,life,gujranwala,punjab,28979,64,25,5.1245,0,6,0,in_review,0
4349,other,pet,karachi,sindh,21899,44,8,1.8496,2,6,0,approved,0
4350,home,home,peshawar,kpk,8168,64,28,0.5708,4,4,3,rejected,1
4351,other,home,sialkot,punjab,57025,61,27,4.9825,0,5,2,rejected,1
4352,home,home,sukkur,sindh,27405,53,25,1.2657,1,7,2,in_review,0
4353,auto,auto,hyderabad,sindh,130683,44,20,9.9115,0,6,0,submitted,0
4354,life,life,lahore,punjab,171298,45,17,11.6134,0,1,0,submitted,0
4355,life,life,karachi,sindh,25143,61,19,2.8471,1,1,1,in_review,0
4356,life,life,quetta,balochistan,50298,53,29,3.3067,0,3,0,approved,0
4357,life,life,islamabad,islamabad,35745,53,26,2.3589,0,3,0,submitted,0
4358,damage,auto,islamabad,islamabad,8024,56,27,4.7819,1,1,0,in_review,0
4359,medical,life,gujranwala,punjab,50783,58,24,3.484,0,6,3,rejected,1
4360,theft,home,sialkot,punjab,9833,61,10,0.6678,0,6,2,rejected,1
4361,medical,life,quetta,balochistan,109750,56,9,6.0369,0,1,1,approved,0
4362,pet_care,pet,sukkur,sindh,18983,53,6,1.1302,1,2,3,rejected,1
4363,pet,pet,hyderabad,sindh,6680,64,2,4.1698,0,2,3,rejected,1
4364,damage,auto,faisalabad,punjab,7347,53,30,1.0003,0,6,0,submitted,0
4365,other,life,gujranwala,punjab,52655,58,28,2.1624,2,7,0,submitted,0
4366,damage,auto,multan,punjab,22595,45,15,1.5098,1,1,0,approved,0
4367,life,life,faisalabad,punjab,244377,64,17,11.0025,4,10,2,rejected,1
4368,accident,auto,rawalpindi,punjab,21486,58,7,2.8424,0,3,0,approved,0
4369,medical,auto,faisalabad,punjab,76505,56,23,3.6191,2,2,0,in_review,0
4370,damage,auto,quetta,balochistan,99066,64,23,55.4992,0,3,0,approved,0
4371,theft,home,hyderabad,sindh,36381,45,1,1.502,0,6,0,submitted,0
4372,auto,auto,lahore,punjab,19082,61,12,1.5434,0,3,1,approved,0
4373,other,life,multan,punjab,31264,53,14,1.8421,2,3,1,rejected,1
4374,medical,life,gujranwala,punjab,59731,64,29,5.8121,0,3,0,approved,0
4375,life,life,quetta,balochistan,40766,56,11,2.7977,1,1,0,approved,0
4376,pet_care,pet,abbottabad,kpk,8402,45,22,0.9085,3,6,0,in_review,1
4377,life,life,sukkur,sindh,28692,44,22,4.2946,1,6,0,approved,0
4378,pet_care,pet,sukkur,sindh,20448,44,19,1.5568,0,2,0,approved,0
4379,home,home,rawalpindi,punjab,53669,61,4,2.4577,1,4,0,approved,0
4380,pet_care,pet,sukkur,sindh,8876,61,21,1.5442,0,6,0,approved,0
4381,pet_care,pet,mardan,kpk,37366,53,26,1.669,0,6,3,in_review,1
4382,life,life,lahore,punjab,242365,53,5,11.1065,2,6,1,approved,0
4383,damage,home,mardan,kpk,15570,45,19,0.9057,1,7,0,approved,0
4384,damage,home,sukkur,sindh,24368,64,30,2.8989,0,2,0,approved,0
4385,theft,auto,karachi,sindh,16068,61,12,2.7415,0,3,2,rejected,1
4386,damage,auto,mardan,kpk,5798,45,26,0.7938,3,5,1,submitted,1
4387,home,home,mardan,kpk,46491,64,6,4.5141,0,2,0,approved,0
4388,home,home,gujranwala,punjab,58681,56,20,4.7202,0,4,3,in_review,1
4389,pet,pet,sukkur,sindh,7716,64,1,1.6139,2,3,0,approved,0
4390,medical,life,peshawar,kpk,14179,58,18,0.5791,0,6,2,submitted,1
4391,medical,life,sukkur,sindh,39410,64,9,5.7166,1,1,0,in_review,0
4392,life,life,multan,punjab,92988,61,21,7.5977,0,5,1,approved,0
4393,theft,home,faisalabad,punjab,5000,45,1,0.5798,0,1,0,approved,0
4394,pet_care,pet,karachi,sindh,11607,44,13,0.5647,0,1,0,approved,0
4395,theft,home,peshawar,kpk,44019,58,30,4.3883,0,6,0,approved,0
4396,theft,auto,quetta,balochistan,20157,64,26,0.8856,0,1,0,approved,0
4397,home,home,sialkot,punjab,197137,58,1,10.5806,0,4,0,approved,0
4398,other,auto,quetta,balochistan,35246,61,22,1.8614,2,6,1,rejected,1
4399,home,home,sukkur,sindh,23034,64,6,1.8012,0,5,0,approved,0
4400,pet_care,pet,karachi,sindh,14375,56,20,1.5705,0,2,1,approved,0
4401,home,home,rawalpindi,punjab,88992,58,0,3.9044,1,2,0,submitted,0
4402,pet,pet,lahore,punjab,11152,64,30,1.1037,1,1,1,approved,0
4403,pet_care,pet,sukkur,sindh,14978,44,24,1.3921,0,0,0,submitted,0
4404,pet,pet,hyderabad,sindh,8528,56,5,0.4183,1,6,0,approved,0
4405,theft,auto,sukkur,sindh,119581,53,22,6.4105,0,6,0,approved,0
4406,life,life,gujranwala,punjab,402117,56,30,82.7912,1,5,0,submitted,1
4407,auto,auto,islamabad,islamabad,16811,58,7,1.021,0,3,1,approved,0
4408,home,home,multan,punjab,31794,61,7,1.3298,0,5,0,submitted,0
4409,home,home,rawalpindi,punjab,10538,58,13,0.9021,0,4,0,approved,0
4410,medical,life,sialkot,punjab,156107,45,6,35.6653,1,5,0,rejected,1
4411,theft,home,mardan,kpk,16351,45,8,2.8516,4,9,2,submitted,1
4412,pet_care,pet,multan,punjab,7057,56,22,0.3941,0,6,0,submitted,1
4413,life,life,peshawar,kpk,50168,58,11,6.7685,0,1,0,approved,0
4414,damage,auto,abbottabad,kpk,29484,44,10,1.7727,0,3,0,submitted,0
4415,life,life,peshawar,kpk,266023,58,28,16.0797,4,8,3,rejected,1
4416,pet_care,pet,sialkot,punjab,65935,64,27,7.2816,0,4,2,approved,0
4417,pet,pet,karachi,sindh,22864,56,30,0.9351,1,3,0,approved,0
4418,medical,auto,mardan,kpk,93738,44,29,16.1034,1,3,0,submitted,0
4419,life,life,gujranwala,punjab,55345,58,7,5.0859,1,2,0,submitted,0
4420,auto,auto,sukkur,sindh,14407,64,0,2.5134,0,5,0,approved,0
4421,life,life,abbottabad,kpk,42391,64,6,4.122,1,2,0,approved,0
4422,pet,pet,karachi,sindh,7337,56,6,0.3346,1,2,0,approved,0
4423,pet_care,pet,gujranwala,punjab,27042,45,17,7.044,0,4,0,approved,0
4424,damage,home,multan,punjab,24603,61,13,1.0264,0,4,0,approved,0
4425,theft,auto,multan,punjab,11042,64,29,1.7508,1,6,1,approved,0
4426,home,home,gujranwala,punjab,12960,64,22,0.8033,2,6,3,in_review,1
4427,life,life,quetta,balochistan,30906,58,10,3.1437,0,1,0,submitted,0
4428,accident,auto,quetta,balochistan,12045,58,14,0.7599,0,3,1,submitted,0
4429,pet,pet,peshawar,kpk,9732,64,2,0.5261,0,1,0,approved,0
4430,medical,auto,quetta,balochistan,115414,44,23,5.5416,1,1,0,approved,0
4431,life,life,quetta,balochistan,201769,61,25,40.9102,0,4,0,approved,0
4432,damage,home,gujranwala,punjab,9663,45,13,0.4196,2,7,0,approved,0
4433,theft,auto,islamabad,islamabad,7842,64,10,0.3238,1,4,0,approved,0
4434,theft,home,karachi,sindh,189769,64,8,11.6045,1,4,2,rejected,1
4435,life,life,multan,punjab,9654,64,23,4.6103,4,4,2,rejected,1
4436,pet,pet,quetta,balochistan,29174,64,25,5.3579,4,5,2,in_review,1
4437,medical,life,multan,punjab,36392,53,29,2.6765,0,1,0,approved,0
4438,accident,life,sukkur,sindh,41593,58,19,2.2642,1,5,1,approved,0
4439,damage,home,islamabad,islamabad,26673,53,4,1.5454,2,7,1,approved,0
4440,other,home,abbottabad,kpk,19375,61,30,6.977,2,6,0,approved,0
4441,medical,life,islamabad,islamabad,220458,44,29,15.5285,0,3,0,approved,0
4442,pet,pet,islamabad,islamabad,7922,45,2,0.8001,0,0,0,approved,0
4443,life,life,sialkot,punjab,135863,45,23,10.9109,4,9,0,rejected,1
4444,pet_care,pet,islamabad,islamabad,21528,64,22,2.4331,0,5,0,approved,0
4445,damage,home,faisalabad,punjab,34700,61,2,6.367,0,6,0,approved,0
4446,home,home,rawalpindi,punjab,32957,44,18,1.9686,0,2,0,in_review,0
4447,home,home,gujranwala,punjab,80740,44,7,23.095,1,5,2,in_review,1
4448,life,life,karachi,sindh,202693,45,23,8.3502,1,4,1,approved,0
4449,medical,life,sukkur,sindh,51079,45,28,14.1532,4,8,3,rejected,1
4450,life,life,faisalabad,punjab,73347,53,1,3.5384,2,3,0,approved,0
4451,medical,life,peshawar,kpk,19369,44,27,0.8212,1,7,0,approved,0
4452,pet_care,pet,hyderabad,sindh,5842,56,22,0.8652,0,6,0,approved,0
4453,theft,auto,gujranwala,punjab,14464,58,12,6.3522,1,5,1,approved,0
4454,auto,auto,multan,punjab,46497,45,12,2.7385,2,3,0,submitted,0
4455,medical,life,sukkur,sindh,61094,64,18,3.4648,1,2,0,submitted,1
4456,damage,auto,multan,punjab,37972,58,13,3.2028,0,1,3,rejected,1
4457,home,home,peshawar,kpk,16757,44,25,2.0826,0,3,0,approved,0
4458,pet,pet,lahore,punjab,19642,56,22,4.1317,0,2,0,submitted,1
4459,pet,pet,sukkur,sindh,6276,61,29,0.2754,1,4,2,rejected,1
4460,accident,auto,faisalabad,punjab,5583,53,1,0.3179,2,5,0,approved,0
4461,pet,pet,sukkur,sindh,6098,61,22,1.1772,0,4,1,approved,0
4462,home,home,peshawar,kpk,15074,64,13,2.3102,0,4,0,approved,0
4463,home,home,sukkur,sindh,64005,53,25,5.817,1,1,2,in_review,1
4464,home,home,sukkur,sindh,44558,64,27,2.7274,0,5,0,approved,0
4465,damage,auto,peshawar,kpk,171739,58,5,17.8116,0,2,2,in_review,1
4466,home,home,abbottabad,kpk,46437,44,10,24.5828,1,4,3,in_review,1
4467,life,life,sukkur,sindh,787310,45,15,101.366,0,4,0,rejected,1
4468,life,life,lahore,punjab,414048,64,35,19.302,0,3,1,submitted,1
4469,theft,auto,karachi,sindh,19170,44,2,1.8283,1,7,0,approved,0
4470,damage,home,peshawar,kpk,20646,64,26,1.5449,1,3,0,in_review,1
4471,other,auto,quetta,balochistan,31497,61,22,5.5707,0,1,0,in_review,0
4472,theft,home,abbottabad,kpk,5447,64,29,0.3117,0,2,0,rejected,1
4473,pet_care,pet,sialkot,punjab,18589,53,19,0.7919,0,1,0,submitted,0
4474,accident,life,sialkot,punjab,10058,44,24,0.6932,0,4,3,rejected,1
4475,home,home,sukkur,sindh,79337,64,11,4.166,0,2,0,approved,0
4476,life,life,karachi,sindh,41752,61,19,1.683,0,0,0,submitted,0
4477,pet,pet,gujranwala,punjab,7431,56,25,0.3288,0,5,0,approved,0
4478,home,home,gujranwala,punjab,114534,64,12,6.6862,0,5,1,approved,0
4479,pet,pet,gujranwala,punjab,7852,64,14,0.4089,0,0,1,approved,0
4480,life,life,lahore,punjab,174507,61,30,40.8969,0,3,2,rejected,1
4481,pet,pet,islamabad,islamabad,12003,64,17,0.8865,0,1,1,submitted,0
4482,pet_care,pet,lahore,punjab,29328,53,9,2.009,2,3,1,submitted,0
4483,medical,life,mardan,kpk,34095,53,18,3.8447,1,3,1,in_review,0
4484,damage,home,mardan,kpk,21111,58,8,11.9881,1,6,1,rejected,1
4485,damage,home,lahore,punjab,42846,45,27,15.379,0,0,0,approved,0
4486,pet_care,pet,mardan,kpk,36796,61,2,1.6742,4,5,3,in_review,1
4487,home,home,rawalpindi,punjab,104223,64,14,4.8584,4,5,3,approved,0
4488,auto,auto,faisalabad,punjab,16937,53,24,1.2256,0,0,0,submitted,0
4489,life,life,faisalabad,punjab,27593,44,9,1.7388,0,4,0,in_review,0
4490,pet_care,pet,hyderabad,sindh,19892,56,29,1.6442,3,4,0,in_review,1
4491,pet_care,pet,karachi,sindh,5074,64,2,0.7076,2,7,0,approved,0
4492,auto,auto,sukkur,sindh,44165,56,18,2.9681,2,3,1,submitted,0
4493,medical,life,hyderabad,sindh,44520,44,16,2.3632,1,7,1,submitted,0
4494,home,home,abbottabad,kpk,7467,45,25,0.32,0,5,0,approved,0
4495,medical,auto,peshawar,kpk,108030,58,8,8.0194,0,6,3,submitted,1
4496,home,home,gujranwala,punjab,78314,58,21,6.6611,0,3,0,approved,0
4497,accident,life,rawalpindi,punjab,16326,58,19,4.4304,0,0,0,rejected,1
4498,auto,auto,gujranwala,punjab,30043,56,5,4.1473,1,6,0,approved,0
4499,theft,auto,faisalabad,punjab,5000,53,15,2.405,1,2,0,submitted,0
4500,auto,auto,hyderabad,sindh,45906,58,16,25.4892,0,1,0,submitted,0
4501,medical,auto,faisalabad,punjab,267170,44,6,16.054,0,0,0,approved,0
4502,life,life,rawalpindi,punjab,44981,58,5,2.7027,2,4,0,approved,0
4503,auto,auto,islamabad,islamabad,19145,53,25,3.3724,0,1,0,approved,0
4504,damage,home,islamabad,islamabad,19683,64,11,12.3559,0,0,1,submitted,0
4505,theft,auto,mardan,kpk,5000,64,3,0.7224,2,2,1,in_review,1
4506,medical,life,lahore,punjab,144030,53,1,10.7381,2,2,1,approved,0
4507,accident,life,karachi,sindh,16878,64,11,0.9372,0,2,0,submitted,0
4508,life,life,sukkur,sindh,55082,44,13,4.2296,0,1,0,approved,0
4509,theft,home,rawalpindi,punjab,7259,44,14,0.5465,1,2,1,approved,0
4510,auto,auto,lahore,punjab,63482,45,6,2.9403,4,8,2,approved,0
4511,accident,auto,abbottabad,kpk,26594,53,19,2.2303,0,2,0,approved,0
4512,medical,auto,rawalpindi,punjab,36839,58,6,4.0909,0,2,2,in_review,1
4513,medical,life,islamabad,islamabad,152046,64,17,6.0826,0,3,2,rejected,1
4514,auto,auto,sialkot,punjab,38888,53,15,1.6446,1,6,0,approved,0
4515,home,home,gujranwala,punjab,133731,44,20,5.7072,1,2,2,in_review,1
4516,auto,auto,karachi,sindh,35450,64,0,6.7524,0,0,2,in_review,1
4517,home,home,lahore,punjab,44744,61,16,2.5311,1,5,1,approved,0
4518,pet,pet,faisalabad,punjab,5000,56,26,0.2859,1,1,1,submitted,0
4519,pet,pet,abbottabad,kpk,8524,44,20,1.5995,0,3,0,in_review,0
4520,theft,auto,peshawar,kpk,15968,53,8,0.9243,0,1,1,submitted,0
4521,theft,auto,mardan,kpk,41793,58,5,2.5857,1,1,2,in_review,1
4522,damage,auto,hyderabad,sindh,29644,56,30,2.1999,0,0,1,approved,0
4523,other,others,quetta,balochistan,6994,53,8,0.3128,4,4,1,rejected,1
4524,accident,life,islamabad,islamabad,65302,58,12,4.5204,2,7,0,approved,0
4525,medical,auto,lahore,punjab,41621,45,17,1.7439,0,0,0,approved,0
4526,other,others,hyderabad,sindh,14468,64,11,1.8485,3,5,2,submitted,1
4527,pet_care,pet,faisalabad,punjab,14737,56,22,0.6466,1,3,0,approved,0
4528,theft,auto,sialkot,punjab,30176,64,20,3.2929,1,7,0,in_review,1
4529,pet,pet,mardan,kpk,15606,44,10,1.2134,0,1,0,in_review,0
4530,accident,auto,faisalabad,punjab,87487,58,13,4.4516,0,1,0,submitted,0
4531,pet_care,pet,gujranwala,punjab,10991,45,4,0.8457,1,1,1,approved,0
4532,auto,auto,mardan,kpk,6099,45,15,0.5772,0,5,0,approved,0
4533,home,home,rawalpindi,punjab,33651,44,6,3.7365,1,4,0,approved,0
4534,pet,pet,rawalpindi,punjab,17795,56,0,2.6227,3,4,1,in_review,1
4535,other,home,multan,punjab,23252,53,3,2.5727,3,3,1,submitted,1
4536,life,life,rawalpindi,punjab,132965,64,5,19.4706,0,2,0,approved,0
4537,pet_care,pet,lahore,punjab,11727,64,9,1.5327,2,8,0,submitted,0
4538,damage,home,sialkot,punjab,36713,61,6,1.5801,0,4,0,approved,0
4539,home,home,mardan,kpk,179389,58,19,8.1883,0,2,1,approved,0
4540,pet_care,pet,quetta,balochistan,16891,61,5,1.4281,0,1,0,approved,0
4541,damage,home,faisalabad,punjab,37270,45,12,2.0708,0,3,0,approved,0
4542,pet,pet,peshawar,kpk,6249,61,3,1.496,0,2,0,approved,0
4543,home,home,abbottabad,kpk,85143,61,1,4.1934,0,2,3,rejected,1
4544,damage,auto,hyderabad,sindh,42137,64,8,1.7614,0,6,0,approved,0
4545,pet_care,pet,karachi,sindh,19099,64,9,2.7752,0,2,0,approved,0
4546,medical,life,peshawar,kpk,53054,61,18,4.6917,0,5,1,approved,0
4547,damage,auto,peshawar,kpk,33757,44,29,1.7345,0,2,0,submitted,0
4548,other,auto,sukkur,sindh,5000,45,27,0.2411,2,7,1,in_review,0
4549,home,home,peshawar,kpk,37654,45,24,12.2972,1,6,0,approved,0
4550,pet_care,pet,sukkur,sindh,5000,45,8,0.3162,1,2,0,in_review,0
4551,theft,auto,abbottabad,kpk,28962,58,23,8.612,0,6,0,approved,0
4552,theft,auto,mardan,kpk,26996,45,21,1.1073,2,5,0,approved,0
4553,damage,auto,gujranwala,punjab,17962,56,5,7.3857,0,2,1,approved,0
4554,medical,auto,lahore,punjab,25517,45,7,1.2864,1,1,0,submitted,0
4555,damage,auto,karachi,sindh,41003,56,27,15.2088,0,2,0,approved,0
4556,life,life,karachi,sindh,22478,45,16,2.5059,0,3,0,approved,0
4557,damage,auto,islamabad,islamabad,22666,64,6,0.9437,0,0,1,approved,0
4558,pet,pet,multan,punjab,12597,58,25,0.9476,0,4,0,submitted,0
4559,pet_care,pet,faisalabad,punjab,6543,61,18,0.9015,0,4,2,rejected,1
4560,auto,auto,hyderabad,sindh,18351,53,8,2.9637,0,0,0,approved,0
4561,pet,pet,lahore,punjab,8900,61,27,0.3606,0,4,0,approved,0
4562,pet_care,pet,lahore,punjab,13397,44,3,4.1515,0,4,0,submitted,0
4563,pet,pet,karachi,sindh,11015,61,24,3.739,0,6,0,approved,0
4564,damage,auto,peshawar,kpk,149730,53,19,9.2074,0,5,0,in_review,1
4565,other,auto,rawalpindi,punjab,35429,61,17,2.5511,4,9,1,in_review,1
4566,pet_care,pet,islamabad,islamabad,29011,64,14,3.7667,1,4,0,rejected,1
4567,pet,pet,hyderabad,sindh,13411,61,26,1.2377,0,2,0,approved,0
4568,auto,auto,karachi,sindh,39639,56,19,5.024,1,7,0,submitted,0
4569,pet_care,pet,faisalabad,punjab,5767,56,30,1.7184,2,4,1,in_review,0
4570,medical,auto,mardan,kpk,29057,53,14,9.6696,1,6,0,approved,0
4571,theft,home,peshawar,kpk,27137,56,4,4.7162,2,2,0,submitted,0
4572,home,home,gujranwala,punjab,42670,45,30,1.7152,4,8,0,submitted,1
4573,auto,auto,mardan,kpk,37269,61,4,3.1778,1,1,0,rejected,1
4574,medical,life,sukkur,sindh,248713,53,31,31.1749,3,6,0,rejected,1
4575,life,life,faisalabad,punjab,34803,61,28,1.63,0,5,1,approved,0
4576,theft,home,karachi,sindh,23798,56,30,0.9746,0,1,0,submitted,0
4577,other,life,mardan,kpk,23941,56,20,1.0115,0,6,0,approved,0
4578,pet,pet,lahore,punjab,7238,56,25,0.4195,1,7,0,approved,0
4579,life,life,quetta,balochistan,41972,53,16,15.9347,0,2,0,approved,0
4580,damage,auto,peshawar,kpk,8017,44,10,0.7074,0,3,0,approved,0
4581,medical,life,lahore,punjab,16391,45,2,0.7711,0,5,0,submitted,0
4582,damage,home,gujranwala,punjab,30963,64,3,6.9237,2,8,0,approved,0
4583,theft,auto,quetta,balochistan,87386,58,2,5.1904,3,8,2,in_review,1
4584,auto,auto,mardan,kpk,9606,64,15,4.4679,1,5,0,rejected,1
4585,pet_care,pet,lahore,punjab,21593,56,11,8.8063,0,3,0,approved,0
4586,damage,auto,faisalabad,punjab,61986,44,1,5.172,1,4,2,rejected,1
4587,other,home,sialkot,punjab,22604,64,18,7.765,1,1,0,in_review,0
4588,damage,home,quetta,balochistan,20401,58,28,1.8948,1,7,0,approved,0
4589,damage,home,islamabad,islamabad,50313,53,7,2.7034,1,3,0,rejected,1
4590,theft,home,multan,punjab,13240,64,10,0.768,0,3,0,submitted,0
4591,home,home,lahore,punjab,38328,64,12,2.112,0,3,0,submitted,0
4592,medical,auto,peshawar,kpk,139166,56,16,26.8712,2,8,0,submitted,0
4593,auto,auto,mardan,kpk,16735,64,8,1.8346,0,0,0,submitted,0
4594,pet,pet,sukkur,sindh,8139,53,11,1.514,0,6,1,approved,0
4595,pet,pet,mardan,kpk,16847,44,2,0.8004,1,4,2,rejected,1
4596,other,auto,mardan,kpk,5937,64,11,0.3145,0,4,0,submitted,0
4597,damage,home,abbottabad,kpk,77650,56,30,4.1059,0,2,0,in_review,0
4598,pet_care,pet,sialkot,punjab,14221,45,28,3.5642,0,0,0,in_review,1
4599,accident,life,peshawar,kpk,63633,58,0,3.5166,2,8,0,approved,0
4600,accident,auto,mardan,kpk,44592,45,7,17.6882,2,5,2,in_review,1
4601,other,pet,multan,punjab,8305,53,20,1.1476,2,8,1,approved,0
4602,life,life,rawalpindi,punjab,22184,56,29,1.1434,0,0,2,rejected,1
4603,damage,auto,peshawar,kpk,23665,45,27,2.9711,0,2,0,rejected,1
4604,life,life,lahore,punjab,66020,58,20,2.811,4,8,2,submitted,1
4605,home,home,abbottabad,kpk,26630,56,9,1.3389,2,7,1,in_review,1
4606,pet_care,pet,hyderabad,sindh,11562,53,19,0.6863,1,7,1,rejected,1
4607,theft,auto,mardan,kpk,14168,64,26,0.6215,2,3,1,approved,0
4608,pet_care,pet,sukkur,sindh,8464,56,29,1.6413,1,5,0,approved,0
4609,life,life,faisalabad,punjab,75402,64,0,7.4486,0,6,0,in_review,1
4610,theft,home,abbottabad,kpk,6098,58,18,0.5387,0,3,0,in_review,0
4611,pet_care,pet,mardan,kpk,8821,44,6,0.8067,3,9,2,rejected,1
4612,home,home,quetta,balochistan,18652,45,4,1.0155,3,3,1,rejected,1
4613,home,home,hyderabad,sindh,27812,56,9,3.1263,0,3,1,approved,0
4614,pet,pet,rawalpindi,punjab,7345,56,4,2.2796,0,2,0,submitted,0
4615,life,life,lahore,punjab,44435,56,10,6.5908,0,4,2,in_review,1
4616,medical,life,lahore,punjab,20789,64,8,1.1462,2,7,1,approved,0
4617,pet,pet,hyderabad,sindh,10359,64,8,1.1658,1,3,0,approved,0
4618,theft,home,islamabad,islamabad,13240,45,4,2.1266,1,4,0,approved,0
4619,medical,life,hyderabad,sindh,17660,61,24,5.1532,0,5,0,approved,0
4620,home,home,hyderabad,sindh,10046,58,23,0.4319,2,6,0,approved,0
4621,medical,auto,karachi,sindh,11685,45,22,0.8774,1,1,0,submitted,0
4622,damage,auto,gujranwala,punjab,32812,64,13,2.7596,2,6,1,in_review,0
4623,accident,life,karachi,sindh,97161,53,22,12.5596,0,6,1,in_review,0
4624,life,life,rawalpindi,punjab,38240,64,15,8.112,1,1,0,approved,0
4625,accident,life,rawalpindi,punjab,72881,53,4,3.8016,0,1,0,in_review,0
4626,life,life,hyderabad,sindh,126949,61,12,12.4987,0,2,2,rejected,1
4627,medical,auto,lahore,punjab,196932,44,14,28.2502,1,5,0,approved,0
4628,pet_care,pet,gujranwala,punjab,28265,64,6,1.655,0,5,1,approved,0
4629,theft,auto,gujranwala,punjab,30104,61,26,4.7038,0,0,2,in_review,1
4630,damage,auto,mardan,kpk,11380,45,2,0.6636,0,3,0,approved,0
4631,life,life,sialkot,punjab,40554,58,8,1.9476,0,1,0,approved,0
4632,medical,auto,mardan,kpk,730373,45,24,51.4673,1,2,0,submitted,0
4633,medical,auto,abbottabad,kpk,89488,58,1,28.5175,1,2,0,submitted,0
4634,pet,pet,hyderabad,sindh,10806,64,20,0.6041,2,3,1,rejected,1
4635,life,life,mardan,kpk,11694,58,27,0.8303,0,2,1,approved,0
4636,other,pet,multan,punjab,26507,64,0,2.3472,1,4,0,submitted,0
4637,other,auto,peshawar,kpk,54516,45,29,5.945,0,3,1,submitted,0
4638,other,home,sukkur,sindh,56283,61,18,3.5006,0,3,0,approved,0
4639,life,life,islamabad,islamabad,29658,64,7,1.9117,0,1,0,in_review,1
4640,home,home,lahore,punjab,18044,53,16,1.8199,1,5,0,rejected,1
4641,damage,home,lahore,punjab,23321,58,15,1.0346,2,6,1,approved,0
4642,auto,auto,sukkur,sindh,16052,61,13,2.2273,0,1,0,submitted,1
4643,pet,pet,rawalpindi,punjab,18198,44,9,2.5635,2,5,0,approved,0
4644,life,life,sukkur,sindh,144702,64,15,9.2255,0,1,0,approved,0
4645,other,auto,multan,punjab,35714,45,19,1.5152,0,3,2,approved,0
4646,pet_care,pet,hyderabad,sindh,25685,53,14,1.5991,2,6,1,approved,0
4647,life,life,mardan,kpk,40720,56,24,3.3795,0,6,1,submitted,0
4648,other,pet,hyderabad,sindh,26741,45,15,1.0701,0,6,2,rejected,1
4649,accident,life,multan,punjab,26193,61,12,1.051,3,3,0,rejected,1
4650,medical,auto,gujranwala,punjab,32078,64,7,5.546,0,1,0,approved,0
4651,pet_care,pet,abbottabad,kpk,8956,56,3,0.3645,1,1,0,submitted,0
4652,accident,life,faisalabad,punjab,93612,64,12,22.7656,0,1,0,approved,0
4653,auto,auto,karachi,sindh,32039,64,9,1.2828,0,4,0,approved,0
4654,other,pet,sialkot,punjab,14621,61,0,0.6178,0,1,1,in_review,0
4655,pet,pet,hyderabad,sindh,13990,61,0,5.0324,1,6,1,approved,0
4656,medical,auto,faisalabad,punjab,22315,45,15,6.4476,1,2,0,approved,0
4657,other,home,karachi,sindh,24498,64,16,0.9889,0,0,0,approved,0
4658,life,life,peshawar,kpk,68511,64,2,25.2064,0,6,0,submitted,0
4659,life,life,multan,punjab,125459,58,24,6.2343,0,4,0,submitted,1
4660,pet_care,pet,rawalpindi,punjab,9030,44,30,0.3944,1,1,1,submitted,0
4661,medical,life,lahore,punjab,38739,53,22,14.9053,3,5,2,in_review,1
4662,pet_care,pet,faisalabad,punjab,26687,61,9,7.4461,0,6,2,in_review,1
4663,theft,auto,faisalabad,punjab,9821,58,3,0.7905,1,2,0,approved,0
4664,auto,auto,hyderabad,sindh,12013,53,22,1.1469,1,1,1,approved,0
4665,pet_care,pet,islamabad,islamabad,7437,61,1,0.4588,1,4,1,approved,0
4666,damage,auto,multan,punjab,31475,64,25,1.2711,3,7,3,rejected,1
4667,other,others,multan,punjab,25933,53,24,8.7375,0,3,0,submitted,0
4668,accident,auto,abbottabad,kpk,26419,44,5,1.4396,0,3,0,submitted,0
4669,home,home,rawalpindi,punjab,29259,56,14,1.442,0,2,0,approved,0
4670,medical,life,karachi,sindh,70645,61,16,25.2574,0,5,1,approved,0
4671,auto,auto,mardan,kpk,89122,64,29,6.2128,1,2,2,in_review,1
4672,other,life,multan,punjab,18445,61,12,4.5087,0,4,0,submitted,0
4673,medical,auto,faisalabad,punjab,85069,45,21,16.3061,0,1,1,approved,0
4674,damage,auto,hyderabad,sindh,15684,44,11,0.7189,3,3,3,rejected,1
4675,pet,pet,peshawar,kpk,19997,44,1,1.0897,0,6,0,approved,0
4676,other,others,peshawar,kpk,67632,44,27,6.1731,1,7,0,in_review,1
4677,other,home,peshawar,kpk,16330,56,11,0.7313,0,4,0,approved,0
4678,accident,life,hyderabad,sindh,12793,45,28,0.717,0,0,0,approved,0
4679,auto,auto,hyderabad,sindh,17580,56,18,5.043,0,4,0,approved,0
4680,life,life,quetta,balochistan,28414,56,7,3.2103,1,5,1,approved,0
4681,accident,life,quetta,balochistan,24483,56,5,5.9905,0,5,1,submitted,0
4682,home,home,abbottabad,kpk,104975,45,22,10.0957,0,5,0,approved,0
4683,accident,life,faisalabad,punjab,78720,58,18,8.2111,0,4,0,approved,0
4684,pet_care,pet,lahore,punjab,6113,44,1,0.3787,0,5,0,approved,0
4685,pet_care,pet,lahore,punjab,6083,61,10,1.2514,3,8,3,in_review,1
4686,pet_care,pet,karachi,sindh,8128,45,1,2.1548,0,0,0,approved,0
4687,auto,auto,karachi,sindh,23872,53,12,1.4484,0,1,1,approved,0
4688,pet,pet,karachi,sindh,16835,64,28,0.9288,1,4,2,rejected,1
4689,pet_care,pet,faisalabad,punjab,5000,56,25,0.272,0,6,0,approved,0
4690,auto,auto,sukkur,sindh,43126,64,10,4.7517,0,4,1,submitted,0
4691,medical,auto,islamabad,islamabad,40868,58,9,2.0213,1,4,0,approved,0
4692,pet_care,pet,peshawar,kpk,15078,44,4,2.1761,3,6,0,in_review,1
4693,pet_care,pet,lahore,punjab,6506,58,4,0.4922,0,2,0,submitted,0
4694,other,life,abbottabad,kpk,57725,45,18,3.0927,0,1,0,submitted,0
4695,damage,auto,sukkur,sindh,7834,58,8,2.5761,0,2,1,rejected,1
4696,theft,auto,rawalpindi,punjab,26304,61,4,1.0867,0,3,0,approved,0
4697,accident,life,rawalpindi,punjab,27490,64,12,2.3877,3,5,3,in_review,1
4698,other,pet,quetta,balochistan,11780,61,12,0.6256,1,5,1,submitted,0
4699,damage,auto,quetta,balochistan,46701,44,16,6.4194,1,1,0,approved,0
4700,auto,auto,rawalpindi,punjab,56917,58,17,3.1557,0,4,0,in_review,0
4701,pet,pet,peshawar,kpk,13444,45,22,1.148,0,3,0,submitted,0
4702,pet_care,pet,sukkur,sindh,5000,64,4,0.3239,1,4,0,approved,0
4703,auto,auto,gujranwala,punjab,19906,61,6,1.2007,2,2,3,approved,0
4704,home,home,sukkur,sindh,70979,44,28,30.0504,0,3,0,approved,0
4705,damage,home,mardan,kpk,32142,58,4,4.9863,4,7,1,in_review,1
4706,medical,auto,sukkur,sindh,35397,53,4,1.6914,0,6,0,approved,0
4707,other,home,gujranwala,punjab,25844,53,13,1.9467,1,3,1,approved,0
4708,accident,life,islamabad,islamabad,128949,64,30,46.3679,1,6,0,approved,0
4709,pet,pet,peshawar,kpk,13324,45,6,1.1249,0,4,0,approved,0
4710,home,home,lahore,punjab,13837,61,23,1.9702,0,5,1,approved,0
4711,damage,home,gujranwala,punjab,24669,61,11,1.1401,2,6,1,submitted,0
4712,pet,pet,quetta,balochistan,11688,45,12,0.8666,1,1,0,approved,0
4713,auto,auto,quetta,balochistan,49146,53,18,2.1892,0,5,0,rejected,1
4714,damage,auto,hyderabad,sindh,38699,61,10,1.9915,0,6,0,in_review,0
4715,auto,auto,karachi,sindh,32445,64,21,20.1647,0,4,0,approved,0
4716,theft,auto,sukkur,sindh,35615,45,27,5.3452,2,4,1,approved,0
4717,pet_care,pet,rawalpindi,punjab,18180,56,22,1.1048,3,6,1,in_review,1
4718,other,pet,peshawar,kpk,5000,56,25,0.242,0,2,1,approved,0
4719,other,others,sukkur,sindh,7690,44,17,0.7518,2,8,0,approved,0
4720,pet,pet,faisalabad,punjab,5000,64,11,0.4367,3,9,3,rejected,1
4721,pet,pet,sialkot,punjab,9485,58,30,0.4263,1,5,0,approved,0
4722,accident,auto,quetta,balochistan,19550,61,15,0.8867,0,0,0,approved,0
4723,other,pet,multan,punjab,18783,61,21,0.9192,0,3,0,approved,0
4724,theft,auto,sialkot,punjab,7994,58,3,0.8945,1,7,0,approved,0
4725,auto,auto,islamabad,islamabad,68427,56,26,6.3488,0,3,0,approved,0
4726,life,life,multan,punjab,110604,53,29,15.2831,4,5,0,rejected,1
4727,pet_care,pet,karachi,sindh,12090,64,4,0.5881,0,3,0,approved,0
4728,life,life,sialkot,punjab,87773,58,23,5.7267,2,2,0,in_review,0
4729,medical,auto,abbottabad,kpk,40240,45,15,3.0508,0,0,0,approved,0
4730,damage,auto,multan,punjab,9354,61,15,2.979,0,6,0,approved,0
4731,damage,home,lahore,punjab,59657,58,21,4.2277,1,3,0,approved,0
4732,accident,auto,sukkur,sindh,60974,56,9,2.643,0,3,3,rejected,1
4733,damage,home,hyderabad,sindh,8161,58,13,3.4018,1,1,2,submitted,1
4734,pet,pet,quetta,balochistan,12489,61,2,0.7128,0,1,0,approved,0
4735,pet,pet,karachi,sindh,13795,45,23,1.0254,0,3,0,approved,0
4736,medical,auto,quetta,balochistan,78855,56,30,5.3069,3,9,3,submitted,1
4737,accident,auto,faisalabad,punjab,144708,64,11,15.5835,2,5,2,rejected,1
4738,pet,pet,gujranwala,punjab,12821,64,12,0.6799,1,7,0,approved,0
4739,accident,life,peshawar,kpk,21149,58,3,0.8766,2,5,0,submitted,0
4740,other,pet,rawalpindi,punjab,44757,64,2,10.2442,1,2,1,submitted,0
4741,pet,pet,sukkur,sindh,5000,64,21,0.302,2,4,1,approved,0
4742,pet,pet,abbottabad,kpk,12643,45,20,3.5867,0,3,1,approved,0
4743,medical,life,gujranwala,punjab,165505,64,1,28.8839,0,1,0,approved,0
4744,auto,auto,islamabad,islamabad,26559,45,8,1.774,0,3,2,in_review,1
4745,pet,pet,faisalabad,punjab,5000,56,19,1.5202,0,2,0,approved,0
4746,pet_care,pet,mardan,kpk,5476,64,2,0.3749,1,2,0,submitted,0
4747,life,life,mardan,kpk,27196,53,2,1.1511,1,5,0,approved,0
4748,other,home,gujranwala,punjab,6968,64,8,0.802,0,0,1,rejected,1
4749,pet,pet,sukkur,sindh,10867,53,10,0.7214,3,8,1,rejected,1
4750,pet_care,pet,lahore,punjab,33676,53,23,1.395,0,4,1,approved,0
4751,accident,life,mardan,kpk,60812,56,20,7.9774,1,6,0,approved,0
4752,other,others,quetta,balochistan,6756,45,29,1.7516,1,2,0,approved,0
4753,theft,auto,hyderabad,sindh,10554,58,5,2.3319,0,1,1,in_review,1
4754,auto,auto,faisalabad,punjab,28056,56,6,13.7395,0,6,3,rejected,1
4755,medical,life,islamabad,islamabad,6601,44,28,0.3234,2,8,0,in_review,0
4756,theft,home,multan,punjab,17420,58,7,5.3452,0,4,0,approved,0
4757,life,life,multan,punjab,6673,58,16,2.3513,1,5,2,rejected,1
4758,life,life,peshawar,kpk,16956,58,28,1.0948,1,5,2,rejected,1
4759,home,home,islamabad,islamabad,43640,64,29,2.1048,2,2,0,approved,0
4760,pet_care,pet,sukkur,sindh,27998,64,3,1.1894,0,1,0,approved,0
4761,damage,auto,mardan,kpk,120969,64,8,6.1306,0,2,0,submitted,0
4762,other,pet,gujranwala,punjab,115413,58,17,4.892,1,7,1,submitted,0
4763,life,life,multan,punjab,151784,58,23,8.3133,1,5,0,approved,0
4764,pet,pet,quetta,balochistan,13240,56,13,0.5301,0,4,0,approved,0
4765,pet_care,pet,peshawar,kpk,5000,64,2,0.6171,1,1,0,submitted,0
4766,accident,life,lahore,punjab,19765,61,3,0.8896,0,4,1,approved,0
4767,auto,auto,islamabad,islamabad,8773,44,8,0.4041,0,2,0,submitted,0
4768,life,life,peshawar,kpk,168347,64,6,19.4778,1,4,0,approved,0
4769,pet,pet,rawalpindi,punjab,22286,64,19,2.132,2,2,0,in_review,0
4770,auto,auto,gujranwala,punjab,15691,53,13,1.9777,0,0,0,approved,0
4771,medical,auto,quetta,balochistan,52409,44,1,3.0798,0,4,3,rejected,1
4772,pet,pet,rawalpindi,punjab,42399,61,23,2.5314,0,2,2,rejected,1
4773,other,auto,sukkur,sindh,11663,61,19,1.161,0,2,0,approved,0
4774,auto,auto,sukkur,sindh,31480,53,10,1.5016,0,1,0,submitted,0
4775,pet,pet,faisalabad,punjab,27587,56,15,5.8546,0,1,0,submitted,0
4776,damage,home,mardan,kpk,31726,56,28,12.9178,1,5,0,submitted,0
4777,theft,auto,faisalabad,punjab,63618,64,8,3.0947,1,5,0,submitted,0
4778,home,home,sukkur,sindh,79602,53,1,6.8205,2,6,2,rejected,1
4779,pet_care,pet,karachi,sindh,8503,53,29,0.963,2,3,0,submitted,0
4780,accident,auto,multan,punjab,62123,56,18,4.971,4,4,0,submitted,1
4781,other,home,multan,punjab,44919,56,0,18.7475,0,4,0,approved,0
4782,pet_care,pet,islamabad,islamabad,15542,64,22,0.7069,0,1,3,in_review,1
4783,life,life,karachi,sindh,70171,44,6,3.8172,1,4,1,approved,0
4784,damage,auto,gujranwala,punjab,44463,64,7,3.0243,0,5,0,approved,0
4785,auto,auto,multan,punjab,11436,45,1,1.0569,2,7,1,approved,0
4786,pet_care,pet,quetta,balochistan,10062,45,21,6.1844,0,5,0,approved,0
4787,auto,auto,abbottabad,kpk,23928,44,20,2.5879,1,2,0,submitted,0
4788,life,life,faisalabad,punjab,147984,61,8,15.004,1,2,0,submitted,0
4789,life,life,karachi,sindh,14629,64,25,5.4893,1,1,0,approved,0
4790,home,home,sialkot,punjab,19005,64,27,3.9454,1,3,0,approved,0
4791,other,pet,sialkot,punjab,25179,64,8,1.5992,2,7,1,approved,0
4792,life,life,sialkot,punjab,27409,45,1,1.764,1,3,0,submitted,0
4793,accident,auto,sialkot,punjab,28951,44,22,12.3775,0,0,0,approved,0
4794,damage,home,peshawar,kpk,15349,56,0,1.3526,0,6,3,rejected,1
4795,home,home,hyderabad,sindh,34475,53,21,1.886,3,4,1,rejected,1
4796,home,home,faisalabad,punjab,7419,58,16,0.3314,0,4,0,approved,0
4797,medical,auto,rawalpindi,punjab,80236,64,25,6.6774,0,5,0,approved,0
4798,theft,auto,multan,punjab,43518,58,17,2.8452,0,2,0,approved,0
4799,pet,pet,mardan,kpk,9866,44,3,3.8434,0,1,0,approved,0
4800,other,pet,peshawar,kpk,10171,58,22,1.305,1,1,0,in_review,0
4801,pet,pet,islamabad,islamabad,6874,64,9,0.4428,0,0,0,approved,0
4802,damage,auto,sialkot,punjab,20847,44,29,2.2346,0,5,0,in_review,1
4803,auto,auto,sialkot,punjab,10026,44,7,3.0604,0,0,0,approved,0
4804,life,life,faisalabad,punjab,42439,61,6,4.0261,1,4,0,approved,0
4805,theft,home,lahore,punjab,7275,64,16,0.7058,1,7,2,rejected,1
4806,auto,auto,multan,punjab,33041,61,19,2.8634,0,3,2,in_review,1
4807,auto,auto,islamabad,islamabad,21505,53,14,6.5885,2,6,0,approved,0
4808,medical,auto,rawalpindi,punjab,16533,53,20,1.8841,0,1,0,approved,0
4809,theft,home,multan,punjab,17682,64,23,0.917,2,5,1,approved,0
4810,pet,pet,islamabad,islamabad,16975,58,29,0.8394,2,7,3,submitted,1
4811,pet,pet,multan,punjab,24249,53,1,3.0579,0,4,0,approved,0
4812,pet_care,pet,faisalabad,punjab,5915,53,19,0.5727,0,4,0,approved,0
4813,medical,auto,multan,punjab,37773,56,15,1.8059,4,9,2,submitted,1
4814,medical,auto,sukkur,sindh,61666,64,0,5.7535,0,6,0,approved,0
4815,other,auto,karachi,sindh,39541,64,12,1.7186,2,5,0,approved,0
4816,home,home,lahore,punjab,9953,58,26,0.7761,2,5,3,rejected,1
4817,auto,auto,gujranwala,punjab,14052,64,24,1.2202,2,7,2,rejected,1
4818,accident,auto,abbottabad,kpk,40366,45,8,5.489,0,2,0,submitted,0
4819,pet,pet,karachi,sindh,7069,53,10,0.6922,0,3,1,approved,0
4820,medical,auto,rawalpindi,punjab,43230,53,28,3.2666,0,2,0,approved,0
4821,theft,home,lahore,punjab,13835,61,12,5.501,4,5,1,submitted,1
4822,life,life,gujranwala,punjab,60451,45,5,5.3615,0,5,0,approved,0
4823,damage,home,mardan,kpk,9115,44,28,0.4166,4,7,2,submitted,1
4824,theft,home,karachi,sindh,56431,45,16,3.2763,1,4,1,approved,0
4825,damage,auto,peshawar,kpk,10164,64,29,0.8755,0,3,0,approved,0
4826,accident,life,lahore,punjab,76074,44,22,8.6773,2,6,1,approved,0
4827,pet_care,pet,abbottabad,kpk,7849,61,9,0.3369,2,8,1,approved,0
4828,other,pet,islamabad,islamabad,25315,64,2,2.0118,0,6,0,submitted,0
4829,pet,pet,sialkot,punjab,7911,56,2,0.3828,0,6,3,rejected,1
4830,accident,auto,multan,punjab,17361,53,2,2.7323,1,3,1,submitted,0
4831,other,life,sialkot,punjab,14139,45,1,0.8711,4,9,1,rejected,1
4832,life,life,lahore,punjab,30637,58,11,1.6789,3,8,1,in_review,1
4833,home,home,hyderabad,sindh,57875,61,2,6.3634,0,2,1,approved,0
4834,pet,pet,islamabad,islamabad,14227,64,12,1.0404,0,5,2,rejected,1
4835,pet,pet,gujranwala,punjab,6270,45,1,0.9571,0,0,0,submitted,0
4836,damage,home,peshawar,kpk,44953,45,30,1.8622,1,6,1,approved,0
4837,pet_care,pet,sukkur,sindh,5375,64,27,0.2318,0,2,1,submitted,0
4838,accident,life,quetta,balochistan,26549,45,22,3.9472,1,5,0,approved,0
4839,pet,pet,sialkot,punjab,14185,58,3,0.6961,0,6,0,approved,0
4840,theft,auto,hyderabad,sindh,16287,61,18,1.6208,0,6,1,approved,0
4841,auto,auto,lahore,punjab,42758,64,16,5.2814,0,2,1,submitted,1
4842,pet_care,pet,abbottabad,kpk,27354,64,25,2.019,0,4,0,approved,0
4843,life,life,multan,punjab,61055,64,24,5.8667,0,2,0,approved,0
4844,home,home,abbottabad,kpk,57586,44,10,12.0448,0,1,0,approved,0
4845,pet_care,pet,abbottabad,kpk,14377,61,24,1.0186,1,3,0,submitted,0
4846,other,life,hyderabad,sindh,6534,64,9,2.9472,0,1,0,approved,0
4847,accident,auto,multan,punjab,170938,53,17,9.2339,0,4,0,approved,0
4848,accident,life,lahore,punjab,19068,61,5,0.9392,0,4,3,in_review,1
4849,other,life,multan,punjab,19342,64,0,1.2097,0,5,0,approved,0
4850,accident,life,karachi,sindh,23554,64,18,1.4129,0,4,0,approved,0
4851,home,home,hyderabad,sindh,15293,64,22,1.5496,3,9,2,in_review,1
4852,pet,pet,peshawar,kpk,12284,64,29,1.2246,0,4,0,approved,0
4853,damage,auto,mardan,kpk,69585,53,30,3.1892,0,4,0,approved,0
4854,life,life,lahore,punjab,116949,56,17,16.8054,4,8,1,in_review,1
4855,accident,life,hyderabad,sindh,58703,44,5,21.1314,1,3,0,in_review,0
4856,damage,home,quetta,balochistan,144779,44,21,23.446,0,0,1,approved,0
4857,pet,pet,sukkur,sindh,7517,58,0,2.1557,0,6,0,approved,0
4858,accident,life,mardan,kpk,11529,56,25,0.9969,3,8,1,rejected,1
4859,auto,auto,sukkur,sindh,33688,44,16,7.2106,0,3,0,approved,0
4860,damage,auto,gujranwala,punjab,117332,44,15,16.9825,0,2,1,submitted,0
4861,pet_care,pet,karachi,sindh,18227,44,20,1.1559,1,1,1,approved,0
4862,accident,life,karachi,sindh,75997,56,20,10.3369,0,1,0,approved,0
4863,accident,auto,lahore,punjab,5000,64,2,0.3587,2,3,0,approved,0
4864,pet_care,pet,abbottabad,kpk,16566,61,30,1.297,1,6,2,rejected,1
4865,life,life,quetta,balochistan,81309,58,27,4.6135,0,0,0,approved,0
4866,life,life,gujranwala,punjab,54489,61,2,4.1614,1,2,0,approved,0
4867,pet_care,pet,faisalabad,punjab,7626,45,17,1.6048,2,5,1,approved,0
4868,other,home,hyderabad,sindh,47124,45,14,13.9544,2,3,1,approved,0
4869,auto,auto,abbottabad,kpk,29581,64,4,1.2648,1,7,1,submitted,0
4870,pet_care,pet,quetta,balochistan,7396,64,30,3.0486,2,4,0,approved,0
4871,home,home,gujranwala,punjab,78973,45,15,5.3084,2,2,2,submitted,1
4872,auto,auto,multan,punjab,75374,58,20,5.7559,1,5,0,approved,0
4873,auto,auto,karachi,sindh,23150,58,29,1.0011,2,6,1,submitted,0
4874,theft,auto,peshawar,kpk,38497,56,9,3.625,0,3,3,rejected,1
4875,damage,auto,mardan,kpk,32948,61,9,3.0225,0,0,0,approved,0
4876,other,home,islamabad,islamabad,13176,53,24,4.0805,0,0,1,approved,0
4877,other,home,sukkur,sindh,21063,58,19,2.3574,1,1,0,approved,0
4878,pet_care,pet,lahore,punjab,5527,64,30,0.2865,0,1,3,submitted,1
4879,theft,home,karachi,sindh,22553,56,30,2.144,1,1,0,approved,0
4880,accident,auto,quetta,balochistan,58460,64,29,12.2712,1,7,2,in_review,1
4881,pet_care,pet,peshawar,kpk,10729,64,10,0.4423,2,3,0,rejected,1
4882,theft,auto,quetta,balochistan,6955,53,21,4.609,0,2,0,approved,0
4883,pet_care,pet,islamabad,islamabad,15753,56,18,0.6486,2,7,0,in_review,1
4884,pet,pet,islamabad,islamabad,32837,45,12,9.198,0,1,0,approved,0
4885,pet,pet,sialkot,punjab,19713,61,20,6.8878,3,4,0,rejected,1
4886,medical,life,mardan,kpk,36563,61,21,4.8428,0,3,0,in_review,0
4887,auto,auto,faisalabad,punjab,17105,44,27,1.3724,0,3,0,approved,0
4888,theft,home,lahore,punjab,36813,44,19,2.8882,0,3,0,approved,0
4889,accident,auto,hyderabad,sindh,38461,53,27,3.4322,0,1,3,rejected,1
4890,other,life,faisalabad,punjab,13848,64,21,0.8645,0,2,0,approved,0
4891,home,home,sukkur,sindh,37074,61,29,3.9766,0,1,2,in_review,1
4892,life,life,sialkot,punjab,57383,64,22,34.8198,0,1,0,approved,0
4893,home,home,quetta,balochistan,27529,45,6,2.8566,2,3,2,in_review,1
4894,pet,pet,multan,punjab,11911,58,9,1.4538,0,5,0,approved,0
4895,home,home,peshawar,kpk,41017,56,14,4.5834,0,5,1,approved,0
4896,pet,pet,quetta,balochistan,20452,61,19,1.5723,0,0,0,approved,0
4897,life,life,lahore,punjab,40614,64,7,2.88,0,1,0,approved,0
4898,pet_care,pet,multan,punjab,20240,44,16,1.6654,0,4,0,approved,0
4899,other,pet,lahore,punjab,246316,56,11,17.1709,0,0,0,approved,0
4900,pet,pet,gujranwala,punjab,50511,64,13,3.8476,2,7,0,in_review,0
4901,auto,auto,sialkot,punjab,10449,44,19,0.5076,3,3,3,in_review,1
4902,pet_care,pet,gujranwala,punjab,11496,64,23,0.6204,1,6,0,approved,0
4903,medical,auto,gujranwala,punjab,91388,45,18,7.8344,0,4,3,rejected,1
4904,theft,auto,hyderabad,sindh,5000,61,25,0.2055,0,5,0,approved,0
4905,pet,pet,mardan,kpk,18310,45,14,1.8134,1,5,1,approved,0
4906,theft,home,sukkur,sindh,20088,58,3,0.9379,2,8,3,in_review,1
4907,home,home,quetta,balochistan,30315,53,16,3.365,1,4,0,submitted,0
4908,medical,auto,quetta,balochistan,72231,61,0,13.0522,1,2,0,approved,0
4909,medical,auto,sukkur,sindh,321597,64,19,59.2696,0,6,1,in_review,0
4910,damage,auto,sialkot,punjab,14624,58,16,2.2818,0,6,1,submitted,0
4911,other,others,sukkur,sindh,5158,56,19,0.2795,1,4,1,approved,0
4912,pet,pet,sialkot,punjab,16440,64,26,0.8278,0,5,3,rejected,1
4913,damage,home,rawalpindi,punjab,24772,61,21,1.1699,0,1,0,approved,0
4914,life,life,islamabad,islamabad,51604,64,6,2.324,0,0,0,submitted,0
4915,home,home,islamabad,islamabad,61709,64,19,3.6024,1,1,0,approved,0
4916,home,home,abbottabad,kpk,17015,53,12,1.0014,0,6,0,approved,0
4917,auto,auto,multan,punjab,20010,61,4,1.086,1,4,1,approved,0
4918,pet,pet,lahore,punjab,5000,61,17,0.4022,0,2,0,approved,0
4919,auto,auto,hyderabad,sindh,18014,64,1,2.713,0,2,0,submitted,0
4920,pet,pet,quetta,balochistan,7972,45,11,0.4239,0,4,0,approved,0
4921,life,life,sialkot,punjab,71543,44,8,35.8791,0,5,0,approved,0
4922,home,home,quetta,balochistan,6886,64,20,0.6298,0,2,0,in_review,0
4923,pet,pet,lahore,punjab,9397,64,7,1.8002,2,7,2,rejected,1
4924,theft,auto,abbottabad,kpk,7908,45,25,0.3622,0,1,0,submitted,0
4925,pet_care,pet,quetta,balochistan,27515,64,13,8.3531,1,4,1,submitted,0
4926,life,life,karachi,sindh,161531,61,0,9.6035,0,2,1,rejected,1
4927,accident,life,faisalabad,punjab,31673,44,23,7.2197,0,5,1,submitted,0
4928,accident,life,peshawar,kpk,54260,58,3,25.0739,0,1,1,approved,0
4929,home,home,rawalpindi,punjab,46143,44,7,4.1902,0,4,1,approved,0
4930,pet,pet,islamabad,islamabad,7045,56,10,0.4995,0,4,0,approved,0
4931,other,pet,quetta,balochistan,24844,61,22,1.3877,3,7,1,rejected,1
4932,pet_care,pet,lahore,punjab,15711,61,21,0.7344,0,0,0,approved,0
4933,pet_care,pet,islamabad,islamabad,26362,53,19,1.1592,0,5,0,approved,0
4934,pet,pet,gujranwala,punjab,12909,56,25,0.6138,2,3,0,approved,0
4935,pet_care,pet,islamabad,islamabad,12880,45,2,1.0465,0,3,0,approved,0
4936,pet,pet,quetta,balochistan,17565,53,22,0.9046,0,0,0,rejected,1
4937,pet,pet,gujranwala,punjab,16272,53,27,0.6677,1,7,0,approved,0
4938,theft,home,peshawar,kpk,28297,45,28,1.1894,0,2,0,submitted,0
4939,auto,auto,quetta,balochistan,32646,64,13,1.7445,0,2,1,submitted,0
4940,accident,auto,lahore,punjab,83922,61,15,4.4242,0,6,0,submitted,0
4941,damage,home,rawalpindi,punjab,19347,53,23,1.068,0,6,0,approved,0
4942,pet,pet,mardan,kpk,17123,58,4,5.7634,0,5,1,in_review,0
4943,accident,auto,hyderabad,sindh,27757,56,0,1.6372,2,4,1,approved,0
4944,home,home,multan,punjab,92364,64,22,7.4977,1,6,0,approved,0
4945,life,life,islamabad,islamabad,188560,58,7,12.0547,1,7,1,approved,0
4946,theft,home,sukkur,sindh,8236,64,21,0.4565,0,6,0,approved,0
4947,life,life,gujranwala,punjab,29844,58,29,4.7973,0,5,3,rejected,1
4948,home,home,peshawar,kpk,6559,58,29,0.4569,1,2,0,in_review,0
4949,life,life,multan,punjab,14588,45,4,0.7475,0,6,1,submitted,0
4950,damage,auto,abbottabad,kpk,27806,58,5,1.9651,0,1,0,approved,0
4951,pet_care,pet,karachi,sindh,6481,61,9,0.3364,2,7,1,approved,0
4952,pet,pet,sukkur,sindh,26417,45,4,1.2381,1,6,1,approved,0
4953,accident,life,gujranwala,punjab,7947,44,6,1.408,3,7,3,submitted,1
4954,accident,life,gujranwala,punjab,91573,44,24,6.0693,4,4,1,rejected,1
4955,auto,auto,islamabad,islamabad,26460,53,7,5.7273,0,0,0,approved,0
4956,damage,home,rawalpindi,punjab,10860,64,12,3.9051,0,5,1,in_review,1
4957,home,home,peshawar,kpk,138252,45,21,80.8491,1,1,0,rejected,1
4958,damage,auto,rawalpindi,punjab,23374,58,30,6.6178,2,3,0,approved,0
4959,auto,auto,multan,punjab,98818,61,16,9.2892,4,4,2,rejected,1
4960,home,home,quetta,balochistan,53169,61,22,5.1218,0,3,2,in_review,1
4961,theft,home,hyderabad,sindh,11598,45,15,3.1906,0,3,0,approved,0
4962,life,life,lahore,punjab,108527,64,20,29.1896,3,6,0,in_review,1
4963,pet,pet,mardan,kpk,14274,45,17,0.6906,0,6,0,in_review,0
4964,auto,auto,sialkot,punjab,86285,64,21,3.8294,0,5,0,approved,0
4965,accident,life,sukkur,sindh,91141,56,12,22.068,2,2,0,approved,0
4966,theft,home,karachi,sindh,27252,45,27,1.1359,1,1,0,approved,0
4967,pet,pet,sialkot,punjab,16344,45,0,2.0892,1,5,0,approved,0
4968,medical,auto,gujranwala,punjab,14812,64,5,0.5956,0,1,1,submitted,0
4969,theft,home,rawalpindi,punjab,10024,53,25,0.8562,1,2,0,approved,0
4970,auto,auto,quetta,balochistan,71844,58,25,7.8117,1,6,0,approved,0
4971,life,life,karachi,sindh,76034,44,18,3.1519,0,0,0,approved,0
4972,pet_care,pet,multan,punjab,8885,45,22,0.5012,0,1,2,rejected,1
4973,pet_care,pet,sialkot,punjab,15931,64,11,2.4123,0,6,0,approved,0
4974,pet,pet,islamabad,islamabad,29305,64,4,7.6534,2,6,2,rejected,1
4975,medical,life,lahore,punjab,30337,53,20,2.3524,0,0,0,approved,0
4976,medical,auto,hyderabad,sindh,73656,45,5,2.9471,3,8,3,rejected,1
4977,damage,home,islamabad,islamabad,7317,53,0,1.3702,1,1,0,approved,0
4978,medical,life,lahore,punjab,69666,45,16,3.2868,1,5,0,approved,0
4979,accident,auto,lahore,punjab,10691,45,21,0.5869,0,2,0,in_review,0
4980,pet,pet,rawalpindi,punjab,11079,58,11,0.5749,0,6,0,approved,0
4981,pet,pet,peshawar,kpk,6890,44,8,2.1626,0,1,0,approved,0
4982,auto,auto,sukkur,sindh,40694,58,24,3.8919,0,1,0,in_review,0
4983,pet_care,pet,quetta,balochistan,13843,44,2,2.1261,0,4,0,submitted,0
4984,auto,auto,abbottabad,kpk,31062,61,28,1.3186,0,4,0,submitted,0
4985,theft,auto,lahore,punjab,51990,64,8,5.4292,3,5,1,in_review,1
4986,medical,life,karachi,sindh,27869,64,14,3.6067,0,0,0,in_review,0
4987,other,pet,karachi,sindh,59014,61,21,13.5789,0,4,0,approved,0
4988,other,life,hyderabad,sindh,9926,56,0,1.7962,0,1,1,submitted,0
4989,other,pet,lahore,punjab,85759,64,27,6.1906,0,6,0,approved,0
4990,other,life,gujranwala,punjab,13262,44,8,1.5553,0,5,1,submitted,0
4991,pet,pet,hyderabad,sindh,5311,61,14,0.4912,0,1,0,approved,0
4992,accident,auto,sukkur,sindh,10815,64,30,0.5266,0,2,0,approved,0
4993,medical,auto,lahore,punjab,97504,64,10,4.8589,0,0,0,submitted,0
4994,medical,life,islamabad,islamabad,51347,58,21,4.6535,1,5,2,rejected,1
4995,pet,pet,multan,punjab,5457,64,16,0.5494,3,4,1,rejected,1
4996,theft,home,hyderabad,sindh,72282,64,22,2.9472,0,4,0,approved,0
4997,accident,life,islamabad,islamabad,9880,56,12,0.897,0,3,0,approved,0
4998,pet,pet,gujranwala,punjab,8745,44,23,0.4368,0,0,1,approved,0
4999,theft,auto,quetta,balochistan,89512,44,18,18.3314,0,5,0,approved,0
5000,medical,auto,multan,punjab,33630,45,14,1.5988,0,5,1,approved,0
5001,medical,auto,gujranwala,punjab,29316,58,9,1.7262,0,2,2,in_review,1
5002,medical,life,mardan,kpk,158038,45,14,6.9266,0,1,0,approved,0
5003,theft,auto,sialkot,punjab,42600,58,18,4.1128,0,5,2,rejected,1
5004,home,home,faisalabad,punjab,30016,64,7,3.4919,1,1,0,approved,0
5005,life,life,quetta,balochistan,59975,44,0,4.7535,0,6,0,approved,0
5006,other,pet,peshawar,kpk,23061,64,13,0.9487,0,4,0,approved,0
5007,auto,auto,peshawar,kpk,65725,58,5,8.0104,3,8,3,in_review,1
5008,life,life,mardan,kpk,56008,56,17,2.7894,2,5,1,approved,0
5009,medical,life,sukkur,sindh,105443,44,4,27.719,0,5,0,submitted,0
5010,damage,auto,gujranwala,punjab,19939,64,29,1.3798,0,1,1,approved,0
5011,home,home,sialkot,punjab,54504,44,16,4.7403,0,4,1,submitted,0
5012,home,home,gujranwala,punjab,56558,53,25,3.2883,1,7,3,submitted,1
5013,pet_care,pet,abbottabad,kpk,14605,53,3,0.8117,2,5,2,rejected,1
5014,damage,auto,islamabad,islamabad,159937,61,12,62.893,0,1,0,approved,0
5015,life,life,islamabad,islamabad,32133,56,15,6.3316,0,6,0,approved,0
5016,accident,life,karachi,sindh,17876,58,8,10.6405,1,2,0,approved,0
5017,medical,life,hyderabad,sindh,42217,61,19,2.2204,0,1,0,in_review,0
5018,home,home,sialkot,punjab,29263,64,5,10.4961,0,5,1,approved,0
5019,pet_care,pet,abbottabad,kpk,10461,64,16,0.5002,0,6,0,approved,0
5020,auto,auto,lahore,punjab,19912,45,26,1.4203,3,3,2,rejected,1
5021,medical,life,mardan,kpk,43776,53,4,2.1448,0,5,0,submitted,0
5022,medical,life,mardan,kpk,5000,45,16,0.2604,0,1,0,approved,0
5023,theft,auto,quetta,balochistan,46683,53,10,2.1476,1,1,0,approved,0
5024,pet_care,pet,islamabad,islamabad,15099,53,29,0.651,1,7,0,approved,0
5025,theft,auto,peshawar,kpk,51295,64,7,2.6846,1,5,1,submitted,0
5026,theft,home,sialkot,punjab,31459,61,3,2.9805,1,1,0,in_review,0
5027,accident,life,abbottabad,kpk,34608,44,13,1.744,1,4,2,rejected,1
5028,accident,auto,abbottabad,kpk,41219,64,24,5.6612,0,5,0,approved,0
5029,damage,auto,abbottabad,kpk,32994,58,13,1.3448,1,1,2,submitted,1
5030,theft,home,hyderabad,sindh,12349,45,0,0.5691,0,2,3,rejected,1
5031,medical,life,abbottabad,kpk,24459,64,14,3.5402,0,1,0,submitted,0
5032,pet,pet,sukkur,sindh,24146,64,30,1.5266,1,2,1,submitted,0
5033,pet_care,pet,gujranwala,punjab,10608,44,16,5.4178,0,0,0,submitted,0
5034,damage,home,sialkot,punjab,16827,64,24,0.8756,0,2,0,approved,0
5035,damage,auto,sukkur,sindh,13829,64,1,3.8107,1,4,0,approved,0
5036,life,life,peshawar,kpk,17485,64,3,3.1459,2,3,0,approved,0
5037,pet,pet,islamabad,islamabad,9363,53,16,1.1243,0,0,3,in_review,1
5038,accident,life,mardan,kpk,11815,64,8,1.8163,1,1,3,rejected,1
5039,pet,pet,karachi,sindh,40059,58,2,3.0394,1,6,0,approved,0
5040,accident,life,gujranwala,punjab,5000,56,22,0.2025,1,1,0,approved,0
5041,other,home,rawalpindi,punjab,25638,44,28,1.3677,2,3,0,approved,0
5042,other,life,abbottabad,kpk,12569,61,30,0.7016,1,1,1,approved,0
5043,home,home,peshawar,kpk,157997,61,21,13.7784,1,1,2,in_review,1
5044,damage,home,lahore,punjab,48605,64,5,3.8813,0,0,0,approved,0
5045,pet_care,pet,rawalpindi,punjab,6083,64,11,0.6392,0,5,0,approved,0
5046,pet_care,pet,multan,punjab,24519,64,2,2.0472,0,2,0,approved,0
5047,home,home,peshawar,kpk,72598,58,12,6.6837,4,6,2,in_review,1
5048,medical,auto,quetta,balochistan,36817,44,14,5.7788,1,6,0,submitted,0
5049,home,home,abbottabad,kpk,31417,53,6,2.1837,0,2,0,approved,0
5050,accident,life,peshawar,kpk,27302,56,7,1.833,0,4,0,approved,0
5051,pet_care,pet,karachi,sindh,30856,45,10,1.4568,0,1,1,approved,0
5052,pet_care,pet,hyderabad,sindh,7564,53,6,0.3412,1,4,1,rejected,1
5053,life,life,hyderabad,sindh,9564,64,10,0.6806,0,4,1,approved,0
5054,home,home,peshawar,kpk,60696,61,20,3.1614,0,6,0,submitted,0
5055,life,life,lahore,punjab,92645,61,14,4.9708,0,6,1,approved,0
5056,medical,life,gujranwala,punjab,59956,56,5,10.3946,0,4,3,rejected,1
5057,auto,auto,mardan,kpk,72510,64,7,5.7869,0,5,1,rejected,1
5058,damage,auto,abbottabad,kpk,35921,58,22,2.0278,0,2,0,approved,0
5059,life,life,karachi,sindh,5000,56,21,0.5071,2,4,2,rejected,1
5060,home,home,rawalpindi,punjab,71709,58,2,7.0042,0,4,1,approved,0
5061,pet,pet,lahore,punjab,37534,58,29,1.8355,0,0,3,rejected,1
5062,accident,life,lahore,punjab,58449,61,11,6.6845,1,4,0,approved,0
5063,accident,life,faisalabad,punjab,32864,64,12,1.5546,0,3,0,approved,0
5064,other,life,karachi,sindh,76325,64,27,3.7704,0,1,0,approved,0
5065,pet_care,pet,quetta,balochistan,16871,45,12,1.5041,0,5,0,approved,0
5066,accident,life,multan,punjab,19399,61,18,1.5845,0,6,1,approved,0
5067,pet,pet,sukkur,sindh,20485,58,20,1.0288,2,8,1,submitted,0
5068,home,home,quetta,balochistan,5000,58,7,1.5375,0,1,0,approved,0
5069,other,auto,sialkot,punjab,5000,44,8,0.2134,0,4,2,in_review,1
5070,home,home,quetta,balochistan,50703,61,4,6.2388,0,2,1,approved,0
5071,pet,pet,islamabad,islamabad,7493,53,13,0.6709,0,0,0,in_review,0
5072,auto,auto,islamabad,islamabad,34527,45,28,2.1788,4,5,0,submitted,1
5073,pet,pet,karachi,sindh,13626,64,24,0.6969,0,5,1,submitted,0
5074,home,home,islamabad,islamabad,22651,61,27,0.9201,0,1,0,approved,0
5075,medical,auto,islamabad,islamabad,51494,45,26,6.5447,0,4,0,approved,0
5076,other,pet,quetta,balochistan,82632,64,14,14.0986,0,2,0,approved,0
5077,medical,life,abbottabad,kpk,47733,64,22,15.1968,0,0,1,approved,0
5078,pet,pet,hyderabad,sindh,5522,53,10,0.479,0,5,2,rejected,1
5079,theft,auto,abbottabad,kpk,33626,64,12,1.4897,0,0,0,approved,0
5080,medical,life,multan,punjab,179603,44,13,47.5392,0,0,0,in_review,0
5081,medical,auto,lahore,punjab,87215,64,4,10.5192,0,4,1,approved,0
5082,accident,life,rawalpindi,punjab,92415,45,26,8.3535,1,6,0,submitted,0
5083,other,auto,faisalabad,punjab,33107,58,11,9.1053,0,6,1,approved,0
5084,life,life,mardan,kpk,68278,64,1,4.6827,1,2,0,approved,0
5085,life,life,gujranwala,punjab,130329,64,16,8.316,0,4,1,approved,0
5086,pet_care,pet,mardan,kpk,18389,53,17,1.466,0,4,0,approved,0
5087,theft,home,peshawar,kpk,7689,44,11,0.7515,1,4,1,submitted,0
5088,pet,pet,lahore,punjab,12423,64,26,2.2878,2,2,2,in_review,1
5089,medical,life,abbottabad,kpk,118460,61,11,4.8272,0,6,2,submitted,1
5090,pet_care,pet,hyderabad,sindh,13793,64,13,4.919,0,6,1,approved,0
5091,pet_care,pet,abbottabad,kpk,23096,64,0,2.6906,0,3,0,in_review,0
5092,theft,auto,hyderabad,sindh,55660,64,17,3.0965,0,5,1,approved,0
5093,damage,home,sialkot,punjab,13585,44,3,0.7398,0,4,0,approved,0
5094,pet,pet,faisalabad,punjab,5000,61,15,0.2013,1,4,1,submitted,0
5095,theft,auto,islamabad,islamabad,9574,44,2,2.273,0,3,2,in_review,1
5096,theft,home,sialkot,punjab,6159,56,13,0.4206,2,5,0,approved,0
5097,home,home,sukkur,sindh,26641,61,15,1.7663,0,3,2,in_review,1
5098,medical,life,islamabad,islamabad,8478,44,5,1.8193,0,3,0,approved,0
5099,other,others,islamabad,islamabad,5000,61,2,0.4433,0,5,0,in_review,0
5100,pet,pet,sukkur,sindh,25116,64,0,4.0438,1,1,3,in_review,1
5101,pet,pet,gujranwala,punjab,14529,58,29,0.9022,1,2,0,in_review,0
5102,life,life,sukkur,sindh,88990,64,4,3.5779,1,6,0,in_review,0
5103,theft,auto,faisalabad,punjab,15382,61,3,2.849,0,5,0,approved,0
5104,other,pet,rawalpindi,punjab,43467,61,24,1.9047,2,2,0,approved,0
5105,damage,home,abbottabad,kpk,6566,44,22,0.2634,0,1,0,approved,0
5106,pet,pet,sialkot,punjab,13531,58,23,0.5837,0,5,0,approved,0
5107,pet,pet,quetta,balochistan,5000,64,9,0.2567,1,5,0,in_review,0
5108,home,home,hyderabad,sindh,15850,45,13,1.3377,0,2,3,in_review,1
5109,damage,auto,islamabad,islamabad,23871,61,5,5.4813,1,7,0,approved,0
5110,pet_care,pet,sukkur,sindh,5301,58,4,0.2625,0,4,0,approved,0
5111,home,home,abbottabad,kpk,8809,44,22,0.4865,1,7,1,approved,0
5112,damage,home,quetta,balochistan,22585,64,18,1.9205,0,2,0,approved,0
5113,theft,home,islamabad,islamabad,13993,53,9,2.1661,0,6,0,approved,0
5114,accident,life,karachi,sindh,24280,53,29,1.8707,0,0,0,rejected,1
5115,home,home,hyderabad,sindh,16500,56,16,1.2619,4,10,2,in_review,1
5116,life,life,faisalabad,punjab,77509,64,21,4.5372,2,7,1,approved,0
5117,life,life,sukkur,sindh,58111,45,25,2.9263,0,4,1,in_review,0
5118,damage,home,peshawar,kpk,22862,58,16,2.7779,0,2,0,approved,0
5119,damage,home,lahore,punjab,44706,45,15,14.4213,1,7,0,approved,0
5120,auto,auto,quetta,balochistan,56047,53,27,2.6831,1,1,0,approved,0
5121,damage,home,hyderabad,sindh,8404,44,3,0.4646,0,0,3,rejected,1
5122,home,home,mardan,kpk,49202,56,18,2.0089,2,5,0,in_review,0
5123,medical,auto,rawalpindi,punjab,24780,61,15,5.1273,0,1,1,in_review,0
5124,pet,pet,faisalabad,punjab,8648,53,10,0.4423,0,0,0,approved,0
5125,auto,auto,hyderabad,sindh,12251,56,27,1.1411,0,5,0,approved,0
5126,pet,pet,mardan,kpk,7820,56,15,0.9097,0,1,0,submitted,0
5127,other,auto,mardan,kpk,47922,53,2,1.9622,2,5,0,approved,0
5128,pet_care,pet,quetta,balochistan,18227,53,11,1.4591,0,0,2,in_review,1
5129,accident,life,lahore,punjab,44928,45,19,6.7237,0,0,0,approved,0
5130,pet,pet,sukkur,sindh,7882,53,23,0.3939,1,1,0,in_review,0
5131,pet_care,pet,hyderabad,sindh,7460,53,11,0.349,0,3,0,submitted,0
5132,other,life,multan,punjab,9976,58,18,0.6129,1,1,0,in_review,0
5133,home,home,gujranwala,punjab,31394,64,28,1.3786,0,0,1,submitted,0
5134,pet,pet,multan,punjab,14259,58,19,1.2164,2,6,3,rejected,1
5135,other,pet,lahore,punjab,28613,58,6,1.8152,0,4,0,submitted,0
5136,auto,auto,hyderabad,sindh,32110,64,2,2.3003,0,4,0,approved,0
5137,accident,life,abbottabad,kpk,73948,64,0,6.5244,0,5,3,rejected,1
5138,other,life,peshawar,kpk,18970,64,29,9.8905,0,6,3,rejected,1
5139,auto,auto,lahore,punjab,22562,45,24,0.9801,0,0,3,rejected,1
5140,life,life,sukkur,sindh,24903,44,17,5.3578,0,3,0,submitted,0
5141,theft,auto,mardan,kpk,7282,53,23,0.661,1,5,0,approved,0
5142,life,life,lahore,punjab,36950,61,27,1.765,1,2,1,submitted,0
5143,life,life,hyderabad,sindh,92149,53,20,19.8383,0,3,0,submitted,0
5144,pet,pet,islamabad,islamabad,5935,44,17,0.2602,0,6,0,in_review,1
5145,other,auto,rawalpindi,punjab,7758,64,5,1.1281,0,3,0,approved,0
5146,auto,auto,peshawar,kpk,20850,64,27,0.9458,0,4,1,approved,0
5147,auto,auto,mardan,kpk,35347,56,9,1.9377,2,8,1,approved,0
5148,damage,home,mardan,kpk,7568,58,2,0.4846,0,4,2,rejected,1
5149,pet,pet,karachi,sindh,13772,56,10,1.5017,0,0,0,approved,0
5150,damage,home,lahore,punjab,10582,64,26,0.6141,3,3,2,rejected,1
5151,medical,auto,sialkot,punjab,16794,44,20,2.9556,0,6,0,approved,0
5152,other,others,faisalabad,punjab,40228,64,3,10.9019,0,4,1,approved,0
5153,theft,auto,lahore,punjab,25006,56,26,1.075,1,3,0,submitted,1
5154,pet,pet,quetta,balochistan,5000,58,12,0.4045,2,3,1,approved,0
5155,accident,life,peshawar,kpk,7937,58,7,0.3813,2,2,1,rejected,1
5156,pet_care,pet,gujranwala,punjab,19093,58,3,1.364,0,3,0,approved,0
5157,pet_care,pet,sialkot,punjab,9534,56,13,0.4533,0,6,0,submitted,0
5158,home,home,quetta,balochistan,50927,64,10,5.6448,2,8,2,submitted,1
5159,pet,pet,sialkot,punjab,5000,44,29,0.3264,2,7,3,rejected,1
5160,home,home,faisalabad,punjab,25800,58,2,1.332,4,7,3,rejected,1
5161,auto,auto,hyderabad,sindh,8405,53,1,2.1911,0,1,2,rejected,1
5162,auto,auto,islamabad,islamabad,88250,58,0,4.9293,3,8,3,rejected,1
5163,auto,auto,lahore,punjab,20005,64,14,1.0777,0,5,0,approved,0
5164,pet_care,pet,multan,punjab,7707,56,19,0.3695,0,1,0,submitted,0
5165,theft,home,mardan,kpk,34620,44,6,3.8557,2,8,1,approved,0
5166,home,home,peshawar,kpk,14439,58,21,0.6647,0,2,0,submitted,0
5167,auto,auto,quetta,balochistan,14369,58,30,1.001,0,0,1,approved,0
5168,life,life,peshawar,kpk,25326,64,9,2.6908,2,2,1,rejected,1
5169,damage,auto,lahore,punjab,56564,64,0,2.7339,2,8,0,approved,0
5170,damage,auto,mardan,kpk,27307,53,14,2.0061,0,4,0,approved,0
5171,theft,home,rawalpindi,punjab,39995,45,21,3.8872,0,1,0,approved,0
5172,medical,life,peshawar,kpk,38519,53,26,19.3855,1,1,0,approved,0
5173,pet,pet,gujranwala,punjab,15728,53,5,0.9719,0,6,0,submitted,0
5174,pet_care,pet,islamabad,islamabad,6335,64,12,0.3619,0,6,0,submitted,0
5175,accident,auto,hyderabad,sindh,32548,56,16,3.2847,0,1,1,approved,0
5176,theft,auto,quetta,balochistan,6850,58,1,1.1057,1,6,1,approved,0
5177,life,life,abbottabad,kpk,45628,56,14,2.7399,0,6,0,approved,0
5178,auto,auto,quetta,balochistan,21595,44,22,1.1759,1,2,1,approved,0
5179,home,home,faisalabad,punjab,56112,53,16,31.8637,0,1,0,in_review,0
5180,accident,auto,mardan,kpk,26687,64,13,1.7876,0,4,0,submitted,0
5181,medical,auto,islamabad,islamabad,193615,58,20,13.9532,0,2,0,rejected,1
5182,pet,pet,peshawar,kpk,19363,56,15,2.447,2,5,0,rejected,1
5183,medical,auto,abbottabad,kpk,35916,64,5,3.4363,1,7,0,approved,0
5184,pet,pet,hyderabad,sindh,10205,53,12,2.022,0,4,0,submitted,0
5185,theft,auto,quetta,balochistan,15140,61,17,0.8169,0,2,0,rejected,1
5186,auto,auto,sukkur,sindh,25413,58,8,1.1841,0,4,1,submitted,0
5187,life,life,abbottabad,kpk,48355,64,3,2.0306,1,5,2,rejected,1
5188,theft,home,sialkot,punjab,32763,58,5,1.8577,0,0,0,approved,0
5189,auto,auto,islamabad,islamabad,21713,56,9,1.4305,1,7,2,rejected,1
5190,life,life,peshawar,kpk,29353,58,13,1.8023,4,5,3,rejected,1
5191,pet,pet,karachi,sindh,5000,56,28,0.2225,0,1,2,in_review,1
5192,other,home,multan,punjab,8311,64,22,0.4036,0,6,0,approved,0
5193,damage,home,quetta,balochistan,21225,45,24,10.43,0,2,0,approved,0
5194,auto,auto,sukkur,sindh,14018,56,19,0.6726,0,1,0,approved,0
5195,medical,life,gujranwala,punjab,11861,64,18,0.9589,3,5,1,rejected,1
5196,pet_care,pet,rawalpindi,punjab,15028,56,2,0.9129,2,2,1,approved,0
5197,other,others,islamabad,islamabad,14290,53,30,1.312,1,2,2,rejected,1
5198,accident,life,rawalpindi,punjab,44108,45,15,2.1343,0,0,0,approved,0
5199,pet,pet,sukkur,sindh,8269,56,8,2.8203,0,5,0,approved,0
5200,life,life,multan,punjab,315002,53,22,55.5951,1,5,0,approved,0
5201,accident,life,sukkur,sindh,22235,44,24,1.1797,0,2,0,in_review,0
5202,theft,home,islamabad,islamabad,22045,44,23,1.1706,0,0,1,submitted,0
5203,other,auto,sukkur,sindh,21369,61,0,2.0964,0,6,0,approved,0
5204,pet,pet,lahore,punjab,5816,53,12,0.2925,0,2,0,approved,0
5205,home,home,quetta,balochistan,9353,44,26,1.8105,0,0,0,approved,0
5206,other,auto,sialkot,punjab,24455,58,4,1.5057,3,3,0,rejected,1
5207,medical,auto,peshawar,kpk,75230,56,18,12.6906,1,2,1,approved,0
5208,theft,auto,gujranwala,punjab,17890,61,4,0.7816,0,5,0,in_review,0
5209,life,life,lahore,punjab,138589,56,15,6.2473,1,3,2,rejected,1
5210,damage,home,karachi,sindh,98251,44,7,9.023,1,2,0,submitted,1
5211,medical,life,rawalpindi,punjab,78078,58,3,12.175,1,3,0,approved,0
5212,theft,auto,multan,punjab,45322,45,25,19.4599,1,5,1,approved,0
5213,damage,auto,mardan,kpk,80681,64,7,3.491,2,5,0,approved,0
5214,medical,life,lahore,punjab,23233,64,8,1.0656,2,8,2,rejected,1
5215,life,life,sukkur,sindh,125909,64,11,9.2922,0,5,0,submitted,0
5216,damage,auto,multan,punjab,8046,53,5,0.459,0,6,0,approved,0
5217,home,home,mardan,kpk,138233,53,27,8.554,0,2,0,approved,0
5218,theft,home,islamabad,islamabad,13630,61,27,0.9559,0,3,0,approved,0
5219,home,home,lahore,punjab,30276,45,15,2.3094,0,5,0,in_review,0
5220,medical,life,sialkot,punjab,13377,64,25,0.9252,0,0,0,approved,0
5221,accident,auto,mardan,kpk,19435,64,4,1.9373,3,8,2,rejected,1
5222,life,life,islamabad,islamabad,154125,61,1,8.029,0,5,3,in_review,1
5223,auto,auto,multan,punjab,34566,61,9,22.6811,2,6,1,approved,0
5224,auto,auto,peshawar,kpk,50442,45,18,7.1661,0,0,0,approved,0
5225,medical,life,sialkot,punjab,103270,58,29,52.5547,0,1,0,approved,0
5226,pet,pet,multan,punjab,13026,45,29,0.5423,2,7,3,approved,0
5227,home,home,multan,punjab,10500,45,12,1.4737,2,7,1,submitted,0
5228,theft,home,sialkot,punjab,58308,44,26,12.8093,3,9,1,rejected,1
5229,auto,auto,peshawar,kpk,30639,64,0,1.8045,0,0,0,rejected,1
5230,auto,auto,mardan,kpk,59399,44,27,30.937,2,7,0,approved,0
5231,pet_care,pet,multan,punjab,12782,53,19,2.3865,0,1,0,submitted,1
5232,pet_care,pet,sukkur,sindh,7301,64,13,1.1691,1,1,0,approved,0
5233,pet,pet,mardan,kpk,7426,45,23,0.3925,0,2,1,rejected,1
5234,accident,life,quetta,balochistan,18201,44,0,0.991,3,8,0,approved,0
5235,life,life,islamabad,islamabad,86384,64,1,5.5793,1,3,0,in_review,1
5236,pet_care,pet,rawalpindi,punjab,7289,56,7,0.854,0,2,2,in_review,1
5237,home,home,hyderabad,sindh,63859,56,26,4.5988,4,7,3,in_review,1
5238,pet_care,pet,islamabad,islamabad,12304,44,29,1.2302,1,7,0,submitted,0
5239,theft,auto,faisalabad,punjab,32730,61,23,2.0722,0,0,2,rejected,1
5240,home,home,sialkot,punjab,22959,45,6,1.1855,0,0,0,approved,0
5241,pet,pet,lahore,punjab,16361,56,17,2.6367,0,5,0,approved,0
5242,home,home,rawalpindi,punjab,48806,56,9,5.7264,0,2,0,approved,0
5243,damage,home,lahore,punjab,18622,58,10,1.3894,0,0,1,approved,0
5244,damage,auto,faisalabad,punjab,15130,64,3,0.8683,0,1,3,rejected,1
5245,other,auto,mardan,kpk,18583,61,12,0.9254,3,3,3,in_review,1
5246,pet,pet,gujranwala,punjab,7119,58,3,0.359,2,5,1,submitted,0
5247,theft,home,gujranwala,punjab,10865,64,17,0.617,1,5,0,submitted,0
5248,other,auto,karachi,sindh,88850,56,1,6.5596,1,2,0,approved,0
5249,auto,auto,mardan,kpk,7118,64,25,0.3678,0,1,0,approved,0
5250,damage,home,lahore,punjab,6934,53,16,1.3666,0,6,0,approved,0
5251,theft,home,hyderabad,sindh,24564,64,24,4.2877,3,6,2,submitted,1
5252,damage,home,abbottabad,kpk,21188,64,28,1.2013,2,2,0,approved,0
5253,pet_care,pet,multan,punjab,30084,64,18,9.7139,1,6,0,submitted,0
5254,medical,life,multan,punjab,58177,64,18,3.2376,0,0,2,rejected,1
5255,theft,home,lahore,punjab,6107,44,11,0.4334,0,4,0,submitted,0
5256,auto,auto,mardan,kpk,8832,64,21,0.5631,1,7,1,approved,0
5257,theft,home,karachi,sindh,37034,53,15,3.0965,0,2,0,submitted,0
5258,theft,auto,rawalpindi,punjab,20798,58,25,2.256,1,7,0,approved,0
5259,home,home,karachi,sindh,75349,58,20,3.3674,0,5,0,approved,0
5260,medical,auto,islamabad,islamabad,5000,64,4,0.445,0,3,0,approved,0
5261,life,life,hyderabad,sindh,36544,64,13,3.8162,0,3,1,approved,0
5262,life,life,gujranwala,punjab,76108,64,10,5.3985,1,2,1,approved,0
5263,medical,auto,gujranwala,punjab,76656,61,20,3.5499,0,4,0,approved,0
5264,pet,pet,karachi,sindh,8496,44,28,0.3695,2,2,1,approved,0
5265,accident,auto,karachi,sindh,10449,64,8,0.7423,1,1,1,in_review,0
5266,auto,auto,faisalabad,punjab,18435,56,10,1.9324,0,2,0,submitted,0
5267,auto,auto,gujranwala,punjab,13410,61,8,1.3091,2,8,0,approved,0
5268,pet,pet,sialkot,punjab,5515,64,9,0.2558,1,6,1,approved,0
5269,other,home,karachi,sindh,5000,64,12,2.4546,0,4,0,approved,0
5270,pet,pet,faisalabad,punjab,10603,64,26,0.9042,0,6,1,approved,0
5271,damage,home,abbottabad,kpk,59020,61,29,2.9289,0,5,0,approved,0
5272,auto,auto,faisalabad,punjab,21920,61,9,1.4889,0,2,0,approved,0
5273,home,home,karachi,sindh,36588,61,5,6.1606,2,8,2,rejected,1
5274,damage,auto,hyderabad,sindh,17877,45,11,1.6395,0,4,0,submitted,0
5275,accident,life,gujranwala,punjab,17678,64,17,1.2786,2,7,1,submitted,0
5276,damage,home,hyderabad,sindh,17015,56,3,3.5191,1,3,0,approved,0
5277,theft,home,karachi,sindh,251197,53,17,11.2903,0,1,3,rejected,1
5278,accident,life,sukkur,sindh,41623,56,10,11.0729,0,4,0,approved,0
5279,damage,home,peshawar,kpk,9841,58,9,1.1376,2,6,1,submitted,0
5280,accident,life,islamabad,islamabad,77195,53,24,3.5181,0,6,1,approved,0
5281,accident,life,islamabad,islamabad,68185,53,9,7.5459,1,2,2,in_review,1
5282,theft,home,islamabad,islamabad,31257,58,17,1.4831,1,5,0,rejected,1
5283,other,home,gujranwala,punjab,14017,58,5,0.7462,0,0,0,in_review,1
5284,pet,pet,lahore,punjab,15541,53,20,1.0221,0,4,0,approved,0
5285,auto,auto,islamabad,islamabad,16395,58,29,0.9006,0,1,2,in_review,1
5286,home,home,hyderabad,sindh,13001,64,26,0.7395,0,2,0,approved,0
5287,home,home,gujranwala,punjab,61433,45,13,27.2672,0,6,0,approved,0
5288,other,life,gujranwala,punjab,55131,61,20,6.5773,0,0,0,approved,0
5289,pet_care,pet,abbottabad,kpk,12314,53,18,2.33,0,0,1,approved,0
5290,damage,home,peshawar,kpk,9786,58,19,0.9563,0,0,0,approved,0
5291,pet,pet,hyderabad,sindh,14464,56,0,5.379,0,6,1,approved,0
5292,auto,auto,sialkot,punjab,74925,45,28,5.6487,1,3,0,approved,0
5293,theft,home,sukkur,sindh,12915,53,21,0.8494,1,2,1,submitted,0
5294,accident,life,multan,punjab,35784,45,5,2.7998,1,1,0,in_review,1
5295,other,home,rawalpindi,punjab,71688,44,23,3.2631,0,3,0,approved,0
5296,medical,auto,sukkur,sindh,31880,64,2,13.5085,2,2,0,approved,0
5297,home,home,sukkur,sindh,54304,61,29,3.1777,0,5,0,submitted,0
5298,auto,auto,peshawar,kpk,12039,64,28,0.7933,0,6,0,approved,0
5299,home,home,quetta,balochistan,37779,64,22,14.1336,3,9,2,rejected,1
5300,medical,auto,sukkur,sindh,44584,44,26,5.8942,0,6,1,approved,0
5301,medical,life,lahore,punjab,73321,56,27,24.9476,0,3,2,in_review,1
5302,theft,home,sialkot,punjab,15169,58,19,1.1706,1,3,0,in_review,1
5303,home,home,islamabad,islamabad,47476,56,29,3.1304,0,1,0,submitted,0
5304,pet,pet,islamabad,islamabad,5000,53,4,0.7835,0,4,1,submitted,0
5305,damage,home,mardan,kpk,11188,64,3,0.5452,4,4,0,in_review,1
5306,other,life,faisalabad,punjab,47509,64,18,4.0914,0,4,0,submitted,0
5307,pet_care,pet,peshawar,kpk,21960,64,9,3.0365,2,2,0,submitted,0
5308,life,life,abbottabad,kpk,319032,61,7,43.6791,1,5,0,approved,0
5309,pet,pet,hyderabad,sindh,10128,58,0,0.672,0,6,1,approved,0
5310,theft,home,hyderabad,sindh,77366,61,1,3.6353,1,6,0,approved,0
5311,pet,pet,multan,punjab,8538,53,12,0.7513,1,3,0,approved,0
5312,theft,home,islamabad,islamabad,8775,64,5,1.0266,1,4,0,in_review,0
5313,pet_care,pet,multan,punjab,10833,53,28,1.9958,4,9,0,in_review,1
5314,auto,auto,islamabad,islamabad,67602,58,29,3.6633,4,4,2,in_review,1
5315,accident,auto,sukkur,sindh,44533,58,3,2.5962,3,3,2,rejected,1
5316,damage,auto,hyderabad,sindh,10471,56,29,0.4306,0,5,0,in_review,0
5317,auto,auto,islamabad,islamabad,15689,61,25,1.6821,2,8,0,approved,0
5318,pet,pet,abbottabad,kpk,19559,58,26,0.7882,1,7,0,approved,0
5319,accident,life,multan,punjab,14522,61,24,0.9505,0,0,0,in_review,0
5320,other,pet,sukkur,sindh,16196,45,15,4.3738,1,1,0,approved,0
5321,home,home,lahore,punjab,11233,45,29,3.4247,4,5,2,submitted,1
5322,theft,auto,faisalabad,punjab,15260,45,7,0.6984,1,4,0,approved,0
5323,damage,auto,rawalpindi,punjab,23679,58,2,1.5147,0,2,0,approved,0
5324,theft,home,lahore,punjab,18665,58,7,1.2561,0,2,0,in_review,0
5325,pet,pet,hyderabad,sindh,13247,56,19,2.7501,1,4,0,submitted,0
5326,home,home,multan,punjab,48625,53,15,2.4361,0,3,2,rejected,1
5327,theft,home,mardan,kpk,29604,45,0,5.0364,1,5,1,approved,0
5328,home,home,peshawar,kpk,156088,61,15,7.776,1,6,0,approved,0
5329,pet_care,pet,karachi,sindh,10176,64,6,0.4397,0,1,1,approved,0
5330,other,life,multan,punjab,34405,58,23,3.1972,0,2,0,approved,0
5331,pet,pet,lahore,punjab,8486,53,3,0.3772,0,0,0,submitted,0
5332,damage,auto,rawalpindi,punjab,17937,64,23,0.828,2,2,1,in_review,1
5333,pet,pet,karachi,sindh,28827,64,26,1.4655,1,2,0,approved,0
5334,damage,auto,rawalpindi,punjab,23498,44,23,2.6314,0,1,1,rejected,1
5335,pet,pet,karachi,sindh,20045,61,1,0.8188,2,6,0,approved,0
5336,pet_care,pet,sukkur,sindh,10347,64,1,0.5968,0,0,1,in_review,0
5337,theft,auto,sukkur,sindh,17848,44,4,1.2646,1,6,0,submitted,0
5338,home,home,lahore,punjab,15775,53,20,0.9636,2,6,0,submitted,0
5339,other,pet,gujranwala,punjab,146015,44,1,21.0245,1,4,0,approved,0
5340,theft,auto,lahore,punjab,36426,61,4,11.5565,1,3,2,submitted,1
5341,other,auto,karachi,sindh,10588,45,8,0.7671,2,8,1,submitted,0
5342,pet,pet,sukkur,sindh,15448,61,30,0.7185,0,3,0,in_review,0
5343,theft,home,islamabad,islamabad,5088,58,17,0.2471,1,4,0,in_review,0
5344,pet,pet,karachi,sindh,7515,61,2,0.4315,1,6,0,approved,0
5345,accident,auto,sukkur,sindh,95858,64,10,6.4494,1,1,0,approved,0
5346,theft,home,mardan,kpk,8979,64,26,1.1993,0,2,0,in_review,0
5347,theft,home,islamabad,islamabad,11952,64,30,0.7764,0,2,0,in_review,0
5348,accident,auto,mardan,kpk,30604,45,9,4.7163,0,0,1,approved,0
5349,home,home,rawalpindi,punjab,5514,56,8,0.3991,0,5,0,approved,0
5350,theft,home,gujranwala,punjab,5955,61,15,0.4503,0,3,0,submitted,0
5351,other,home,mardan,kpk,7962,56,10,0.3337,0,2,1,submitted,0
5352,pet,pet,islamabad,islamabad,16168,53,3,1.4555,0,6,1,approved,0
5353,medical,life,gujranwala,punjab,63088,61,7,6.2531,0,0,0,approved,0
5354,pet,pet,quetta,balochistan,24770,58,24,1.2405,0,6,2,rejected,1
5355,life,life,islamabad,islamabad,44756,44,22,13.3202,0,1,1,approved,0
5356,accident,auto,mardan,kpk,21345,61,19,4.6881,0,5,0,submitted,0
5357,auto,auto,multan,punjab,16653,56,20,1.1877,0,1,3,submitted,1
5358,pet,pet,lahore,punjab,16244,64,27,5.2215,0,0,0,approved,0
5359,damage,home,peshawar,kpk,14650,61,28,0.6128,2,7,1,submitted,0
5360,life,life,peshawar,kpk,359446,64,5,14.7248,0,5,0,approved,0
5361,other,others,quetta,balochistan,17627,56,6,5.0334,0,6,1,approved,0
5362,home,home,lahore,punjab,9880,53,1,1.0823,0,6,2,rejected,1
5363,life,life,abbottabad,kpk,146798,58,17,6.6857,1,4,2,rejected,1
5364,other,home,lahore,punjab,226945,61,24,13.4327,0,1,0,approved,0
5365,theft,auto,islamabad,islamabad,5241,53,8,0.2362,4,10,2,submitted,1
5366,accident,auto,multan,punjab,38101,64,15,1.6646,0,4,0,in_review,0
5367,pet_care,pet,multan,punjab,11768,61,1,0.5348,0,4,2,in_review,1
5368,damage,auto,mardan,kpk,16186,53,21,1.9698,0,5,0,rejected,1
5369,home,home,gujranwala,punjab,50926,61,1,10.5634,3,5,1,submitted,1
5370,home,home,lahore,punjab,42697,56,8,2.8967,0,6,0,approved,0
5371,medical,life,lahore,punjab,76340,56,28,21.5285,0,6,0,approved,0
5372,home,home,karachi,sindh,10032,44,25,0.5707,3,9,0,rejected,1
5373,other,auto,islamabad,islamabad,16429,64,15,1.0464,0,6,0,approved,0
5374,theft,home,quetta,balochistan,27992,61,13,2.9833,0,4,0,approved,0
5375,life,life,karachi,sindh,38932,58,30,2.4,0,3,0,approved,0
5376,medical,auto,faisalabad,punjab,26838,45,29,1.7048,0,6,0,approved,0
5377,pet_care,pet,sialkot,punjab,11034,64,11,1.1201,1,7,0,in_review,1
5378,accident,life,gujranwala,punjab,42793,58,19,4.0736,0,1,3,submitted,1
5379,home,home,sukkur,sindh,178524,45,23,33.805,2,5,0,rejected,1
5380,accident,auto,mardan,kpk,66404,61,23,3.2406,0,3,0,approved,0
5381,home,home,sukkur,sindh,238332,44,19,23.4625,0,0,0,approved,0
5382,medical,life,abbottabad,kpk,7301,44,13,1.0735,1,2,0,approved,0
5383,pet_care,pet,islamabad,islamabad,20811,53,18,7.9431,0,3,0,approved,0
5384,damage,home,rawalpindi,punjab,11123,44,20,0.9303,1,2,0,approved,0
5385,pet_care,pet,multan,punjab,6258,61,9,0.49,0,0,0,in_review,0
5386,home,home,sukkur,sindh,20934,64,3,1.1702,0,2,0,approved,0
5387,other,others,sialkot,punjab,9277,45,24,0.4714,0,6,1,submitted,1
5388,pet,pet,rawalpindi,punjab,19961,58,28,4.7685,0,2,2,in_review,1
5389,medical,life,abbottabad,kpk,12079,53,19,4.8588,0,0,0,submitted,0
5390,pet,pet,lahore,punjab,19510,58,27,5.8943,0,0,0,approved,0
5391,medical,life,lahore,punjab,167685,45,10,8.71,0,1,0,approved,0
5392,damage,home,quetta,balochistan,12116,64,18,1.2899,0,5,0,approved,0
5393,other,auto,lahore,punjab,10983,64,11,0.8205,0,1,0,approved,0
5394,damage,home,islamabad,islamabad,46971,56,19,2.7217,0,1,2,approved,0
5395,auto,auto,rawalpindi,punjab,22054,45,0,1.3518,0,0,0,approved,0
5396,home,home,rawalpindi,punjab,33005,64,16,5.2598,1,2,2,submitted,1
5397,pet,pet,sukkur,sindh,19086,64,1,0.8235,0,3,2,rejected,1
5398,life,life,abbottabad,kpk,151616,61,26,19.7545,3,9,0,rejected,1
5399,life,life,mardan,kpk,307453,61,26,15.1142,1,7,0,in_review,0
5400,life,life,rawalpindi,punjab,81877,58,28,10.2938,3,7,1,approved,0
5401,damage,auto,abbottabad,kpk,19818,58,8,2.1807,1,4,2,in_review,1
5402,other,life,faisalabad,punjab,24103,64,24,1.3447,0,6,0,in_review,0
5403,accident,auto,rawalpindi,punjab,26134,45,9,12.1837,0,2,2,rejected,1
5404,home,home,peshawar,kpk,79332,64,30,21.5987,0,2,0,submitted,1
5405,accident,life,multan,punjab,14403,53,30,0.8431,0,6,0,submitted,0
5406,pet,pet,abbottabad,kpk,7524,56,27,0.5103,0,2,0,approved,0
5407,pet_care,pet,abbottabad,kpk,5000,53,19,0.3546,0,1,1,approved,0
5408,life,life,lahore,punjab,100274,45,14,6.3869,0,4,0,approved,0
5409,other,life,faisalabad,punjab,36191,58,13,3.9701,4,10,0,in_review,1
5410,pet,pet,mardan,kpk,11658,45,12,1.4226,0,5,0,approved,0
5411,life,life,islamabad,islamabad,38132,64,13,1.7983,2,4,3,in_review,1
5412,damage,home,peshawar,kpk,21045,44,1,5.7943,1,3,2,submitted,1
5413,home,home,islamabad,islamabad,57583,45,7,10.1218,0,1,0,rejected,1
5414,pet_care,pet,islamabad,islamabad,22962,45,8,6.6847,1,3,3,rejected,1
5415,home,home,rawalpindi,punjab,6982,64,20,0.3303,3,6,2,submitted,1
5416,medical,life,islamabad,islamabad,26840,64,23,1.1628,3,4,0,in_review,1
5417,life,life,islamabad,islamabad,49048,44,23,2.1763,1,4,0,approved,0
5418,life,life,islamabad,islamabad,30574,45,26,1.2601,1,1,1,in_review,1
5419,other,auto,abbottabad,kpk,16973,45,21,0.7197,4,6,3,in_review,1
5420,home,home,lahore,punjab,10953,45,13,0.6027,0,3,0,submitted,0
5421,pet,pet,multan,punjab,5217,53,24,0.8953,1,1,1,approved,0
5422,auto,auto,quetta,balochistan,25670,64,13,4.9729,0,0,0,approved,0
5423,theft,auto,multan,punjab,12790,61,0,1.0878,1,1,1,in_review,0
5424,auto,auto,sialkot,punjab,73257,44,25,5.8344,0,0,0,approved,0
5425,auto,auto,multan,punjab,65469,53,19,3.9137,2,3,1,submitted,0
5426,medical,auto,hyderabad,sindh,199306,64,18,12.535,0,2,3,in_review,1
5427,life,life,faisalabad,punjab,125467,45,17,16.0938,1,1,0,in_review,0
5428,damage,auto,sukkur,sindh,78758,58,28,3.8643,0,0,1,submitted,0
5429,pet,pet,gujranwala,punjab,7090,64,18,1.8892,0,0,0,submitted,0
5430,auto,auto,gujranwala,punjab,78095,64,14,5.1345,0,4,1,submitted,0
5431,other,auto,mardan,kpk,24507,44,14,2.1387,1,5,0,submitted,0
5432,theft,auto,hyderabad,sindh,11551,61,16,2.3042,0,1,0,approved,0
5433,auto,auto,faisalabad,punjab,93653,64,13,4.9283,1,2,1,approved,0
5434,medical,auto,multan,punjab,70879,44,0,22.122,0,2,0,approved,0
5435,theft,auto,quetta,balochistan,19166,58,21,2.3108,0,1,0,submitted,0
5436,theft,auto,abbottabad,kpk,65189,53,28,9.5571,1,2,0,approved,0
5437,damage,home,sukkur,sindh,6467,64,8,0.3551,0,6,1,approved,0
5438,pet,pet,abbottabad,kpk,14544,61,19,0.8989,1,3,0,approved,0
5439,theft,auto,mardan,kpk,28694,64,19,1.1854,0,3,1,approved,0
5440,accident,life,mardan,kpk,23332,64,16,2.5422,1,4,0,submitted,0
5441,medical,life,lahore,punjab,61031,45,14,12.5759,0,6,0,in_review,0
5442,theft,home,sialkot,punjab,96991,61,6,11.1075,0,0,3,in_review,1
5443,damage,auto,rawalpindi,punjab,58110,64,29,5.8279,2,6,3,rejected,1
5444,home,home,hyderabad,sindh,31897,64,4,8.8065,0,5,0,approved,0
5445,life,life,hyderabad,sindh,221614,56,8,14.9125,2,8,0,approved,0
5446,home,home,sialkot,punjab,15250,53,19,1.6071,0,1,2,rejected,1
5447,home,home,multan,punjab,92117,56,9,7.068,0,2,0,approved,0
5448,damage,home,faisalabad,punjab,9000,45,15,0.531,1,1,0,approved,0
5449,medical,life,peshawar,kpk,39080,64,8,1.6315,3,6,2,submitted,0
5450,pet_care,pet,quetta,balochistan,17857,64,1,2.0651,1,5,0,submitted,1
5451,theft,home,quetta,balochistan,20480,53,4,3.9136,1,3,0,approved,0
5452,auto,auto,multan,punjab,8437,53,23,0.8812,3,7,2,rejected,1
5453,medical,life,hyderabad,sindh,56457,53,21,2.3755,0,4,0,approved,0
5454,other,others,sukkur,sindh,43588,45,16,2.0526,0,4,0,approved,0
5455,theft,auto,sialkot,punjab,17519,56,4,1.1717,0,0,0,approved,0
5456,accident,life,quetta,balochistan,28609,64,4,1.5325,3,8,2,rejected,1
5457,damage,auto,abbottabad,kpk,22032,58,20,2.1287,0,4,0,approved,0
5458,pet_care,pet,quetta,balochistan,6542,64,27,2.3084,2,6,0,submitted,0
5459,other,others,hyderabad,sindh,49528,58,28,22.523,0,0,0,approved,0
5460,theft,home,karachi,sindh,31931,64,10,4.599,0,2,0,approved,0
5461,damage,home,faisalabad,punjab,6844,61,16,1.2843,1,6,0,submitted,0
5462,life,life,peshawar,kpk,28490,61,29,2.4541,1,6,0,approved,0
5463,medical,auto,peshawar,kpk,53814,53,5,2.9627,0,4,0,in_review,1
5464,other,auto,gujranwala,punjab,18843,64,7,1.4382,2,7,0,approved,0
5465,home,home,mardan,kpk,44041,45,23,4.9618,0,4,1,in_review,0
5466,life,life,sialkot,punjab,181343,56,15,23.8766,1,4,0,approved,0
5467,auto,auto,hyderabad,sindh,23076,53,24,4.515,0,0,1,approved,0
5468,home,home,gujranwala,punjab,39379,45,5,1.7427,1,6,1,approved,0
5469,home,home,peshawar,kpk,26490,58,14,1.8344,1,3,0,approved,0
5470,life,life,faisalabad,punjab,91022,64,11,47.2842,3,6,1,rejected,1
5471,accident,auto,karachi,sindh,137403,56,20,7.1912,0,0,0,approved,0
5472,damage,home,gujranwala,punjab,11019,64,9,0.6585,0,4,0,submitted,0
5473,pet,pet,mardan,kpk,14649,64,14,0.6082,0,4,0,approved,0
5474,auto,auto,multan,punjab,8844,64,20,1.8642,2,3,1,approved,0
5475,life,life,rawalpindi,punjab,65123,58,14,33.9006,1,3,0,approved,0
5476,accident,life,gujranwala,punjab,21256,58,3,3.48,0,0,0,approved,0
5477,home,home,multan,punjab,12553,45,20,0.5549,0,1,0,approved,0
5478,other,pet,sukkur,sindh,109889,58,3,63.9633,1,6,0,in_review,0
5479,home,home,islamabad,islamabad,134122,64,17,12.2329,2,3,2,submitted,1
5480,other,auto,lahore,punjab,77658,44,0,6.7172,1,5,1,in_review,1
5481,auto,auto,lahore,punjab,26757,53,9,1.3697,0,0,0,submitted,0
5482,pet_care,pet,peshawar,kpk,10909,64,4,0.4391,0,1,0,approved,0
5483,pet_care,pet,mardan,kpk,27460,64,11,3.866,2,4,0,approved,0
5484,home,home,karachi,sindh,53094,64,6,4.1522,4,7,2,rejected,1
5485,damage,auto,peshawar,kpk,5342,64,14,0.9163,1,2,0,approved,0
5486,pet,pet,quetta,balochistan,12854,45,13,3.7377,0,6,0,approved,0
5487,auto,auto,hyderabad,sindh,34845,56,28,1.4512,0,3,0,approved,0
5488,auto,auto,rawalpindi,punjab,24239,58,27,4.5639,0,1,0,approved,0
5489,pet_care,pet,karachi,sindh,5000,53,23,0.2355,1,1,1,approved,0
5490,theft,home,sukkur,sindh,22743,58,29,6.9871,0,2,1,submitted,0
5491,medical,auto,islamabad,islamabad,120870,64,3,66.4486,0,1,0,approved,0
5492,auto,auto,faisalabad,punjab,19397,58,15,5.1725,1,2,2,in_review,1
5493,theft,home,mardan,kpk,50937,64,8,2.2017,2,5,1,approved,0
5494,pet,pet,rawalpindi,punjab,12925,45,0,0.6205,0,0,0,approved,0
5495,home,home,quetta,balochistan,19814,53,0,1.9814,2,2,1,approved,0
5496,pet_care,pet,gujranwala,punjab,24635,53,5,1.1624,0,2,0,approved,0
5497,damage,home,lahore,punjab,16023,64,4,0.662,1,4,0,submitted,0
5498,other,auto,faisalabad,punjab,117172,64,24,6.177,0,5,0,approved,0
5499,home,home,peshawar,kpk,80332,58,8,6.0701,0,1,0,approved,0
5500,other,auto,quetta,balochistan,25727,44,7,2.6196,0,4,0,in_review,0
5501,home,home,sialkot,punjab,42776,53,19,1.861,1,4,1,approved,0
5502,life,life,abbottabad,kpk,42720,58,0,2.7174,0,2,0,approved,0
5503,theft,home,hyderabad,sindh,16939,64,11,3.4394,2,3,0,approved,0
5504,theft,auto,karachi,sindh,12625,64,4,0.5302,2,5,0,approved,0
5505,auto,auto,sialkot,punjab,14260,44,7,0.7662,1,4,2,in_review,1
5506,damage,home,karachi,sindh,37841,53,21,1.5359,0,3,0,approved,0
5507,pet_care,pet,peshawar,kpk,12021,44,27,0.6802,0,4,0,approved,0
5508,other,auto,sialkot,punjab,58202,45,21,13.5764,0,5,0,submitted,0
5509,damage,home,hyderabad,sindh,29871,56,12,1.2763,0,4,0,approved,0
5510,life,life,multan,punjab,31262,64,23,1.5851,0,3,0,in_review,0
5511,auto,auto,islamabad,islamabad,49101,53,2,2.0759,0,0,0,approved,0
5512,home,home,gujranwala,punjab,9230,53,15,2.4143,2,6,0,approved,0
5513,pet_care,pet,karachi,sindh,6300,44,23,1.1459,1,6,1,approved,0
5514,pet_care,pet,lahore,punjab,10033,44,5,0.5418,0,3,0,approved,0
5515,theft,auto,quetta,balochistan,12280,53,16,0.8775,0,1,0,submitted,0
5516,pet_care,pet,karachi,sindh,11356,64,20,4.8885,0,4,0,submitted,1
5517,theft,home,hyderabad,sindh,15134,64,17,1.1125,0,6,0,submitted,0
5518,medical,auto,rawalpindi,punjab,75658,64,26,5.6306,0,5,0,approved,0
5519,pet_care,pet,sialkot,punjab,12778,45,30,0.5347,4,10,2,approved,0
5520,accident,auto,gujranwala,punjab,21990,64,2,4.612,0,4,0,approved,0
5521,damage,auto,sukkur,sindh,21367,61,17,9.6378,0,4,2,rejected,1
5522,auto,auto,islamabad,islamabad,20894,44,19,1.0803,0,2,0,rejected,1
5523,other,auto,multan,punjab,28795,53,17,4.1106,1,4,0,submitted,0
5524,medical,life,multan,punjab,28540,64,3,2.3351,0,6,0,approved,0
5525,other,auto,hyderabad,sindh,9932,64,20,0.5373,0,3,1,submitted,0
5526,life,life,hyderabad,sindh,157214,61,11,6.5372,0,6,0,approved,0
5527,other,pet,karachi,sindh,44338,44,22,3.4288,0,4,3,rejected,1
5528,pet,pet,faisalabad,punjab,8970,44,2,2.8163,2,3,1,in_review,0
5529,theft,home,rawalpindi,punjab,19421,64,26,3.0842,1,7,0,rejected,1
5530,home,home,karachi,sindh,65998,56,30,9.2047,0,6,0,approved,0
5531,auto,auto,sialkot,punjab,57296,56,19,34.8092,2,2,0,approved,0
5532,accident,life,karachi,sindh,11998,53,18,0.489,1,2,0,approved,0
5533,medical,auto,mardan,kpk,152516,64,30,12.0623,0,4,3,rejected,1
5534,theft,home,lahore,punjab,34600,61,3,5.6324,0,0,0,approved,0
5535,other,others,islamabad,islamabad,30533,64,8,3.4712,1,3,0,approved,0
5536,other,auto,multan,punjab,9053,56,13,1.4924,0,4,1,submitted,0
5537,auto,auto,peshawar,kpk,60008,61,4,29.1018,0,1,0,approved,0
5538,damage,home,lahore,punjab,84484,61,1,11.1618,0,6,3,in_review,1
5539,theft,auto,faisalabad,punjab,40026,61,7,2.4235,0,1,0,approved,0
5540,other,life,sialkot,punjab,8247,58,18,0.3715,0,0,0,approved,0
5541,medical,auto,sukkur,sindh,46932,61,30,2.3075,0,0,0,approved,0
5542,medical,auto,islamabad,islamabad,92762,53,10,3.7754,0,2,0,in_review,0
5543,damage,auto,sialkot,punjab,9449,44,16,3.3965,1,5,0,approved,0
5544,other,home,multan,punjab,11970,45,25,0.5065,1,2,0,approved,0
5545,accident,life,sialkot,punjab,29013,64,27,2.0064,4,8,2,rejected,1
5546,life,life,abbottabad,kpk,68069,58,19,8.5065,1,4,0,approved,0
5547,damage,home,sukkur,sindh,46030,53,21,22.6637,0,4,0,submitted,0
5548,medical,auto,peshawar,kpk,88960,44,22,4.2542,0,5,2,rejected,1
5549,accident,life,multan,punjab,48267,64,14,3.6444,3,5,3,submitted,1
5550,pet,pet,sialkot,punjab,18223,64,0,1.9269,2,7,0,approved,0
5551,home,home,lahore,punjab,9443,64,19,4.1913,0,4,1,approved,0
5552,auto,auto,islamabad,islamabad,56708,64,4,3.7278,0,1,2,in_review,1
5553,home,home,faisalabad,punjab,232869,58,12,17.1252,0,2,1,approved,0
5554,home,home,peshawar,kpk,79751,58,28,3.8823,1,4,3,rejected,1
5555,auto,auto,karachi,sindh,14693,44,5,1.7446,1,5,0,approved,0
5556,theft,auto,rawalpindi,punjab,63208,56,11,4.0497,0,1,1,approved,0
5557,pet,pet,islamabad,islamabad,6547,64,21,0.7671,1,2,0,in_review,1
5558,other,others,peshawar,kpk,8235,64,18,3.3032,0,4,0,approved,0
5559,life,life,peshawar,kpk,60509,61,1,2.9244,0,0,0,in_review,0
5560,life,life,karachi,sindh,24533,58,12,1.0829,0,1,0,in_review,0
5561,medical,auto,gujranwala,punjab,45692,64,18,3.9016,0,5,0,submitted,0
5562,theft,auto,quetta,balochistan,24423,45,20,13.259,0,1,0,approved,0
5563,theft,home,faisalabad,punjab,20526,58,25,2.2779,2,4,2,rejected,1
5564,theft,home,lahore,punjab,67233,64,28,3.8542,0,2,3,rejected,1
5565,auto,auto,lahore,punjab,11684,44,23,3.6661,3,5,0,rejected,1
5566,damage,auto,quetta,balochistan,54742,45,28,8.9874,0,3,2,in_review,1
5567,other,pet,rawalpindi,punjab,5403,56,25,0.2301,0,4,0,approved,0
5568,other,home,quetta,balochistan,8900,53,18,1.0262,0,2,1,in_review,0
5569,pet,pet,sukkur,sindh,5000,58,12,0.2855,1,4,0,approved,0
5570,damage,home,gujranwala,punjab,48570,58,1,2.1408,0,3,0,submitted,0
5571,theft,home,faisalabad,punjab,33397,58,13,2.7583,1,2,0,submitted,0
5572,auto,auto,peshawar,kpk,68914,44,29,6.3556,0,1,1,approved,0
5573,life,life,peshawar,kpk,109199,64,15,5.2641,0,4,0,approved,0
5574,medical,life,karachi,sindh,145124,64,13,17.349,4,6,3,rejected,1
5575,other,others,abbottabad,kpk,21199,44,18,1.2832,3,5,1,in_review,1
5576,auto,auto,gujranwala,punjab,19907,44,2,7.197,0,1,2,rejected,1
5577,medical,auto,rawalpindi,punjab,32156,61,14,1.5245,1,4,0,approved,0
5578,life,life,faisalabad,punjab,50500,53,30,2.7726,0,3,0,approved,0
5579,pet_care,pet,abbottabad,kpk,14576,56,5,0.5897,0,4,1,approved,0
5580,home,home,islamabad,islamabad,80192,53,30,4.5561,2,2,1,approved,0
5581,damage,home,islamabad,islamabad,61096,61,7,4.7675,2,2,2,rejected,1
5582,pet,pet,hyderabad,sindh,21374,61,29,4.9823,0,0,1,approved,0
5583,damage,auto,gujranwala,punjab,17018,45,8,5.6276,3,6,3,rejected,1
5584,medical,life,islamabad,islamabad,52811,58,14,2.8543,0,6,1,approved,0
5585,other,life,multan,punjab,25747,44,5,1.4996,0,2,0,approved,0
5586,auto,auto,islamabad,islamabad,48667,64,26,14.4028,0,3,2,rejected,1
5587,pet_care,pet,sialkot,punjab,15265,53,20,1.9682,0,5,0,approved,0
5588,other,auto,rawalpindi,punjab,67014,58,20,11.095,0,0,0,submitted,0
5589,pet,pet,peshawar,kpk,12530,53,11,1.219,0,3,1,approved,0
5590,pet_care,pet,gujranwala,punjab,5000,45,15,0.2434,0,5,1,approved,0
5591,theft,home,peshawar,kpk,44408,61,22,2.9904,1,4,0,submitted,0
5592,medical,life,sialkot,punjab,36789,56,21,2.6505,2,3,0,rejected,1
5593,other,pet,hyderabad,sindh,21529,44,26,1.3093,4,8,3,rejected,1
5594,life,life,abbottabad,kpk,21642,64,21,3.5566,1,3,1,approved,0
5595,medical,life,mardan,kpk,117690,45,4,55.3835,0,4,1,submitted,0
5596,damage,auto,abbottabad,kpk,6852,45,8,0.4248,2,7,1,approved,0
5597,damage,auto,mardan,kpk,18450,64,17,0.7829,1,5,0,approved,0
5598,medical,life,sialkot,punjab,91052,64,21,4.1066,1,4,0,approved,0
5599,accident,auto,sukkur,sindh,47261,58,23,4.2014,1,1,1,approved,0
5600,life,life,hyderabad,sindh,62056,64,22,8.0834,1,7,0,approved,0
5601,home,home,mardan,kpk,56857,61,0,32.9415,0,4,0,approved,0
5602,other,others,quetta,balochistan,30179,58,22,2.2446,0,6,0,approved,0
5603,damage,home,mardan,kpk,5964,45,15,0.2519,0,2,0,approved,0
5604,life,life,multan,punjab,91849,61,21,39.4202,0,5,0,rejected,1
5605,pet,pet,hyderabad,sindh,21346,64,12,0.9118,0,4,0,approved,0
5606,pet_care,pet,sukkur,sindh,16465,56,22,1.6915,2,8,1,approved,0
5607,pet_care,pet,faisalabad,punjab,33872,58,7,1.7874,0,2,1,approved,0
5608,auto,auto,peshawar,kpk,9473,58,1,0.6455,1,5,0,in_review,0
5609,damage,home,hyderabad,sindh,7775,44,14,0.4297,2,2,1,approved,0
5610,theft,auto,multan,punjab,56810,61,27,2.3574,0,2,0,approved,0
5611,medical,life,karachi,sindh,64593,64,7,15.427,0,4,2,rejected,1
5612,damage,auto,rawalpindi,punjab,23785,44,21,1.2184,1,6,0,approved,0
5613,medical,life,rawalpindi,punjab,139514,44,25,9.7033,0,4,0,approved,0
5614,auto,auto,faisalabad,punjab,44072,53,4,2.3816,0,1,1,approved,0
5615,damage,auto,peshawar,kpk,22531,61,1,1.2358,0,1,0,approved,0
5616,home,home,peshawar,kpk,26127,58,12,1.672,4,5,3,submitted,1
5617,life,life,peshawar,kpk,24869,53,17,1.1836,1,4,0,approved,0
5618,medical,life,sukkur,sindh,27930,45,15,1.2705,0,0,2,in_review,1
5619,pet,pet,hyderabad,sindh,5000,44,5,1.5538,1,5,0,approved,0
5620,medical,auto,gujranwala,punjab,30675,53,13,2.3999,1,3,0,in_review,0
5621,life,life,sukkur,sindh,58153,58,9,5.549,1,7,0,submitted,0
5622,theft,home,gujranwala,punjab,13606,58,10,0.5941,2,7,0,approved,0
5623,theft,home,sialkot,punjab,41852,64,13,7.7864,0,6,3,rejected,1
5624,life,life,faisalabad,punjab,40313,45,17,4.6832,0,2,0,submitted,0
5625,pet_care,pet,sialkot,punjab,5000,58,20,0.4446,0,2,0,submitted,0
5626,other,others,hyderabad,sindh,45799,64,4,2.0682,0,4,0,approved,0
5627,life,life,sialkot,punjab,155160,61,19,6.549,0,5,0,approved,0
5628,theft,auto,sialkot,punjab,34366,45,11,2.7418,0,0,0,approved,0
5629,pet,pet,abbottabad,kpk,13204,64,12,0.5511,0,6,0,approved,0
5630,damage,home,multan,punjab,8003,64,6,0.5066,2,7,0,approved,0
5631,medical,auto,sukkur,sindh,36153,64,3,6.0055,1,5,1,approved,0
5632,damage,home,peshawar,kpk,41437,45,0,8.7034,0,0,0,rejected,1
5633,life,life,faisalabad,punjab,23661,64,21,1.9389,0,1,0,approved,0
5634,accident,auto,lahore,punjab,40860,64,10,12.6776,0,0,1,approved,0
5635,accident,auto,abbottabad,kpk,114546,44,24,9.4323,0,1,0,submitted,0
5636,medical,life,gujranwala,punjab,25289,53,29,1.1784,0,0,0,approved,0
5637,damage,auto,karachi,sindh,48012,44,30,2.3428,0,5,1,in_review,1
5638,pet,pet,faisalabad,punjab,20536,64,20,8.2013,2,8,1,approved,0
5639,pet,pet,sialkot,punjab,13036,64,7,1.5795,1,4,0,approved,0
5640,theft,home,sukkur,sindh,10435,64,22,0.4367,0,0,0,in_review,0
5641,home,home,quetta,balochistan,16928,58,23,3.261,1,7,0,approved,0
5642,life,life,karachi,sindh,12630,53,0,1.8033,0,5,0,submitted,0
5643,damage,auto,islamabad,islamabad,14860,56,28,1.6079,3,6,0,rejected,1
5644,damage,auto,mardan,kpk,5320,64,2,2.7129,1,5,0,submitted,0
5645,accident,life,sialkot,punjab,22985,64,18,1.5126,1,3,2,submitted,1
5646,pet,pet,quetta,balochistan,17079,44,9,1.0692,0,1,0,submitted,0
5647,medical,life,faisalabad,punjab,115721,64,1,12.2353,1,3,1,approved,0
5648,accident,auto,lahore,punjab,43914,64,18,7.6666,2,5,1,rejected,1
5649,life,life,rawalpindi,punjab,37490,45,6,11.9205,0,3,0,approved,0
5650,theft,auto,multan,punjab,17291,53,15,0.9216,0,1,3,rejected,1
5651,life,life,multan,punjab,201013,56,12,102.0889,0,3,0,submitted,1
5652,life,life,sukkur,sindh,41384,44,30,2.1259,0,2,0,approved,0
5653,medical,auto,mardan,kpk,26798,58,6,1.3478,0,4,0,approved,0
5654,pet_care,pet,quetta,balochistan,19395,64,24,1.0159,0,1,0,approved,0
5655,home,home,faisalabad,punjab,25801,64,8,3.9823,1,7,2,submitted,1
5656,pet_care,pet,islamabad,islamabad,32770,53,0,12.9321,1,6,0,submitted,0
5657,pet,pet,rawalpindi,punjab,14335,64,8,1.5765,0,6,0,approved,0
5658,auto,auto,multan,punjab,32625,61,22,2.5643,2,3,0,submitted,0
5659,auto,auto,sialkot,punjab,6916,58,21,0.4615,0,6,2,rejected,1
5660,theft,auto,rawalpindi,punjab,6452,58,9,0.3883,3,8,0,approved,0
5661,other,life,gujranwala,punjab,9913,61,7,0.7141,0,5,0,approved,0
5662,accident,life,mardan,kpk,29324,45,23,1.2063,1,4,0,approved,0
5663,accident,auto,mardan,kpk,43057,44,13,2.6639,0,6,0,in_review,0
5664,pet,pet,peshawar,kpk,21400,44,3,0.979,0,4,0,approved,0
5665,home,home,faisalabad,punjab,15192,56,22,0.622,3,7,1,rejected,1
5666,other,home,multan,punjab,5000,56,15,0.2535,1,5,0,approved,0
5667,auto,auto,hyderabad,sindh,45860,61,28,2.4863,0,3,1,approved,0
5668,pet_care,pet,multan,punjab,17338,64,21,1.0675,0,5,0,submitted,0
5669,theft,auto,mardan,kpk,9323,58,3,1.6102,0,3,0,approved,0
5670,life,life,hyderabad,sindh,258370,53,19,39.7187,0,3,1,approved,0
5671,home,home,karachi,sindh,6151,56,20,0.5298,3,7,0,rejected,1
5672,pet_care,pet,mardan,kpk,8157,45,8,0.3755,1,7,0,in_review,0
5673,theft,home,multan,punjab,34565,45,21,1.4586,0,0,1,approved,0
5674,pet_care,pet,mardan,kpk,18990,53,9,0.7929,0,1,0,submitted,1
5675,auto,auto,lahore,punjab,14167,45,22,1.0962,0,2,1,submitted,0
5676,damage,home,gujranwala,punjab,13151,56,11,0.6415,0,3,0,submitted,0
5677,theft,auto,peshawar,kpk,15111,45,12,0.8794,0,6,0,submitted,0
5678,pet_care,pet,rawalpindi,punjab,30569,56,30,3.4239,1,6,0,approved,0
5679,accident,life,rawalpindi,punjab,15807,64,0,1.4461,0,6,0,approved,0
5680,accident,life,lahore,punjab,27623,44,28,4.1695,0,0,0,submitted,0
5681,other,others,islamabad,islamabad,125705,61,11,7.1627,1,1,0,approved,0
5682,auto,auto,abbottabad,kpk,34402,44,0,2.4323,1,4,0,in_review,1
5683,damage,auto,multan,punjab,37346,56,9,2.6387,1,7,0,in_review,0
5684,theft,home,islamabad,islamabad,5000,64,7,0.2059,1,2,3,submitted,1
5685,theft,home,abbottabad,kpk,34050,44,25,1.9429,0,3,2,submitted,1
5686,other,others,islamabad,islamabad,9805,45,19,4.5818,0,0,1,approved,0
5687,other,home,karachi,sindh,66009,56,0,17.2573,1,4,0,approved,0
5688,accident,auto,quetta,balochistan,43577,61,14,17.6069,2,7,0,approved,0
5689,damage,auto,lahore,punjab,18903,53,13,6.4559,0,3,0,approved,0
5690,home,home,hyderabad,sindh,22435,53,2,1.9397,4,8,3,rejected,1
5691,damage,home,quetta,balochistan,19179,58,7,0.828,0,4,1,approved,0
5692,theft,auto,hyderabad,sindh,25247,53,9,1.1613,0,0,2,approved,0
5693,accident,life,peshawar,kpk,110138,58,0,4.9569,1,1,0,approved,0
5694,pet,pet,faisalabad,punjab,10172,53,30,0.4398,4,5,2,rejected,1
5695,damage,home,lahore,punjab,11535,56,23,0.5278,0,3,0,approved,0
5696,pet,pet,hyderabad,sindh,5654,53,20,0.2584,1,3,2,in_review,1
5697,auto,auto,lahore,punjab,24053,56,7,1.1139,2,8,0,approved,0
5698,damage,home,multan,punjab,13646,58,21,0.9921,4,7,2,rejected,1
5699,home,home,abbottabad,kpk,54578,64,4,15.0851,0,3,0,submitted,0
5700,life,life,hyderabad,sindh,84872,45,15,5.0691,0,0,0,in_review,0
5701,medical,auto,rawalpindi,punjab,155842,53,13,100.6081,0,2,0,submitted,1
5702,home,home,gujranwala,punjab,172298,53,24,9.61,0,6,1,in_review,1
5703,other,pet,sialkot,punjab,29969,64,28,16.9412,0,6,0,in_review,0
5704,accident,life,mardan,kpk,9587,64,9,0.5056,1,5,0,approved,0
5705,theft,auto,faisalabad,punjab,45809,58,28,2.8692,0,0,1,approved,0
5706,home,home,abbottabad,kpk,37011,61,22,1.8321,1,6,0,submitted,0
5707,damage,auto,abbottabad,kpk,58617,61,24,3.9507,0,6,1,in_review,0
5708,accident,life,mardan,kpk,36101,64,18,1.5165,1,5,0,in_review,1
5709,pet_care,pet,mardan,kpk,23891,44,22,3.1402,2,4,1,approved,0
5710,theft,home,rawalpindi,punjab,12845,53,4,0.6504,2,7,2,rejected,1
5711,accident,life,rawalpindi,punjab,14297,45,4,0.7467,1,1,1,approved,0
5712,theft,home,rawalpindi,punjab,5000,44,0,0.2227,0,6,0,approved,0
5713,pet_care,pet,quetta,balochistan,7082,64,10,3.374,2,8,0,approved,0
5714,medical,auto,gujranwala,punjab,77563,64,17,11.0599,0,1,3,in_review,1
5715,home,home,gujranwala,punjab,75451,64,25,3.1875,3,9,1,rejected,1
5716,damage,home,hyderabad,sindh,7593,53,19,2.1589,0,3,0,approved,0
5717,damage,auto,hyderabad,sindh,20850,45,25,2.5798,0,2,0,approved,0
5718,accident,life,rawalpindi,punjab,15852,56,1,0.78,0,2,2,rejected,1
5719,life,life,faisalabad,punjab,38222,64,29,4.5292,0,6,1,approved,0
5720,pet_care,pet,quetta,balochistan,39868,64,17,8.5867,1,7,1,approved,0
5721,medical,life,hyderabad,sindh,73133,64,16,19.4348,0,1,1,in_review,0
5722,theft,auto,karachi,sindh,26854,56,6,2.2249,3,4,3,submitted,0
5723,theft,auto,rawalpindi,punjab,13687,45,19,0.572,0,4,2,in_review,1
5724,accident,life,hyderabad,sindh,7205,45,1,0.3207,3,9,2,rejected,1
5725,pet_care,pet,peshawar,kpk,5611,53,26,0.7657,0,0,1,approved,0
5726,life,life,karachi,sindh,19133,61,19,1.2191,2,3,1,submitted,0
5727,pet,pet,faisalabad,punjab,21892,45,4,4.7303,0,4,0,approved,0
5728,damage,auto,abbottabad,kpk,17298,61,19,1.7569,0,3,0,submitted,0
5729,pet_care,pet,sukkur,sindh,7708,56,1,0.6375,4,9,2,in_review,1
5730,other,home,islamabad,islamabad,15792,64,8,0.7922,0,0,0,approved,0
5731,life,life,sukkur,sindh,255723,53,11,11.4828,1,1,0,submitted,0
5732,damage,home,lahore,punjab,5000,44,16,0.4158,0,1,0,approved,0
5733,pet,pet,islamabad,islamabad,6085,53,1,0.3769,0,0,0,approved,0
5734,home,home,abbottabad,kpk,9929,53,2,1.7419,0,4,1,approved,0
5735,damage,auto,rawalpindi,punjab,46858,58,0,2.0105,0,2,0,approved,0
5736,home,home,hyderabad,sindh,5321,64,18,0.5381,1,3,1,approved,0
5737,other,home,gujranwala,punjab,9362,64,13,0.7753,0,6,0,approved,0
5738,damage,auto,lahore,punjab,33873,61,25,1.4743,0,6,0,submitted,0
5739,life,life,islamabad,islamabad,46179,64,24,23.8405,0,0,0,approved,0
5740,medical,life,sialkot,punjab,44522,64,27,3.2708,0,3,0,in_review,0
5741,pet_care,pet,gujranwala,punjab,10851,45,14,0.8255,1,7,0,approved,0
5742,life,life,sialkot,punjab,37760,64,22,1.5861,0,2,0,approved,0
5743,medical,auto,mardan,kpk,22094,53,29,2.6008,0,1,1,approved,0
5744,accident,life,quetta,balochistan,29131,64,18,6.0753,0,2,0,approved,0
5745,pet,pet,karachi,sindh,14037,64,8,0.8984,1,2,2,rejected,1
5746,medical,auto,mardan,kpk,143812,56,15,53.9228,1,1,0,approved,0
5747,auto,auto,islamabad,islamabad,27063,56,17,1.802,0,0,1,submitted,0
5748,pet,pet,multan,punjab,12446,44,24,4.7377,0,1,0,submitted,0
5749,pet_care,pet,sialkot,punjab,19502,56,7,1.423,0,6,0,approved,0
5750,theft,home,sukkur,sindh,50582,58,2,2.29,0,0,0,approved,0
5751,life,life,abbottabad,kpk,53817,64,15,10.1753,3,7,1,rejected,1
5752,theft,auto,hyderabad,sindh,29151,44,23,1.1703,0,2,1,approved,0
5753,life,life,islamabad,islamabad,63853,45,17,3.0175,0,4,1,in_review,0
5754,theft,home,peshawar,kpk,12183,44,21,0.5078,0,1,0,approved,0
5755,life,life,mardan,kpk,39456,44,1,3.4366,0,2,0,approved,0
5756,damage,home,multan,punjab,51285,56,3,2.7271,1,3,0,approved,0
5757,medical,life,hyderabad,sindh,17925,53,2,6.9856,2,6,2,rejected,1
5758,damage,home,rawalpindi,punjab,7103,56,24,0.4462,0,0,0,submitted,0
5759,life,life,rawalpindi,punjab,22716,53,16,3.4129,4,9,3,rejected,1
5760,life,life,multan,punjab,53840,45,30,4.8742,0,4,0,approved,0
5761,life,life,sukkur,sindh,67721,64,15,13.6095,0,3,0,in_review,0
5762,pet_care,pet,sukkur,sindh,7370,58,2,0.6197,1,6,1,submitted,0
5763,auto,auto,hyderabad,sindh,36416,64,19,1.4865,2,2,0,approved,0
5764,accident,auto,sukkur,sindh,29337,58,25,7.0067,0,2,0,approved,0
5765,life,life,rawalpindi,punjab,59819,58,27,19.788,1,1,0,approved,0
5766,theft,auto,rawalpindi,punjab,16652,58,12,0.8136,0,6,1,approved,0
5767,auto,auto,karachi,sindh,42554,44,21,4.1589,1,7,0,approved,0
5768,accident,life,mardan,kpk,56911,64,9,2.622,0,3,0,approved,0
5769,theft,home,karachi,sindh,54548,61,13,4.4312,3,6,3,rejected,1
5770,home,home,sialkot,punjab,11908,53,17,1.1513,2,2,0,approved,0
5771,theft,auto,sukkur,sindh,9727,64,30,0.7136,0,5,0,approved,0
5772,pet_care,pet,abbottabad,kpk,12497,56,28,0.903,0,5,0,approved,0
5773,medical,auto,peshawar,kpk,59762,64,15,7.9103,2,4,0,approved,0
5774,damage,auto,islamabad,islamabad,18584,45,3,2.5584,1,1,1,in_review,0
5775,pet,pet,gujranwala,punjab,9534,44,25,1.4496,0,6,0,approved,0
5776,damage,auto,sialkot,punjab,30829,56,22,1.8797,4,4,1,in_review,1
5777,other,auto,karachi,sindh,290005,58,24,14.7638,1,7,1,submitted,1
5778,medical,life,abbottabad,kpk,25061,44,16,1.8908,1,5,0,approved,0
5779,pet,pet,karachi,sindh,9676,61,2,2.7318,1,5,0,approved,0
5780,auto,auto,multan,punjab,20241,44,25,0.9443,0,2,2,in_review,1
5781,pet_care,pet,gujranwala,punjab,7696,64,12,1.2844,0,4,0,submitted,0
5782,home,home,faisalabad,punjab,142892,64,22,8.8352,0,6,1,approved,0
5783,pet_care,pet,sukkur,sindh,19975,58,4,1.9298,1,4,0,submitted,1
5784,life,life,mardan,kpk,14038,45,17,3.5903,3,4,1,submitted,1
5785,home,home,mardan,kpk,20792,56,9,1.6299,1,6,3,in_review,1
5786,accident,auto,quetta,balochistan,87425,64,8,3.6426,0,5,2,rejected,1
5787,home,home,quetta,balochistan,22205,58,3,1.4468,3,8,2,submitted,1
5788,other,home,faisalabad,punjab,14065,64,19,0.8372,1,3,2,rejected,1
5789,theft,home,karachi,sindh,32042,61,16,3.5809,1,1,2,submitted,1
5790,medical,auto,gujranwala,punjab,24621,64,22,1.5802,0,5,0,rejected,1
5791,other,auto,karachi,sindh,31315,64,8,1.838,0,3,0,submitted,1
5792,medical,life,hyderabad,sindh,37627,64,1,3.9232,1,5,0,approved,0
5793,life,life,sukkur,sindh,106571,56,26,8.2079,0,2,3,rejected,1
5794,pet,pet,peshawar,kpk,7079,56,0,0.5919,0,0,0,approved,0
5795,home,home,faisalabad,punjab,6909,61,10,0.2797,0,5,0,submitted,0
5796,medical,auto,abbottabad,kpk,111112,53,22,20.1948,0,1,0,approved,0
5797,home,home,karachi,sindh,91680,64,15,4.2456,0,4,0,approved,0
5798,other,life,karachi,sindh,38802,58,4,1.9849,0,6,0,approved,0
5799,pet_care,pet,quetta,balochistan,9863,64,4,1.8111,0,6,0,approved,0
5800,home,home,rawalpindi,punjab,32757,53,12,2.8285,1,1,0,rejected,1
5801,pet_care,pet,lahore,punjab,22298,61,20,1.5561,0,5,0,approved,0
5802,medical,auto,quetta,balochistan,14392,56,14,8.3918,3,7,0,rejected,1
5803,medical,auto,sukkur,sindh,34502,45,13,2.2111,0,1,0,approved,0
5804,life,life,abbottabad,kpk,68984,64,22,10.2229,1,3,0,rejected,1
5805,auto,auto,gujranwala,punjab,152799,64,9,84.466,4,5,1,rejected,1
5806,theft,auto,sukkur,sindh,131602,64,13,7.8311,2,5,1,approved,0
5807,home,home,multan,punjab,10592,64,7,3.9332,0,3,3,rejected,1
5808,medical,life,karachi,sindh,77608,45,30,4.4518,1,7,0,approved,0
5809,pet_care,pet,abbottabad,kpk,7851,56,28,0.3146,1,3,0,approved,0
5810,damage,auto,quetta,balochistan,15682,58,29,0.8837,4,5,3,rejected,1
5811,theft,home,hyderabad,sindh,9366,58,25,2.8581,2,6,1,in_review,0
5812,accident,life,sukkur,sindh,30533,58,28,1.3705,1,7,0,approved,0
5813,other,auto,peshawar,kpk,26869,56,15,2.365,0,0,0,approved,0
5814,pet_care,pet,faisalabad,punjab,33599,53,2,3.3606,2,8,3,in_review,1
5815,medical,life,faisalabad,punjab,56697,44,30,6.7216,1,2,1,approved,0
5816,damage,auto,peshawar,kpk,22327,44,1,2.8088,0,3,0,in_review,0
5817,theft,home,multan,punjab,39580,64,26,1.7366,1,1,0,approved,0
5818,auto,auto,faisalabad,punjab,29041,64,13,5.6699,0,6,2,rejected,1
5819,pet,pet,faisalabad,punjab,6343,44,26,0.2959,3,3,2,rejected,1
5820,auto,auto,mardan,kpk,12216,53,2,1.1049,0,0,0,approved,0
5821,theft,auto,peshawar,kpk,76594,56,16,8.4049,1,2,0,approved,0
5822,pet_care,pet,islamabad,islamabad,20590,44,23,2.9507,2,2,2,rejected,1
5823,theft,auto,sialkot,punjab,8287,53,14,1.192,0,3,1,submitted,0
5824,medical,auto,gujranwala,punjab,110414,64,30,5.9032,2,7,0,approved,0
5825,auto,auto,karachi,sindh,77217,58,15,5.7253,2,4,2,rejected,1
5826,damage,home,abbottabad,kpk,16972,44,9,1.2068,0,4,0,in_review,1
5827,home,home,multan,punjab,14488,53,4,0.7296,1,2,0,approved,0
5828,auto,auto,lahore,punjab,10366,64,10,0.4949,3,5,3,submitted,1
5829,auto,auto,gujranwala,punjab,24682,56,18,1.6599,1,1,0,approved,0
5830,pet_care,pet,sukkur,sindh,20143,64,24,1.9665,0,6,0,approved,0
5831,pet,pet,islamabad,islamabad,26741,58,28,1.3817,0,0,0,approved,0
5832,pet_care,pet,gujranwala,punjab,5000,45,26,0.4394,2,6,0,approved,0
5833,damage,auto,peshawar,kpk,30023,53,26,1.7209,2,6,2,rejected,1
5834,medical,auto,hyderabad,sindh,32634,61,4,5.8244,0,5,3,rejected,1
5835,home,home,sialkot,punjab,13675,58,9,0.7247,0,1,0,approved,0
5836,other,others,gujranwala,punjab,116528,64,4,6.3872,2,3,0,approved,0
5837,accident,life,sukkur,sindh,148894,53,15,7.2848,1,6,2,in_review,1
5838,other,home,quetta,balochistan,37489,56,7,2.763,0,1,0,approved,0
5839,accident,auto,hyderabad,sindh,18891,53,30,1.4247,0,4,0,approved,0
5840,damage,home,gujranwala,punjab,7877,64,24,0.4019,1,1,1,approved,0
5841,life,life,hyderabad,sindh,44180,53,4,2.4216,1,5,1,approved,0
5842,life,life,gujranwala,punjab,56390,64,18,3.9135,1,1,0,approved,0
5843,medical,life,hyderabad,sindh,31710,44,18,3.1418,1,6,0,approved,0
5844,pet,pet,quetta,balochistan,21707,64,13,1.6309,4,6,3,rejected,1
5845,pet_care,pet,peshawar,kpk,5000,64,3,0.2518,0,3,1,approved,0
5846,pet,pet,sukkur,sindh,7168,64,18,0.5527,0,3,0,in_review,0
5847,home,home,lahore,punjab,71691,44,30,44.7789,2,2,1,submitted,0
5848,other,pet,quetta,balochistan,30078,64,25,3.1374,0,6,2,submitted,0
5849,accident,auto,mardan,kpk,60407,53,0,14.0547,0,1,3,rejected,1
5850,pet_care,pet,multan,punjab,11198,53,10,0.4657,2,7,2,in_review,1
5851,auto,auto,mardan,kpk,11699,56,30,0.9984,0,4,2,rejected,1
5852,medical,auto,rawalpindi,punjab,102189,53,8,9.6214,1,6,1,approved,0
5853,other,pet,mardan,kpk,65663,45,18,20.0437,0,0,0,rejected,1
5854,accident,auto,karachi,sindh,39517,45,11,2.898,1,6,2,rejected,1
5855,other,auto,sukkur,sindh,30094,44,4,3.3494,1,3,0,in_review,0
5856,damage,home,lahore,punjab,12235,45,13,0.8071,3,5,1,in_review,1
5857,medical,life,gujranwala,punjab,136860,44,22,9.3096,1,2,2,rejected,1
5858,pet,pet,sukkur,sindh,6942,64,6,3.7423,0,2,0,in_review,0
5859,damage,auto,peshawar,kpk,8718,45,5,0.8373,2,3,0,submitted,0
5860,auto,auto,quetta,balochistan,13620,58,19,0.6497,2,2,0,approved,0
5861,auto,auto,lahore,punjab,15486,64,27,2.2069,0,1,0,submitted,1
5862,accident,auto,gujranwala,punjab,70012,58,21,14.9854,0,3,0,approved,0
5863,auto,auto,lahore,punjab,25783,56,26,2.5586,0,4,2,rejected,1
5864,pet_care,pet,mardan,kpk,10480,44,18,0.5544,0,5,0,approved,0
5865,other,life,faisalabad,punjab,12282,53,26,1.0126,0,3,1,submitted,1
5866,home,home,peshawar,kpk,12476,64,4,0.6395,2,8,0,approved,0
5867,pet,pet,abbottabad,kpk,24308,53,18,11.9274,0,2,2,submitted,1
5868,damage,auto,abbottabad,kpk,24802,64,30,4.2382,0,0,2,rejected,1
5869,auto,auto,islamabad,islamabad,30527,45,3,3.6859,4,7,3,rejected,1
5870,pet_care,pet,abbottabad,kpk,9752,56,2,0.5336,1,5,0,submitted,0
5871,pet,pet,sialkot,punjab,5000,64,18,0.2753,1,3,2,rejected,1
5872,life,life,multan,punjab,70765,53,28,13.9274,2,5,0,approved,0
5873,pet_care,pet,peshawar,kpk,20013,53,23,1.6924,4,5,3,rejected,1
5874,other,others,quetta,balochistan,46280,64,23,4.2035,0,2,0,in_review,0
5875,life,life,islamabad,islamabad,26635,64,17,1.8498,4,7,3,in_review,1
5876,auto,auto,karachi,sindh,20919,58,4,1.1692,1,1,1,submitted,0
5877,auto,auto,karachi,sindh,19703,64,13,2.2096,0,2,0,approved,0
5878,medical,auto,faisalabad,punjab,26155,53,3,2.2694,1,5,0,submitted,0
5879,theft,auto,mardan,kpk,11900,45,5,4.5699,0,2,0,approved,0
5880,pet,pet,lahore,punjab,24443,64,29,1.0991,0,4,0,approved,0
5881,pet_care,pet,sialkot,punjab,8791,58,9,0.5806,0,1,0,in_review,0
5882,pet_care,pet,peshawar,kpk,10583,61,4,0.5931,0,5,0,submitted,0
5883,auto,auto,peshawar,kpk,7402,61,14,1.0151,0,3,0,approved,0
5884,life,life,mardan,kpk,26363,58,12,2.8942,2,2,0,approved,0
5885,damage,home,peshawar,kpk,37991,53,20,4.2491,2,7,1,approved,0
5886,medical,auto,abbottabad,kpk,20756,45,6,3.5811,1,7,0,approved,0
5887,accident,life,faisalabad,punjab,86105,58,8,10.4573,1,6,0,approved,0
5888,life,life,sialkot,punjab,77528,56,3,8.1062,3,6,1,rejected,1
5889,pet,pet,lahore,punjab,12567,64,4,0.9109,0,6,1,approved,0
5890,home,home,mardan,kpk,20156,61,3,9.9389,0,2,0,submitted,1
5891,pet,pet,abbottabad,kpk,10075,58,17,2.8269,1,3,0,approved,0
5892,auto,auto,rawalpindi,punjab,23572,64,25,1.0747,1,3,0,approved,0
5893,pet_care,pet,karachi,sindh,10715,61,8,0.5717,0,2,1,approved,0
5894,accident,auto,gujranwala,punjab,73624,53,17,6.8101,2,7,3,rejected,1
5895,life,life,quetta,balochistan,74067,44,28,4.5916,1,3,0,in_review,1
5896,life,life,gujranwala,punjab,38569,56,24,8.8218,1,2,0,in_review,0
5897,other,life,multan,punjab,75246,64,15,4.0187,1,4,3,submitted,1
5898,auto,auto,lahore,punjab,71580,58,27,10.5435,0,5,1,submitted,0
5899,other,life,rawalpindi,punjab,5849,58,9,2.3738,0,5,2,in_review,1
5900,damage,auto,multan,punjab,17918,64,4,1.1506,0,6,0,approved,0
5901,accident,auto,sialkot,punjab,12116,45,12,2.4956,1,6,0,approved,0
5902,accident,life,gujranwala,punjab,35999,45,14,7.2258,2,2,0,submitted,0
5903,home,home,gujranwala,punjab,21579,61,14,1.3665,0,2,0,approved,0
5904,home,home,quetta,balochistan,63621,61,0,2.5769,4,10,1,rejected,1
5905,pet,pet,hyderabad,sindh,6423,45,5,0.7607,1,4,0,submitted,0
5906,medical,life,quetta,balochistan,46650,64,5,3.0504,0,2,0,approved,0
5907,accident,auto,sukkur,sindh,38379,45,0,5.1543,0,0,0,submitted,0
5908,other,home,lahore,punjab,27748,44,7,1.1876,1,5,0,rejected,1
5909,accident,life,abbottabad,kpk,26473,45,27,17.3253,2,8,1,approved,0
5910,accident,auto,gujranwala,punjab,11939,56,30,1.0116,1,2,0,approved,0
5911,other,life,abbottabad,kpk,45662,58,24,5.5021,0,1,0,in_review,0
5912,pet,pet,lahore,punjab,16689,64,8,1.4344,0,1,2,rejected,1
5913,medical,life,faisalabad,punjab,7830,56,28,0.3737,0,3,3,rejected,1
5914,theft,auto,multan,punjab,5708,61,10,0.3817,0,3,0,approved,0
5915,medical,life,sukkur,sindh,84735,44,27,3.7665,1,4,0,approved,0
5916,home,home,multan,punjab,33235,64,13,3.0691,0,6,0,in_review,0
5917,auto,auto,sialkot,punjab,11307,64,0,1.1273,0,2,0,approved,0
5918,accident,life,hyderabad,sindh,21794,45,23,4.2708,0,0,0,submitted,0
5919,other,pet,mardan,kpk,37451,45,19,1.8223,0,4,1,approved,0
5920,home,home,peshawar,kpk,56894,56,5,2.5772,0,6,0,in_review,0
5921,auto,auto,multan,punjab,49100,61,30,2.5968,0,2,0,approved,0
5922,home,home,faisalabad,punjab,29887,64,7,1.5781,4,10,3,rejected,1
5923,life,life,faisalabad,punjab,550839,58,5,118.1804,0,0,0,rejected,1
5924,accident,auto,karachi,sindh,28832,44,13,3.715,0,1,0,approved,0
5925,pet_care,pet,karachi,sindh,5000,53,18,0.7143,3,7,2,rejected,1
5926,medical,life,faisalabad,punjab,54971,64,14,3.8251,0,4,0,approved,0
5927,theft,auto,faisalabad,punjab,6851,53,27,0.7007,0,4,1,approved,0
5928,life,life,mardan,kpk,297471,58,8,57.0852,0,0,2,in_review,1
5929,damage,auto,faisalabad,punjab,29518,61,11,2.3121,1,1,0,approved,0
5930,pet,pet,lahore,punjab,7439,53,10,2.1669,1,2,0,submitted,0
5931,damage,home,karachi,sindh,89485,64,2,6.697,1,7,0,approved,0
5932,theft,home,karachi,sindh,25345,58,26,1.0736,1,5,0,approved,0
5933,auto,auto,gujranwala,punjab,31307,45,2,1.6827,1,6,0,approved,0
5934,pet_care,pet,gujranwala,punjab,7272,56,22,0.3121,0,5,1,approved,0
5935,pet_care,pet,lahore,punjab,8752,45,5,0.3866,0,4,1,submitted,0
5936,medical,life,mardan,kpk,35981,56,19,3.4112,0,3,0,approved,0
5937,accident,life,mardan,kpk,84656,44,22,34.2321,1,1,1,approved,0
5938,life,life,multan,punjab,48450,64,3,5.694,0,4,0,in_review,0
5939,pet_care,pet,sialkot,punjab,10740,45,9,0.6974,0,5,0,approved,0
5940,life,life,sialkot,punjab,29364,64,17,2.4558,0,3,3,rejected,1
5941,accident,auto,karachi,sindh,15661,45,25,2.0357,0,5,2,rejected,1
5942,damage,home,quetta,balochistan,15471,61,14,1.0903,3,4,1,rejected,1
5943,accident,life,peshawar,kpk,20020,53,5,0.8124,1,1,1,approved,0
5944,home,home,faisalabad,punjab,14446,64,26,1.9681,1,7,0,approved,0
5945,medical,auto,faisalabad,punjab,43365,64,17,1.9585,1,5,0,approved,0
5946,home,home,sialkot,punjab,194294,64,27,13.4311,0,5,0,approved,0
5947,pet,pet,lahore,punjab,11425,58,2,0.7779,1,3,0,rejected,1
5948,other,life,rawalpindi,punjab,8733,58,17,1.4437,0,1,0,approved,0
5949,auto,auto,faisalabad,punjab,19800,64,14,0.8179,1,1,0,approved,0
5950,auto,auto,quetta,balochistan,13797,61,30,1.1027,0,5,0,rejected,1
5951,auto,auto,quetta,balochistan,38431,45,29,3.0029,1,6,1,approved,0
5952,pet_care,pet,multan,punjab,15807,45,27,1.3238,0,3,0,approved,0
5953,theft,auto,rawalpindi,punjab,46718,56,11,3.0583,2,2,0,approved,0
5954,other,others,peshawar,kpk,6309,61,8,0.8044,0,3,0,approved,0
5955,auto,auto,rawalpindi,punjab,24071,58,25,1.285,4,7,3,rejected,1
5956,theft,home,rawalpindi,punjab,5000,64,9,0.2203,0,4,0,approved,0
5957,accident,auto,mardan,kpk,17439,56,27,0.7459,0,2,1,approved,0
5958,auto,auto,rawalpindi,punjab,24884,61,16,7.685,0,2,1,approved,0
5959,pet,pet,faisalabad,punjab,14338,64,18,0.5942,1,4,0,approved,0
5960,pet,pet,sialkot,punjab,20726,44,15,1.1757,1,3,1,rejected,1
5961,damage,auto,faisalabad,punjab,26065,64,13,1.2288,0,3,0,submitted,0
5962,other,pet,hyderabad,sindh,26878,45,9,4.2589,2,7,1,approved,0
5963,auto,auto,gujranwala,punjab,28656,56,21,4.0815,0,4,0,approved,0
5964,pet_care,pet,peshawar,kpk,9237,58,11,0.699,0,3,0,approved,0
5965,damage,home,sialkot,punjab,15987,64,10,0.9181,2,4,0,approved,0
5966,medical,life,gujranwala,punjab,67684,45,5,8.4048,0,6,1,approved,0
5967,home,home,lahore,punjab,86050,64,12,7.0429,0,1,1,approved,0
5968,auto,auto,faisalabad,punjab,13832,45,11,0.6497,0,5,0,approved,0
5969,auto,auto,abbottabad,kpk,24574,56,23,1.4421,0,6,0,approved,0
5970,pet,pet,faisalabad,punjab,22602,53,29,2.3598,0,3,0,approved,0
5971,accident,auto,gujranwala,punjab,82025,64,11,7.1196,0,6,0,in_review,0
5972,other,others,gujranwala,punjab,36875,61,8,3.9591,0,5,0,in_review,0
5973,other,auto,gujranwala,punjab,50570,53,12,20.1074,0,2,0,approved,0
5974,life,life,lahore,punjab,124668,45,1,13.8505,0,0,0,approved,0
5975,auto,auto,quetta,balochistan,42702,45,23,3.0011,0,3,2,submitted,1
5976,auto,auto,lahore,punjab,8263,61,4,0.6487,3,8,1,approved,0
5977,other,others,lahore,punjab,70453,64,28,5.0109,1,5,0,rejected,1
5978,medical,life,karachi,sindh,107655,64,8,4.8054,0,2,0,submitted,0
5979,life,life,quetta,balochistan,279393,56,9,44.1588,0,0,2,in_review,1
5980,damage,home,hyderabad,sindh,53012,56,6,3.5231,0,0,2,submitted,1
5981,medical,auto,lahore,punjab,120941,58,25,21.7012,0,0,0,approved,0
5982,theft,auto,mardan,kpk,35631,44,21,2.928,0,0,0,approved,0
5983,medical,auto,mardan,kpk,53416,56,17,11.3506,1,6,0,approved,0
5984,pet_care,pet,sialkot,punjab,15158,64,14,1.2363,0,5,0,in_review,0
5985,medical,auto,sialkot,punjab,13906,45,22,0.6719,0,6,1,approved,0
5986,home,home,lahore,punjab,31911,64,2,7.1501,2,4,3,rejected,1
5987,damage,auto,multan,punjab,9374,61,0,0.5773,0,6,0,approved,0
5988,pet_care,pet,lahore,punjab,14877,56,4,0.763,2,7,0,submitted,0
5989,auto,auto,lahore,punjab,9435,58,15,0.5231,0,6,0,in_review,0
5990,medical,life,sukkur,sindh,65099,45,26,2.9304,4,5,3,rejected,1
5991,auto,auto,peshawar,kpk,21733,58,19,2.5038,0,2,1,approved,0
5992,pet,pet,rawalpindi,punjab,13470,45,18,1.433,0,6,0,approved,0
5993,life,life,multan,punjab,18900,56,4,1.0085,0,4,3,rejected,1
5994,accident,life,peshawar,kpk,16263,44,3,0.827,0,6,0,approved,0
5995,pet,pet,mardan,kpk,6945,56,15,0.2945,0,6,0,approved,0
5996,pet,pet,abbottabad,kpk,11517,44,20,0.5549,2,5,0,approved,0
5997,pet,pet,sukkur,sindh,10277,64,3,0.5486,0,3,1,submitted,0
5998,theft,home,abbottabad,kpk,39039,56,21,14.1241,2,5,0,approved,0
5999,pet,pet,multan,punjab,7885,58,26,1.378,2,7,1,approved,0
6000,accident,auto,rawalpindi,punjab,30454,64,22,1.4223,1,6,0,approved,0
6001,auto,auto,hyderabad,sindh,58018,45,2,8.3025,0,4,0,approved,0
6002,damage,home,karachi,sindh,21017,44,27,13.4123,1,5,0,approved,0
6003,life,life,multan,punjab,21620,44,5,3.6737,4,8,0,submitted,1
6004,pet_care,pet,sialkot,punjab,16710,56,6,0.9176,0,3,1,in_review,0
6005,medical,auto,rawalpindi,punjab,158501,44,5,49.3619,0,4,1,approved,0
6006,medical,auto,sialkot,punjab,116452,56,19,34.6377,2,7,0,approved,0
6007,damage,auto,faisalabad,punjab,18428,45,8,1.0867,0,4,0,approved,0
6008,pet,pet,lahore,punjab,8877,56,6,2.6867,0,1,0,approved,0
6009,pet_care,pet,sialkot,punjab,6122,64,21,1.3286,3,9,2,rejected,1
6010,life,life,gujranwala,punjab,79010,58,0,7.2109,0,3,0,approved,0
6011,other,others,rawalpindi,punjab,26235,45,10,2.8547,0,5,0,submitted,0
6012,home,home,rawalpindi,punjab,52176,64,4,6.492,1,3,3,submitted,1
6013,pet_care,pet,karachi,sindh,11962,64,10,0.4859,0,3,0,rejected,1
6014,pet_care,pet,sialkot,punjab,12135,64,21,1.1481,3,5,2,rejected,1
6015,pet_care,pet,hyderabad,sindh,21760,64,23,0.9011,1,4,2,rejected,1
6016,damage,auto,gujranwala,punjab,13888,64,16,0.6054,1,6,0,in_review,1
6017,pet_care,pet,islamabad,islamabad,11102,58,26,0.9196,1,2,2,rejected,1
6018,theft,auto,karachi,sindh,43587,64,6,9.8058,0,4,2,submitted,1
6019,home,home,sialkot,punjab,46676,64,26,1.9027,2,5,1,approved,0
6020,theft,auto,sukkur,sindh,19917,64,7,1.3629,0,5,0,in_review,1
6021,other,auto,gujranwala,punjab,18852,64,16,1.2787,0,5,0,submitted,0
6022,damage,auto,mardan,kpk,22040,45,24,2.0798,0,3,2,rejected,1
6023,theft,home,lahore,punjab,10527,53,14,0.5784,2,7,2,in_review,1
6024,pet,pet,rawalpindi,punjab,10776,44,12,1.1117,0,3,0,approved,0
6025,theft,auto,sialkot,punjab,23241,53,21,3.3112,1,3,0,in_review,0
6026,theft,home,sukkur,sindh,19945,61,0,1.2396,1,1,3,in_review,1
6027,other,others,hyderabad,sindh,67899,45,5,12.2961,0,2,0,submitted,0
6028,damage,auto,peshawar,kpk,13897,58,8,1.0932,1,4,0,approved,0
6029,pet,pet,hyderabad,sindh,8243,61,26,1.2539,0,5,0,approved,0
6030,life,life,lahore,punjab,102277,44,27,20.583,1,3,3,rejected,1
6031,accident,life,rawalpindi,punjab,7881,64,15,0.4418,0,1,2,rejected,1
6032,accident,auto,sialkot,punjab,22959,44,15,3.216,0,4,1,approved,0
6033,pet,pet,peshawar,kpk,27514,45,14,1.5825,4,9,2,submitted,1
6034,other,home,gujranwala,punjab,37797,45,6,3.3231,0,5,0,submitted,0
6035,theft,auto,islamabad,islamabad,17691,64,21,2.6345,0,0,0,approved,0
6036,home,home,quetta,balochistan,120053,64,5,6.9371,0,3,0,approved,0
6037,pet_care,pet,gujranwala,punjab,12570,44,0,2.3261,0,6,0,approved,0
6038,accident,life,karachi,sindh,16204,53,4,2.8751,3,4,2,approved,0
6039,damage,auto,multan,punjab,25165,56,28,2.7721,2,5,0,in_review,0
6040,life,life,faisalabad,punjab,20737,45,26,1.0776,2,5,1,in_review,0
6041,home,home,quetta,balochistan,17722,61,24,1.1972,1,1,0,submitted,0
6042,pet_care,pet,peshawar,kpk,12675,53,18,0.8507,3,6,2,rejected,1
6043,life,life,lahore,punjab,43870,64,2,13.8043,1,4,0,approved,0
6044,pet_care,pet,abbottabad,kpk,6989,53,17,0.3603,2,7,0,in_review,0
6045,medical,life,mardan,kpk,82371,56,20,14.3229,3,3,2,rejected,1
6046,theft,auto,mardan,kpk,6746,58,9,0.8929,0,0,3,in_review,1
6047,damage,home,islamabad,islamabad,25132,45,3,2.2542,0,3,3,in_review,1
6048,home,home,quetta,balochistan,13126,61,23,0.5828,0,4,0,approved,0
6049,medical,life,rawalpindi,punjab,41876,53,25,1.7836,0,5,0,approved,0
6050,other,pet,karachi,sindh,6458,45,9,0.4582,2,6,2,submitted,1
6051,theft,auto,sialkot,punjab,42562,64,24,1.8201,0,4,0,approved,0
6052,pet_care,pet,abbottabad,kpk,15812,56,3,0.6692,0,5,0,in_review,0
6053,pet,pet,gujranwala,punjab,13159,58,13,2.7744,0,3,0,submitted,0
6054,other,home,faisalabad,punjab,33379,56,8,3.2197,0,1,0,approved,0
6055,accident,auto,abbottabad,kpk,5000,44,14,1.0101,1,7,0,approved,0
6056,auto,auto,hyderabad,sindh,23182,44,20,2.4364,0,2,0,approved,0
6057,damage,home,islamabad,islamabad,39869,45,28,6.7267,0,3,0,in_review,0
6058,damage,home,abbottabad,kpk,6878,61,12,0.6414,0,4,0,approved,0
6059,auto,auto,quetta,balochistan,10554,64,24,0.4616,1,7,0,approved,0
6060,auto,auto,lahore,punjab,15630,61,10,0.7118,1,7,3,in_review,1
6061,other,pet,multan,punjab,39812,45,19,6.8253,1,6,0,in_review,0
6062,medical,auto,multan,punjab,105788,56,2,10.999,0,1,3,in_review,1
6063,life,life,abbottabad,kpk,38684,58,26,10.9867,2,7,0,approved,0
6064,life,life,karachi,sindh,167394,64,2,11.8702,0,2,0,approved,0
6065,damage,auto,quetta,balochistan,131767,44,29,12.584,0,3,0,approved,0
6066,medical,auto,islamabad,islamabad,144256,61,9,11.3302,2,7,2,rejected,1
6067,pet_care,pet,islamabad,islamabad,5105,64,28,0.3701,2,6,1,in_review,0
6068,accident,auto,islamabad,islamabad,5000,56,17,0.758,1,7,2,submitted,0
6069,medical,life,gujranwala,punjab,33098,64,13,2.9958,1,5,2,rejected,1
6070,other,auto,hyderabad,sindh,55546,58,19,35.675,3,6,1,rejected,1
6071,medical,life,islamabad,islamabad,27637,64,17,14.5611,0,1,0,in_review,1
6072,damage,auto,faisalabad,punjab,21309,56,8,1.2293,0,5,0,submitted,1
6073,damage,home,islamabad,islamabad,21576,64,19,2.9842,2,8,0,approved,0
6074,pet,pet,lahore,punjab,29278,56,19,1.3103,0,1,1,approved,0
6075,home,home,peshawar,kpk,24434,64,8,1.3045,0,1,0,approved,0
6076,pet,pet,karachi,sindh,5000,64,13,0.4511,3,4,0,rejected,1
6077,pet,pet,hyderabad,sindh,5000,44,24,0.2332,0,1,0,approved,0
6078,theft,home,islamabad,islamabad,9620,45,29,1.6182,0,6,0,in_review,0
6079,pet,pet,peshawar,kpk,9634,44,6,0.4113,1,3,0,rejected,1
6080,damage,auto,rawalpindi,punjab,69220,58,13,3.01,0,5,1,approved,0
6081,life,life,mardan,kpk,19649,58,17,3.7613,1,2,0,approved,0
6082,pet_care,pet,lahore,punjab,5000,58,13,0.7033,1,5,1,approved,0
6083,life,life,islamabad,islamabad,56280,53,15,4.7756,1,7,0,submitted,0
6084,accident,auto,lahore,punjab,48694,64,17,2.0754,0,1,1,approved,0
6085,accident,auto,islamabad,islamabad,76123,45,16,3.9399,0,2,0,submitted,0
6086,auto,auto,gujranwala,punjab,48563,56,9,14.676,1,6,2,rejected,1
6087,life,life,peshawar,kpk,82095,56,30,4.781,3,8,3,in_review,1
6088,damage,home,hyderabad,sindh,56922,61,8,16.0253,0,2,1,in_review,0
6089,auto,auto,lahore,punjab,25747,44,16,2.1959,0,0,1,rejected,1
6090,pet_care,pet,quetta,balochistan,11176,64,14,2.3733,1,4,0,approved,0
6091,damage,auto,faisalabad,punjab,13367,64,16,0.6164,0,6,0,approved,0
6092,pet_care,pet,sialkot,punjab,5000,56,30,0.9152,1,6,0,approved,0
6093,life,life,peshawar,kpk,87186,45,20,4.2845,1,6,2,rejected,1
6094,life,life,sukkur,sindh,78318,45,24,6.8688,0,5,0,submitted,0
6095,medical,auto,rawalpindi,punjab,30327,45,3,3.023,0,5,0,approved,0
6096,other,auto,rawalpindi,punjab,16151,64,23,0.7719,0,2,0,approved,0
6097,damage,home,sukkur,sindh,22511,61,24,3.0143,1,7,1,approved,0
6098,auto,auto,islamabad,islamabad,36894,44,9,12.6958,2,5,3,submitted,1
6099,other,others,islamabad,islamabad,30874,58,13,1.4965,3,4,1,in_review,1
6100,pet,pet,islamabad,islamabad,5000,64,16,0.7588,0,5,0,approved,0
6101,home,home,islamabad,islamabad,144388,64,7,15.031,2,2,3,rejected,1
6102,damage,home,gujranwala,punjab,15657,45,10,0.8655,0,1,1,approved,0
6103,damage,auto,rawalpindi,punjab,10377,61,5,2.5471,1,3,0,approved,0
6104,auto,auto,islamabad,islamabad,79932,44,29,14.9573,4,9,0,rejected,1
6105,accident,life,gujranwala,punjab,23160,61,9,0.9918,0,6,1,in_review,0
6106,accident,life,sialkot,punjab,59832,53,0,11.645,0,5,0,approved,0
6107,home,home,sukkur,sindh,44640,45,24,2.6659,0,6,0,in_review,0
6108,life,life,lahore,punjab,85837,45,19,24.5249,1,5,0,approved,0
6109,accident,life,peshawar,kpk,58757,45,18,2.6345,0,6,2,in_review,1
6110,accident,auto,faisalabad,punjab,46048,61,6,3.3289,0,6,0,rejected,1
6111,accident,auto,islamabad,islamabad,17208,64,27,1.7871,0,1,0,in_review,1
6112,auto,auto,faisalabad,punjab,17578,61,22,4.028,0,4,0,approved,0
6113,damage,home,islamabad,islamabad,52850,61,1,2.5159,0,1,0,in_review,0
6114,pet_care,pet,quetta,balochistan,16721,64,0,1.1131,1,2,0,in_review,1
6115,theft,auto,gujranwala,punjab,13175,53,4,2.2069,1,6,0,approved,0
6116,home,home,islamabad,islamabad,82944,56,28,42.8873,1,2,0,approved,0
6117,life,life,rawalpindi,punjab,32349,56,3,1.3284,0,1,0,in_review,0
6118,home,home,gujranwala,punjab,46384,61,28,29.7524,1,6,1,approved,0
6119,pet_care,pet,multan,punjab,9862,61,27,4.0989,1,2,0,in_review,1
6120,accident,auto,sukkur,sindh,27771,58,13,1.1775,0,0,0,approved,0
6121,medical,auto,islamabad,islamabad,35514,58,5,3.4306,0,6,0,submitted,0
6122,other,life,gujranwala,punjab,5000,61,24,1.0622,4,9,2,approved,0
6123,damage,auto,islamabad,islamabad,20442,56,7,1.3645,1,6,0,approved,0
6124,medical,auto,hyderabad,sindh,69032,64,11,11.1793,2,4,1,approved,0
6125,pet_care,pet,karachi,sindh,9171,44,14,0.4369,3,7,3,rejected,1
6126,life,life,sukkur,sindh,60261,64,26,15.3024,2,2,1,submitted,0
6127,other,life,faisalabad,punjab,5000,56,9,0.2334,0,1,2,rejected,1
6128,home,home,islamabad,islamabad,95361,53,11,19.6783,0,5,1,approved,0
6129,pet,pet,faisalabad,punjab,17590,44,18,2.2173,0,5,1,approved,0
6130,pet_care,pet,sialkot,punjab,52643,56,17,5.2111,0,4,1,approved,0
6131,life,life,peshawar,kpk,23426,44,11,3.1781,1,6,3,rejected,1
6132,life,life,islamabad,islamabad,85025,64,19,4.0523,0,0,0,submitted,0
6133,theft,auto,gujranwala,punjab,5000,64,25,1.4961,1,1,0,rejected,1
6134,life,life,lahore,punjab,135048,58,30,8.0304,0,0,1,approved,0
6135,other,auto,abbottabad,kpk,145170,64,21,17.2945,1,7,0,approved,0
6136,auto,auto,mardan,kpk,19540,64,21,0.7849,0,0,0,rejected,1
6137,damage,home,sukkur,sindh,5743,58,2,0.2751,1,3,2,rejected,1
6138,theft,auto,quetta,balochistan,11724,64,25,0.6718,0,5,2,rejected,1
6139,auto,auto,gujranwala,punjab,26508,64,29,1.5098,1,1,0,approved,0
6140,pet,pet,peshawar,kpk,15188,45,2,0.9453,0,1,0,approved,0
6141,home,home,karachi,sindh,42041,44,26,3.0392,3,6,2,in_review,1
6142,pet,pet,karachi,sindh,8395,53,21,0.3992,1,2,0,submitted,0
6143,pet_care,pet,abbottabad,kpk,9948,45,4,0.4292,0,5,0,in_review,0
6144,auto,auto,faisalabad,punjab,18624,44,21,0.9408,0,4,0,approved,0
6145,pet,pet,multan,punjab,9498,53,0,1.2474,1,5,0,approved,0
6146,other,home,islamabad,islamabad,16423,45,5,1.3272,1,7,0,approved,0
6147,accident,auto,quetta,balochistan,25140,58,0,1.1297,0,1,0,approved,0
6148,theft,auto,karachi,sindh,106066,64,20,5.5031,1,2,0,approved,0
6149,other,life,peshawar,kpk,76104,64,20,3.1501,1,7,0,submitted,0
6150,other,auto,karachi,sindh,35618,61,22,2.3133,0,0,0,approved,0
6151,accident,auto,quetta,balochistan,52907,58,10,7.6643,0,2,0,approved,0
6152,home,home,gujranwala,punjab,34934,58,19,6.5297,0,4,0,submitted,0
6153,other,home,peshawar,kpk,6858,44,16,0.5181,0,1,2,rejected,1
6154,theft,auto,islamabad,islamabad,34617,53,6,3.0588,0,2,2,rejected,1
6155,damage,home,rawalpindi,punjab,11557,44,18,0.564,3,4,3,rejected,1
6156,accident,auto,sialkot,punjab,34778,61,11,2.6176,0,1,0,rejected,1
6157,auto,auto,hyderabad,sindh,30897,53,0,2.2567,2,6,1,approved,0
6158,auto,auto,multan,punjab,25205,45,20,3.1522,1,4,0,in_review,0
6159,damage,home,sialkot,punjab,8502,56,19,1.8331,0,0,3,approved,0
6160,other,pet,islamabad,islamabad,44655,53,2,2.7364,0,6,1,approved,0
6161,pet,pet,rawalpindi,punjab,14625,45,21,0.8119,0,3,0,approved,0
6162,theft,home,faisalabad,punjab,8716,64,28,0.4583,1,5,0,approved,0
6163,other,home,mardan,kpk,12102,58,30,2.2604,0,1,0,approved,0
6164,theft,auto,islamabad,islamabad,23993,64,18,1.0808,0,6,0,approved,0
6165,other,pet,rawalpindi,punjab,20139,61,13,1.1436,0,1,0,approved,0
6166,auto,auto,peshawar,kpk,12282,58,28,0.5215,1,3,0,submitted,0
6167,auto,auto,sukkur,sindh,5042,61,1,0.7287,1,5,1,rejected,1
6168,other,life,sukkur,sindh,19099,56,1,1.0013,2,8,0,in_review,1
6169,pet_care,pet,quetta,balochistan,5000,58,20,1.2092,0,0,2,rejected,1
6170,damage,home,mardan,kpk,52711,64,29,12.913,2,6,1,approved,0
6171,theft,home,lahore,punjab,8351,45,9,0.4678,0,6,0,approved,0
6172,damage,auto,abbottabad,kpk,51430,56,24,3.2419,0,6,0,approved,0
6173,medical,auto,faisalabad,punjab,19242,64,28,0.7871,1,7,0,approved,0
6174,pet,pet,rawalpindi,punjab,17093,56,12,0.9143,1,2,0,approved,0
6175,theft,home,mardan,kpk,30010,64,17,2.3806,3,5,3,submitted,1
6176,pet,pet,mardan,kpk,5000,53,12,0.2267,0,6,2,in_review,1
6177,pet,pet,lahore,punjab,8402,56,29,0.6555,4,5,2,rejected,1
6178,pet_care,pet,faisalabad,punjab,10264,64,25,0.465,0,3,0,in_review,1
6179,auto,auto,islamabad,islamabad,82922,45,23,12.0299,0,6,0,approved,0
6180,pet_care,pet,quetta,balochistan,7008,44,9,1.0772,0,5,2,rejected,1
6181,pet,pet,mardan,kpk,11875,58,21,2.08,1,5,1,approved,0
6182,damage,home,gujranwala,punjab,15140,64,18,3.7162,0,0,0,submitted,0
6183,home,home,karachi,sindh,6387,44,26,1.1799,1,4,1,submitted,0
6184,theft,auto,peshawar,kpk,7864,61,24,0.7707,3,3,3,in_review,1
6185,home,home,quetta,balochistan,166030,56,11,14.0572,0,2,1,approved,0
6186,home,home,lahore,punjab,25448,58,16,1.9601,1,1,0,in_review,1
6187,other,auto,rawalpindi,punjab,12826,58,19,0.5902,0,5,2,rejected,1
6188,home,home,hyderabad,sindh,31481,64,23,4.1287,2,8,0,rejected,1
6189,accident,life,rawalpindi,punjab,32418,56,18,1.5438,2,4,1,approved,0
6190,accident,life,islamabad,islamabad,45877,56,29,5.2884,2,7,3,rejected,1
6191,medical,life,mardan,kpk,99293,53,12,19.4235,0,4,0,approved,0
6192,auto,auto,sukkur,sindh,14436,45,8,0.9783,2,7,0,submitted,0
6193,theft,home,rawalpindi,punjab,21916,61,22,5.2406,0,2,0,in_review,1
6194,auto,auto,mardan,kpk,8332,61,21,0.8467,1,3,0,submitted,0
6195,accident,life,hyderabad,sindh,44759,64,30,22.7781,0,6,0,submitted,0
6196,theft,auto,faisalabad,punjab,62153,44,1,2.7973,0,6,0,approved,0
6197,auto,auto,sukkur,sindh,29261,44,16,1.4341,0,0,2,in_review,1
6198,other,pet,peshawar,kpk,13465,53,20,4.4928,0,0,0,approved,0
6199,auto,auto,faisalabad,punjab,31135,58,26,1.7056,3,3,3,in_review,1
6200,damage,home,sialkot,punjab,28437,64,29,3.6874,3,3,2,rejected,1
6201,pet_care,pet,quetta,balochistan,20295,64,22,1.2605,0,5,0,rejected,1
6202,other,auto,hyderabad,sindh,79305,45,23,5.9993,1,6,0,approved,0
6203,life,life,peshawar,kpk,95308,58,10,4.6067,0,0,0,approved,0
6204,other,home,karachi,sindh,91428,64,26,17.1213,0,0,0,approved,0
6205,auto,auto,hyderabad,sindh,7395,45,19,4.3296,2,5,2,rejected,1
6206,damage,auto,sukkur,sindh,37143,45,27,1.6192,0,2,1,approved,0
6207,auto,auto,quetta,balochistan,9654,64,11,1.0542,0,2,0,approved,0
6208,life,life,sialkot,punjab,756394,44,9,66.6133,0,6,3,rejected,1
6209,other,pet,peshawar,kpk,17335,64,25,1.0756,0,3,0,in_review,0
6210,auto,auto,gujranwala,punjab,50405,61,27,9.6064,0,0,0,submitted,0
6211,life,life,multan,punjab,37148,45,7,1.8977,2,2,0,approved,0
6212,life,life,faisalabad,punjab,101137,64,19,5.2813,0,6,0,approved,0
6213,other,life,multan,punjab,5000,64,7,0.7711,0,1,0,submitted,0
6214,pet,pet,gujranwala,punjab,5677,56,2,0.3257,1,5,0,submitted,0
6215,life,life,islamabad,islamabad,162040,44,30,11.8981,4,7,0,rejected,1
6216,auto,auto,gujranwala,punjab,13677,61,9,0.7865,1,7,0,approved,0
6217,other,pet,sialkot,punjab,127776,64,19,25.494,0,6,0,approved,0
6218,life,life,karachi,sindh,12963,64,23,4.017,0,6,2,rejected,1
6219,theft,home,peshawar,kpk,25867,53,30,2.0646,2,7,3,rejected,1
6220,auto,auto,gujranwala,punjab,12040,45,22,1.0094,1,7,0,approved,0
6221,medical,life,quetta,balochistan,29395,53,24,4.1401,0,2,0,approved,0
6222,other,others,karachi,sindh,36033,56,17,11.7986,2,3,0,approved,0
6223,theft,home,quetta,balochistan,18063,61,16,0.9996,1,1,0,submitted,0
6224,life,life,sukkur,sindh,200319,58,7,10.5994,0,6,0,approved,0
6225,home,home,sialkot,punjab,37338,61,21,1.5205,0,4,0,rejected,1
6226,medical,auto,sialkot,punjab,44780,45,12,11.9637,0,2,0,approved,0
6227,home,home,karachi,sindh,6146,56,22,0.3182,0,4,0,approved,0
6228,pet_care,pet,gujranwala,punjab,18928,58,12,1.9878,2,5,0,submitted,0
6229,theft,auto,multan,punjab,22459,44,0,5.0065,0,0,0,rejected,1
6230,accident,life,hyderabad,sindh,8276,45,13,0.6045,0,1,0,approved,0
6231,pet,pet,karachi,sindh,15995,44,16,0.7796,0,0,0,in_review,0
6232,damage,auto,rawalpindi,punjab,44557,53,6,3.8874,0,0,0,approved,0
6233,life,life,faisalabad,punjab,45687,64,4,4.8464,1,2,2,rejected,1
6234,auto,auto,abbottabad,kpk,23043,45,1,1.3128,2,6,0,submitted,0
6235,home,home,hyderabad,sindh,49048,53,17,6.5783,0,5,0,approved,0
6236,pet,pet,sialkot,punjab,8102,64,8,0.7103,1,4,0,approved,0
6237,medical,life,peshawar,kpk,11560,64,10,6.2385,2,2,0,approved,0
6238,home,home,quetta,balochistan,31266,56,17,2.0024,2,3,0,approved,0
6239,home,home,faisalabad,punjab,13266,44,16,2.3128,0,0,0,approved,0
6240,pet_care,pet,mardan,kpk,19732,58,10,2.9771,1,5,0,submitted,0
6241,medical,life,islamabad,islamabad,9121,56,1,0.3679,1,2,1,approved,0
6242,medical,auto,quetta,balochistan,50130,53,1,2.214,3,3,2,submitted,1
6243,home,home,karachi,sindh,93079,53,23,4.1394,0,0,0,submitted,0
6244,life,life,mardan,kpk,32569,64,0,2.144,1,7,2,approved,0
6245,damage,home,faisalabad,punjab,53215,53,27,2.5213,0,4,1,approved,0
6246,accident,auto,gujranwala,punjab,76155,58,12,3.3395,2,5,1,approved,0
6247,pet_care,pet,multan,punjab,13388,45,5,1.8227,3,3,0,rejected,1
6248,accident,life,gujranwala,punjab,13892,44,0,0.7148,0,2,0,in_review,0
6249,damage,auto,mardan,kpk,62531,56,15,2.9352,0,2,1,approved,0
6250,damage,home,gujranwala,punjab,42001,58,7,2.2171,4,10,0,rejected,1
6251,home,home,quetta,balochistan,25114,58,25,1.2706,0,3,0,approved,0
6252,other,life,faisalabad,punjab,94219,58,26,10.1387,0,3,0,approved,0
6253,theft,auto,peshawar,kpk,39329,44,21,4.6384,1,7,2,submitted,1
6254,pet_care,pet,islamabad,islamabad,24137,64,21,1.6551,0,3,0,approved,0
6255,damage,auto,quetta,balochistan,51818,56,3,4.4127,0,1,0,approved,0
6256,life,life,peshawar,kpk,12536,44,22,1.1113,0,2,0,approved,0
6257,life,life,sialkot,punjab,154639,44,19,9.1276,0,4,0,approved,0
6258,accident,auto,rawalpindi,punjab,46274,64,23,6.9669,1,5,0,approved,0
6259,theft,auto,mardan,kpk,5076,45,22,0.4288,0,0,1,approved,0
6260,theft,auto,hyderabad,sindh,70738,44,1,6.6533,1,6,3,submitted,1
6261,accident,auto,islamabad,islamabad,41914,64,8,1.6842,1,5,1,approved,0
6262,life,life,peshawar,kpk,180916,56,10,11.1443,0,6,0,approved,0
6263,damage,auto,peshawar,kpk,11910,64,18,0.5491,2,7,3,submitted,1
6264,damage,home,gujranwala,punjab,8314,56,9,1.0054,2,8,0,approved,0
6265,other,pet,mardan,kpk,9847,64,29,1.3133,0,2,0,approved,0
6266,home,home,sialkot,punjab,89354,53,11,4.2499,1,2,1,approved,0
6267,pet,pet,peshawar,kpk,5671,44,26,0.5773,0,2,2,rejected,1
6268,pet,pet,sialkot,punjab,5000,64,6,0.2686,0,6,0,approved,0
6269,home,home,islamabad,islamabad,30562,44,8,5.1382,0,0,0,submitted,0
6270,pet,pet,peshawar,kpk,5719,61,7,0.4049,1,7,1,approved,0
6271,accident,auto,multan,punjab,8448,64,7,0.3455,1,6,0,approved,0
6272,accident,life,hyderabad,sindh,11235,64,20,0.4545,0,0,0,approved,0
6273,damage,auto,sukkur,sindh,10635,56,0,0.5883,1,3,0,approved,0
6274,theft,home,peshawar,kpk,18112,45,12,0.9406,0,4,1,approved,0
6275,auto,auto,rawalpindi,punjab,37444,58,18,2.724,2,2,0,approved,0
6276,medical,life,quetta,balochistan,99036,44,29,18.6088,0,0,1,approved,0
6277,theft,home,gujranwala,punjab,14538,44,9,1.2256,0,5,0,approved,0
6278,other,home,faisalabad,punjab,47036,61,2,3.1826,1,3,0,approved,0
6279,damage,auto,karachi,sindh,57930,56,16,6.5725,1,4,0,submitted,0
6280,auto,auto,gujranwala,punjab,27829,64,26,2.0404,0,3,2,rejected,1
6281,home,home,quetta,balochistan,19808,64,9,1.6363,0,0,1,submitted,0
6282,auto,auto,quetta,balochistan,14461,44,3,1.8009,0,5,0,submitted,0
6283,damage,auto,lahore,punjab,17685,58,5,1.4516,3,3,3,rejected,1
6284,damage,home,islamabad,islamabad,27077,58,0,2.1877,1,1,0,approved,0
6285,auto,auto,abbottabad,kpk,20500,44,6,2.154,1,5,0,approved,0
6286,damage,auto,islamabad,islamabad,10100,61,19,0.5511,0,2,1,approved,0
6287,damage,home,mardan,kpk,22835,64,23,5.217,0,4,0,submitted,1
6288,medical,life,quetta,balochistan,19941,45,22,2.0861,0,5,1,approved,0
6289,other,auto,quetta,balochistan,33572,53,14,1.5243,0,0,0,approved,0
6290,accident,auto,faisalabad,punjab,147964,53,18,49.5692,0,3,0,approved,0
6291,pet,pet,islamabad,islamabad,5579,44,6,0.2556,4,4,2,rejected,1
6292,life,life,hyderabad,sindh,54166,53,2,5.2088,0,1,1,approved,0
6293,auto,auto,abbottabad,kpk,61630,64,14,4.6272,3,7,1,rejected,1
6294,pet_care,pet,mardan,kpk,10731,61,3,0.4354,0,5,0,approved,0
6295,medical,life,mardan,kpk,5000,44,14,0.4874,0,1,0,approved,0
6296,medical,auto,hyderabad,sindh,31375,45,7,1.5661,0,0,2,submitted,1
6297,damage,home,islamabad,islamabad,21605,58,20,0.9765,1,5,1,approved,0
6298,auto,auto,lahore,punjab,46223,56,23,15.1204,3,5,3,in_review,1
6299,medical,auto,karachi,sindh,26020,45,15,3.9246,0,1,3,in_review,1
6300,medical,life,rawalpindi,punjab,30700,56,5,8.0472,0,6,0,approved,0
6301,theft,auto,peshawar,kpk,51408,64,2,2.0833,0,3,3,in_review,1
6302,damage,home,lahore,punjab,31118,58,16,1.5734,0,4,0,approved,0
6303,accident,auto,sukkur,sindh,90347,53,3,4.6504,0,0,0,rejected,1
6304,medical,life,hyderabad,sindh,63779,56,2,6.0511,0,6,0,submitted,0
6305,accident,life,peshawar,kpk,139154,61,25,14.4007,1,5,0,approved,0
6306,medical,life,peshawar,kpk,38965,64,20,4.1439,0,6,0,submitted,1
6307,theft,auto,peshawar,kpk,6070,56,22,0.8561,0,3,1,submitted,0
6308,accident,life,islamabad,islamabad,56355,64,27,2.7593,0,6,0,in_review,0
6309,medical,life,faisalabad,punjab,281173,58,18,57.149,0,2,2,rejected,1
6310,life,life,multan,punjab,7641,44,30,0.6348,1,2,1,approved,0
6311,life,life,sialkot,punjab,39187,56,20,2.0682,0,6,0,approved,0
6312,pet,pet,islamabad,islamabad,8850,61,9,0.4055,0,6,0,approved,0
6313,medical,life,abbottabad,kpk,17686,58,5,8.8519,3,4,1,submitted,1
6314,theft,home,islamabad,islamabad,5530,56,26,0.4607,3,4,3,rejected,1
6315,theft,auto,karachi,sindh,8079,45,26,0.4833,0,6,0,in_review,1
6316,auto,auto,abbottabad,kpk,41806,56,21,1.9156,0,2,0,approved,0
6317,pet,pet,rawalpindi,punjab,12679,44,1,1.2934,0,4,0,approved,0
6318,pet_care,pet,karachi,sindh,28542,53,3,2.9534,0,3,1,approved,0
6319,life,life,faisalabad,punjab,20677,45,11,0.8596,0,5,1,approved,0
6320,damage,home,karachi,sindh,21174,44,27,3.8131,1,4,0,approved,0
6321,pet,pet,abbottabad,kpk,16822,64,15,0.6757,1,7,0,rejected,1
6322,accident,life,quetta,balochistan,53059,53,17,2.4003,2,7,2,rejected,1
6323,accident,auto,hyderabad,sindh,18979,45,8,1.2494,4,7,2,in_review,1
6324,damage,home,mardan,kpk,14508,61,18,0.7542,0,2,0,approved,0
6325,theft,auto,quetta,balochistan,6694,61,2,0.3361,1,3,0,submitted,0
6326,accident,auto,sialkot,punjab,47390,64,3,2.8135,0,3,0,approved,0
6327,damage,home,gujranwala,punjab,33830,58,19,5.6327,0,3,3,rejected,1
6328,home,home,islamabad,islamabad,53520,56,7,5.0553,1,4,2,in_review,1
6329,life,life,rawalpindi,punjab,77086,61,18,6.2968,0,4,1,submitted,0
6330,other,life,hyderabad,sindh,26634,53,30,2.0191,0,1,0,submitted,0
6331,theft,auto,abbottabad,kpk,23670,58,14,12.0889,1,6,0,in_review,1
6332,pet,pet,peshawar,kpk,5932,61,29,0.4954,0,1,0,in_review,1
6333,pet,pet,islamabad,islamabad,7399,64,22,0.4719,0,6,1,approved,0
6334,auto,auto,quetta,balochistan,13991,61,12,2.3241,0,2,0,in_review,0
6335,other,others,hyderabad,sindh,20109,44,0,0.8382,0,3,0,in_review,0
6336,home,home,rawalpindi,punjab,87131,64,6,3.5661,0,0,0,in_review,0
6337,other,home,peshawar,kpk,5871,64,7,0.2588,0,4,0,approved,0
6338,damage,home,islamabad,islamabad,29134,45,25,5.2894,0,1,0,approved,0
6339,life,life,islamabad,islamabad,87791,61,10,7.9277,2,3,0,approved,0
6340,theft,home,rawalpindi,punjab,18866,58,23,1.0466,0,1,0,submitted,0
6341,life,life,abbottabad,kpk,48793,58,29,6.5714,3,9,3,rejected,1
6342,home,home,rawalpindi,punjab,93731,64,8,19.609,1,2,1,in_review,0
6343,pet_care,pet,abbottabad,kpk,23018,44,24,1.9575,1,1,0,submitted,0
6344,theft,auto,faisalabad,punjab,5000,58,23,2.7189,2,3,0,approved,0
6345,other,life,hyderabad,sindh,12421,61,4,2.6524,2,5,0,submitted,0
6346,other,others,faisalabad,punjab,26847,64,22,1.1784,0,2,0,approved,0
6347,damage,auto,islamabad,islamabad,33945,64,15,3.1822,0,4,0,approved,0
6348,accident,auto,rawalpindi,punjab,25280,61,3,1.3328,1,4,0,in_review,0
6349,pet,pet,lahore,punjab,23852,56,17,2.3086,2,4,0,approved,0
6350,pet,pet,quetta,balochistan,5000,58,17,0.4445,1,7,0,approved,0
6351,accident,life,gujranwala,punjab,30781,45,9,1.7243,1,6,0,in_review,0
6352,damage,auto,mardan,kpk,35866,53,8,2.6794,2,3,1,approved,0
6353,accident,life,abbottabad,kpk,20885,64,23,2.4189,2,5,0,submitted,0
6354,pet_care,pet,rawalpindi,punjab,6831,44,13,0.8105,0,2,0,approved,0
6355,medical,life,faisalabad,punjab,7938,61,11,0.6446,0,6,0,rejected,1
6356,home,home,sukkur,sindh,11447,44,13,0.4615,1,6,1,in_review,0
6357,other,life,faisalabad,punjab,21253,53,6,0.8661,0,1,0,submitted,0
6358,accident,life,multan,punjab,33453,61,7,11.652,2,5,1,approved,0
6359,home,home,abbottabad,kpk,40842,64,24,2.4032,0,2,0,rejected,1
6360,accident,auto,rawalpindi,punjab,43497,56,10,1.8836,0,1,1,approved,0
6361,auto,auto,multan,punjab,10636,45,4,0.7788,3,3,1,in_review,1
6362,medical,life,islamabad,islamabad,136880,64,26,6.0252,0,6,0,submitted,0
6363,pet_care,pet,sukkur,sindh,18124,64,19,0.8084,0,1,0,approved,0
6364,life,life,karachi,sindh,45234,56,25,1.9286,1,5,0,approved,0
6365,auto,auto,quetta,balochistan,8734,53,4,0.4419,1,5,1,approved,0
6366,damage,home,faisalabad,punjab,19241,64,15,1.0539,1,1,3,rejected,1
6367,accident,life,sukkur,sindh,46510,64,4,1.8847,1,1,0,submitted,0
6368,damage,auto,lahore,punjab,77582,53,20,5.1379,0,6,0,approved,0
6369,auto,auto,multan,punjab,20284,64,13,4.8272,0,4,0,approved,0
6370,theft,home,gujranwala,punjab,8412,64,21,0.585,0,4,1,approved,0
6371,accident,life,hyderabad,sindh,19831,56,5,2.1572,0,0,0,approved,0
6372,home,home,multan,punjab,64342,45,28,6.2341,0,5,3,rejected,1
6373,damage,auto,hyderabad,sindh,19757,64,16,4.4249,0,2,0,approved,0
6374,medical,life,lahore,punjab,13298,45,28,1.5443,2,6,1,approved,0
6375,medical,auto,islamabad,islamabad,246359,58,16,13.0722,1,4,0,approved,0
6376,medical,life,mardan,kpk,25829,56,3,2.4018,1,7,0,approved,0
6377,pet_care,pet,quetta,balochistan,14965,64,1,0.6417,0,6,0,submitted,0
6378,auto,auto,karachi,sindh,40743,64,16,2.1499,1,1,0,approved,0
6379,other,pet,quetta,balochistan,7146,64,19,0.8689,4,6,0,rejected,1
6380,auto,auto,multan,punjab,22015,58,11,6.4371,0,6,2,in_review,1
6381,theft,auto,gujranwala,punjab,30217,64,8,4.4846,2,3,0,approved,0
6382,pet_care,pet,quetta,balochistan,6983,58,28,0.3017,0,3,1,approved,0
6383,home,home,gujranwala,punjab,6925,56,25,0.5234,2,7,1,approved,0
6384,pet,pet,quetta,balochistan,6302,64,12,0.2664,0,1,0,approved,0
6385,accident,life,karachi,sindh,15651,64,22,1.3923,1,1,2,rejected,1
6386,home,home,peshawar,kpk,26641,53,5,2.4933,2,6,1,approved,0
6387,theft,home,mardan,kpk,8198,44,23,1.9898,0,5,0,approved,0
6388,pet_care,pet,karachi,sindh,30638,53,23,1.269,0,0,0,submitted,0
6389,home,home,lahore,punjab,25448,58,19,2.8577,0,5,0,approved,0
6390,life,life,abbottabad,kpk,106229,58,0,4.8257,0,4,0,approved,0
6391,medical,life,sialkot,punjab,79196,64,15,4.3314,0,3,1,approved,0
6392,other,home,rawalpindi,punjab,15805,58,3,0.6423,0,1,0,approved,0
6393,medical,life,quetta,balochistan,80555,64,21,11.9695,0,6,2,rejected,1
6394,accident,auto,sukkur,sindh,58132,53,13,3.3173,0,6,0,approved,0
6395,pet,pet,lahore,punjab,5000,56,29,1.8315,1,7,3,rejected,1
6396,pet_care,pet,peshawar,kpk,29170,53,8,1.9598,0,5,0,approved,0
6397,pet,pet,abbottabad,kpk,10498,56,11,0.582,2,8,0,approved,0
6398,pet_care,pet,quetta,balochistan,11345,53,16,0.8144,1,7,0,approved,0
6399,medical,auto,gujranwala,punjab,70768,44,28,3.2644,0,2,0,submitted,0
6400,home,home,sialkot,punjab,12160,56,18,0.8499,0,4,3,rejected,1
6401,auto,auto,islamabad,islamabad,100373,61,0,11.2073,0,1,0,approved,0
6402,damage,auto,lahore,punjab,16865,64,28,1.8092,1,4,1,approved,0
6403,home,home,sialkot,punjab,129255,61,23,19.364,0,6,0,approved,0
6404,pet,pet,quetta,balochistan,34564,45,3,1.9081,2,8,1,in_review,0
6405,life,life,lahore,punjab,96855,53,15,7.1564,0,2,0,approved,0
6406,home,home,abbottabad,kpk,42015,44,5,12.3646,1,3,1,approved,0
6407,medical,life,karachi,sindh,144518,53,23,15.6101,0,4,1,approved,0
6408,home,home,rawalpindi,punjab,59460,58,6,8.1553,0,4,1,approved,0
6409,pet,pet,abbottabad,kpk,45849,58,0,4.5653,0,5,0,approved,0
6410,auto,auto,multan,punjab,36301,58,22,1.7682,3,8,1,in_review,1
6411,damage,home,multan,punjab,38323,56,9,14.8596,2,3,1,submitted,0
6412,accident,life,peshawar,kpk,32583,44,9,1.6387,0,1,1,in_review,0
6413,medical,auto,karachi,sindh,137687,56,23,5.5465,0,4,0,approved,0
6414,auto,auto,faisalabad,punjab,30676,64,28,2.0199,0,2,1,approved,0
6415,theft,auto,abbottabad,kpk,7994,45,1,2.1547,0,5,0,submitted,0
6416,theft,home,islamabad,islamabad,149645,56,9,15.2559,0,5,0,submitted,0
6417,theft,home,sialkot,punjab,38538,64,18,3.3211,0,6,0,approved,0
6418,auto,auto,islamabad,islamabad,9890,64,20,0.4948,0,0,0,in_review,0
6419,pet_care,pet,peshawar,kpk,9966,58,17,0.5635,0,4,0,approved,0
6420,pet,pet,karachi,sindh,22652,58,15,3.0541,1,5,1,approved,0
6421,pet,pet,hyderabad,sindh,6336,64,12,0.775,2,7,1,submitted,0
6422,accident,life,sialkot,punjab,170595,45,11,47.0088,0,3,2,in_review,1
6423,life,life,multan,punjab,43359,56,9,1.7961,0,1,0,in_review,0
6424,pet,pet,multan,punjab,16329,56,8,0.6716,0,1,3,in_review,1
6425,other,home,hyderabad,sindh,12232,53,23,2.2423,0,6,0,in_review,0
6426,life,life,multan,punjab,27616,44,8,4.3655,2,4,0,approved,0
6427,life,life,abbottabad,kpk,64027,44,10,3.3132,1,5,0,submitted,0
6428,home,home,islamabad,islamabad,48578,53,19,2.391,0,4,1,approved,0
6429,medical,life,islamabad,islamabad,136714,56,29,22.4158,0,6,0,approved,0
6430,accident,auto,sukkur,sindh,50161,44,12,3.3195,0,3,0,approved,0
6431,life,life,abbottabad,kpk,153115,44,25,34.7989,0,6,0,in_review,1
6432,damage,auto,gujranwala,punjab,6530,53,1,0.2996,0,1,1,in_review,0
6433,home,home,multan,punjab,46112,58,30,3.2916,1,2,0,rejected,1
6434,pet,pet,hyderabad,sindh,6541,64,24,0.4097,0,2,0,approved,0
6435,auto,auto,abbottabad,kpk,8469,64,0,4.3012,0,1,1,in_review,0
6436,damage,home,peshawar,kpk,35148,44,9,2.3642,0,1,3,rejected,1
6437,damage,home,mardan,kpk,16798,64,12,0.6831,4,5,1,rejected,1
6438,theft,home,abbottabad,kpk,9778,61,25,0.5282,0,3,0,submitted,1
6439,accident,auto,multan,punjab,43487,58,30,1.8995,1,2,0,approved,0
6440,other,life,karachi,sindh,26636,45,22,4.1399,2,6,0,approved,0
6441,accident,auto,lahore,punjab,19414,64,30,10.4041,1,2,2,rejected,1
6442,other,others,quetta,balochistan,5000,53,28,0.3076,0,3,0,approved,0
6443,pet,pet,sukkur,sindh,19877,58,11,1.1736,0,2,0,approved,0
6444,damage,home,gujranwala,punjab,36895,45,6,7.5775,0,5,0,submitted,0
6445,pet,pet,rawalpindi,punjab,10637,58,9,2.0472,1,1,0,approved,0
6446,damage,home,sukkur,sindh,25099,64,21,2.3409,1,5,2,in_review,0
6447,accident,auto,sukkur,sindh,46349,44,8,23.7079,0,1,0,approved,0
6448,other,others,sialkot,punjab,32645,58,25,1.5759,1,1,2,in_review,1
6449,theft,home,rawalpindi,punjab,6092,64,21,0.3244,0,5,1,submitted,0
6450,accident,life,faisalabad,punjab,21061,45,11,1.7257,2,2,0,submitted,0
6451,damage,home,mardan,kpk,5000,64,20,1.3492,0,2,0,approved,0
6452,theft,home,islamabad,islamabad,9535,61,27,0.8678,0,5,0,approved,0
6453,pet_care,pet,sialkot,punjab,17379,53,6,1.1354,0,2,0,approved,0
6454,life,life,multan,punjab,54243,44,13,4.7787,1,2,0,submitted,0
6455,other,others,karachi,sindh,14022,61,1,4.2568,0,0,0,approved,0
6456,accident,life,quetta,balochistan,28052,64,11,3.3057,3,7,1,rejected,1
6457,damage,auto,faisalabad,punjab,44663,58,1,1.96,1,4,0,in_review,0
6458,theft,auto,gujranwala,punjab,32918,58,7,5.2652,0,0,0,approved,0
6459,pet,pet,rawalpindi,punjab,5000,61,2,0.3708,0,4,0,approved,0
6460,other,pet,islamabad,islamabad,10617,64,14,0.6198,2,2,0,submitted,0
6461,other,pet,lahore,punjab,42147,45,11,2.6983,0,2,0,approved,0
6462,other,auto,karachi,sindh,13587,61,25,2.121,3,9,1,rejected,1
6463,pet,pet,karachi,sindh,31421,44,10,6.542,0,0,1,approved,0
6464,home,home,quetta,balochistan,28401,56,18,1.3806,0,2,0,approved,0
6465,auto,auto,karachi,sindh,39429,58,12,6.5421,0,0,0,approved,0
6466,pet_care,pet,mardan,kpk,18692,53,8,1.2472,0,6,1,approved,0
6467,pet,pet,mardan,kpk,9319,44,6,0.375,2,2,0,submitted,0
6468,life,life,mardan,kpk,102073,45,28,4.1732,2,8,1,approved,0
6469,pet_care,pet,quetta,balochistan,69296,58,25,3.9485,0,0,0,approved,0
6470,accident,auto,multan,punjab,49803,64,7,2.064,0,0,2,submitted,1
6471,home,home,faisalabad,punjab,75611,64,25,4.8227,1,2,0,approved,0
6472,damage,auto,rawalpindi,punjab,13580,61,28,1.1866,3,8,3,rejected,1
6473,pet,pet,quetta,balochistan,9999,44,21,1.2329,0,4,2,rejected,1
6474,pet_care,pet,rawalpindi,punjab,20597,64,14,1.4387,4,7,2,in_review,1
6475,theft,home,sukkur,sindh,74133,64,20,25.7406,0,2,0,approved,0
6476,damage,auto,sukkur,sindh,96695,56,21,3.9474,3,4,1,submitted,1
6477,theft,auto,faisalabad,punjab,18615,61,24,1.1946,0,3,3,rejected,1
6478,pet,pet,faisalabad,punjab,8137,56,8,0.6628,0,3,0,approved,0
6479,accident,auto,multan,punjab,135305,56,17,17.65,1,6,0,approved,0
6480,other,pet,lahore,punjab,29904,64,5,1.6789,0,1,0,approved,0
6481,accident,life,multan,punjab,12788,44,12,0.5864,1,2,0,approved,0
6482,other,others,mardan,kpk,94414,44,20,6.6606,0,3,0,approved,0
6483,pet_care,pet,faisalabad,punjab,9714,56,8,0.5273,0,6,0,approved,0
6484,theft,auto,multan,punjab,10001,64,24,0.8674,1,5,1,approved,0
6485,auto,auto,hyderabad,sindh,48162,45,7,2.5217,0,0,0,submitted,0
6486,other,auto,islamabad,islamabad,28435,44,24,2.0117,0,3,1,approved,0
6487,theft,auto,lahore,punjab,16737,58,19,0.726,0,6,3,rejected,1
6488,pet_care,pet,abbottabad,kpk,6144,61,0,1.4295,0,1,0,submitted,0
6489,other,life,karachi,sindh,5030,61,17,0.2421,2,8,0,submitted,0
6490,pet,pet,mardan,kpk,15974,56,21,0.8809,3,4,2,rejected,1
6491,pet_care,pet,rawalpindi,punjab,10751,56,20,1.2158,0,4,0,approved,0
6492,pet_care,pet,karachi,sindh,5000,64,0,0.2687,0,4,0,submitted,0
6493,other,others,faisalabad,punjab,124172,56,23,19.2754,2,3,2,approved,0
6494,auto,auto,faisalabad,punjab,55572,53,20,2.6515,1,6,1,approved,0
6495,other,pet,mardan,kpk,14884,58,3,5.4262,1,2,0,approved,0
6496,life,life,sialkot,punjab,302783,44,32,13.844,0,1,0,rejected,1
6497,theft,home,lahore,punjab,5000,64,0,0.256,0,0,0,approved,0
6498,pet,pet,hyderabad,sindh,5000,45,8,1.1759,0,6,0,approved,0
6499,damage,auto,islamabad,islamabad,18658,58,5,7.215,0,0,0,submitted,1
6500,pet_care,pet,rawalpindi,punjab,30654,58,17,1.274,1,7,0,approved,0
6501,accident,auto,islamabad,islamabad,9293,61,2,0.6342,1,4,0,rejected,1
6502,medical,auto,sukkur,sindh,27648,64,24,4.7262,0,3,0,approved,0
6503,accident,auto,islamabad,islamabad,33682,64,12,1.4759,0,3,0,approved,0
6504,medical,auto,gujranwala,punjab,150902,61,16,7.4845,3,4,2,submitted,1
6505,life,life,hyderabad,sindh,134701,64,5,22.2132,1,5,0,approved,0
6506,auto,auto,islamabad,islamabad,15096,61,0,4.3935,0,4,0,approved,0
6507,home,home,multan,punjab,50796,61,19,6.0371,0,5,0,approved,0
6508,accident,auto,sukkur,sindh,47832,56,18,2.6987,0,1,0,approved,0
6509,other,pet,peshawar,kpk,30834,64,7,1.4325,0,2,1,approved,0
6510,theft,auto,islamabad,islamabad,26920,61,26,2.3802,0,5,0,approved,0
6511,life,life,gujranwala,punjab,72929,61,27,8.1686,0,3,0,approved,0
6512,other,life,hyderabad,sindh,11175,53,2,0.6875,0,5,1,approved,0
6513,medical,auto,abbottabad,kpk,46376,61,23,3.8945,0,5,2,in_review,1
6514,life,life,mardan,kpk,38428,58,20,19.5165,0,2,1,rejected,1
6515,life,life,sialkot,punjab,46825,64,1,2.0785,0,0,0,submitted,0
6516,medical,auto,multan,punjab,298496,44,28,42.1366,1,7,0,approved,0
6517,auto,auto,islamabad,islamabad,30335,44,1,2.744,0,3,0,rejected,1
6518,theft,auto,quetta,balochistan,5142,53,12,0.292,3,3,1,rejected,1
6519,auto,auto,multan,punjab,72118,58,16,15.4859,3,6,2,rejected,1
6520,theft,auto,faisalabad,punjab,161251,61,9,27.4236,1,1,0,approved,0
6521,medical,life,peshawar,kpk,33143,56,4,11.9693,1,7,1,in_review,1
6522,auto,auto,gujranwala,punjab,11367,64,18,0.6016,0,5,0,approved,0
6523,auto,auto,gujranwala,punjab,7948,56,19,0.3938,0,6,0,approved,0
6524,damage,auto,multan,punjab,41945,64,12,2.6926,0,5,0,approved,0
6525,pet_care,pet,lahore,punjab,24688,56,26,1.1806,0,5,2,approved,0
6526,pet_care,pet,sialkot,punjab,11351,56,13,0.8119,1,7,2,submitted,1
6527,pet,pet,sukkur,sindh,15653,64,12,1.3645,0,2,0,approved,0
6528,auto,auto,lahore,punjab,9610,64,19,0.7476,0,0,0,approved,0
6529,pet_care,pet,lahore,punjab,20956,45,5,0.992,3,9,1,in_review,1
6530,damage,home,abbottabad,kpk,17307,58,16,10.553,0,5,1,submitted,0
6531,accident,auto,lahore,punjab,50958,64,4,2.1767,2,3,1,approved,0
6532,damage,home,gujranwala,punjab,20400,44,26,1.4146,1,2,0,approved,0
6533,other,others,sukkur,sindh,10493,64,29,0.6053,2,7,1,approved,0
6534,medical,auto,sukkur,sindh,66209,61,12,4.0271,0,2,0,in_review,0
6535,medical,life,multan,punjab,25358,58,26,2.3514,0,2,1,in_review,1
6536,accident,life,multan,punjab,17105,53,15,1.2401,0,4,1,submitted,0
6537,life,life,faisalabad,punjab,65707,56,9,10.9768,0,5,0,rejected,1
6538,pet,pet,peshawar,kpk,17328,64,15,7.6707,4,10,2,rejected,1
6539,home,home,quetta,balochistan,30608,56,8,2.7727,0,2,2,rejected,1
6540,auto,auto,lahore,punjab,55086,53,15,3.5645,0,4,0,approved,0
6541,other,others,lahore,punjab,47438,61,25,14.8429,3,6,3,in_review,1
6542,theft,auto,karachi,sindh,101973,58,20,4.3378,2,4,1,approved,0
6543,other,pet,hyderabad,sindh,62620,64,17,2.7541,1,7,1,submitted,0
6544,damage,auto,multan,punjab,16069,64,13,3.4849,4,5,3,rejected,1
6545,other,others,rawalpindi,punjab,51528,64,30,3.7497,0,5,0,in_review,0
6546,accident,life,gujranwala,punjab,70515,58,25,8.4006,0,4,0,approved,0
6547,life,life,islamabad,islamabad,43792,56,17,2.0894,0,1,0,approved,0
6548,damage,home,peshawar,kpk,61643,58,15,12.781,0,0,0,approved,0
6549,pet_care,pet,peshawar,kpk,5000,56,18,0.5204,2,8,1,approved,0
6550,home,home,hyderabad,sindh,6051,53,0,0.3298,0,0,0,approved,0
6551,life,life,mardan,kpk,122721,45,12,8.1418,0,0,0,submitted,0
6552,theft,home,lahore,punjab,10598,56,11,0.4304,2,6,0,approved,0
6553,theft,home,sialkot,punjab,44317,53,22,1.9194,0,4,0,approved,0
6554,pet,pet,faisalabad,punjab,25193,58,18,1.9573,1,6,0,approved,0
6555,life,life,rawalpindi,punjab,127374,58,12,10.0818,0,6,0,approved,0
6556,theft,auto,sukkur,sindh,5688,64,2,0.2821,2,7,0,approved,0
6557,pet_care,pet,faisalabad,punjab,14509,58,8,0.7525,0,4,0,approved,0
6558,pet_care,pet,sukkur,sindh,22930,61,8,1.5258,1,4,0,approved,0
6559,home,home,islamabad,islamabad,11219,58,21,1.2693,0,2,1,submitted,0
6560,pet,pet,sialkot,punjab,20049,61,6,0.9365,1,6,2,submitted,1
6561,home,home,abbottabad,kpk,56723,56,21,4.0025,1,3,0,approved,0
6562,accident,auto,mardan,kpk,73693,45,3,4.1396,2,7,0,approved,0
6563,pet_care,pet,gujranwala,punjab,18163,44,27,1.9753,0,3,0,approved,0
6564,other,home,multan,punjab,121408,58,18,4.9203,1,5,0,approved,0
6565,damage,auto,multan,punjab,5000,53,30,0.2835,0,3,2,in_review,1
6566,home,home,multan,punjab,6415,58,22,0.3819,0,6,0,approved,0
6567,medical,life,sukkur,sindh,17963,64,18,1.4437,2,4,3,submitted,0
6568,life,life,quetta,balochistan,108724,45,14,18.8888,0,1,0,submitted,0
6569,life,life,sukkur,sindh,104783,58,24,11.5718,0,1,0,submitted,0
6570,medical,auto,karachi,sindh,381055,58,28,17.1361,2,8,2,rejected,1
6571,theft,home,gujranwala,punjab,7701,53,7,0.4386,0,0,0,in_review,0
6572,life,life,islamabad,islamabad,36015,61,20,3.6541,1,4,2,in_review,1
6573,pet_care,pet,sukkur,sindh,6713,58,7,0.9235,0,5,0,submitted,0
6574,auto,auto,hyderabad,sindh,15676,61,15,3.2235,1,3,1,approved,0
6575,medical,auto,mardan,kpk,97206,64,21,3.9361,1,6,1,approved,0
6576,other,life,gujranwala,punjab,94059,61,13,4.8228,0,4,0,approved,0
6577,accident,auto,mardan,kpk,7013,56,4,0.3223,0,2,0,approved,0
6578,theft,auto,islamabad,islamabad,14614,64,25,1.1445,0,6,0,approved,0
6579,pet,pet,faisalabad,punjab,12992,53,26,2.1084,0,2,0,submitted,0
6580,pet_care,pet,peshawar,kpk,11589,45,6,0.6088,1,2,0,in_review,0
6581,pet,pet,peshawar,kpk,5000,53,16,0.3546,0,2,0,approved,0
6582,home,home,lahore,punjab,32658,64,26,7.919,0,6,0,approved,0
6583,life,life,mardan,kpk,112229,61,26,8.9312,0,2,0,approved,0
6584,accident,auto,sukkur,sindh,72933,45,5,17.6039,0,4,0,in_review,0
6585,auto,auto,rawalpindi,punjab,6825,56,25,4.1769,0,5,0,approved,0
6586,accident,auto,quetta,balochistan,32550,56,16,1.5706,0,2,0,in_review,0
6587,life,life,hyderabad,sindh,47588,56,1,2.1918,3,9,3,submitted,1
6588,auto,auto,lahore,punjab,20659,56,11,6.2698,1,7,1,approved,0
6589,auto,auto,rawalpindi,punjab,21352,45,3,0.8767,0,0,0,submitted,0
6590,accident,life,islamabad,islamabad,20980,64,29,0.8638,0,1,0,submitted,0
6591,damage,auto,abbottabad,kpk,77912,44,4,4.6335,1,6,0,approved,0
6592,theft,home,quetta,balochistan,43075,56,24,7.1768,0,5,0,approved,0
6593,pet,pet,islamabad,islamabad,8043,56,18,0.4502,2,2,0,in_review,0
6594,medical,auto,karachi,sindh,8820,56,3,1.7818,0,3,2,rejected,1
6595,theft,auto,mardan,kpk,72312,64,23,3.8831,1,4,0,approved,0
6596,damage,auto,lahore,punjab,15218,53,22,1.426,0,2,1,approved,0
6597,home,home,hyderabad,sindh,9406,64,22,5.2665,0,2,0,approved,0
6598,auto,auto,mardan,kpk,32478,45,1,3.82,2,2,1,in_review,0
6599,other,pet,multan,punjab,25406,45,21,1.134,1,6,0,approved,0
6600,medical,auto,sukkur,sindh,34815,53,5,2.5309,1,6,0,in_review,0
6601,medical,life,rawalpindi,punjab,128160,61,5,26.1338,0,1,0,in_review,0
6602,other,life,sukkur,sindh,87056,44,12,9.1503,1,4,0,approved,0
6603,accident,life,peshawar,kpk,30019,56,26,2.0018,0,1,0,approved,0
6604,medical,auto,mardan,kpk,159573,53,27,14.2897,0,5,1,approved,0
6605,home,home,hyderabad,sindh,21487,64,17,0.9816,0,4,0,approved,0
6606,auto,auto,islamabad,islamabad,26056,61,28,11.1113,0,3,1,approved,0
6607,pet_care,pet,quetta,balochistan,14704,64,14,4.926,0,0,2,submitted,1
6608,home,home,abbottabad,kpk,13999,56,22,0.9203,2,7,1,submitted,0
6609,home,home,sukkur,sindh,35040,53,12,8.0905,0,4,0,approved,0
6610,life,life,hyderabad,sindh,20247,45,12,6.1504,1,1,3,rejected,1
6611,auto,auto,mardan,kpk,37259,58,27,3.2509,0,3,0,approved,0
6612,pet,pet,peshawar,kpk,5770,53,16,0.4088,2,7,3,submitted,1
6613,theft,home,sukkur,sindh,5519,58,27,1.0042,1,4,0,submitted,0
6614,pet_care,pet,karachi,sindh,31470,58,9,1.2779,1,7,1,approved,0
6615,life,life,quetta,balochistan,742111,45,23,340.887,0,4,0,in_review,1
6616,medical,life,mardan,kpk,21602,53,27,1.1817,0,3,0,approved,0
6617,accident,auto,hyderabad,sindh,23876,58,22,5.3223,0,5,0,approved,0
6618,medical,auto,quetta,balochistan,77752,44,14,3.7009,0,0,0,approved,0
6619,pet,pet,sialkot,punjab,8654,61,26,0.6494,0,1,1,approved,0
6620,accident,auto,islamabad,islamabad,38363,64,22,2.0713,1,1,0,in_review,0
6621,other,pet,quetta,balochistan,22017,56,26,2.9918,1,3,2,rejected,1
6622,life,life,karachi,sindh,35409,53,16,8.0879,3,5,0,submitted,1
6623,damage,home,lahore,punjab,28776,61,4,1.46,2,4,0,in_review,0
6624,home,home,hyderabad,sindh,34416,53,4,4.0065,4,5,1,rejected,1
6625,home,home,karachi,sindh,190141,53,27,13.6087,0,3,1,approved,0
6626,pet_care,pet,abbottabad,kpk,22947,53,15,1.9424,1,5,0,approved,0
6627,home,home,sukkur,sindh,54254,44,20,5.5215,0,5,0,approved,0
6628,life,life,gujranwala,punjab,65207,56,21,3.3362,0,6,3,in_review,1
6629,medical,life,hyderabad,sindh,109490,53,27,8.2472,0,0,0,approved,0
6630,other,others,sialkot,punjab,20284,56,17,2.3477,0,4,1,submitted,0
6631,pet_care,pet,rawalpindi,punjab,17252,64,14,2.5226,0,5,0,approved,0
6632,medical,life,peshawar,kpk,43349,56,26,5.7272,1,5,1,approved,0
6633,theft,auto,gujranwala,punjab,23644,61,20,2.1776,0,6,0,approved,0
6634,theft,auto,faisalabad,punjab,14876,64,29,0.8017,0,0,0,approved,0
6635,damage,home,mardan,kpk,15785,64,15,0.7251,0,3,0,submitted,0
6636,pet_care,pet,islamabad,islamabad,5307,45,8,1.381,0,3,0,approved,0
6637,auto,auto,sialkot,punjab,12501,44,2,4.2593,4,10,2,rejected,1
6638,life,life,mardan,kpk,46609,45,2,2.3054,0,4,1,approved,0
6639,pet,pet,mardan,kpk,13427,53,23,0.6087,1,2,0,approved,0
6640,theft,home,lahore,punjab,10699,58,8,0.4297,0,2,0,approved,0
6641,pet,pet,islamabad,islamabad,16244,64,0,1.0159,3,3,3,in_review,1
6642,other,home,abbottabad,kpk,5000,61,8,1.493,2,7,0,approved,0
6643,life,life,islamabad,islamabad,159221,64,10,16.8971,0,3,0,approved,0
6644,home,home,islamabad,islamabad,8024,56,19,4.5878,1,5,0,approved,0
6645,damage,home,sukkur,sindh,40834,56,18,1.8684,1,2,0,approved,0
6646,accident,life,quetta,balochistan,83472,56,18,5.395,0,2,0,approved,0
6647,life,life,sukkur,sindh,472747,45,9,24.4744,0,4,0,submitted,0
6648,life,life,sukkur,sindh,271661,45,34,22.3002,0,1,2,rejected,1
6649,pet,pet,sialkot,punjab,10668,53,6,0.4768,1,2,0,approved,0
6650,pet,pet,faisalabad,punjab,9341,64,6,0.4974,1,7,0,approved,0
6651,medical,auto,sialkot,punjab,626853,64,17,209.3697,1,7,0,submitted,1
6652,damage,home,sukkur,sindh,47161,64,0,2.1059,0,3,0,approved,0
6653,home,home,islamabad,islamabad,82284,58,15,5.2115,1,5,0,in_review,0
6654,pet_care,pet,rawalpindi,punjab,7195,61,29,0.2923,3,7,2,rejected,1
6655,pet,pet,peshawar,kpk,19048,64,25,2.7126,2,8,0,in_review,1
6656,medical,auto,multan,punjab,93187,45,25,14.3829,1,3,0,approved,0
6657,pet,pet,sukkur,sindh,7616,53,23,1.3941,3,5,1,approved,0
6658,auto,auto,abbottabad,kpk,21360,58,25,0.955,1,2,1,in_review,0
6659,accident,life,hyderabad,sindh,113315,56,21,5.1332,2,4,3,rejected,1
6660,home,home,sukkur,sindh,103418,44,9,12.2359,0,3,0,submitted,0
6661,medical,life,rawalpindi,punjab,21945,53,23,14.0045,4,4,3,in_review,1
6662,accident,auto,mardan,kpk,24676,45,15,9.6845,1,1,0,approved,0
6663,pet,pet,islamabad,islamabad,25248,56,3,1.0948,0,3,0,approved,0
6664,home,home,peshawar,kpk,119100,61,15,12.2961,0,1,3,in_review,0
6665,other,auto,islamabad,islamabad,79058,64,25,52.3563,1,6,3,rejected,1
6666,pet,pet,abbottabad,kpk,14992,44,9,2.6182,1,1,3,in_review,1
6667,theft,home,rawalpindi,punjab,9130,64,28,0.7522,4,4,2,in_review,1
6668,theft,auto,abbottabad,kpk,5000,44,27,0.2071,0,0,2,rejected,1
6669,medical,auto,faisalabad,punjab,71580,53,17,3.7626,0,1,0,submitted,0
6670,medical,auto,mardan,kpk,38590,45,3,6.3585,2,3,3,approved,0
6671,medical,auto,gujranwala,punjab,43435,56,16,2.2974,1,4,0,in_review,0
6672,medical,auto,peshawar,kpk,97458,44,3,11.8432,1,2,0,approved,0
6673,theft,home,sialkot,punjab,6075,45,5,0.3697,0,3,0,approved,0
6674,medical,life,karachi,sindh,36160,58,23,2.5649,0,5,1,approved,0
6675,home,home,sialkot,punjab,27669,58,13,1.9007,0,1,1,approved,0
6676,pet_care,pet,gujranwala,punjab,13406,45,2,1.3616,0,4,1,approved,0
6677,life,life,gujranwala,punjab,103863,61,11,28.3005,0,4,3,in_review,1
6678,pet_care,pet,mardan,kpk,9343,64,29,4.0675,0,1,0,approved,0
6679,home,home,multan,punjab,13742,56,22,0.9084,3,5,2,in_review,1
6680,theft,auto,peshawar,kpk,47208,53,16,4.493,1,1,0,approved,0
6681,auto,auto,faisalabad,punjab,12052,53,10,0.5141,0,4,0,approved,0
6682,life,life,karachi,sindh,488313,44,32,29.1044,1,4,3,submitted,1
6683,home,home,multan,punjab,53702,58,12,8.6158,0,5,0,submitted,0
6684,medical,life,rawalpindi,punjab,43409,44,2,2.988,0,3,0,submitted,0
6685,life,life,hyderabad,sindh,36036,58,18,1.9599,1,7,1,submitted,0
6686,accident,auto,hyderabad,sindh,38205,44,28,8.1218,0,0,1,approved,0
6687,life,life,islamabad,islamabad,32127,53,25,2.3032,3,9,3,in_review,1
6688,damage,home,karachi,sindh,10240,61,29,0.5825,2,5,1,approved,0
6689,life,life,mardan,kpk,105304,53,17,39.2048,0,0,0,approved,0
6690,pet,pet,multan,punjab,9543,53,0,2.3774,0,5,0,rejected,1
6691,theft,home,rawalpindi,punjab,24128,64,5,4.3279,2,6,0,approved,0
6692,pet_care,pet,karachi,sindh,18260,64,19,0.83,2,7,0,approved,0
6693,auto,auto,gujranwala,punjab,10245,45,24,0.7833,2,7,2,submitted,0
6694,home,home,gujranwala,punjab,37867,58,17,3.7139,0,1,0,submitted,0
6695,auto,auto,sukkur,sindh,27097,64,27,1.1045,0,6,0,approved,0
6696,pet,pet,rawalpindi,punjab,17129,44,15,1.6956,0,0,1,approved,0
6697,pet_care,pet,sialkot,punjab,23612,44,28,11.0907,0,1,0,approved,0
6698,theft,auto,peshawar,kpk,8886,58,29,1.2606,0,6,2,rejected,1
6699,medical,auto,sialkot,punjab,77260,64,18,3.455,0,3,0,submitted,0
6700,pet,pet,islamabad,islamabad,10527,64,5,0.4937,1,4,0,in_review,0
6701,life,life,gujranwala,punjab,72416,44,4,3.9567,0,2,0,submitted,0
6702,damage,auto,quetta,balochistan,5650,61,19,0.8633,1,6,0,approved,0
6703,accident,life,mardan,kpk,31142,56,10,1.3405,0,3,0,approved,0
6704,home,home,peshawar,kpk,11362,61,28,2.4928,0,0,0,approved,0
6705,other,auto,abbottabad,kpk,37024,45,0,1.8241,1,1,1,in_review,0
6706,pet,pet,sialkot,punjab,5824,58,10,0.2583,0,2,0,approved,0
6707,pet,pet,rawalpindi,punjab,8648,64,5,1.9561,0,6,0,approved,0
6708,damage,auto,karachi,sindh,11204,58,3,0.4877,0,4,0,approved,0
6709,theft,home,islamabad,islamabad,33889,58,24,1.513,0,2,0,approved,0
6710,pet,pet,sukkur,sindh,15426,61,27,0.9012,2,5,1,rejected,1
6711,life,life,sialkot,punjab,89921,58,9,8.8314,0,4,0,submitted,0
6712,other,pet,mardan,kpk,21406,64,25,0.9954,0,3,0,approved,0
6713,accident,auto,faisalabad,punjab,59612,64,23,2.6951,0,1,0,approved,0
6714,pet_care,pet,mardan,kpk,11734,61,15,0.6722,0,6,0,in_review,1
6715,auto,auto,karachi,sindh,9426,64,14,0.8696,0,0,3,rejected,1
6716,damage,home,lahore,punjab,43264,45,1,6.4496,0,2,1,approved,0
6717,theft,home,sialkot,punjab,19282,44,4,2.4081,0,4,0,approved,0
6718,medical,life,abbottabad,kpk,17337,44,25,2.133,0,5,0,approved,0
6719,theft,auto,islamabad,islamabad,6877,53,28,0.4245,0,6,1,submitted,0
6720,other,pet,quetta,balochistan,56304,56,0,3.4572,1,2,1,in_review,1
6721,other,life,sukkur,sindh,53660,44,15,7.89,1,3,0,submitted,0
6722,damage,auto,multan,punjab,20504,45,23,1.8192,0,4,0,approved,0
6723,medical,auto,quetta,balochistan,36159,64,8,2.2764,2,8,0,submitted,0
6724,medical,auto,sukkur,sindh,124830,44,21,9.7684,2,3,0,submitted,0
6725,other,auto,peshawar,kpk,5000,58,24,0.2063,0,4,1,submitted,0
6726,pet_care,pet,karachi,sindh,8808,44,19,0.9182,1,6,1,approved,0
6727,pet,pet,lahore,punjab,11428,64,13,1.4353,1,1,0,approved,0
6728,pet,pet,lahore,punjab,8712,64,22,0.4995,0,0,0,approved,0
6729,medical,life,karachi,sindh,34560,64,6,6.1769,4,5,1,submitted,1
6730,auto,auto,abbottabad,kpk,66685,61,23,6.1626,3,3,0,in_review,1
6731,home,home,sukkur,sindh,26225,58,30,1.6415,1,3,0,submitted,0
6732,home,home,hyderabad,sindh,30164,64,0,1.2779,0,1,0,approved,0
6733,theft,auto,abbottabad,kpk,33202,64,23,8.5727,1,2,0,approved,0
6734,home,home,hyderabad,sindh,145703,64,7,17.0632,0,6,2,rejected,1
6735,damage,home,abbottabad,kpk,25673,61,19,1.3199,1,4,0,approved,0
6736,pet,pet,gujranwala,punjab,13813,58,16,0.7062,1,7,3,in_review,1
6737,other,life,karachi,sindh,15080,56,20,1.1129,0,0,2,rejected,1
6738,accident,auto,sialkot,punjab,72579,61,2,3.4256,0,0,0,approved,0
6739,other,home,faisalabad,punjab,5610,58,29,0.2264,1,5,2,rejected,1
6740,accident,life,islamabad,islamabad,86285,45,29,3.7921,0,6,1,submitted,0
6741,medical,life,rawalpindi,punjab,38476,53,2,2.1089,1,1,0,approved,0
6742,damage,auto,rawalpindi,punjab,27666,61,22,1.1413,0,6,0,in_review,0
6743,theft,auto,lahore,punjab,15889,64,23,0.6778,0,6,0,approved,0
6744,damage,auto,gujranwala,punjab,28664,58,18,5.0412,0,5,2,in_review,1
6745,auto,auto,hyderabad,sindh,10928,61,29,0.5187,1,5,0,submitted,0
6746,damage,home,rawalpindi,punjab,22717,64,23,5.238,0,6,0,approved,0
6747,life,life,quetta,balochistan,123444,44,28,14.2331,0,5,0,approved,0
6748,damage,auto,islamabad,islamabad,5835,45,15,0.5832,2,6,2,rejected,1
6749,pet,pet,hyderabad,sindh,7907,44,13,2.7979,3,7,2,rejected,1
6750,auto,auto,faisalabad,punjab,11781,58,10,0.9182,0,1,0,in_review,0
6751,pet,pet,faisalabad,punjab,26114,53,24,1.1136,0,1,0,in_review,0
6752,damage,home,karachi,sindh,11590,45,19,0.6362,0,4,0,approved,0
6753,medical,auto,multan,punjab,61778,44,4,3.1049,1,7,0,rejected,1
6754,medical,life,gujranwala,punjab,150050,53,3,88.4729,1,1,1,rejected,1
6755,pet,pet,multan,punjab,18454,44,4,1.0862,3,8,3,approved,0
6756,damage,home,abbottabad,kpk,11738,64,3,0.7791,0,1,0,approved,0
6757,medical,life,gujranwala,punjab,49921,56,30,17.6275,0,6,2,submitted,1
6758,home,home,gujranwala,punjab,34198,64,7,1.8677,1,5,2,rejected,1
6759,other,others,karachi,sindh,11070,61,26,1.1693,0,2,0,approved,0
6760,pet_care,pet,rawalpindi,punjab,5000,58,23,0.4675,4,5,3,submitted,1
6761,other,pet,islamabad,islamabad,20613,56,30,1.1905,2,8,0,approved,0
6762,home,home,lahore,punjab,108313,44,4,6.7929,0,2,0,approved,0
6763,accident,life,islamabad,islamabad,28976,44,2,1.2464,0,6,0,approved,0
6764,accident,auto,abbottabad,kpk,69616,53,4,6.6727,2,7,0,approved,0
6765,pet,pet,sialkot,punjab,14712,45,6,0.6309,0,3,0,in_review,0
6766,life,life,lahore,punjab,43963,58,28,1.8468,1,6,1,approved,0
6767,medical,life,sukkur,sindh,10832,53,30,1.5241,1,7,1,rejected,1
6768,theft,auto,islamabad,islamabad,6559,64,8,0.2875,0,4,0,approved,0
6769,auto,auto,mardan,kpk,73632,61,1,4.8223,0,1,0,submitted,0
6770,auto,auto,multan,punjab,43900,58,22,2.3851,0,3,0,approved,0
6771,pet,pet,faisalabad,punjab,17851,58,4,2.1754,0,2,0,approved,0
6772,other,auto,peshawar,kpk,22583,61,20,1.1577,4,10,2,in_review,1
6773,home,home,multan,punjab,15032,45,21,1.3798,0,5,0,in_review,0
6774,pet,pet,quetta,balochistan,11079,56,15,0.6065,1,5,3,rejected,1
6775,accident,life,faisalabad,punjab,78012,53,30,19.4301,3,7,3,rejected,1
6776,accident,auto,lahore,punjab,27056,64,1,1.3479,1,6,0,submitted,0
6777,auto,auto,quetta,balochistan,18197,58,10,1.4149,0,0,0,approved,0
6778,theft,home,multan,punjab,19079,58,9,1.7916,0,5,3,rejected,1
6779,home,home,sukkur,sindh,9653,58,11,0.7253,1,1,0,approved,0
6780,other,home,rawalpindi,punjab,30880,45,2,5.7817,3,8,3,in_review,1
6781,other,pet,quetta,balochistan,7524,45,21,0.6268,0,5,3,rejected,1
6782,pet_care,pet,sukkur,sindh,12041,45,19,1.6643,0,2,0,approved,0
6783,accident,auto,lahore,punjab,47369,53,2,2.2713,1,3,0,approved,0
6784,accident,life,multan,punjab,11697,58,12,1.3593,0,0,1,approved,0
6785,auto,auto,islamabad,islamabad,81798,64,10,3.7676,0,0,0,in_review,0
6786,life,life,karachi,sindh,72180,53,4,7.6212,1,2,3,rejected,1
6787,auto,auto,mardan,kpk,54855,44,16,3.8549,0,5,0,approved,0
6788,auto,auto,multan,punjab,51599,53,13,3.0041,0,4,0,in_review,0
6789,medical,auto,islamabad,islamabad,719330,64,11,32.6153,1,6,1,approved,0
6790,life,life,islamabad,islamabad,186254,61,12,9.9314,2,8,3,in_review,1
6791,other,pet,sialkot,punjab,9563,56,29,0.829,1,6,0,approved,0
6792,theft,auto,karachi,sindh,9023,53,18,0.8033,0,1,0,in_review,0
6793,life,life,faisalabad,punjab,338164,44,15,197.6411,2,8,0,rejected,1
6794,accident,life,peshawar,kpk,73135,53,3,26.4216,0,4,0,approved,0
6795,pet,pet,rawalpindi,punjab,11171,61,24,7.3109,0,0,2,rejected,1
6796,pet,pet,karachi,sindh,8039,45,1,0.4356,0,6,0,approved,0
6797,other,others,sukkur,sindh,116724,61,16,4.9075,3,6,2,rejected,1
6798,auto,auto,abbottabad,kpk,25293,58,30,1.0523,1,1,2,submitted,1
6799,life,life,peshawar,kpk,246416,64,35,13.0035,0,3,0,rejected,1
6800,medical,life,gujranwala,punjab,41478,64,22,1.6795,0,5,0,approved,0
6801,pet,pet,lahore,punjab,7921,61,16,2.2683,1,5,0,approved,0
6802,life,life,sukkur,sindh,23796,64,26,1.2403,1,6,0,in_review,0
6803,theft,home,gujranwala,punjab,79068,53,16,3.6636,0,0,1,submitted,0
6804,damage,auto,peshawar,kpk,22671,58,21,8.539,1,4,3,rejected,1
6805,pet,pet,multan,punjab,8949,44,28,3.1745,0,0,0,approved,0
6806,auto,auto,faisalabad,punjab,30024,45,28,3.661,0,0,0,approved,0
6807,damage,auto,rawalpindi,punjab,34368,44,24,1.5355,4,7,1,rejected,1
6808,home,home,gujranwala,punjab,83587,44,19,5.153,0,3,0,approved,0
6809,pet,pet,sukkur,sindh,5000,45,25,0.3662,3,5,0,in_review,1
6810,pet_care,pet,sukkur,sindh,13691,44,14,0.5947,1,4,0,submitted,0
6811,accident,life,faisalabad,punjab,19531,45,26,1.897,4,4,2,in_review,1
6812,theft,home,faisalabad,punjab,7729,61,16,0.6212,1,6,0,rejected,1
6813,home,home,hyderabad,sindh,64621,64,9,3.5887,2,8,2,rejected,1
6814,medical,auto,sialkot,punjab,209129,64,25,10.5249,0,3,1,submitted,0
6815,medical,auto,islamabad,islamabad,54089,53,14,5.2806,0,6,1,submitted,0
6816,life,life,multan,punjab,117351,64,26,33.1313,2,4,3,submitted,1
6817,life,life,multan,punjab,5272,61,6,1.3226,1,7,0,approved,0
6818,damage,auto,abbottabad,kpk,7965,64,14,0.3745,1,6,0,submitted,0
6819,pet_care,pet,hyderabad,sindh,20892,45,23,1.8024,1,3,0,submitted,0
6820,theft,auto,hyderabad,sindh,13523,44,8,0.5581,1,4,0,approved,0
6821,pet_care,pet,multan,punjab,9295,45,5,0.4309,1,6,2,in_review,1
6822,life,life,sukkur,sindh,88468,64,25,6.7353,0,4,0,approved,0
6823,auto,auto,multan,punjab,29797,61,20,18.1247,0,1,0,approved,0
6824,home,home,multan,punjab,47647,58,8,4.4183,0,5,1,approved,0
6825,pet_care,pet,sukkur,sindh,44749,44,12,2.1488,1,6,1,approved,0
6826,pet,pet,sialkot,punjab,10256,64,17,2.1186,3,9,2,rejected,1
6827,life,life,abbottabad,kpk,112671,58,2,6.8937,0,6,1,approved,0
6828,theft,auto,quetta,balochistan,52242,53,5,3.1929,0,0,1,submitted,0
6829,pet,pet,peshawar,kpk,11086,64,6,1.517,0,5,2,submitted,1
6830,home,home,sukkur,sindh,54693,44,4,2.9381,1,7,0,submitted,0
6831,pet_care,pet,mardan,kpk,29452,44,12,1.9111,0,2,0,approved,0
6832,pet_care,pet,multan,punjab,13498,64,9,0.6543,0,6,0,approved,0
6833,pet_care,pet,mardan,kpk,9736,61,18,0.9811,0,6,0,submitted,0
6834,other,pet,lahore,punjab,8282,45,4,0.4216,0,5,0,in_review,0
6835,pet_care,pet,karachi,sindh,9891,61,30,0.724,1,1,0,submitted,1
6836,damage,home,hyderabad,sindh,62721,56,13,2.6185,0,6,0,approved,0
6837,damage,auto,islamabad,islamabad,36105,64,14,2.3739,1,6,2,in_review,1
6838,pet,pet,sukkur,sindh,5000,45,12,0.3641,0,1,0,rejected,1
6839,home,home,multan,punjab,11762,56,6,0.4998,0,3,0,submitted,0
6840,accident,life,faisalabad,punjab,110482,58,14,9.1762,0,6,2,rejected,1
6841,pet_care,pet,karachi,sindh,34605,53,30,2.657,0,5,0,approved,0
6842,pet,pet,sukkur,sindh,7609,56,11,0.5468,1,1,1,approved,0
6843,auto,auto,rawalpindi,punjab,14369,64,12,0.5934,1,3,1,approved,0
6844,home,home,lahore,punjab,34208,61,4,10.9012,0,3,0,approved,0
6845,theft,auto,abbottabad,kpk,7571,45,19,0.3838,3,4,2,approved,0
6846,theft,auto,abbottabad,kpk,23677,64,3,1.6324,0,6,0,approved,0
6847,damage,home,karachi,sindh,54093,45,3,6.0237,1,4,0,approved,0
6848,damage,auto,lahore,punjab,51628,58,25,11.1004,3,7,1,submitted,1
6849,accident,life,lahore,punjab,10446,64,17,2.7797,0,6,0,approved,0
6850,home,home,sialkot,punjab,26568,44,12,3.6059,1,3,1,approved,0
6851,other,others,faisalabad,punjab,69067,64,8,3.1786,1,4,0,approved,0
6852,pet,pet,quetta,balochistan,14276,64,1,0.7626,1,4,1,submitted,0
6853,other,life,quetta,balochistan,33485,56,20,3.3232,2,5,2,submitted,1
6854,home,home,abbottabad,kpk,15799,58,24,1.075,2,4,1,in_review,0
6855,theft,home,karachi,sindh,5055,61,28,0.4814,1,1,0,approved,0
6856,accident,auto,peshawar,kpk,6774,64,14,0.7483,1,3,1,submitted,0
6857,home,home,hyderabad,sindh,45477,64,11,2.4474,0,4,0,rejected,1
6858,other,life,rawalpindi,punjab,20239,45,1,5.2216,1,7,0,approved,0
6859,home,home,sukkur,sindh,13402,64,26,0.9245,0,6,0,approved,0
6860,damage,home,peshawar,kpk,7781,61,17,0.5219,0,2,1,in_review,1
6861,other,others,peshawar,kpk,8256,64,28,0.4644,0,4,0,approved,0
6862,auto,auto,lahore,punjab,10345,45,16,0.8924,1,7,0,approved,0
6863,accident,auto,karachi,sindh,24251,61,23,2.0174,1,4,0,approved,0
6864,pet_care,pet,mardan,kpk,21373,44,22,1.1325,0,1,0,submitted,0
6865,life,life,hyderabad,sindh,407071,64,19,18.7729,1,7,0,approved,0
6866,medical,life,sialkot,punjab,56396,56,4,7.6428,0,6,0,in_review,0
6867,pet,pet,islamabad,islamabad,9585,58,5,0.6644,1,4,1,approved,0
6868,accident,auto,faisalabad,punjab,30629,56,8,5.1993,0,3,0,in_review,0
6869,pet,pet,mardan,kpk,14030,53,10,0.8067,0,4,2,rejected,1
6870,theft,auto,sialkot,punjab,19623,64,9,3.0222,0,5,1,submitted,0
6871,auto,auto,peshawar,kpk,48042,53,23,2.3793,3,7,1,rejected,1
6872,accident,auto,lahore,punjab,94097,61,18,19.8391,1,2,0,approved,0
6873,other,auto,rawalpindi,punjab,85080,53,18,29.6033,0,2,0,approved,0
6874,auto,auto,karachi,sindh,18753,58,27,0.7544,2,2,3,rejected,1
6875,pet,pet,hyderabad,sindh,9139,45,4,0.3758,0,4,2,rejected,1
6876,theft,auto,gujranwala,punjab,54631,44,19,2.7543,0,3,0,submitted,0
6877,home,home,rawalpindi,punjab,48058,56,4,3.4559,0,1,0,approved,0
6878,pet,pet,rawalpindi,punjab,65523,53,4,5.1556,4,8,3,in_review,1
6879,theft,home,gujranwala,punjab,22670,58,17,1.9907,1,2,0,approved,0
6880,home,home,sialkot,punjab,17294,64,28,0.7188,0,2,0,approved,0
6881,auto,auto,quetta,balochistan,36578,64,30,2.7521,2,3,2,in_review,1
6882,pet,pet,gujranwala,punjab,20794,61,5,2.1993,1,3,1,submitted,0
6883,pet,pet,sukkur,sindh,13695,45,5,0.6217,0,2,0,approved,0
6884,life,life,hyderabad,sindh,149847,45,1,10.2804,0,6,0,approved,0
6885,pet_care,pet,multan,punjab,11852,58,27,0.6918,1,3,0,submitted,0
6886,home,home,sukkur,sindh,100868,64,30,16.736,4,7,1,rejected,1
6887,pet,pet,hyderabad,sindh,8961,53,22,0.6624,2,3,0,in_review,0
6888,accident,auto,hyderabad,sindh,29486,56,11,4.4068,0,4,0,approved,0
6889,other,pet,rawalpindi,punjab,58559,45,28,6.4972,1,7,2,rejected,1
6890,home,home,faisalabad,punjab,33919,58,29,2.3197,0,1,1,approved,0
6891,theft,auto,gujranwala,punjab,5687,53,19,0.4939,4,6,3,rejected,1
6892,medical,auto,gujranwala,punjab,17519,64,24,10.8881,0,1,1,in_review,1
6893,damage,auto,sialkot,punjab,14731,64,23,3.0683,0,6,0,approved,0
6894,theft,auto,rawalpindi,punjab,14107,45,15,1.2461,0,6,0,approved,0
6895,theft,home,gujranwala,punjab,51751,45,17,2.4974,1,1,0,approved,0
6896,other,pet,islamabad,islamabad,60226,45,8,5.8866,2,8,3,rejected,1
6897,pet_care,pet,karachi,sindh,5175,45,6,2.5493,0,2,0,submitted,0
6898,other,home,multan,punjab,7091,45,15,0.2881,0,0,0,approved,0
6899,life,life,gujranwala,punjab,91447,53,11,4.8272,0,5,0,approved,0
6900,home,home,sukkur,sindh,81616,45,28,10.3311,0,6,0,approved,0
6901,other,life,lahore,punjab,26239,61,23,2.6909,0,5,0,in_review,0
6902,damage,home,multan,punjab,5000,64,13,1.0611,2,7,0,approved,0
6903,damage,auto,sialkot,punjab,15294,45,25,1.2223,1,5,0,in_review,0
6904,home,home,sialkot,punjab,5394,58,28,0.2768,4,10,2,rejected,1
6905,pet_care,pet,sukkur,sindh,6584,56,18,1.5934,0,6,1,submitted,0
6906,damage,home,karachi,sindh,23183,64,11,0.9547,1,7,0,approved,0
6907,other,home,hyderabad,sindh,7162,61,4,0.5039,0,4,0,in_review,0
6908,home,home,karachi,sindh,96902,61,26,9.3698,0,4,3,rejected,1
6909,pet,pet,peshawar,kpk,13319,53,5,0.7071,2,2,1,approved,0
6910,other,life,sukkur,sindh,56364,64,21,3.962,0,2,0,approved,0
6911,theft,home,rawalpindi,punjab,6158,64,6,0.4527,2,2,3,in_review,1
6912,pet_care,pet,quetta,balochistan,16833,64,23,2.8834,0,5,1,submitted,0
6913,other,pet,peshawar,kpk,33548,56,29,1.4342,0,2,2,in_review,1
6914,accident,auto,islamabad,islamabad,52657,56,27,5.4612,0,4,1,rejected,1
6915,life,life,quetta,balochistan,65711,64,24,8.0955,0,2,0,submitted,0
6916,accident,auto,mardan,kpk,7257,61,24,0.3155,1,3,0,in_review,1
6917,pet_care,pet,karachi,sindh,28772,44,22,1.4545,0,3,0,in_review,0
6918,theft,auto,islamabad,islamabad,5000,45,6,0.2156,1,2,2,submitted,1
6919,pet,pet,sukkur,sindh,6538,64,14,0.3008,0,1,0,approved,0
6920,other,others,sialkot,punjab,26119,64,13,3.6206,0,2,0,approved,0
6921,theft,auto,sialkot,punjab,19047,45,11,3.8339,2,8,3,rejected,1
6922,medical,auto,sialkot,punjab,30086,45,22,1.4582,0,4,0,approved,0
6923,medical,life,rawalpindi,punjab,11801,53,14,0.6438,0,5,0,approved,0
6924,life,life,hyderabad,sindh,30855,64,27,1.5961,1,6,0,approved,0
6925,pet_care,pet,multan,punjab,20837,61,14,4.5082,3,3,1,submitted,1
6926,life,life,mardan,kpk,291509,64,23,37.726,1,4,0,approved,0
6927,medical,life,sialkot,punjab,276045,58,22,13.7322,0,3,0,approved,0
6928,medical,life,quetta,balochistan,55679,53,22,4.0115,0,5,3,in_review,1
6929,auto,auto,karachi,sindh,27262,53,23,2.5562,0,5,3,rejected,1
6930,medical,life,faisalabad,punjab,395291,45,10,19.6564,0,6,0,approved,0
6931,life,life,sialkot,punjab,35338,58,23,3.7554,1,4,0,approved,0
6932,life,life,mardan,kpk,230380,64,19,38.0856,2,3,0,approved,0
6933,other,home,abbottabad,kpk,13106,58,10,1.0426,0,3,0,submitted,0
6934,pet,pet,islamabad,islamabad,28369,56,9,1.9751,0,0,0,approved,0
6935,pet,pet,rawalpindi,punjab,28618,44,4,1.1464,0,2,3,submitted,1
6936,life,life,sukkur,sindh,145286,61,28,11.9538,1,4,0,approved,0
6937,other,home,karachi,sindh,5000,64,27,0.2417,0,5,0,approved,0
6938,accident,auto,abbottabad,kpk,35448,56,21,7.3194,0,1,0,in_review,1
6939,life,life,sukkur,sindh,13031,58,20,0.6529,0,2,0,in_review,0
6940,damage,home,peshawar,kpk,36264,58,25,2.0359,2,5,2,submitted,1
6941,accident,auto,hyderabad,sindh,40553,64,25,7.0356,2,5,2,rejected,1
6942,pet,pet,abbottabad,kpk,10754,58,10,0.4959,0,2,0,approved,0
6943,accident,life,quetta,balochistan,40888,64,22,1.8847,0,6,0,approved,0
6944,other,auto,faisalabad,punjab,20524,58,26,1.2483,0,3,0,in_review,0
6945,accident,auto,karachi,sindh,42127,44,20,7.7496,0,2,1,submitted,0
6946,life,life,multan,punjab,10112,58,16,2.8867,0,6,0,approved,0
6947,pet,pet,multan,punjab,5938,53,2,0.2398,0,4,0,in_review,0
6948,life,life,quetta,balochistan,40019,44,3,1.9399,0,4,1,rejected,1
6949,pet,pet,hyderabad,sindh,6792,56,3,0.5903,2,5,0,approved,0
6950,auto,auto,sukkur,sindh,51432,45,8,2.0721,0,1,3,submitted,1
6951,other,others,abbottabad,kpk,39726,61,0,1.8013,0,4,1,submitted,0
6952,other,others,gujranwala,punjab,14460,61,16,0.906,0,3,0,in_review,1
6953,home,home,abbottabad,kpk,31481,53,10,3.1098,0,4,1,approved,0
6954,life,life,sukkur,sindh,275078,45,10,18.8448,0,4,2,rejected,1
6955,life,life,multan,punjab,36993,58,20,1.7813,0,5,0,submitted,0
6956,accident,life,faisalabad,punjab,42813,53,14,8.6965,1,2,3,submitted,1
6957,theft,auto,mardan,kpk,11657,61,12,0.4876,2,5,0,approved,0
6958,damage,auto,lahore,punjab,6144,64,12,1.2178,0,1,3,in_review,1
6959,life,life,lahore,punjab,30073,44,11,3.1232,1,6,0,approved,0
6960,home,home,faisalabad,punjab,12663,44,28,0.5922,0,5,0,in_review,0
6961,home,home,rawalpindi,punjab,11796,64,13,0.6633,2,4,1,approved,0
6962,accident,life,mardan,kpk,23611,53,3,1.313,2,4,3,submitted,1
6963,auto,auto,faisalabad,punjab,8193,44,27,2.0606,0,3,0,in_review,0
6964,other,pet,islamabad,islamabad,83831,64,19,6.4416,1,1,0,rejected,1
6965,home,home,sialkot,punjab,83996,53,29,11.8221,1,1,0,approved,0
6966,theft,home,sukkur,sindh,72606,64,26,4.2267,1,4,0,approved,0
6967,medical,auto,rawalpindi,punjab,20019,45,29,1.0239,0,1,0,approved,0
6968,damage,home,hyderabad,sindh,123411,58,22,6.2846,0,0,1,approved,0
6969,theft,home,rawalpindi,punjab,25118,53,2,1.9168,1,5,0,rejected,1
6970,other,auto,multan,punjab,19400,44,27,1.7842,0,0,1,approved,0
6971,life,life,quetta,balochistan,46664,44,22,6.6246,4,5,2,submitted,1
6972,medical,auto,hyderabad,sindh,49020,64,30,17.42,1,7,2,rejected,1
6973,auto,auto,sialkot,punjab,49697,44,20,8.3105,0,5,0,approved,0
6974,theft,home,lahore,punjab,13271,61,17,2.1405,3,6,2,submitted,1
6975,theft,auto,gujranwala,punjab,5000,61,6,0.2295,2,4,0,approved,0
6976,auto,auto,lahore,punjab,11153,58,4,0.6915,1,3,1,approved,0
6977,pet,pet,abbottabad,kpk,6218,61,17,0.2857,1,4,0,approved,0
6978,auto,auto,rawalpindi,punjab,14768,53,12,2.1462,1,7,0,approved,0
6979,other,auto,karachi,sindh,28346,61,12,1.8931,0,1,0,in_review,0
6980,home,home,islamabad,islamabad,46174,44,18,4.4604,0,6,1,submitted,0
6981,auto,auto,sialkot,punjab,30385,64,16,2.1414,1,3,0,submitted,0
6982,accident,auto,sukkur,sindh,23484,44,12,5.6317,0,1,0,approved,0
6983,auto,auto,karachi,sindh,33698,64,11,3.14,3,5,0,in_review,1
6984,life,life,abbottabad,kpk,9980,64,1,0.4164,0,3,0,approved,0
6985,pet,pet,peshawar,kpk,7213,53,21,0.4055,0,4,0,approved,0
6986,other,life,islamabad,islamabad,6425,64,4,0.4156,0,5,0,submitted,0
6987,accident,life,multan,punjab,16915,61,25,1.2191,0,2,1,approved,0
6988,medical,auto,rawalpindi,punjab,43397,45,9,3.3838,1,1,0,approved,0
6989,life,life,abbottabad,kpk,50474,61,23,10.2257,0,3,0,approved,0
6990,home,home,hyderabad,sindh,7067,56,21,0.3098,0,5,0,approved,0
6991,damage,auto,sialkot,punjab,17435,56,2,1.798,1,3,0,rejected,1
6992,pet_care,pet,peshawar,kpk,11618,64,23,3.1909,0,3,1,approved,0
6993,life,life,quetta,balochistan,13537,44,15,4.1923,3,7,2,rejected,1
6994,home,home,karachi,sindh,41146,58,24,1.8298,0,5,1,submitted,0
6995,other,auto,hyderabad,sindh,33795,61,30,13.3419,0,4,0,approved,0
6996,accident,auto,mardan,kpk,34828,53,18,1.4834,0,3,1,submitted,0
6997,pet,pet,sialkot,punjab,16214,64,25,2.0916,0,1,3,rejected,1
6998,auto,auto,mardan,kpk,40286,53,4,7.8591,0,6,0,in_review,0
6999,other,others,quetta,balochistan,5000,64,23,1.1006,0,1,0,approved,0
7000,pet_care,pet,faisalabad,punjab,21114,45,1,1.7783,0,4,0,approved,0
7001,pet_care,pet,islamabad,islamabad,21605,45,8,6.2262,0,6,0,approved,0
7002,accident,auto,faisalabad,punjab,59035,53,8,4.6757,0,0,0,approved,0
7003,other,auto,mardan,kpk,132914,53,12,67.4006,0,2,0,approved,0
7004,accident,auto,hyderabad,sindh,194490,58,1,9.1693,0,2,1,submitted,0
7005,damage,auto,sialkot,punjab,5000,61,10,0.6433,0,1,1,approved,0
7006,theft,home,mardan,kpk,50507,44,25,2.7599,0,6,0,submitted,0
7007,medical,life,sukkur,sindh,13895,61,30,0.6431,1,6,0,submitted,0
7008,damage,auto,peshawar,kpk,26450,53,20,14.3438,0,0,1,approved,0
7009,accident,life,sukkur,sindh,50163,64,27,5.5737,2,6,1,approved,0
7010,home,home,karachi,sindh,29305,56,4,1.1888,0,3,2,in_review,1
7011,other,pet,sukkur,sindh,19431,64,5,0.9859,0,5,1,approved,0
7012,life,life,mardan,kpk,82248,44,2,4.0669,0,4,0,submitted,0
7013,medical,life,hyderabad,sindh,38371,64,0,2.3036,0,0,3,rejected,1
7014,pet_care,pet,lahore,punjab,10585,64,19,1.2735,0,2,2,in_review,1
7015,pet,pet,lahore,punjab,8698,45,16,0.4259,0,0,0,approved,0
7016,pet,pet,multan,punjab,40781,56,29,4.9449,2,4,0,submitted,0
7017,home,home,islamabad,islamabad,19173,61,10,0.9055,2,2,2,in_review,0
7018,accident,auto,mardan,kpk,59400,56,3,3.0587,0,5,0,approved,0
7019,medical,life,rawalpindi,punjab,8193,44,19,0.437,2,7,0,approved,0
7020,damage,home,karachi,sindh,20720,53,12,0.9484,2,5,0,approved,0
7021,medical,auto,sialkot,punjab,35894,64,15,2.6721,0,0,0,approved,0
7022,accident,life,faisalabad,punjab,38046,58,19,5.4173,1,1,0,approved,0
7023,home,home,multan,punjab,13402,53,21,3.1713,1,1,0,approved,0
7024,home,home,quetta,balochistan,11487,45,21,1.5419,0,3,2,rejected,1
7025,other,auto,peshawar,kpk,10095,45,1,2.4791,2,5,0,in_review,0
7026,pet_care,pet,mardan,kpk,9915,64,20,0.5557,0,3,0,approved,0
7027,accident,auto,karachi,sindh,19933,45,5,1.0916,1,5,2,in_review,1
7028,other,home,peshawar,kpk,28205,64,26,1.4485,1,1,2,rejected,1
7029,other,pet,hyderabad,sindh,40741,53,8,22.8625,3,8,3,in_review,1
7030,pet,pet,faisalabad,punjab,13765,45,25,0.82,0,2,0,submitted,0
7031,damage,home,rawalpindi,punjab,15413,56,24,1.4451,0,2,0,submitted,0
7032,damage,home,quetta,balochistan,36343,44,22,3.341,0,5,0,submitted,0
7033,life,life,hyderabad,sindh,26327,44,3,1.4881,1,2,0,approved,0
7034,pet_care,pet,quetta,balochistan,7589,58,13,0.3456,0,5,0,approved,0
7035,damage,auto,quetta,balochistan,11467,58,30,0.5461,0,0,1,in_review,1
7036,other,pet,gujranwala,punjab,26858,61,25,1.7002,0,5,0,submitted,0
7037,accident,auto,quetta,balochistan,19797,64,28,0.8707,0,0,1,approved,0
7038,life,life,sialkot,punjab,262108,45,17,15.513,1,2,1,approved,0
7039,pet,pet,karachi,sindh,5000,45,28,0.3562,0,4,2,rejected,1
7040,auto,auto,sialkot,punjab,23618,58,1,3.0785,0,5,0,submitted,0
7041,theft,auto,mardan,kpk,21998,64,16,1.1131,2,3,1,approved,0
7042,auto,auto,peshawar,kpk,28419,45,24,2.2697,2,8,1,submitted,0
7043,medical,life,hyderabad,sindh,46973,64,19,10.2405,0,1,0,rejected,1
7044,theft,home,peshawar,kpk,35535,45,17,2.0529,1,6,1,in_review,0
7045,theft,home,hyderabad,sindh,40108,56,25,1.6102,0,1,0,approved,0
7046,pet,pet,abbottabad,kpk,7750,64,5,1.2168,0,2,0,approved,0
7047,damage,auto,lahore,punjab,23579,61,23,1.1124,0,3,0,approved,0
7048,medical,life,faisalabad,punjab,138741,61,19,15.7571,3,6,2,approved,0
7049,theft,auto,rawalpindi,punjab,18275,44,1,2.7014,1,2,1,approved,0
7050,damage,home,lahore,punjab,10066,56,14,0.8447,3,6,0,rejected,1
7051,medical,auto,karachi,sindh,19334,44,15,0.8222,1,5,0,approved,0
7052,theft,home,hyderabad,sindh,57860,61,13,3.6183,0,1,0,approved,0
7053,damage,auto,sialkot,punjab,43816,64,3,2.6989,0,3,2,rejected,1
7054,auto,auto,quetta,balochistan,27717,45,0,2.4041,1,1,1,submitted,0
7055,auto,auto,multan,punjab,138306,44,22,9.6086,0,0,0,submitted,0
7056,medical,auto,peshawar,kpk,176861,58,27,22.1741,0,5,0,submitted,0
7057,theft,home,peshawar,kpk,19814,64,5,2.4657,0,3,0,submitted,0
7058,auto,auto,sukkur,sindh,32038,56,5,1.592,0,2,0,approved,0
7059,damage,auto,multan,punjab,50244,44,8,4.8465,1,1,1,submitted,0
7060,theft,home,rawalpindi,punjab,58255,58,12,4.8688,2,8,1,approved,0
7061,other,auto,mardan,kpk,14300,61,6,1.0992,2,3,0,approved,0
7062,home,home,hyderabad,sindh,48304,58,21,2.6825,1,4,0,submitted,0
7063,auto,auto,faisalabad,punjab,35426,45,23,3.5744,0,6,0,approved,0
7064,pet_care,pet,sukkur,sindh,18736,56,13,5.0366,0,3,1,submitted,0
7065,accident,auto,faisalabad,punjab,26918,53,21,1.1001,0,3,0,rejected,1
7066,accident,life,lahore,punjab,7470,64,16,4.6893,1,2,0,approved,0
7067,pet_care,pet,sialkot,punjab,6148,53,2,0.471,4,9,0,rejected,1
7068,home,home,peshawar,kpk,9648,64,26,0.5019,2,7,0,submitted,0
7069,other,home,gujranwala,punjab,18096,44,17,1.4861,0,2,0,approved,0
7070,accident,life,islamabad,islamabad,9738,56,10,0.3912,1,3,0,approved,0
7071,pet,pet,mardan,kpk,16998,44,15,0.873,0,1,0,approved,0
7072,theft,home,hyderabad,sindh,11687,64,20,1.0079,0,0,0,rejected,1
7073,pet_care,pet,abbottabad,kpk,5000,56,17,0.3,2,4,0,submitted,0
7074,damage,home,gujranwala,punjab,5000,45,15,0.2096,2,8,1,approved,0
7075,medical,auto,islamabad,islamabad,44270,44,27,1.9494,0,6,0,approved,0
7076,life,life,quetta,balochistan,82067,61,7,8.0128,0,1,0,approved,0
7077,pet,pet,mardan,kpk,23585,44,21,3.7206,0,5,0,approved,0
7078,life,life,hyderabad,sindh,118306,53,17,5.1705,0,1,0,approved,0
7079,accident,auto,sukkur,sindh,38827,64,9,2.2416,3,6,0,rejected,1
7080,other,life,rawalpindi,punjab,88357,53,4,15.5067,0,3,0,approved,0
7081,accident,auto,karachi,sindh,64404,45,19,2.7176,0,5,0,approved,0
7082,theft,home,gujranwala,punjab,34996,61,6,17.7825,0,1,0,submitted,0
7083,life,life,mardan,kpk,26134,64,11,1.3993,1,7,0,approved,0
7084,accident,auto,faisalabad,punjab,35318,61,18,1.6314,0,2,0,approved,0
7085,home,home,rawalpindi,punjab,36892,64,7,2.5139,1,1,2,in_review,1
7086,pet,pet,abbottabad,kpk,13295,64,1,4.2859,0,5,1,approved,0
7087,pet,pet,peshawar,kpk,13478,53,6,0.95,0,2,0,approved,0
7088,pet_care,pet,lahore,punjab,6866,56,1,0.4873,0,4,0,approved,0
7089,pet_care,pet,faisalabad,punjab,18241,64,3,1.0286,0,1,0,submitted,0
7090,pet_care,pet,quetta,balochistan,27285,58,5,2.0243,0,3,0,submitted,0
7091,damage,auto,multan,punjab,5302,64,11,0.8068,0,1,0,approved,0
7092,pet,pet,abbottabad,kpk,11393,56,5,2.2956,0,3,0,approved,0
7093,home,home,rawalpindi,punjab,17982,56,14,2.8106,0,1,1,approved,0
7094,auto,auto,abbottabad,kpk,27723,61,5,12.8051,1,7,0,rejected,1
7095,auto,auto,peshawar,kpk,50579,56,21,5.0936,1,3,0,approved,0
7096,pet_care,pet,peshawar,kpk,11144,64,19,0.4597,1,6,1,approved,0
7097,medical,auto,quetta,balochistan,66473,53,26,4.2486,0,3,3,rejected,1
7098,damage,auto,mardan,kpk,21998,53,29,1.4099,0,3,0,submitted,0
7099,pet,pet,sialkot,punjab,27005,44,5,1.1094,0,0,0,submitted,0
7100,auto,auto,islamabad,islamabad,48524,64,1,2.1941,0,1,1,approved,0
7101,theft,auto,multan,punjab,30733,64,17,4.7202,1,7,1,in_review,1
7102,medical,life,sialkot,punjab,25865,53,0,1.0992,0,5,0,approved,0
7103,life,life,mardan,kpk,13494,64,21,1.5152,1,6,0,submitted,0
7104,pet_care,pet,quetta,balochistan,17677,64,18,1.0433,1,1,0,in_review,0
7105,medical,auto,sialkot,punjab,179262,64,13,16.1891,0,0,0,submitted,0
7106,other,others,lahore,punjab,11500,53,20,2.6919,0,3,0,approved,0
7107,accident,auto,sialkot,punjab,48357,53,1,5.945,1,3,0,submitted,0
7108,other,life,mardan,kpk,71303,64,30,2.8698,0,2,0,approved,0
7109,home,home,mardan,kpk,20820,45,27,6.4359,0,2,0,approved,0
7110,pet_care,pet,lahore,punjab,13845,58,21,0.6968,0,4,3,in_review,1
7111,pet,pet,karachi,sindh,7177,64,6,0.3015,0,1,0,approved,0
7112,pet,pet,abbottabad,kpk,17100,45,26,2.1867,0,4,0,submitted,0
7113,home,home,islamabad,islamabad,18171,45,28,0.9672,0,3,0,approved,0
7114,life,life,rawalpindi,punjab,196390,44,2,25.909,0,2,1,in_review,1
7115,accident,life,faisalabad,punjab,43117,56,1,1.9289,1,2,0,approved,0
7116,auto,auto,sukkur,sindh,45045,61,16,5.024,0,4,0,approved,0
7117,other,others,quetta,balochistan,60343,61,4,6.645,2,7,1,approved,0
7118,damage,auto,quetta,balochistan,12217,53,13,2.4796,0,5,2,in_review,1
7119,pet_care,pet,abbottabad,kpk,5165,45,22,1.0104,0,4,0,submitted,1
7120,medical,life,mardan,kpk,19731,53,0,0.8238,0,5,0,approved,0
7121,accident,life,multan,punjab,50054,64,28,2.7472,0,2,2,rejected,1
7122,home,home,sukkur,sindh,70409,61,4,5.1028,0,2,0,submitted,0
7123,theft,home,gujranwala,punjab,29011,44,4,5.763,0,1,0,submitted,0
7124,medical,life,gujranwala,punjab,33342,61,26,1.6983,4,8,2,rejected,1
7125,accident,life,peshawar,kpk,24242,64,6,13.5733,1,1,0,submitted,0
7126,theft,auto,gujranwala,punjab,5149,53,23,0.4478,2,7,3,in_review,1
7127,auto,auto,karachi,sindh,31431,58,26,4.7457,0,1,0,approved,0
7128,pet_care,pet,hyderabad,sindh,16498,64,13,1.0515,0,0,0,in_review,1
7129,damage,auto,faisalabad,punjab,25431,44,18,1.1987,1,7,2,rejected,1
7130,pet,pet,karachi,sindh,6487,44,1,0.4949,0,6,0,approved,0
7131,other,life,karachi,sindh,16586,45,29,0.793,0,2,0,approved,0
7132,pet,pet,mardan,kpk,5922,45,0,0.3071,0,0,0,in_review,0
7133,theft,home,karachi,sindh,7143,64,25,0.9045,0,4,0,approved,0
7134,damage,home,abbottabad,kpk,22939,45,23,1.5092,1,2,0,approved,0
7135,theft,home,islamabad,islamabad,24914,64,0,1.1412,0,4,2,submitted,1
7136,pet,pet,gujranwala,punjab,13580,45,12,0.5659,0,6,1,approved,0
7137,theft,auto,mardan,kpk,5340,61,3,0.6375,0,1,2,rejected,1
7138,life,life,karachi,sindh,58807,44,9,14.7423,1,5,0,approved,0
7139,pet,pet,gujranwala,punjab,7625,56,3,0.3344,0,0,0,approved,0
7140,theft,auto,gujranwala,punjab,76652,58,19,3.854,1,3,0,submitted,0
7141,accident,auto,quetta,balochistan,104583,53,6,9.93,0,4,0,submitted,0
7142,damage,auto,rawalpindi,punjab,7969,61,24,1.5607,0,3,0,approved,0
7143,home,home,multan,punjab,15046,64,20,1.0744,3,9,1,rejected,1
7144,home,home,peshawar,kpk,27172,53,9,1.231,0,3,1,rejected,1
7145,damage,auto,peshawar,kpk,11591,58,27,2.4412,1,6,1,submitted,0
7146,auto,auto,peshawar,kpk,18759,61,20,7.2992,0,0,0,in_review,0
7147,other,pet,abbottabad,kpk,21396,45,20,0.9758,2,4,0,rejected,1
7148,accident,auto,quetta,balochistan,8099,64,0,1.8127,0,1,0,submitted,0
7149,accident,auto,peshawar,kpk,6202,53,6,0.3429,0,3,0,approved,0
7150,pet_care,pet,lahore,punjab,14680,53,5,1.9973,0,6,0,approved,0
7151,other,others,islamabad,islamabad,50483,64,30,2.9393,0,6,0,approved,0
7152,pet,pet,sialkot,punjab,8783,56,21,2.875,0,3,2,rejected,1
7153,other,pet,hyderabad,sindh,88620,58,19,14.0778,0,3,0,approved,0
7154,life,life,karachi,sindh,84739,44,27,4.4186,1,3,0,approved,0
7155,pet,pet,peshawar,kpk,14393,64,10,1.54,0,1,0,rejected,1
7156,pet_care,pet,lahore,punjab,34813,58,0,4.6486,0,4,0,submitted,0
7157,pet_care,pet,gujranwala,punjab,19085,61,2,1.0814,3,4,1,rejected,1
7158,medical,life,multan,punjab,36517,44,14,1.5618,2,4,2,in_review,1
7159,life,life,rawalpindi,punjab,59114,44,0,6.7053,3,7,1,rejected,1
7160,medical,auto,faisalabad,punjab,36081,45,22,1.7653,4,8,1,approved,0
7161,pet,pet,gujranwala,punjab,6530,45,29,0.7742,1,2,0,approved,0
7162,auto,auto,abbottabad,kpk,68262,61,10,9.2072,3,5,1,rejected,1
7163,life,life,sukkur,sindh,61396,64,1,4.6939,1,2,0,submitted,0
7164,damage,auto,karachi,sindh,6106,44,10,0.2471,0,0,1,approved,0
7165,home,home,islamabad,islamabad,37754,58,20,1.6607,0,6,1,approved,0
7166,home,home,abbottabad,kpk,72439,53,22,3.622,0,0,1,approved,0
7167,medical,life,quetta,balochistan,289802,45,15,22.0348,0,3,0,approved,0
7168,pet_care,pet,faisalabad,punjab,8272,58,30,0.41,0,4,0,approved,0
7169,pet_care,pet,islamabad,islamabad,23262,53,28,1.6103,1,1,0,approved,0
7170,medical,auto,faisalabad,punjab,160487,64,11,42.3672,1,1,0,approved,0
7171,other,life,quetta,balochistan,10835,64,24,0.5029,0,0,0,approved,0
7172,pet_care,pet,gujranwala,punjab,6163,53,11,1.2363,0,2,0,approved,0
7173,auto,auto,karachi,sindh,28428,61,8,1.7019,3,8,1,rejected,1
7174,damage,home,peshawar,kpk,53485,45,4,2.6478,0,1,2,rejected,1
7175,pet,pet,abbottabad,kpk,5000,61,18,0.3984,0,0,0,approved,0
7176,pet,pet,sialkot,punjab,36096,64,23,2.5569,1,6,0,submitted,0
7177,accident,auto,sukkur,sindh,49857,58,24,2.2253,0,5,0,in_review,0
7178,life,life,abbottabad,kpk,20039,44,23,4.1627,0,0,1,approved,0
7179,auto,auto,faisalabad,punjab,10082,45,11,0.478,0,1,0,approved,0
7180,pet,pet,quetta,balochistan,11242,44,15,0.7797,0,6,0,submitted,0
7181,home,home,abbottabad,kpk,24431,45,4,1.4093,1,5,0,approved,0
7182,accident,life,karachi,sindh,18967,45,8,2.5635,2,6,1,approved,0
7183,life,life,gujranwala,punjab,39833,58,19,4.1684,2,3,0,submitted,0
7184,pet,pet,rawalpindi,punjab,9830,64,2,1.1167,1,2,0,approved,0
7185,pet_care,pet,abbottabad,kpk,20631,64,16,1.2961,1,1,1,submitted,1
7186,pet_care,pet,quetta,balochistan,12542,45,12,0.8715,0,6,0,approved,0
7187,medical,life,mardan,kpk,127921,44,27,14.0526,0,5,0,approved,0
7188,other,life,islamabad,islamabad,6512,61,21,0.3533,0,4,0,approved,0
7189,auto,auto,abbottabad,kpk,28029,64,18,1.6067,0,1,1,in_review,0
7190,auto,auto,faisalabad,punjab,78631,45,10,10.7068,1,7,0,approved,0
7191,auto,auto,abbottabad,kpk,52820,64,0,9.7113,2,2,1,approved,0
7192,theft,home,quetta,balochistan,9988,44,11,0.5534,0,6,0,approved,0
7193,auto,auto,hyderabad,sindh,9484,64,4,2.9408,3,7,0,in_review,1
7194,home,home,sukkur,sindh,73145,64,1,23.4815,0,3,0,rejected,1
7195,other,auto,sialkot,punjab,7635,53,27,0.7743,0,1,0,approved,0
7196,home,home,gujranwala,punjab,23521,61,1,1.6494,0,5,1,submitted,0
7197,pet,pet,rawalpindi,punjab,7179,61,5,0.7714,3,8,1,rejected,1
7198,auto,auto,faisalabad,punjab,68475,53,0,3.8082,0,0,0,submitted,0
7199,life,life,hyderabad,sindh,63568,45,26,2.873,0,2,0,rejected,1
7200,pet_care,pet,gujranwala,punjab,18157,58,27,0.8258,3,3,2,in_review,1
7201,home,home,sialkot,punjab,194798,58,0,8.9451,0,0,2,submitted,1
7202,pet_care,pet,rawalpindi,punjab,49490,58,17,2.4034,0,6,0,approved,0
7203,life,life,hyderabad,sindh,128991,45,26,49.6119,0,1,1,approved,0
7204,theft,home,peshawar,kpk,51692,58,6,10.1937,0,6,0,submitted,0
7205,auto,auto,faisalabad,punjab,85114,64,20,3.8737,3,6,2,submitted,0
7206,auto,auto,sukkur,sindh,7270,58,6,0.3776,4,5,2,rejected,1
7207,damage,home,abbottabad,kpk,71235,64,24,6.017,2,8,1,approved,0
7208,other,life,hyderabad,sindh,7599,53,18,0.6957,2,5,2,in_review,1
7209,pet,pet,sialkot,punjab,23210,56,1,0.9539,2,8,0,approved,0
7210,damage,home,islamabad,islamabad,65506,64,8,5.1865,1,1,0,approved,0
7211,life,life,mardan,kpk,57068,64,25,3.0836,0,6,0,approved,0
7212,medical,life,mardan,kpk,43424,61,4,8.6657,0,6,0,submitted,0
7213,pet_care,pet,gujranwala,punjab,11100,45,5,0.4665,0,2,1,in_review,0
7214,life,life,islamabad,islamabad,429663,44,18,17.3685,0,0,0,in_review,1
7215,other,life,sukkur,sindh,9584,61,28,0.7909,4,6,3,submitted,1
7216,life,life,karachi,sindh,90664,56,8,4.2655,1,3,0,in_review,0
7217,medical,auto,hyderabad,sindh,38070,53,24,2.0643,0,2,1,approved,0
7218,accident,auto,peshawar,kpk,42399,64,7,1.8079,0,6,0,approved,0
7219,other,life,karachi,sindh,17280,58,11,2.6063,3,8,0,rejected,1
7220,pet_care,pet,faisalabad,punjab,7880,61,8,2.5836,0,1,0,in_review,0
7221,life,life,quetta,balochistan,45145,64,4,22.0974,1,2,1,approved,0
7222,home,home,rawalpindi,punjab,15013,61,3,0.6826,1,5,2,in_review,1
7223,life,life,lahore,punjab,71884,45,16,13.6974,3,3,2,in_review,0
7224,accident,auto,sialkot,punjab,40599,44,27,2.8519,1,5,0,approved,0
7225,auto,auto,hyderabad,sindh,19377,45,6,1.9354,0,1,0,approved,0
7226,accident,auto,islamabad,islamabad,5472,64,7,0.3256,1,5,0,approved,0
7227,auto,auto,faisalabad,punjab,35200,56,1,2.0727,2,4,1,approved,0
7228,accident,life,abbottabad,kpk,41971,56,19,10.498,3,7,1,rejected,1
7229,home,home,mardan,kpk,25731,64,28,4.0198,0,2,2,rejected,1
7230,home,home,faisalabad,punjab,30406,53,11,19.3792,0,1,2,rejected,1
7231,theft,home,faisalabad,punjab,39356,64,17,7.6139,0,4,0,approved,0
7232,damage,auto,lahore,punjab,31248,61,4,2.9974,1,1,0,submitted,0
7233,pet_care,pet,sukkur,sindh,6298,58,23,2.1263,1,2,0,approved,0
7234,auto,auto,karachi,sindh,8110,53,4,2.8698,0,5,3,submitted,1
7235,damage,home,lahore,punjab,8646,64,25,0.6321,0,4,1,submitted,0
7236,pet,pet,lahore,punjab,5000,44,17,0.4011,2,6,1,approved,0
7237,theft,auto,gujranwala,punjab,20756,44,13,0.8568,1,4,0,approved,0
7238,medical,auto,hyderabad,sindh,25892,56,20,1.0394,4,9,2,in_review,0
7239,other,auto,abbottabad,kpk,11591,58,7,0.5172,1,6,1,in_review,0
7240,home,home,faisalabad,punjab,14645,45,30,0.6826,3,6,3,submitted,1
7241,accident,auto,faisalabad,punjab,22483,45,15,11.7959,1,1,3,rejected,1
7242,home,home,abbottabad,kpk,85269,56,2,10.8678,0,6,0,approved,0
7243,theft,auto,mardan,kpk,7504,44,8,0.3413,1,7,0,rejected,1
7244,pet_care,pet,islamabad,islamabad,11488,53,23,2.8922,0,2,2,in_review,1
7245,life,life,abbottabad,kpk,139717,61,17,7.6419,2,8,2,submitted,0
7246,medical,life,lahore,punjab,235230,45,10,13.6318,1,2,1,approved,0
7247,home,home,sukkur,sindh,11358,61,0,1.6742,1,3,3,rejected,1
7248,medical,life,faisalabad,punjab,47657,64,23,4.6939,0,2,0,submitted,0
7249,pet,pet,mardan,kpk,26477,61,22,1.5154,1,5,3,in_review,1
7250,pet,pet,lahore,punjab,15646,44,11,0.7276,1,4,2,in_review,1
7251,theft,auto,abbottabad,kpk,5303,53,4,0.3144,1,6,3,in_review,1
7252,auto,auto,faisalabad,punjab,15813,53,26,1.0247,0,4,0,submitted,0
7253,accident,life,abbottabad,kpk,20770,53,16,8.7196,4,9,1,in_review,1
7254,accident,auto,peshawar,kpk,7635,53,17,0.387,0,4,0,approved,0
7255,home,home,karachi,sindh,17815,45,28,1.5695,1,2,1,approved,0
7256,damage,auto,rawalpindi,punjab,71239,61,5,3.0655,0,3,0,approved,0
7257,home,home,sukkur,sindh,22723,44,30,1.0994,1,1,0,submitted,0
7258,theft,home,rawalpindi,punjab,16090,58,11,1.9675,1,2,0,in_review,0
7259,home,home,sukkur,sindh,15644,45,20,0.7116,1,3,0,approved,0
7260,home,home,faisalabad,punjab,19131,56,10,0.9448,1,2,0,approved,0
7261,pet,pet,sialkot,punjab,8421,45,22,0.3808,3,4,3,rejected,1
7262,home,home,quetta,balochistan,22937,53,15,0.9415,0,2,1,approved,0
7263,damage,auto,rawalpindi,punjab,7888,61,17,0.9181,3,3,2,submitted,1
7264,pet,pet,multan,punjab,38073,56,2,2.9242,2,5,0,approved,0
7265,damage,auto,quetta,balochistan,5652,44,22,2.213,1,6,1,approved,0
7266,life,life,lahore,punjab,182361,56,1,7.3771,2,8,0,approved,0
7267,pet_care,pet,lahore,punjab,13371,56,6,1.1454,0,0,1,approved,0
7268,life,life,lahore,punjab,30011,53,10,1.8079,0,0,0,submitted,0
7269,auto,auto,faisalabad,punjab,22333,61,29,0.9361,0,6,0,approved,0
7270,medical,auto,faisalabad,punjab,162847,44,26,39.7188,0,2,0,approved,0
7271,pet,pet,lahore,punjab,13579,44,28,0.927,0,6,0,rejected,1
7272,theft,auto,karachi,sindh,17636,45,25,1.4839,0,6,0,approved,0
7273,theft,auto,hyderabad,sindh,18938,53,12,1.284,3,7,2,submitted,1
7274,auto,auto,abbottabad,kpk,18644,64,22,7.7041,1,3,1,approved,0
7275,damage,auto,gujranwala,punjab,11291,44,30,1.2485,0,5,1,approved,0
7276,auto,auto,rawalpindi,punjab,7174,44,25,0.392,0,1,0,approved,0
7277,theft,home,rawalpindi,punjab,37429,45,4,2.2911,3,6,2,submitted,1
7278,life,life,islamabad,islamabad,91857,64,8,4.3217,0,1,0,approved,0
7279,other,others,abbottabad,kpk,47583,58,5,2.5139,1,1,0,submitted,0
7280,accident,auto,abbottabad,kpk,48048,45,16,2.5892,0,2,0,submitted,0
7281,pet,pet,quetta,balochistan,12024,64,30,0.5974,0,0,1,approved,0
7282,life,life,sukkur,sindh,160332,64,11,8.2154,1,5,0,in_review,1
7283,home,home,karachi,sindh,77280,45,0,6.4037,0,1,2,submitted,1
7284,auto,auto,faisalabad,punjab,21891,64,12,1.6702,2,7,2,approved,0
7285,theft,auto,rawalpindi,punjab,10804,44,11,1.3714,2,2,0,rejected,1
7286,pet,pet,lahore,punjab,23129,64,5,11.2277,1,7,0,in_review,0
7287,theft,home,gujranwala,punjab,91956,64,24,6.1129,1,1,2,in_review,1
7288,theft,auto,quetta,balochistan,14474,45,2,0.806,1,7,2,in_review,1
7289,pet_care,pet,islamabad,islamabad,17290,64,28,1.3982,0,3,0,in_review,1
7290,other,others,karachi,sindh,21564,44,16,13.2947,1,1,0,in_review,0
7291,home,home,mardan,kpk,17418,64,0,1.8373,0,2,0,approved,0
7292,auto,auto,karachi,sindh,14411,44,18,0.7253,4,7,1,rejected,1
7293,life,life,peshawar,kpk,18718,44,16,3.2839,0,6,0,approved,0
7294,damage,home,gujranwala,punjab,23062,58,7,12.1635,0,0,1,submitted,0
7295,medical,life,rawalpindi,punjab,11005,53,12,3.253,1,4,0,approved,0
7296,other,home,gujranwala,punjab,10687,53,17,0.7994,0,5,0,approved,0
7297,medical,auto,lahore,punjab,21179,58,23,4.2545,0,4,0,approved,0
7298,pet,pet,gujranwala,punjab,11377,61,8,0.5979,0,5,2,submitted,1
7299,accident,life,islamabad,islamabad,14761,64,0,6.9171,1,3,0,approved,0
7300,life,life,mardan,kpk,45406,53,27,2.6196,1,1,0,approved,0
7301,accident,life,abbottabad,kpk,44221,44,5,23.104,0,3,0,approved,0
7302,pet_care,pet,quetta,balochistan,29095,44,9,3.2303,0,2,0,approved,0
7303,medical,auto,lahore,punjab,192683,64,11,30.7309,0,3,0,submitted,0
7304,home,home,abbottabad,kpk,65724,61,21,4.3405,0,5,0,in_review,1
7305,damage,auto,islamabad,islamabad,43118,45,18,2.563,3,3,2,in_review,1
7306,pet,pet,sialkot,punjab,7699,64,3,1.5441,0,3,0,approved,0
7307,auto,auto,peshawar,kpk,18188,64,6,1.7362,0,1,0,approved,0
7308,pet_care,pet,islamabad,islamabad,25274,64,19,1.2785,0,2,0,submitted,1
7309,pet_care,pet,rawalpindi,punjab,5000,61,12,0.2425,0,0,0,in_review,1
7310,other,life,hyderabad,sindh,5705,44,23,0.8903,3,6,3,rejected,1
7311,damage,auto,abbottabad,kpk,19253,64,22,1.0512,2,8,0,submitted,0
7312,auto,auto,multan,punjab,18179,56,29,1.1564,0,2,1,submitted,0
7313,pet,pet,faisalabad,punjab,8745,56,29,1.5588,1,3,0,approved,0
7314,other,auto,quetta,balochistan,17609,53,3,1.8394,0,1,0,in_review,0
7315,pet,pet,lahore,punjab,5642,44,0,0.3608,0,2,0,approved,0
7316,accident,auto,mardan,kpk,41169,45,26,6.048,0,5,0,approved,0
7317,damage,auto,peshawar,kpk,61489,44,24,5.7024,1,2,2,submitted,1
7318,theft,auto,abbottabad,kpk,15484,64,3,3.6867,0,4,0,submitted,0
7319,pet_care,pet,rawalpindi,punjab,31090,45,12,3.6067,1,4,0,approved,0
7320,damage,auto,peshawar,kpk,47252,64,24,1.9849,0,4,0,approved,0
7321,life,life,gujranwala,punjab,236518,45,28,14.5585,0,3,0,in_review,0
7322,theft,home,gujranwala,punjab,9686,64,16,3.6787,0,2,1,approved,0
7323,life,life,karachi,sindh,15767,53,28,0.921,0,2,0,approved,0
7324,home,home,quetta,balochistan,15004,45,15,4.3227,0,3,0,approved,0
7325,medical,life,hyderabad,sindh,263593,58,13,11.1654,0,6,1,approved,0
7326,accident,auto,peshawar,kpk,21920,64,21,1.1952,0,0,1,approved,0
7327,pet_care,pet,rawalpindi,punjab,7126,45,1,0.5392,1,6,0,in_review,0
7328,accident,auto,abbottabad,kpk,11207,64,10,0.8743,0,3,0,approved,0
7329,other,life,gujranwala,punjab,15502,44,0,0.9543,0,4,0,approved,0
7330,other,home,multan,punjab,21684,61,1,1.7094,0,1,0,approved,0
7331,other,auto,peshawar,kpk,13967,58,23,0.5978,0,3,0,in_review,1
7332,theft,auto,lahore,punjab,5000,53,24,0.7389,0,0,0,approved,0
7333,life,life,hyderabad,sindh,145357,64,2,9.3634,0,1,0,approved,0
7334,auto,auto,sukkur,sindh,43138,56,19,2.9626,0,3,3,rejected,1
7335,theft,auto,hyderabad,sindh,18596,44,27,0.8348,0,6,0,approved,0
7336,auto,auto,islamabad,islamabad,34338,64,8,4.2955,1,3,0,rejected,1
7337,theft,auto,mardan,kpk,36673,64,2,1.9971,0,0,0,in_review,0
7338,theft,home,hyderabad,sindh,6882,64,13,1.3191,2,7,0,approved,0
7339,pet_care,pet,lahore,punjab,25200,61,12,5.4498,1,7,0,approved,0
7340,damage,auto,abbottabad,kpk,5000,44,23,0.3216,1,1,0,approved,0
7341,pet,pet,multan,punjab,13168,56,20,2.3552,0,2,0,approved,0
7342,accident,life,abbottabad,kpk,46029,53,12,9.9372,0,1,0,approved,0
7343,pet,pet,rawalpindi,punjab,6851,45,1,1.3282,0,5,0,approved,0
7344,pet,pet,abbottabad,kpk,12914,44,27,2.4988,3,7,3,rejected,1
7345,life,life,peshawar,kpk,62080,61,23,2.8416,0,0,0,approved,0
7346,other,pet,islamabad,islamabad,6269,45,10,0.4913,1,2,2,in_review,1
7347,other,pet,faisalabad,punjab,17133,44,17,1.8393,1,3,2,in_review,1
7348,pet_care,pet,sialkot,punjab,7728,56,22,0.3901,1,4,0,approved,0
7349,accident,life,islamabad,islamabad,17437,58,12,0.8794,0,2,0,submitted,0
7350,other,life,karachi,sindh,16037,61,26,0.8219,1,2,0,approved,0
7351,other,home,peshawar,kpk,18240,61,9,0.7963,1,2,0,approved,0
7352,home,home,hyderabad,sindh,23424,53,10,5.4793,1,3,0,approved,0
7353,pet,pet,mardan,kpk,20354,58,8,1.3463,1,6,0,approved,0
7354,medical,auto,lahore,punjab,281263,53,13,11.598,0,3,0,approved,0
7355,damage,home,islamabad,islamabad,7564,64,18,0.3571,0,5,0,in_review,0
7356,home,home,quetta,balochistan,15222,64,4,0.9691,0,3,1,submitted,0
7357,pet,pet,karachi,sindh,9788,53,12,2.3757,2,6,2,rejected,1
7358,theft,auto,sukkur,sindh,36236,44,5,1.4553,0,5,0,submitted,0
7359,theft,home,sukkur,sindh,17162,58,30,1.7931,2,8,0,approved,0
7360,accident,auto,karachi,sindh,14379,53,8,2.0597,0,1,3,in_review,1
7361,pet,pet,sialkot,punjab,5000,61,4,0.288,4,5,2,rejected,1
7362,accident,auto,multan,punjab,20515,64,14,1.3209,0,0,0,approved,0
7363,damage,home,quetta,balochistan,22935,58,2,1.9469,0,2,0,approved,0
7364,pet,pet,faisalabad,punjab,10707,45,26,1.0043,1,6,0,approved,0
7365,auto,auto,rawalpindi,punjab,56228,64,8,3.8329,1,4,0,approved,0
7366,auto,auto,islamabad,islamabad,30732,44,10,2.7469,0,5,1,approved,0
7367,accident,auto,lahore,punjab,16967,58,17,0.9133,0,3,0,approved,0
7368,accident,auto,gujranwala,punjab,20317,64,14,1.2673,0,0,0,in_review,0
7369,life,life,multan,punjab,27925,64,29,2.4136,2,5,3,rejected,1
7370,medical,auto,sialkot,punjab,5000,61,10,0.6501,1,3,1,approved,0
7371,pet,pet,sialkot,punjab,5000,61,24,1.7018,0,3,0,approved,0
7372,accident,auto,peshawar,kpk,9492,64,28,1.1307,1,1,0,approved,0
7373,medical,life,gujranwala,punjab,6806,44,22,0.3218,0,0,0,approved,0
7374,life,life,rawalpindi,punjab,165980,64,25,8.4813,0,5,0,approved,0
7375,home,home,karachi,sindh,67185,64,12,3.2369,3,9,3,rejected,1
7376,pet,pet,sialkot,punjab,6929,64,19,1.007,0,0,0,approved,0
7377,life,life,faisalabad,punjab,43264,56,23,3.0642,1,4,0,approved,0
7378,home,home,peshawar,kpk,103609,56,3,4.3535,3,6,3,rejected,1
7379,life,life,sialkot,punjab,319039,58,29,15.6063,0,3,0,approved,0
7380,pet,pet,multan,punjab,5000,53,21,0.8228,0,1,0,approved,0
7381,theft,home,islamabad,islamabad,118182,64,27,6.5085,3,6,0,in_review,1
7382,other,pet,quetta,balochistan,42037,64,6,1.9022,0,0,0,approved,0
7383,home,home,faisalabad,punjab,71824,53,14,12.0632,2,6,1,in_review,0
7384,life,life,gujranwala,punjab,26182,64,19,1.7946,0,6,2,in_review,1
7385,damage,auto,lahore,punjab,21219,58,14,1.0092,0,1,0,approved,0
7386,life,life,islamabad,islamabad,160698,53,16,7.3435,0,2,1,approved,0
7387,damage,auto,sukkur,sindh,26527,44,27,2.8809,0,3,0,approved,0
7388,accident,auto,multan,punjab,21773,58,29,1.2415,0,3,1,submitted,0
7389,damage,auto,sialkot,punjab,6391,58,26,0.565,0,4,0,approved,0
7390,auto,auto,hyderabad,sindh,9979,53,8,1.976,0,6,0,approved,0
7391,other,others,abbottabad,kpk,19599,58,18,0.8441,0,5,0,approved,0
7392,other,auto,mardan,kpk,5000,45,16,0.4366,0,5,0,approved,0
7393,medical,life,sukkur,sindh,47063,58,23,2.4913,0,1,0,rejected,1
7394,life,life,multan,punjab,17675,61,16,1.8621,0,2,1,approved,0
7395,pet,pet,karachi,sindh,6121,53,13,0.6566,0,6,0,submitted,0
7396,pet_care,pet,hyderabad,sindh,29638,64,17,10.3847,1,4,0,approved,0
7397,medical,auto,islamabad,islamabad,8144,64,13,0.3261,1,3,1,approved,0
7398,theft,auto,hyderabad,sindh,20098,45,30,2.655,1,5,0,approved,0
7399,theft,home,faisalabad,punjab,5000,61,22,0.5174,1,2,0,approved,0
7400,damage,home,karachi,sindh,21433,53,7,1.4034,0,1,1,approved,0
7401,other,others,hyderabad,sindh,5000,53,17,0.2126,1,5,1,submitted,0
7402,theft,auto,islamabad,islamabad,20752,53,18,1.2649,0,4,0,approved,0
7403,medical,auto,mardan,kpk,49883,64,18,4.9615,1,3,1,submitted,0
7404,home,home,karachi,sindh,77992,64,16,14.35,2,4,2,in_review,1
7405,theft,home,rawalpindi,punjab,5000,45,28,0.24,0,6,2,rejected,1
7406,damage,auto,sukkur,sindh,47276,45,16,2.4886,0,6,0,in_review,1
7407,home,home,multan,punjab,30799,58,18,1.7367,0,6,0,approved,0
7408,pet,pet,multan,punjab,20510,45,17,0.8372,0,6,0,approved,0
7409,medical,life,islamabad,islamabad,73278,53,24,15.7791,0,3,0,submitted,0
7410,accident,life,hyderabad,sindh,182216,44,7,8.6268,3,8,1,in_review,1
7411,pet,pet,hyderabad,sindh,6767,61,1,0.475,1,2,0,approved,0
7412,other,life,abbottabad,kpk,8542,58,21,0.7658,3,6,2,submitted,1
7413,accident,auto,sukkur,sindh,17611,44,17,0.7294,2,6,0,approved,0
7414,theft,home,quetta,balochistan,26586,53,26,1.8053,0,0,0,rejected,1
7415,medical,life,lahore,punjab,6923,64,2,0.5807,0,3,2,rejected,1
7416,damage,home,quetta,balochistan,5275,56,20,0.5009,0,6,0,approved,0
7417,accident,auto,lahore,punjab,52807,58,14,14.6077,0,4,0,submitted,0
7418,life,life,gujranwala,punjab,129213,45,18,15.2338,3,3,1,in_review,1
7419,accident,life,karachi,sindh,19080,44,15,1.6528,0,5,2,rejected,1
7420,auto,auto,gujranwala,punjab,24001,64,1,0.9641,1,3,0,approved,0
7421,pet_care,pet,multan,punjab,14677,53,8,2.9354,0,5,0,approved,0
7422,theft,auto,lahore,punjab,13649,61,0,0.7981,0,6,1,approved,0
7423,auto,auto,lahore,punjab,51466,64,5,3.4864,1,2,0,rejected,1
7424,life,life,quetta,balochistan,119613,45,15,8.6152,0,2,0,submitted,0
7425,auto,auto,mardan,kpk,9121,58,29,0.4897,0,0,1,approved,0
7426,life,life,multan,punjab,115606,58,6,15.1993,0,6,3,submitted,1
7427,damage,home,mardan,kpk,101636,44,29,4.118,0,1,0,in_review,1
7428,medical,life,sukkur,sindh,13826,61,4,1.7141,0,5,3,rejected,1
7429,pet,pet,abbottabad,kpk,9468,45,5,0.4157,1,2,0,in_review,0
7430,accident,auto,islamabad,islamabad,11920,58,25,0.5345,0,4,1,approved,0
7431,theft,auto,mardan,kpk,21863,44,20,0.8875,0,5,0,approved,0
7432,home,home,gujranwala,punjab,27513,64,3,6.8457,1,2,0,approved,0
7433,other,home,peshawar,kpk,13592,44,10,8.9421,0,5,0,submitted,0
7434,home,home,sialkot,punjab,30671,56,17,4.1042,0,0,0,approved,0
7435,auto,auto,sialkot,punjab,22247,61,6,7.4931,2,3,0,submitted,0
7436,auto,auto,sialkot,punjab,17395,56,29,0.7694,0,2,0,in_review,0
7437,accident,life,hyderabad,sindh,34744,64,13,2.277,0,6,0,approved,0
7438,other,home,peshawar,kpk,15645,61,7,0.7093,0,0,0,approved,0
7439,theft,auto,rawalpindi,punjab,29259,45,10,3.9226,2,7,0,approved,0
7440,theft,auto,gujranwala,punjab,7434,45,24,0.4155,1,1,0,rejected,1
7441,damage,home,mardan,kpk,25504,58,7,1.3092,1,2,0,approved,0
7442,other,home,gujranwala,punjab,25730,61,5,2.4157,0,3,1,approved,0
7443,damage,auto,abbottabad,kpk,11405,64,30,0.5366,0,2,0,approved,0
7444,pet_care,pet,lahore,punjab,19426,53,12,0.7806,0,6,0,approved,0
7445,auto,auto,multan,punjab,10943,61,4,0.7636,1,4,0,approved,0
7446,auto,auto,peshawar,kpk,18741,64,19,0.8701,2,7,3,rejected,1
7447,pet_care,pet,sialkot,punjab,8973,58,12,0.4278,0,4,0,approved,0
7448,home,home,mardan,kpk,45855,61,29,2.565,0,6,0,in_review,0
7449,life,life,faisalabad,punjab,19164,44,18,0.8647,2,5,1,rejected,1
7450,medical,auto,sialkot,punjab,51129,45,7,15.4889,1,1,0,submitted,0
7451,accident,auto,karachi,sindh,20238,64,4,1.1212,2,7,0,approved,0
7452,other,home,sukkur,sindh,25801,61,1,1.668,1,3,0,approved,0
7453,home,home,karachi,sindh,217824,56,6,11.5858,1,1,0,submitted,0
7454,life,life,multan,punjab,59024,45,23,3.7734,4,8,2,in_review,1
7455,home,home,mardan,kpk,280714,44,5,12.005,0,6,0,approved,0
7456,home,home,sialkot,punjab,110312,61,5,18.1226,0,4,0,approved,0
7457,accident,life,sialkot,punjab,27986,53,2,1.7394,0,0,1,approved,0
7458,home,home,hyderabad,sindh,39590,44,4,2.2466,0,4,0,in_review,0
7459,damage,home,mardan,kpk,58006,53,21,4.5538,0,1,0,approved,0
7460,other,life,multan,punjab,41522,44,28,2.1661,0,5,3,in_review,1
7461,home,home,sukkur,sindh,17144,53,15,6.1847,3,7,3,rejected,1
7462,life,life,sukkur,sindh,361198,53,16,14.7584,2,2,0,approved,0
7463,home,home,hyderabad,sindh,67612,64,5,3.196,0,5,0,approved,0
7464,accident,auto,mardan,kpk,98280,64,15,23.0488,0,6,0,in_review,0
7465,life,life,multan,punjab,55403,61,0,26.4075,0,4,0,approved,0
7466,theft,auto,abbottabad,kpk,5000,64,6,0.536,3,3,0,in_review,1
7467,pet_care,pet,sialkot,punjab,11234,64,10,0.6493,0,6,0,in_review,0
7468,damage,home,karachi,sindh,14516,53,4,1.0421,2,8,1,approved,0
7469,other,auto,rawalpindi,punjab,28149,45,14,1.435,0,0,0,approved,0
7470,pet,pet,abbottabad,kpk,5000,53,11,0.9506,1,6,0,approved,0
7471,home,home,islamabad,islamabad,14741,61,17,2.8277,0,3,0,rejected,1
7472,pet,pet,mardan,kpk,10750,53,12,0.4612,0,0,0,approved,0
7473,auto,auto,abbottabad,kpk,36374,56,25,3.8479,2,7,0,approved,0
7474,damage,auto,multan,punjab,39243,64,0,20.885,0,3,0,approved,0
7475,auto,auto,sialkot,punjab,23751,58,4,0.9725,1,4,0,approved,0
7476,home,home,multan,punjab,42007,45,6,1.9111,1,4,0,approved,0
7477,auto,auto,peshawar,kpk,35267,64,4,2.3231,1,6,0,approved,0
7478,other,auto,rawalpindi,punjab,10022,44,2,2.0316,0,6,0,approved,0
7479,life,life,islamabad,islamabad,100132,45,5,44.8419,3,5,1,rejected,1
7480,life,life,quetta,balochistan,196307,61,6,8.3845,0,3,1,approved,0
7481,auto,auto,karachi,sindh,31214,64,13,3.1577,0,0,0,approved,0
7482,accident,auto,gujranwala,punjab,62701,56,30,3.1642,0,1,1,approved,0
7483,medical,auto,rawalpindi,punjab,207880,64,35,13.3111,0,4,0,in_review,1
7484,other,life,peshawar,kpk,31720,56,12,2.8721,1,7,0,approved,0
7485,accident,life,multan,punjab,25579,58,20,1.6682,1,3,0,approved,0
7486,other,home,quetta,balochistan,5589,58,27,1.035,0,6,0,approved,0
7487,accident,life,lahore,punjab,45976,64,24,8.806,0,2,1,approved,0
7488,auto,auto,lahore,punjab,21315,53,20,0.9953,1,6,0,approved,0
7489,pet_care,pet,faisalabad,punjab,9632,64,4,0.5157,0,5,0,in_review,0
7490,medical,life,karachi,sindh,46354,44,18,3.7409,1,1,3,rejected,1
7491,home,home,rawalpindi,punjab,13834,53,27,1.4545,1,2,1,approved,0
7492,auto,auto,quetta,balochistan,36590,61,10,1.5823,0,3,0,submitted,0
7493,accident,auto,sukkur,sindh,44676,45,26,26.4043,1,7,3,in_review,1
7494,home,home,gujranwala,punjab,14234,56,22,2.7378,0,1,0,submitted,0
7495,accident,auto,peshawar,kpk,40222,64,24,2.0361,0,2,2,in_review,1
7496,auto,auto,sialkot,punjab,32357,53,24,2.657,1,4,0,approved,0
7497,pet,pet,lahore,punjab,18219,44,4,0.8395,3,9,3,submitted,1
7498,damage,home,rawalpindi,punjab,10843,53,12,1.826,0,2,0,approved,0
7499,auto,auto,islamabad,islamabad,62482,61,26,3.5922,0,4,0,approved,0
7500,other,auto,hyderabad,sindh,72619,64,14,14.5939,1,3,0,approved,0
7501,accident,auto,rawalpindi,punjab,15611,56,7,2.0014,0,2,0,in_review,0
7502,pet,pet,sialkot,punjab,11228,61,23,0.5204,3,7,2,approved,0
7503,auto,auto,mardan,kpk,17811,53,23,3.4992,2,5,0,approved,0
7504,home,home,karachi,sindh,34566,64,0,3.4112,0,3,0,in_review,1
7505,damage,home,multan,punjab,5359,45,14,0.2228,4,10,3,submitted,1
7506,other,auto,multan,punjab,58045,53,6,3.3737,0,6,0,approved,0
7507,auto,auto,mardan,kpk,27310,56,3,3.5031,0,1,0,submitted,0
7508,home,home,multan,punjab,27091,61,13,1.3571,0,6,0,approved,0
7509,accident,auto,faisalabad,punjab,12628,58,2,0.8405,0,5,3,in_review,0
7510,accident,auto,islamabad,islamabad,30503,45,2,4.2489,3,9,0,rejected,1
7511,damage,auto,karachi,sindh,9567,53,2,0.3908,1,7,0,in_review,0
7512,auto,auto,lahore,punjab,27102,61,18,3.6423,1,7,0,approved,0
7513,pet_care,pet,faisalabad,punjab,6955,56,2,0.9153,3,8,2,submitted,1
7514,theft,home,quetta,balochistan,11537,61,28,1.995,2,7,0,submitted,0
7515,auto,auto,gujranwala,punjab,13808,45,8,1.9239,0,5,1,approved,0
7516,pet,pet,rawalpindi,punjab,7421,58,14,0.3738,3,6,3,rejected,1
7517,life,life,quetta,balochistan,40580,64,30,2.9129,0,2,0,approved,0
7518,damage,auto,rawalpindi,punjab,55524,44,20,2.9934,0,0,0,in_review,0
7519,theft,auto,lahore,punjab,8289,45,18,0.8794,0,2,0,approved,0
7520,accident,auto,abbottabad,kpk,15541,64,14,2.0312,2,8,1,rejected,1
7521,life,life,peshawar,kpk,24115,64,18,1.2897,0,1,1,submitted,1
7522,home,home,sialkot,punjab,84335,44,9,4.7739,3,3,3,submitted,1
7523,life,life,hyderabad,sindh,111630,53,13,16.1362,1,4,0,approved,0
7524,other,auto,lahore,punjab,6589,44,25,0.5936,1,7,0,rejected,1
7525,accident,life,peshawar,kpk,48922,44,26,5.9049,0,3,0,approved,0
7526,accident,auto,islamabad,islamabad,22904,58,1,2.4431,0,4,0,approved,0
7527,accident,auto,faisalabad,punjab,103032,58,20,16.5673,0,2,1,approved,0
7528,pet,pet,quetta,balochistan,6080,64,16,0.4529,0,2,0,approved,0
7529,home,home,quetta,balochistan,16535,56,3,3.0677,0,1,1,submitted,0
7530,damage,home,peshawar,kpk,41126,61,12,11.7436,1,1,0,approved,0
7531,theft,auto,karachi,sindh,32813,61,2,1.612,0,3,2,submitted,1
7532,theft,auto,sialkot,punjab,9574,58,22,0.42,2,2,0,in_review,0
7533,home,home,faisalabad,punjab,44290,53,26,2.2585,0,3,0,approved,0
7534,medical,auto,peshawar,kpk,28459,44,26,1.4639,2,8,1,approved,0
7535,medical,auto,sukkur,sindh,81925,45,22,5.3012,2,5,1,approved,0
7536,theft,auto,peshawar,kpk,23500,53,17,3.2876,0,5,0,approved,0
7537,damage,auto,multan,punjab,32044,56,28,1.6946,0,5,1,approved,0
7538,pet_care,pet,abbottabad,kpk,9124,61,10,0.8201,4,8,0,rejected,1
7539,auto,auto,hyderabad,sindh,21646,61,28,1.0652,0,4,0,approved,0
7540,auto,auto,rawalpindi,punjab,38085,58,4,3.5156,1,2,0,in_review,0
7541,medical,life,islamabad,islamabad,14036,61,30,1.3326,3,4,1,approved,0
7542,medical,auto,abbottabad,kpk,74721,61,6,6.8798,4,9,0,rejected,1
7543,medical,life,quetta,balochistan,18691,64,4,1.0402,0,4,0,approved,0
7544,damage,auto,rawalpindi,punjab,25396,64,2,3.7353,0,0,1,in_review,1
7545,other,home,mardan,kpk,65925,44,14,3.1139,0,6,0,approved,0
7546,theft,home,faisalabad,punjab,29355,56,15,1.7845,0,1,0,submitted,0
7547,life,life,abbottabad,kpk,47443,61,1,2.6239,3,5,1,approved,0
7548,pet_care,pet,rawalpindi,punjab,7273,44,13,0.4108,0,0,0,approved,0
7549,accident,life,quetta,balochistan,40405,53,1,10.7862,1,4,0,approved,0
7550,pet,pet,rawalpindi,punjab,17705,61,27,0.8573,1,2,0,in_review,0
7551,damage,auto,mardan,kpk,203413,44,28,15.1191,1,6,1,submitted,0
7552,home,home,gujranwala,punjab,28149,53,27,9.8149,0,3,0,approved,0
7553,medical,auto,quetta,balochistan,37953,58,19,3.7366,1,3,0,in_review,0
7554,pet,pet,faisalabad,punjab,19225,64,0,0.7709,1,5,0,approved,0
7555,home,home,lahore,punjab,55874,44,21,3.4026,1,1,0,in_review,0
7556,other,others,islamabad,islamabad,51458,64,2,7.5143,1,5,0,approved,0
7557,theft,auto,peshawar,kpk,55166,45,16,6.249,0,3,0,approved,0
7558,home,home,multan,punjab,15301,58,18,0.9315,1,7,3,rejected,1
7559,pet_care,pet,faisalabad,punjab,23440,64,23,1.0642,2,2,3,submitted,1
7560,auto,auto,lahore,punjab,10242,53,20,1.6586,0,6,0,approved,0
7561,pet_care,pet,rawalpindi,punjab,10157,44,20,0.5419,0,2,0,in_review,0
7562,theft,home,abbottabad,kpk,95145,64,2,17.3717,1,1,0,approved,0
7563,pet,pet,islamabad,islamabad,12356,45,9,0.8973,4,10,1,rejected,1
7564,damage,auto,faisalabad,punjab,32686,58,3,4.0991,0,2,0,rejected,1
7565,other,life,rawalpindi,punjab,31211,45,25,2.1316,1,7,0,approved,0
7566,home,home,lahore,punjab,38066,64,23,2.8866,0,2,1,submitted,1
7567,pet_care,pet,hyderabad,sindh,13184,64,1,0.7086,4,10,3,in_review,1
7568,life,life,sialkot,punjab,42550,44,9,5.4586,1,5,0,approved,0
7569,other,pet,sukkur,sindh,11254,56,20,0.796,0,1,1,approved,0
7570,life,life,sialkot,punjab,32792,61,30,8.0788,0,1,2,rejected,1
7571,theft,auto,rawalpindi,punjab,5735,44,25,0.2387,0,3,1,approved,0
7572,life,life,lahore,punjab,20034,53,23,12.6557,1,5,0,approved,0
7573,auto,auto,quetta,balochistan,23520,64,29,4.0095,1,5,2,rejected,1
7574,life,life,islamabad,islamabad,16550,44,17,5.5148,0,3,0,in_review,0
7575,pet_care,pet,hyderabad,sindh,16149,64,26,1.3869,2,6,1,submitted,0
7576,pet_care,pet,rawalpindi,punjab,5000,61,27,1.8636,0,5,0,in_review,1
7577,pet,pet,sialkot,punjab,9834,44,6,0.629,3,5,2,rejected,1
7578,life,life,quetta,balochistan,48866,58,9,1.9958,1,4,0,approved,0
7579,accident,auto,lahore,punjab,16083,44,25,9.1433,0,5,3,in_review,1
7580,pet,pet,faisalabad,punjab,7572,64,25,0.9892,0,0,0,submitted,0
7581,accident,auto,gujranwala,punjab,17281,44,5,1.848,0,6,0,rejected,1
7582,life,life,rawalpindi,punjab,19088,64,12,1.691,1,3,0,approved,0
7583,theft,home,mardan,kpk,5000,58,7,0.4243,2,7,0,approved,0
7584,accident,auto,rawalpindi,punjab,118921,53,14,11.2073,0,3,0,approved,0
7585,pet_care,pet,sukkur,sindh,18252,44,15,8.5811,2,2,3,rejected,1
7586,pet,pet,mardan,kpk,17717,64,15,0.9881,0,3,0,approved,0
7587,life,life,peshawar,kpk,91644,58,6,22.0616,0,6,0,approved,0
7588,medical,auto,sialkot,punjab,134818,56,13,65.9902,1,5,0,approved,0
7589,life,life,multan,punjab,105219,64,0,11.483,0,2,0,approved,0
7590,other,others,gujranwala,punjab,19785,64,17,3.4053,0,0,0,approved,0
7591,life,life,gujranwala,punjab,149242,64,17,12.1424,1,3,1,approved,0
7592,other,pet,lahore,punjab,13741,64,30,3.1867,1,7,1,approved,0
7593,auto,auto,mardan,kpk,10628,45,9,0.6548,0,6,0,approved,0
7594,medical,auto,rawalpindi,punjab,10024,58,1,1.1111,2,2,1,approved,0
7595,damage,home,multan,punjab,5000,44,14,0.619,3,4,3,in_review,1
7596,damage,home,peshawar,kpk,67603,61,0,3.6128,0,4,0,approved,0
7597,damage,auto,rawalpindi,punjab,21936,61,9,2.9279,0,4,0,in_review,0
7598,damage,auto,hyderabad,sindh,93690,58,16,7.3696,0,1,0,approved,0
7599,medical,auto,hyderabad,sindh,51079,44,16,2.4069,1,3,1,approved,0
7600,home,home,sukkur,sindh,71514,64,4,3.2027,0,5,0,approved,0
7601,damage,home,lahore,punjab,87922,45,18,5.1576,1,5,0,approved,0
7602,accident,auto,abbottabad,kpk,47667,53,11,5.3922,0,2,0,approved,0
7603,damage,auto,sukkur,sindh,28211,53,10,3.9484,0,6,1,approved,0
7604,pet,pet,hyderabad,sindh,43012,61,30,10.9809,1,2,0,approved,0
7605,auto,auto,multan,punjab,27937,44,7,5.4394,0,2,0,submitted,0
7606,accident,auto,islamabad,islamabad,26701,44,6,1.5088,0,3,0,submitted,0
7607,other,life,quetta,balochistan,16765,64,18,1.4049,0,3,0,approved,0
7608,accident,life,karachi,sindh,19345,53,22,2.0806,0,1,0,approved,0
7609,other,pet,sukkur,sindh,5046,64,10,0.3741,3,9,3,rejected,1
7610,life,life,quetta,balochistan,60402,64,12,5.6614,1,4,1,in_review,0
7611,damage,auto,mardan,kpk,38791,56,30,3.8586,0,4,0,submitted,0
7612,accident,life,karachi,sindh,59501,44,1,3.0726,1,5,0,in_review,0
7613,pet_care,pet,islamabad,islamabad,11436,58,15,1.1149,0,3,0,approved,0
7614,pet,pet,faisalabad,punjab,6656,58,21,0.2782,0,3,0,rejected,1
7615,other,auto,peshawar,kpk,8338,53,23,0.6273,0,1,0,approved,0
7616,life,life,lahore,punjab,9420,53,15,0.5961,1,2,1,approved,0
7617,other,home,gujranwala,punjab,81077,64,9,15.9349,0,5,0,approved,0
7618,other,pet,hyderabad,sindh,14761,45,27,0.9216,2,7,0,approved,0
7619,accident,auto,karachi,sindh,44219,64,4,3.9215,0,1,0,submitted,0
7620,other,life,karachi,sindh,15731,64,11,1.4349,0,0,0,approved,0
7621,auto,auto,islamabad,islamabad,12615,44,23,0.9175,4,4,3,in_review,1
7622,damage,auto,gujranwala,punjab,32757,44,4,2.8366,0,1,0,approved,0
7623,auto,auto,sukkur,sindh,26641,44,25,1.1477,1,6,1,approved,0
7624,theft,home,islamabad,islamabad,51197,53,13,8.0957,0,1,3,in_review,1
7625,other,others,rawalpindi,punjab,28341,64,7,1.256,1,3,0,approved,0
7626,auto,auto,lahore,punjab,24381,61,11,1.3506,1,3,0,approved,0
7627,other,pet,mardan,kpk,13905,45,25,1.2925,2,8,0,approved,0
7628,damage,home,sukkur,sindh,6262,58,13,0.6641,1,2,1,approved,0
7629,pet,pet,sukkur,sindh,34641,61,9,1.555,0,5,0,approved,0
7630,damage,home,karachi,sindh,91367,58,30,9.2187,0,1,0,in_review,0
7631,other,others,karachi,sindh,27775,44,18,4.9325,0,1,0,approved,0
7632,theft,auto,rawalpindi,punjab,43442,45,15,5.2346,0,4,0,approved,0
7633,accident,life,mardan,kpk,49967,58,4,4.6602,1,5,0,submitted,1
7634,pet,pet,mardan,kpk,5095,64,7,0.2459,0,0,0,submitted,0
7635,damage,auto,sialkot,punjab,20756,56,15,1.9552,0,4,0,approved,0
7636,home,home,peshawar,kpk,62308,64,0,3.972,1,7,0,approved,0
7637,life,life,abbottabad,kpk,127258,45,18,11.1405,0,1,0,rejected,1
7638,damage,auto,peshawar,kpk,57318,53,20,11.5934,3,7,2,rejected,1
7639,theft,auto,faisalabad,punjab,29960,44,28,1.301,1,3,1,approved,0
7640,accident,life,faisalabad,punjab,13033,56,28,1.0873,2,8,1,in_review,0
7641,auto,auto,sialkot,punjab,31210,45,26,1.9255,3,4,0,rejected,1
7642,pet,pet,faisalabad,punjab,7918,64,18,0.7645,0,2,0,rejected,1
7643,life,life,quetta,balochistan,67159,44,20,12.3818,2,2,2,rejected,1
7644,home,home,rawalpindi,punjab,79971,45,23,13.3152,0,6,0,approved,0
7645,pet_care,pet,mardan,kpk,21801,56,0,2.8833,0,1,0,rejected,1
7646,pet,pet,mardan,kpk,25076,64,21,2.5043,0,3,1,in_review,0
7647,life,life,gujranwala,punjab,89028,45,2,11.6073,1,6,2,rejected,1
7648,medical,auto,karachi,sindh,13727,64,29,1.0068,0,2,0,approved,0
7649,auto,auto,faisalabad,punjab,45073,64,23,2.3052,0,4,0,approved,0
7650,home,home,sukkur,sindh,11268,64,20,2.488,0,2,2,rejected,1
7651,auto,auto,multan,punjab,44857,64,5,15.0628,0,3,0,approved,0
7652,other,others,hyderabad,sindh,87873,61,23,7.4601,0,3,0,approved,0
7653,home,home,lahore,punjab,132220,64,24,12.8344,0,3,1,approved,0
7654,auto,auto,rawalpindi,punjab,15759,58,20,1.0221,0,5,0,submitted,0
7655,other,others,sialkot,punjab,56130,58,12,2.5504,1,7,0,submitted,0
7656,auto,auto,peshawar,kpk,153159,58,24,10.6494,0,5,1,approved,0
7657,pet,pet,mardan,kpk,9190,45,22,1.3086,3,4,2,rejected,1
7658,life,life,peshawar,kpk,423005,64,32,41.4833,0,1,1,rejected,1
7659,other,home,karachi,sindh,17332,61,3,2.7986,0,0,3,rejected,1
7660,theft,home,abbottabad,kpk,10519,61,4,0.6265,0,5,1,in_review,0
7661,pet_care,pet,hyderabad,sindh,14126,64,29,0.6864,1,2,3,in_review,1
7662,auto,auto,peshawar,kpk,10653,58,0,1.5044,0,0,0,submitted,0
7663,pet,pet,faisalabad,punjab,9374,64,22,1.391,2,8,1,approved,0
7664,life,life,multan,punjab,236190,58,23,20.3665,2,7,1,submitted,0
7665,other,life,sialkot,punjab,15712,64,23,2.5606,0,6,0,approved,0
7666,other,home,gujranwala,punjab,46353,58,8,6.9693,3,7,3,rejected,1
7667,pet_care,pet,quetta,balochistan,14308,45,5,0.8882,1,3,1,in_review,1
7668,pet_care,pet,sukkur,sindh,9294,64,16,1.54,2,4,0,submitted,0
7669,pet,pet,gujranwala,punjab,11132,61,0,0.5715,1,6,1,submitted,0
7670,theft,auto,karachi,sindh,45468,61,5,3.5271,2,6,2,rejected,1
7671,life,life,sukkur,sindh,10825,56,3,2.496,0,3,0,approved,0
7672,theft,auto,karachi,sindh,6519,58,21,0.2744,1,3,3,in_review,1
7673,pet_care,pet,multan,punjab,5000,44,16,1.06,0,6,0,in_review,0
7674,pet,pet,sukkur,sindh,10504,45,17,0.659,0,6,0,submitted,0
7675,home,home,faisalabad,punjab,28723,56,16,11.185,1,7,0,submitted,0
7676,auto,auto,gujranwala,punjab,90625,58,25,4.1842,2,3,0,approved,0
7677,auto,auto,multan,punjab,8136,45,6,4.3625,1,3,0,approved,0
7678,home,home,islamabad,islamabad,32274,53,0,3.7889,0,6,0,approved,0
7679,life,life,faisalabad,punjab,35221,53,10,3.4962,0,0,1,approved,0
7680,auto,auto,hyderabad,sindh,15331,64,11,1.6395,0,6,0,approved,0
7681,life,life,karachi,sindh,119700,53,14,10.4908,0,0,0,submitted,0
7682,theft,home,islamabad,islamabad,7217,58,3,0.4629,2,5,2,in_review,1
7683,pet_care,pet,mardan,kpk,5000,61,26,0.6128,2,2,0,approved,0
7684,home,home,faisalabad,punjab,46812,58,26,3.9877,1,1,0,approved,0
7685,home,home,hyderabad,sindh,62196,58,29,3.7699,1,3,0,submitted,0
7686,theft,home,mardan,kpk,28185,58,8,4.1038,0,5,0,in_review,0
7687,pet_care,pet,islamabad,islamabad,5114,64,19,0.2824,1,6,1,approved,0
7688,auto,auto,lahore,punjab,22167,44,26,1.6515,0,4,0,approved,0
7689,theft,home,hyderabad,sindh,50153,45,17,2.7525,2,3,1,submitted,0
7690,life,life,sialkot,punjab,42249,64,1,2.7479,0,0,0,approved,0
7691,accident,auto,multan,punjab,41576,56,26,4.3462,0,4,0,submitted,0
7692,medical,auto,sukkur,sindh,90935,45,16,6.7414,1,7,0,submitted,0
7693,auto,auto,gujranwala,punjab,24007,44,18,1.1947,1,4,1,submitted,0
7694,accident,auto,hyderabad,sindh,78659,45,2,22.6552,0,2,0,approved,0
7695,home,home,karachi,sindh,28324,56,6,3.9487,1,6,0,approved,0
7696,auto,auto,hyderabad,sindh,86128,64,5,6.3572,2,2,1,approved,0
7697,other,home,sukkur,sindh,35690,64,2,1.6696,2,6,2,rejected,1
7698,theft,auto,faisalabad,punjab,10875,45,14,6.6554,2,8,3,rejected,1
7699,auto,auto,mardan,kpk,12671,64,21,0.7824,0,0,0,approved,0
7700,auto,auto,islamabad,islamabad,13267,58,9,1.0506,0,1,0,approved,0
7701,auto,auto,faisalabad,punjab,24493,45,3,1.0023,1,7,1,approved,0
7702,damage,home,gujranwala,punjab,33924,45,17,1.7477,1,3,0,submitted,0
7703,life,life,islamabad,islamabad,19566,56,15,4.9136,0,2,0,approved,0
7704,life,life,peshawar,kpk,36615,44,19,6.0401,0,4,0,submitted,0
7705,pet,pet,sukkur,sindh,5753,53,11,0.4885,1,7,2,rejected,1
7706,pet,pet,quetta,balochistan,6788,61,20,0.4876,0,6,0,approved,0
7707,home,home,mardan,kpk,24794,44,2,1.7734,0,6,0,approved,0
7708,damage,auto,sukkur,sindh,150733,58,22,43.9711,0,4,0,in_review,0
7709,medical,auto,islamabad,islamabad,64806,45,27,5.8039,0,3,1,approved,0
7710,medical,auto,karachi,sindh,314194,61,11,53.4525,1,4,2,in_review,0
7711,home,home,islamabad,islamabad,24365,53,7,1.902,1,7,1,approved,0
7712,home,home,lahore,punjab,210188,61,7,9.4624,1,4,2,rejected,1
7713,medical,life,hyderabad,sindh,23205,53,19,2.1219,0,2,0,approved,0
7714,accident,life,multan,punjab,25699,45,17,1.3532,0,4,0,approved,0
7715,life,life,sialkot,punjab,352148,64,30,59.6255,1,3,0,submitted,0
7716,theft,auto,hyderabad,sindh,72729,61,0,7.4388,0,0,0,in_review,0
7717,other,life,peshawar,kpk,14535,64,25,1.6231,0,3,0,approved,0
7718,pet_care,pet,karachi,sindh,25671,64,27,1.0833,0,2,0,approved,0
7719,accident,auto,islamabad,islamabad,21978,44,2,1.3072,1,4,0,rejected,1
7720,theft,auto,gujranwala,punjab,72340,53,27,3.5586,0,3,0,approved,0
7721,pet,pet,hyderabad,sindh,28298,64,14,8.5312,0,6,0,approved,0
7722,auto,auto,peshawar,kpk,55794,44,23,2.2941,1,1,0,approved,0
7723,accident,auto,islamabad,islamabad,15173,45,27,0.6759,0,0,3,submitted,1
7724,damage,home,multan,punjab,30011,53,11,2.2104,1,7,0,approved,0
7725,damage,auto,quetta,balochistan,13293,44,29,0.7271,0,3,0,approved,0
7726,pet_care,pet,quetta,balochistan,8505,64,9,0.5595,0,6,0,approved,0
7727,theft,home,peshawar,kpk,5000,44,2,3.0395,0,2,0,approved,0
7728,accident,auto,lahore,punjab,37306,44,12,1.5826,1,4,1,approved,0
7729,home,home,peshawar,kpk,121975,61,28,5.6651,0,1,1,approved,0
7730,theft,home,lahore,punjab,6992,58,2,0.6364,2,6,0,approved,0
7731,medical,auto,mardan,kpk,56644,64,17,13.2439,0,1,0,approved,0
7732,home,home,faisalabad,punjab,32202,53,9,1.3543,0,2,0,approved,0
7733,medical,life,hyderabad,sindh,68171,56,21,3.2231,0,2,0,submitted,0
7734,auto,auto,islamabad,islamabad,6649,56,4,0.3425,0,0,1,approved,0
7735,auto,auto,karachi,sindh,19170,45,22,0.8092,1,2,1,approved,0
7736,life,life,lahore,punjab,99847,64,12,5.1825,1,2,3,rejected,1
7737,pet,pet,islamabad,islamabad,20777,45,23,1.5899,1,5,1,approved,0
7738,pet_care,pet,karachi,sindh,12930,61,22,1.1179,0,3,1,rejected,1
7739,accident,life,sukkur,sindh,75834,44,3,8.6263,0,2,0,approved,0
7740,damage,auto,multan,punjab,24717,64,28,1.6889,1,5,0,approved,0
7741,accident,auto,quetta,balochistan,50565,53,10,4.8434,0,5,0,approved,0
7742,auto,auto,gujranwala,punjab,10104,56,23,0.7225,0,5,2,rejected,1
7743,theft,home,lahore,punjab,7622,44,8,1.179,2,2,0,approved,0
7744,other,pet,abbottabad,kpk,20468,53,19,5.7656,0,4,1,approved,0
7745,damage,auto,islamabad,islamabad,79618,64,14,21.5533,0,5,0,approved,0
7746,auto,auto,sialkot,punjab,14076,45,6,2.9071,1,4,0,approved,0
7747,damage,auto,multan,punjab,50995,64,18,2.0402,1,3,0,approved,0
7748,damage,auto,faisalabad,punjab,23938,56,14,2.2991,0,0,0,approved,0
7749,damage,home,quetta,balochistan,10614,44,7,0.4377,1,7,0,rejected,1
7750,pet,pet,faisalabad,punjab,7233,53,6,0.348,0,0,0,approved,0
7751,accident,auto,lahore,punjab,49059,58,24,7.1902,1,3,0,approved,0
7752,theft,home,lahore,punjab,5000,45,25,0.2413,0,0,0,approved,0
7753,theft,home,faisalabad,punjab,14740,61,15,0.6752,0,2,0,rejected,1
7754,medical,auto,mardan,kpk,58235,45,8,7.8262,4,5,2,rejected,1
7755,medical,life,hyderabad,sindh,60032,53,28,2.9073,0,6,1,approved,0
7756,pet,pet,sukkur,sindh,5076,61,11,0.2571,3,8,1,rejected,1
7757,other,auto,abbottabad,kpk,9616,56,16,2.5114,1,6,3,in_review,1
7758,pet,pet,gujranwala,punjab,22167,44,20,1.2695,1,3,1,submitted,0
7759,medical,auto,quetta,balochistan,12560,44,27,0.8653,0,6,0,approved,0
7760,accident,life,sukkur,sindh,40961,56,4,1.9902,0,3,0,submitted,0
7761,accident,life,islamabad,islamabad,13925,44,9,0.587,0,0,0,approved,0
7762,other,home,peshawar,kpk,20438,61,21,5.8899,4,9,0,in_review,1
7763,damage,auto,islamabad,islamabad,19557,61,19,9.0083,0,0,0,in_review,0
7764,pet_care,pet,sialkot,punjab,16797,58,13,4.6542,0,3,3,rejected,1
7765,medical,life,multan,punjab,86514,53,6,20.1711,1,2,1,approved,0
7766,auto,auto,peshawar,kpk,26318,56,30,3.3732,2,6,3,rejected,1
7767,theft,auto,sialkot,punjab,5000,56,20,0.2073,0,0,1,approved,0
7768,damage,home,gujranwala,punjab,70036,44,8,6.0464,1,5,1,approved,0
7769,auto,auto,rawalpindi,punjab,25986,45,7,3.7149,3,3,0,submitted,1
7770,home,home,karachi,sindh,11109,58,15,1.0083,0,0,0,rejected,1
7771,pet,pet,gujranwala,punjab,11586,64,4,0.8807,0,0,0,approved,0
7772,damage,home,gujranwala,punjab,28880,61,6,4.2154,0,0,0,submitted,1
7773,life,life,abbottabad,kpk,67069,45,29,5.2484,0,3,0,submitted,0
7774,theft,auto,hyderabad,sindh,38742,44,16,5.1287,4,4,3,in_review,1
7775,life,life,sialkot,punjab,24233,64,6,2.2829,0,6,0,approved,0
7776,pet,pet,hyderabad,sindh,11017,64,26,0.7403,0,5,0,approved,0
7777,accident,auto,quetta,balochistan,44630,58,28,2.1095,0,2,2,rejected,1
7778,life,life,hyderabad,sindh,41507,56,9,4.4105,0,0,1,approved,0
7779,auto,auto,sialkot,punjab,44955,45,18,17.6294,1,4,0,approved,0
7780,life,life,lahore,punjab,113478,58,7,52.658,1,2,0,in_review,0
7781,other,life,gujranwala,punjab,9598,64,4,0.4041,1,3,0,approved,0
7782,other,auto,rawalpindi,punjab,34123,64,21,1.8747,1,1,2,rejected,1
7783,pet_care,pet,lahore,punjab,9349,58,7,0.6222,2,2,0,approved,0
7784,pet,pet,mardan,kpk,10428,53,4,0.6897,0,4,0,approved,0
7785,accident,life,sialkot,punjab,46975,58,23,20.7578,0,3,1,submitted,1
7786,other,home,rawalpindi,punjab,23517,45,28,1.0855,0,5,1,rejected,1
7787,pet_care,pet,faisalabad,punjab,18031,61,5,0.9056,2,2,0,approved,0
7788,theft,auto,karachi,sindh,5000,64,6,0.2576,1,2,0,in_review,0
7789,other,auto,islamabad,islamabad,18036,64,4,1.0227,0,4,0,in_review,0
7790,medical,auto,islamabad,islamabad,18244,44,26,4.0167,0,4,0,submitted,0
7791,theft,home,rawalpindi,punjab,11607,64,10,1.2079,0,1,0,submitted,0
7792,other,auto,quetta,balochistan,5000,45,29,0.3038,1,1,0,approved,0
7793,accident,life,peshawar,kpk,12291,44,9,0.5948,0,3,0,approved,0
7794,auto,auto,sukkur,sindh,52496,61,2,3.446,0,2,0,approved,0
7795,pet_care,pet,sukkur,sindh,6506,61,21,1.8712,0,5,2,rejected,1
7796,accident,life,multan,punjab,31162,58,15,1.354,0,1,3,in_review,1
7797,other,home,abbottabad,kpk,17023,64,16,1.4826,0,6,0,approved,0
7798,pet,pet,peshawar,kpk,19078,53,7,0.8344,0,0,1,approved,0
7799,pet,pet,mardan,kpk,13073,53,30,5.1489,4,6,1,submitted,1
7800,home,home,karachi,sindh,43859,53,27,2.4495,0,0,0,rejected,1
7801,pet,pet,karachi,sindh,6046,61,17,0.3688,1,5,1,approved,0
7802,life,life,mardan,kpk,16236,53,4,2.0744,1,7,0,approved,0
7803,life,life,rawalpindi,punjab,538186,53,9,31.23,0,6,0,approved,0
7804,accident,life,sialkot,punjab,56238,45,17,2.385,1,3,1,submitted,0
7805,life,life,mardan,kpk,34533,45,1,1.622,0,1,1,in_review,1
7806,medical,life,peshawar,kpk,81083,64,27,13.0927,0,1,0,submitted,0
7807,damage,home,rawalpindi,punjab,42296,61,13,2.6096,1,2,1,approved,0
7808,accident,life,abbottabad,kpk,25776,64,2,2.5781,2,2,0,rejected,1
7809,other,others,islamabad,islamabad,15415,64,7,0.6799,4,8,3,rejected,1
7810,pet_care,pet,islamabad,islamabad,5853,61,22,0.3876,0,3,1,submitted,0
7811,life,life,faisalabad,punjab,23500,56,5,1.4566,0,6,0,approved,0
7812,accident,auto,abbottabad,kpk,91739,44,0,7.5824,0,2,1,submitted,0
7813,theft,auto,karachi,sindh,68057,64,29,3.404,0,3,0,approved,0
7814,other,auto,multan,punjab,25915,64,6,2.919,0,3,0,approved,0
7815,other,home,lahore,punjab,7411,44,24,0.5374,0,1,0,approved,0
7816,theft,auto,islamabad,islamabad,61915,58,16,6.6532,0,1,0,approved,0
7817,medical,auto,gujranwala,punjab,63172,64,4,3.4238,1,3,0,submitted,0
7818,home,home,quetta,balochistan,99124,64,29,4.106,4,5,0,submitted,1
7819,auto,auto,abbottabad,kpk,22530,53,0,1.31,0,2,0,approved,0
7820,medical,auto,karachi,sindh,35874,53,20,11.4981,0,4,0,approved,0
7821,home,home,lahore,punjab,67206,64,14,4.013,0,2,0,rejected,1
7822,pet,pet,abbottabad,kpk,16102,64,24,0.8743,2,4,1,approved,0
7823,other,pet,faisalabad,punjab,71304,64,6,3.3747,0,4,1,submitted,0
7824,medical,auto,lahore,punjab,18370,64,21,1.5659,1,2,0,submitted,0
7825,pet,pet,sialkot,punjab,5000,53,25,0.9137,0,6,1,approved,0
7826,pet,pet,karachi,sindh,14133,64,11,0.7367,1,6,0,approved,0
7827,life,life,sukkur,sindh,143119,45,7,19.4376,0,2,0,submitted,0
7828,other,auto,mardan,kpk,15748,44,13,0.735,2,7,2,rejected,1
7829,accident,life,abbottabad,kpk,36696,56,23,12.7505,1,7,0,approved,0
7830,theft,auto,sialkot,punjab,25356,56,5,1.8148,1,3,0,submitted,0
7831,home,home,abbottabad,kpk,39369,64,8,25.9348,2,4,0,approved,0
7832,home,home,sialkot,punjab,24973,56,10,3.5468,0,1,1,approved,0
7833,life,life,sukkur,sindh,33545,58,14,20.9919,1,6,0,rejected,1
7834,pet,pet,mardan,kpk,12589,44,6,1.1789,1,2,0,approved,0
7835,accident,life,faisalabad,punjab,83439,56,15,4.4555,0,5,0,submitted,0
7836,medical,life,karachi,sindh,63743,45,16,3.6965,0,6,0,approved,0
7837,theft,home,abbottabad,kpk,9261,53,22,0.489,1,5,1,approved,0
7838,home,home,abbottabad,kpk,23131,53,13,2.0939,0,1,0,in_review,1
7839,damage,auto,hyderabad,sindh,27544,61,29,1.4034,2,7,0,approved,0
7840,pet_care,pet,gujranwala,punjab,9473,61,0,0.8628,0,6,0,submitted,1
7841,pet_care,pet,karachi,sindh,14242,53,19,1.2009,2,2,0,approved,0
7842,theft,home,sialkot,punjab,23184,45,7,1.4001,1,7,1,submitted,0
7843,pet,pet,quetta,balochistan,6933,58,9,0.4082,4,6,2,in_review,1
7844,theft,auto,sialkot,punjab,15525,56,0,1.4398,2,4,0,approved,0
7845,theft,home,lahore,punjab,10296,61,15,0.452,0,4,0,rejected,1
7846,home,home,multan,punjab,56522,53,21,7.3158,0,6,0,approved,0
7847,pet_care,pet,islamabad,islamabad,11626,61,16,1.0343,1,1,0,approved,0
7848,auto,auto,faisalabad,punjab,105877,58,25,4.7889,2,7,0,submitted,0
7849,pet,pet,gujranwala,punjab,8035,45,28,0.3244,0,6,1,submitted,0
7850,life,life,peshawar,kpk,44514,64,9,2.0374,0,3,0,approved,0
7851,pet,pet,abbottabad,kpk,7208,53,19,1.1677,0,4,0,submitted,0
7852,medical,auto,rawalpindi,punjab,215137,64,23,20.9685,1,1,1,approved,0
7853,medical,auto,quetta,balochistan,35530,44,2,1.559,0,1,0,approved,0
7854,auto,auto,abbottabad,kpk,99250,53,21,11.2198,0,0,0,submitted,0
7855,pet_care,pet,sialkot,punjab,17618,44,3,0.7282,3,4,0,in_review,1
7856,medical,life,lahore,punjab,45457,61,21,6.3021,0,2,0,approved,0
7857,auto,auto,rawalpindi,punjab,39650,64,19,20.8355,0,2,0,in_review,0
7858,damage,home,mardan,kpk,25124,53,2,1.0165,0,3,0,in_review,1
7859,auto,auto,rawalpindi,punjab,31786,53,18,1.7336,1,5,0,approved,0
7860,home,home,lahore,punjab,51493,53,3,3.0565,1,5,0,submitted,0
7861,accident,auto,faisalabad,punjab,69932,56,23,2.9159,3,8,3,in_review,1
7862,life,life,quetta,balochistan,260727,64,5,15.7606,2,6,2,rejected,1
7863,other,life,karachi,sindh,5000,61,18,0.6268,0,4,0,submitted,0
7864,pet_care,pet,multan,punjab,16468,56,23,1.6196,3,5,1,in_review,1
7865,damage,home,faisalabad,punjab,34782,53,28,2.2322,0,1,1,approved,0
7866,home,home,multan,punjab,73827,64,18,4.7868,0,2,1,approved,0
7867,auto,auto,karachi,sindh,21883,61,13,0.9013,0,0,0,approved,0
7868,pet,pet,quetta,balochistan,19567,56,2,1.7317,1,7,0,approved,0
7869,medical,life,faisalabad,punjab,407405,64,16,64.9976,3,3,0,in_review,1
7870,damage,home,sialkot,punjab,7987,44,28,0.513,0,2,1,in_review,0
7871,pet,pet,karachi,sindh,19630,64,24,1.8353,0,6,0,in_review,1
7872,auto,auto,multan,punjab,96316,58,11,8.5062,1,5,1,approved,0
7873,pet_care,pet,faisalabad,punjab,27985,58,20,6.1736,0,6,2,rejected,1
7874,other,life,sukkur,sindh,14153,45,17,1.7791,0,3,2,in_review,1
7875,theft,auto,gujranwala,punjab,69751,61,21,12.6682,0,5,1,submitted,0
7876,life,life,islamabad,islamabad,25140,61,2,6.4346,0,1,1,in_review,0
7877,other,others,peshawar,kpk,17096,56,10,7.1412,0,3,1,approved,0
7878,damage,home,sialkot,punjab,71636,45,2,9.0347,1,5,1,in_review,0
7879,home,home,quetta,balochistan,8729,53,5,0.5417,0,0,0,submitted,0
7880,medical,life,mardan,kpk,260626,45,16,22.6651,0,0,0,submitted,0
7881,accident,auto,islamabad,islamabad,56949,45,12,4.2332,1,2,1,in_review,0
7882,pet,pet,rawalpindi,punjab,20496,44,15,3.5381,0,1,0,approved,0
7883,theft,auto,faisalabad,punjab,11137,53,5,0.6488,0,6,0,submitted,0
7884,auto,auto,mardan,kpk,16716,58,30,1.0198,0,1,1,in_review,0
7885,life,life,quetta,balochistan,11909,64,2,1.1208,1,5,0,approved,0
7886,auto,auto,faisalabad,punjab,50999,53,25,4.1456,0,0,1,approved,0
7887,other,auto,islamabad,islamabad,19828,61,19,5.7439,0,1,1,submitted,0
7888,pet,pet,abbottabad,kpk,9049,53,4,0.4079,0,4,0,in_review,0
7889,life,life,karachi,sindh,261131,64,5,62.3373,0,4,2,approved,0
7890,pet_care,pet,quetta,balochistan,6096,53,9,0.5328,0,0,0,approved,0
7891,damage,home,mardan,kpk,13835,64,1,0.6012,0,0,3,in_review,1
7892,pet,pet,quetta,balochistan,9593,64,0,0.4537,0,4,0,submitted,0
7893,accident,auto,islamabad,islamabad,17402,64,28,11.2416,0,2,0,submitted,0
7894,medical,auto,faisalabad,punjab,23230,64,23,1.5744,1,3,0,approved,0
7895,home,home,rawalpindi,punjab,8184,64,7,0.4062,0,6,0,submitted,0
7896,theft,auto,peshawar,kpk,9775,45,30,0.6291,0,0,0,submitted,0
7897,damage,home,sialkot,punjab,27399,45,22,1.3304,1,5,0,submitted,0
7898,medical,auto,sialkot,punjab,43179,61,27,8.622,1,1,0,rejected,1
7899,pet,pet,sukkur,sindh,7312,61,20,0.9866,0,3,1,approved,0
7900,home,home,mardan,kpk,13086,53,14,0.6721,0,0,0,approved,0
7901,medical,life,quetta,balochistan,46302,58,1,2.037,0,3,2,submitted,1
7902,life,life,karachi,sindh,89854,61,4,15.0408,2,7,0,submitted,0
7903,auto,auto,hyderabad,sindh,47632,64,29,4.4383,0,5,0,submitted,0
7904,damage,home,lahore,punjab,5000,56,1,1.1902,2,5,1,approved,0
7905,theft,auto,hyderabad,sindh,14915,45,21,2.1156,1,4,0,submitted,0
7906,pet_care,pet,peshawar,kpk,5000,61,10,0.4443,3,7,2,submitted,1
7907,auto,auto,mardan,kpk,21663,44,16,1.1306,1,3,0,approved,0
7908,other,home,abbottabad,kpk,77105,53,9,4.2805,2,8,1,approved,0
7909,pet,pet,lahore,punjab,9815,45,15,0.6884,1,1,0,approved,0
7910,pet_care,pet,mardan,kpk,17078,61,10,3.0253,1,1,1,approved,0
7911,auto,auto,sialkot,punjab,20380,64,5,1.9564,0,1,1,in_review,0
7912,pet,pet,faisalabad,punjab,10830,56,5,0.4783,0,4,0,approved,0
7913,home,home,multan,punjab,85324,53,22,6.3367,1,6,0,in_review,0
7914,damage,auto,lahore,punjab,19761,45,24,8.203,0,4,2,in_review,1
7915,home,home,abbottabad,kpk,34954,44,18,4.8567,0,3,0,submitted,0
7916,other,home,quetta,balochistan,94070,61,3,8.5239,1,1,0,approved,0
7917,life,life,multan,punjab,114803,53,3,19.4912,0,0,2,in_review,1
7918,theft,home,multan,punjab,16468,64,10,0.8211,0,2,0,approved,0
7919,life,life,peshawar,kpk,70311,61,22,4.1533,3,4,2,in_review,1
7920,theft,auto,sialkot,punjab,18950,64,28,1.511,0,4,0,approved,0
7921,pet,pet,lahore,punjab,8187,56,12,0.3829,0,1,0,approved,0
7922,auto,auto,sialkot,punjab,10033,53,16,4.2949,1,6,1,submitted,0
7923,pet,pet,quetta,balochistan,6577,56,30,0.6498,0,4,0,approved,0
7924,damage,auto,hyderabad,sindh,37938,44,2,1.6866,0,1,0,approved,0
7925,pet,pet,abbottabad,kpk,5481,58,13,0.2384,0,2,0,in_review,0
7926,home,home,peshawar,kpk,170659,64,22,8.842,0,0,0,rejected,1
7927,life,life,abbottabad,kpk,21843,61,9,1.1258,0,3,1,approved,0
7928,pet_care,pet,faisalabad,punjab,8651,58,10,0.3669,0,6,2,rejected,1
7929,other,auto,karachi,sindh,94721,64,19,8.9988,0,2,1,submitted,0
7930,damage,auto,faisalabad,punjab,48200,64,9,3.2138,0,4,1,approved,0
7931,other,others,multan,punjab,59260,53,13,6.0138,0,0,2,in_review,1
7932,pet_care,pet,hyderabad,sindh,20656,61,0,2.8515,0,5,1,rejected,1
7933,theft,home,abbottabad,kpk,5000,53,22,0.2717,0,5,0,approved,0
7934,auto,auto,karachi,sindh,60419,44,29,6.3339,0,5,1,in_review,1
7935,medical,auto,faisalabad,punjab,81631,53,17,3.3811,2,8,1,approved,0
7936,theft,home,hyderabad,sindh,7031,45,6,0.8063,1,1,0,in_review,1
7937,pet_care,pet,multan,punjab,11328,64,15,0.6665,0,1,0,approved,0
7938,home,home,peshawar,kpk,67462,64,24,3.1517,0,4,0,approved,0
7939,home,home,multan,punjab,40044,53,25,2.111,0,6,2,rejected,1
7940,pet_care,pet,multan,punjab,8535,44,3,0.4626,1,7,3,in_review,1
7941,pet_care,pet,faisalabad,punjab,12666,53,28,0.6903,1,1,0,in_review,1
7942,damage,auto,gujranwala,punjab,9592,64,1,0.5422,1,4,0,approved,0
7943,home,home,gujranwala,punjab,31617,61,14,2.2019,0,2,0,approved,0
7944,auto,auto,rawalpindi,punjab,27067,45,2,2.0453,0,6,0,rejected,1
7945,medical,life,faisalabad,punjab,68713,56,16,13.9661,1,7,0,approved,0
7946,other,others,hyderabad,sindh,15263,44,1,1.0318,0,1,0,approved,0
7947,accident,auto,peshawar,kpk,25023,45,0,1.1173,0,4,0,in_review,0
7948,pet_care,pet,islamabad,islamabad,17252,56,4,1.2112,0,1,1,approved,0
7949,damage,home,rawalpindi,punjab,30902,44,8,1.2885,2,2,0,in_review,1
7950,pet,pet,abbottabad,kpk,21258,58,24,0.9494,2,7,1,approved,0
7951,life,life,mardan,kpk,26812,64,23,1.5127,4,5,2,submitted,1
7952,life,life,sialkot,punjab,61346,56,12,2.8566,0,5,0,in_review,0
7953,auto,auto,islamabad,islamabad,32399,58,6,16.787,1,6,2,rejected,1
7954,life,life,mardan,kpk,177908,64,14,39.1782,0,5,0,submitted,0
7955,medical,life,abbottabad,kpk,77942,56,14,9.0662,1,5,0,approved,0
7956,damage,home,abbottabad,kpk,68095,45,23,14.154,2,7,0,submitted,0
7957,medical,life,karachi,sindh,140493,58,5,6.971,1,6,0,approved,0
7958,medical,auto,karachi,sindh,46923,56,8,6.4811,0,6,0,submitted,0
7959,medical,life,hyderabad,sindh,51213,56,2,9.053,1,3,0,submitted,0
7960,auto,auto,mardan,kpk,32785,44,3,3.0183,3,8,1,in_review,1
7961,accident,life,multan,punjab,43407,53,0,5.6593,0,0,0,approved,0
7962,pet,pet,peshawar,kpk,10715,44,23,0.7261,0,4,0,submitted,0
7963,theft,auto,karachi,sindh,34318,56,22,1.4206,0,0,1,approved,0
7964,life,life,mardan,kpk,69295,53,15,16.856,0,3,0,approved,0
7965,damage,auto,multan,punjab,15245,44,29,1.2328,0,5,0,submitted,0
7966,home,home,lahore,punjab,20721,45,27,1.1717,1,2,1,approved,0
7967,pet_care,pet,peshawar,kpk,20362,53,29,1.0352,0,1,1,submitted,0
7968,life,life,abbottabad,kpk,74259,64,23,22.1735,0,0,1,approved,0
7969,theft,home,peshawar,kpk,6206,58,16,0.5931,3,4,3,in_review,1
7970,home,home,abbottabad,kpk,36239,44,19,2.4346,3,5,1,in_review,1
7971,damage,home,islamabad,islamabad,213538,58,29,9.5177,1,4,0,rejected,1
7972,home,home,quetta,balochistan,8801,61,3,2.7443,0,6,0,approved,0
7973,damage,home,abbottabad,kpk,5643,64,4,0.6412,3,4,3,in_review,1
7974,accident,auto,abbottabad,kpk,24285,45,25,1.0238,0,4,1,approved,0
7975,damage,auto,mardan,kpk,42216,56,6,21.9646,0,0,1,approved,0
7976,pet_care,pet,sialkot,punjab,8830,56,0,0.4826,2,3,1,rejected,1
7977,accident,auto,hyderabad,sindh,14365,64,24,0.6133,2,8,0,approved,0
7978,damage,auto,mardan,kpk,10592,58,7,0.6907,1,7,0,approved,0
7979,other,life,gujranwala,punjab,108445,45,26,7.9151,0,4,0,submitted,0
7980,pet_care,pet,sialkot,punjab,16007,56,27,0.9171,1,2,0,submitted,0
7981,auto,auto,faisalabad,punjab,9789,64,17,2.5017,0,4,0,approved,0
7982,pet,pet,gujranwala,punjab,13387,56,18,1.4361,1,7,0,approved,0
7983,medical,life,hyderabad,sindh,78557,44,25,5.7899,0,4,0,approved,0
7984,life,life,quetta,balochistan,129606,56,7,11.0708,1,6,1,in_review,0
7985,damage,auto,quetta,balochistan,28907,56,6,6.1491,1,7,3,in_review,1
7986,medical,auto,rawalpindi,punjab,43606,53,7,4.6027,0,6,0,submitted,0
7987,theft,auto,rawalpindi,punjab,15680,61,28,1.8926,0,0,0,approved,0
7988,life,life,peshawar,kpk,37928,64,18,5.1316,2,8,0,submitted,0
7989,auto,auto,hyderabad,sindh,31045,53,20,3.5127,1,7,3,rejected,1
7990,damage,auto,quetta,balochistan,33462,58,2,1.8571,2,4,0,approved,0
7991,other,others,islamabad,islamabad,53208,58,2,14.0613,1,3,0,approved,0
7992,other,pet,gujranwala,punjab,50938,56,19,11.9517,0,0,0,approved,0
7993,theft,auto,rawalpindi,punjab,23908,64,18,1.5974,1,7,0,in_review,0
7994,accident,auto,karachi,sindh,192944,53,14,11.8153,1,4,0,submitted,0
7995,pet,pet,quetta,balochistan,21178,64,30,3.0424,0,3,1,approved,0
7996,other,pet,rawalpindi,punjab,41270,61,11,1.7209,0,3,0,approved,0
7997,medical,auto,gujranwala,punjab,42723,56,2,2.2293,1,1,0,approved,0
7998,pet,pet,peshawar,kpk,5805,56,0,0.2325,0,1,1,approved,0
7999,home,home,gujranwala,punjab,146224,56,24,8.2024,1,3,0,approved,0
8000,damage,home,abbottabad,kpk,28563,53,27,1.6177,0,4,0,approved,0
8001,pet,pet,rawalpindi,punjab,8624,61,22,0.422,0,3,2,in_review,1
8002,pet,pet,peshawar,kpk,30366,64,13,2.6146,2,4,0,in_review,1
8003,damage,home,hyderabad,sindh,11524,53,13,0.7071,2,8,0,approved,0
8004,accident,auto,islamabad,islamabad,29392,44,3,2.8,1,1,0,approved,0
8005,medical,life,islamabad,islamabad,75816,44,5,6.2088,0,5,0,in_review,0
8006,home,home,gujranwala,punjab,35548,45,15,3.841,1,3,0,submitted,0
8007,pet,pet,faisalabad,punjab,16348,64,9,8.7987,2,3,2,rejected,1
8008,auto,auto,lahore,punjab,23921,64,7,4.9454,1,2,0,submitted,0
8009,damage,auto,gujranwala,punjab,5000,64,19,0.966,0,6,1,approved,0
8010,life,life,peshawar,kpk,115915,53,3,30.6653,2,6,0,in_review,0
8011,other,others,rawalpindi,punjab,65059,64,3,4.6391,2,7,0,in_review,0
8012,life,life,sukkur,sindh,33711,58,4,7.0717,3,6,2,in_review,1
8013,home,home,faisalabad,punjab,43296,56,13,5.1414,0,4,0,approved,0
8014,other,home,sialkot,punjab,21510,45,8,13.9494,0,2,0,approved,0
8015,damage,auto,islamabad,islamabad,80474,56,6,5.4659,0,3,0,approved,0
8016,accident,life,multan,punjab,127993,45,3,8.889,3,4,0,rejected,1
8017,other,pet,abbottabad,kpk,22047,58,28,1.6124,1,6,0,submitted,0
8018,life,life,mardan,kpk,55313,45,29,4.1291,2,3,0,submitted,0
8019,accident,auto,quetta,balochistan,186741,64,5,46.5804,1,2,0,submitted,0
8020,accident,auto,sialkot,punjab,11545,45,12,0.9418,0,6,1,approved,0
8021,pet_care,pet,rawalpindi,punjab,14961,45,5,0.9881,0,5,0,approved,0
8022,medical,auto,quetta,balochistan,22862,44,17,1.4443,0,3,0,submitted,0
8023,pet_care,pet,lahore,punjab,9610,53,7,1.3191,2,7,3,rejected,1
8024,other,life,lahore,punjab,65923,53,22,31.6785,0,6,0,approved,0
8025,pet,pet,mardan,kpk,5000,56,2,1.3808,1,2,0,in_review,0
8026,theft,home,quetta,balochistan,13958,44,4,0.9627,0,6,0,approved,0
8027,pet,pet,hyderabad,sindh,5623,64,3,0.2265,1,1,1,approved,0
8028,medical,auto,karachi,sindh,166349,64,2,9.8327,0,0,0,approved,0
8029,home,home,hyderabad,sindh,31218,53,2,2.6238,1,4,2,in_review,1
8030,auto,auto,rawalpindi,punjab,9692,56,2,0.5804,2,5,0,submitted,0
8031,life,life,peshawar,kpk,127990,58,24,5.9951,2,8,0,approved,0
8032,accident,auto,sukkur,sindh,65020,61,5,10.0666,1,6,0,submitted,0
8033,medical,auto,hyderabad,sindh,48542,56,12,2.9196,4,6,0,in_review,1
8034,damage,auto,karachi,sindh,19103,53,10,12.7015,0,5,0,approved,0
8035,damage,auto,lahore,punjab,36634,61,25,2.2518,0,6,1,submitted,0
8036,other,others,sukkur,sindh,59147,64,29,3.0724,0,2,1,in_review,0
8037,auto,auto,multan,punjab,72725,64,3,4.1652,0,4,1,submitted,0
8038,other,others,hyderabad,sindh,32747,61,3,4.0554,0,4,0,rejected,1
8039,accident,auto,sialkot,punjab,41764,44,2,3.0774,1,2,0,submitted,0
8040,auto,auto,karachi,sindh,22710,44,11,1.5622,0,6,0,submitted,0
8041,medical,auto,hyderabad,sindh,494376,44,21,27.1441,0,5,0,approved,0
8042,home,home,lahore,punjab,7551,45,24,0.3316,2,4,0,in_review,1
8043,medical,life,islamabad,islamabad,151510,61,28,6.2301,0,2,1,approved,0
8044,damage,auto,quetta,balochistan,27490,56,12,1.8299,1,3,0,rejected,1
8045,pet,pet,hyderabad,sindh,10988,44,6,0.559,0,4,0,in_review,1
8046,pet_care,pet,multan,punjab,15103,56,10,2.6243,0,5,0,in_review,0
8047,life,life,quetta,balochistan,76951,44,10,7.4594,1,3,0,approved,0
8048,theft,auto,gujranwala,punjab,35215,44,21,2.2357,1,7,0,approved,0
8049,home,home,lahore,punjab,14376,44,7,0.9122,0,3,0,approved,0
8050,pet,pet,lahore,punjab,21537,44,4,0.8989,0,4,0,approved,0
8051,damage,auto,karachi,sindh,11812,53,30,0.8137,1,6,0,approved,0
8052,theft,home,rawalpindi,punjab,5000,61,9,0.2825,0,1,0,approved,0
8053,theft,auto,sukkur,sindh,8655,64,19,0.4291,1,4,0,submitted,0
8054,home,home,peshawar,kpk,28448,45,9,2.0202,1,4,0,approved,0
8055,pet_care,pet,peshawar,kpk,11250,61,10,1.2953,0,3,0,submitted,0
8056,pet,pet,multan,punjab,5000,58,9,0.3249,2,8,2,rejected,1
8057,medical,life,lahore,punjab,77267,56,2,26.4161,0,3,0,approved,0
8058,life,life,peshawar,kpk,113803,53,25,12.8999,1,6,0,approved,0
8059,pet,pet,quetta,balochistan,18995,64,29,3.2835,1,1,2,rejected,1
8060,medical,life,mardan,kpk,46122,44,17,3.0766,0,0,1,approved,0
8061,damage,auto,quetta,balochistan,106547,45,23,7.6658,2,8,2,in_review,1
8062,pet,pet,multan,punjab,26061,64,21,7.8285,0,5,1,approved,0
8063,damage,home,rawalpindi,punjab,25586,56,3,4.1841,2,3,0,approved,0
8064,theft,auto,karachi,sindh,116860,64,17,74.6232,0,6,1,submitted,0
8065,life,life,lahore,punjab,10230,64,10,0.9855,0,1,0,approved,0
8066,medical,auto,karachi,sindh,67084,45,24,3.4546,1,7,0,approved,0
8067,pet,pet,abbottabad,kpk,6791,56,18,0.8011,2,2,3,in_review,1
8068,auto,auto,hyderabad,sindh,25998,61,4,2.6531,0,4,0,in_review,1
8069,accident,life,abbottabad,kpk,28099,58,2,3.5768,0,1,0,approved,0
8070,accident,life,sukkur,sindh,53289,64,9,30.0898,1,7,1,submitted,0
8071,auto,auto,sukkur,sindh,26698,64,0,2.8569,2,3,1,approved,0
8072,life,life,karachi,sindh,66864,61,2,33.5326,0,1,0,submitted,0
8073,other,pet,lahore,punjab,36571,64,26,1.8897,1,6,0,submitted,0
8074,theft,auto,peshawar,kpk,92164,58,25,29.1935,1,1,1,approved,0
8075,life,life,faisalabad,punjab,67710,45,21,3.4992,0,1,0,submitted,0
8076,theft,home,islamabad,islamabad,48568,44,15,2.0315,0,1,0,in_review,0
8077,life,life,lahore,punjab,92114,56,15,5.2748,1,2,3,rejected,1
8078,theft,auto,multan,punjab,27506,64,23,12.1118,0,1,0,approved,0
8079,medical,auto,quetta,balochistan,96752,64,24,9.0061,0,1,0,approved,0
8080,pet,pet,sukkur,sindh,19366,53,17,1.2709,1,5,0,approved,0
8081,pet,pet,karachi,sindh,7577,44,19,0.3318,1,7,0,approved,0
8082,auto,auto,lahore,punjab,23396,64,21,2.8487,1,3,0,approved,0
8083,home,home,mardan,kpk,63907,56,3,2.583,0,0,0,approved,0
8084,accident,auto,gujranwala,punjab,39836,53,13,1.6779,0,6,2,in_review,1
8085,damage,home,rawalpindi,punjab,11917,64,26,2.2188,2,8,1,submitted,0
8086,pet_care,pet,sukkur,sindh,39135,58,6,2.1916,0,1,0,approved,0
8087,home,home,peshawar,kpk,199404,58,6,74.4323,0,0,0,approved,0
8088,auto,auto,hyderabad,sindh,5683,64,29,0.244,1,1,0,approved,0
8089,life,life,karachi,sindh,14298,45,18,0.855,0,3,0,approved,0
8090,medical,auto,peshawar,kpk,51012,58,30,6.7781,0,0,0,approved,0
8091,pet,pet,karachi,sindh,5852,61,25,0.3857,0,4,0,approved,0
8092,life,life,rawalpindi,punjab,39601,64,20,2.8384,1,3,1,approved,0
8093,theft,auto,faisalabad,punjab,38547,53,5,2.7182,1,7,0,approved,0
8094,theft,auto,sukkur,sindh,5000,61,30,1.2413,0,1,0,approved,0
8095,pet,pet,hyderabad,sindh,28756,56,25,1.4512,0,2,1,submitted,0
8096,life,life,faisalabad,punjab,173541,64,5,7.269,1,1,0,approved,0
8097,medical,auto,multan,punjab,85632,53,2,9.3987,2,7,0,approved,0
8098,theft,auto,quetta,balochistan,19100,64,10,2.2153,0,4,1,approved,0
8099,life,life,karachi,sindh,36324,64,6,1.5445,0,3,0,approved,0
8100,medical,life,karachi,sindh,36564,44,20,1.9174,1,1,1,approved,0
8101,life,life,rawalpindi,punjab,51594,53,30,6.5458,3,8,2,in_review,1
8102,home,home,abbottabad,kpk,17910,44,6,0.8057,1,1,2,rejected,1
8103,damage,auto,sialkot,punjab,9530,64,18,0.4021,1,4,0,submitted,0
8104,medical,life,mardan,kpk,115753,53,3,5.2732,0,3,2,rejected,1
8105,life,life,peshawar,kpk,33819,44,25,9.5588,0,5,0,rejected,1
8106,medical,life,quetta,balochistan,55685,56,20,30.6974,0,1,0,approved,0
8107,pet,pet,sukkur,sindh,17258,45,1,1.2637,2,6,2,rejected,1
8108,auto,auto,abbottabad,kpk,22928,53,3,1.7169,0,5,0,approved,0
8109,life,life,quetta,balochistan,116934,64,18,7.571,0,1,0,rejected,1
8110,auto,auto,sukkur,sindh,53652,53,6,11.6762,0,5,0,submitted,0
8111,medical,auto,mardan,kpk,127713,64,26,25.7538,0,6,0,approved,0
8112,other,home,islamabad,islamabad,29377,45,22,2.0249,0,2,0,approved,0
8113,medical,auto,multan,punjab,53078,45,28,3.1361,0,6,0,submitted,0
8114,pet,pet,sialkot,punjab,6505,44,0,0.5146,0,0,0,approved,0
8115,home,home,quetta,balochistan,40242,53,0,4.1784,3,7,1,submitted,1
8116,accident,auto,peshawar,kpk,25474,64,27,2.8578,0,6,0,approved,0
8117,medical,life,hyderabad,sindh,76312,64,5,3.8044,1,2,0,approved,0
8118,theft,home,lahore,punjab,5000,56,11,0.2641,3,3,2,in_review,1
8119,accident,life,gujranwala,punjab,12538,44,11,0.5167,0,0,0,submitted,0
8120,accident,auto,quetta,balochistan,7039,58,21,0.32,3,8,3,rejected,1
8121,home,home,rawalpindi,punjab,59709,45,14,3.6658,2,7,1,approved,0
8122,accident,life,islamabad,islamabad,68351,58,3,2.8297,3,7,1,submitted,1
8123,home,home,sukkur,sindh,88335,45,6,4.8013,0,1,1,approved,0
8124,theft,auto,faisalabad,punjab,16654,64,10,4.7569,1,3,1,in_review,0
8125,medical,life,hyderabad,sindh,29284,45,5,6.0856,1,5,0,submitted,0
8126,home,home,rawalpindi,punjab,71502,53,8,4.4806,3,4,0,submitted,1
8127,damage,home,rawalpindi,punjab,74950,58,21,28.5198,0,3,0,in_review,0
8128,pet_care,pet,islamabad,islamabad,18612,64,17,1.1684,0,5,0,submitted,0
8129,auto,auto,gujranwala,punjab,12663,45,13,0.7664,0,3,0,approved,0
8130,auto,auto,multan,punjab,23060,56,14,2.1724,0,0,0,submitted,0
8131,auto,auto,sialkot,punjab,118315,64,12,7.895,2,7,0,approved,0
8132,other,others,sukkur,sindh,5000,58,24,0.3354,0,4,0,in_review,1
8133,accident,life,quetta,balochistan,73561,53,15,5.4823,3,4,0,in_review,1
8134,pet_care,pet,lahore,punjab,10616,56,8,1.2718,0,5,2,submitted,1
8135,life,life,rawalpindi,punjab,57960,53,22,3.2293,1,6,1,submitted,0
8136,theft,auto,gujranwala,punjab,17741,58,11,2.3696,2,6,0,approved,0
8137,pet_care,pet,multan,punjab,5000,61,21,0.2576,0,0,2,rejected,1
8138,auto,auto,quetta,balochistan,6916,56,25,2.0596,2,2,0,approved,0
8139,pet,pet,karachi,sindh,5428,53,21,0.4114,1,6,0,approved,0
8140,pet_care,pet,hyderabad,sindh,5677,64,6,3.2987,0,6,0,approved,0
8141,damage,auto,abbottabad,kpk,91053,64,4,3.9803,1,2,0,approved,0
8142,pet,pet,rawalpindi,punjab,6996,61,15,0.3021,1,2,0,approved,0
8143,accident,auto,abbottabad,kpk,86209,64,20,18.66,0,0,0,submitted,0
8144,auto,auto,karachi,sindh,19105,64,19,0.8307,3,7,1,submitted,1
8145,damage,auto,gujranwala,punjab,6480,45,15,1.9465,0,1,2,rejected,1
8146,home,home,mardan,kpk,76025,64,16,7.8758,4,5,3,approved,0
8147,theft,home,mardan,kpk,32130,61,20,1.3295,0,1,2,approved,0
8148,pet_care,pet,mardan,kpk,8261,56,11,4.8911,0,6,2,rejected,1
8149,auto,auto,quetta,balochistan,32339,56,7,1.5397,1,7,2,rejected,1
8150,medical,life,sialkot,punjab,26313,64,3,1.5142,0,6,1,approved,0
8151,pet_care,pet,karachi,sindh,9222,64,2,0.4972,1,6,0,in_review,0
8152,pet,pet,faisalabad,punjab,15933,64,13,2.3902,0,0,0,approved,0
8153,other,auto,abbottabad,kpk,23508,64,26,1.1992,1,4,0,approved,0
8154,pet_care,pet,karachi,sindh,31063,56,15,2.0436,0,4,0,in_review,0
8155,pet,pet,abbottabad,kpk,9929,64,20,1.2759,2,6,0,approved,0
8156,pet,pet,sukkur,sindh,22372,53,0,2.6706,0,1,0,submitted,0
8157,pet_care,pet,islamabad,islamabad,33918,58,6,3.0466,1,3,3,in_review,1
8158,damage,home,sukkur,sindh,5000,53,17,1.2118,0,5,0,submitted,0
8159,damage,home,multan,punjab,82081,58,5,3.592,1,7,0,approved,0
8160,life,life,mardan,kpk,328279,64,17,26.0746,1,2,2,submitted,1
8161,damage,auto,mardan,kpk,13582,56,2,0.6163,2,6,2,rejected,1
8162,medical,life,islamabad,islamabad,47777,61,13,26.8712,1,6,0,in_review,0
8163,theft,home,multan,punjab,17774,56,29,2.5323,1,6,0,submitted,0
8164,pet_care,pet,multan,punjab,16354,45,26,0.8168,1,4,2,approved,0
8165,auto,auto,gujranwala,punjab,36200,64,16,1.7868,0,2,0,approved,0
8166,pet_care,pet,multan,punjab,9167,45,5,0.7139,1,6,0,approved,0
8167,theft,home,quetta,balochistan,13033,64,12,0.6055,1,7,0,approved,0
8168,auto,auto,sukkur,sindh,72835,45,7,3.113,1,4,1,approved,0
8169,pet_care,pet,mardan,kpk,13074,64,11,6.4404,0,6,0,in_review,0
8170,pet,pet,sukkur,sindh,38879,53,12,2.904,1,6,0,submitted,0
8171,home,home,quetta,balochistan,59307,53,1,2.5042,0,0,0,approved,0
8172,auto,auto,rawalpindi,punjab,26148,64,2,1.6582,0,5,0,approved,0
8173,accident,life,multan,punjab,27250,45,19,2.811,4,5,0,rejected,1
8174,theft,home,islamabad,islamabad,30091,45,30,1.5451,1,7,0,rejected,1
8175,pet,pet,islamabad,islamabad,5192,44,24,0.5157,0,5,0,approved,0
8176,damage,auto,gujranwala,punjab,12276,45,19,1.2211,2,5,2,in_review,1
8177,home,home,quetta,balochistan,93634,58,15,4.0131,1,2,0,in_review,0
8178,other,home,islamabad,islamabad,16612,44,9,0.7628,0,6,1,approved,0
8179,home,home,peshawar,kpk,35364,56,24,2.0022,0,5,0,approved,0
8180,pet,pet,mardan,kpk,16326,58,21,1.2133,1,2,0,submitted,0
8181,pet,pet,gujranwala,punjab,24214,56,29,7.2108,0,2,0,approved,0
8182,damage,auto,abbottabad,kpk,33268,44,5,5.0467,3,8,2,submitted,1
8183,medical,auto,abbottabad,kpk,121240,64,17,13.1597,3,5,3,in_review,1
8184,life,life,karachi,sindh,62967,44,25,29.8139,0,6,0,in_review,0
8185,damage,home,quetta,balochistan,66301,64,26,7.6392,0,6,3,in_review,1
8186,home,home,quetta,balochistan,49644,44,13,4.9843,0,0,0,approved,0
8187,other,pet,sialkot,punjab,11086,61,18,1.2064,0,1,0,approved,0
8188,other,home,faisalabad,punjab,41414,64,7,2.5254,1,3,0,approved,0
8189,auto,auto,peshawar,kpk,34056,56,17,5.6618,2,5,0,approved,0
8190,theft,home,peshawar,kpk,163207,44,26,7.9085,3,3,2,in_review,1
8191,other,home,rawalpindi,punjab,15171,61,15,0.6945,0,1,3,rejected,1
8192,damage,home,mardan,kpk,18781,61,16,6.2876,1,6,2,rejected,1
8193,life,life,sialkot,punjab,92187,44,25,4.8293,0,6,3,rejected,1
8194,other,others,sukkur,sindh,33202,44,11,2.0404,0,6,0,approved,0
8195,theft,auto,hyderabad,sindh,17014,58,5,1.5787,0,2,1,approved,0
8196,auto,auto,rawalpindi,punjab,59398,61,3,2.5489,1,1,0,in_review,0
8197,damage,auto,islamabad,islamabad,11568,64,3,0.9977,2,7,3,in_review,1
8198,pet_care,pet,sukkur,sindh,19186,64,27,0.7812,1,4,0,approved,0
8199,medical,auto,islamabad,islamabad,52096,61,5,4.1307,0,3,1,approved,0
8200,pet,pet,gujranwala,punjab,9450,56,14,1.2049,2,5,0,approved,0
8201,other,auto,islamabad,islamabad,10354,56,24,1.6396,2,8,1,approved,0
8202,damage,auto,quetta,balochistan,7188,53,21,1.6186,0,2,3,rejected,1
8203,damage,auto,lahore,punjab,27875,58,9,1.4788,0,2,0,submitted,0
8204,other,auto,lahore,punjab,9192,64,16,2.9719,1,5,1,approved,0
8205,medical,life,faisalabad,punjab,57710,56,19,12.1061,0,3,0,submitted,0
8206,pet,pet,sialkot,punjab,8184,45,1,0.8458,0,1,0,in_review,0
8207,medical,life,faisalabad,punjab,56629,45,10,2.2889,1,7,0,approved,0
8208,pet,pet,lahore,punjab,10004,53,6,0.4158,0,1,2,rejected,1
8209,other,life,hyderabad,sindh,33100,45,0,1.3713,1,5,0,approved,0
8210,pet_care,pet,rawalpindi,punjab,9379,56,29,0.702,1,5,0,approved,0
8211,theft,home,sialkot,punjab,32079,64,5,1.6999,0,4,0,approved,0
8212,medical,life,quetta,balochistan,34280,53,30,2.3811,0,1,0,approved,0
8213,home,home,abbottabad,kpk,24381,64,2,1.001,0,6,1,approved,0
8214,damage,home,gujranwala,punjab,35625,44,5,1.7327,2,8,1,in_review,0
8215,auto,auto,quetta,balochistan,34545,61,26,1.7,0,3,0,approved,0
8216,damage,home,karachi,sindh,5000,56,16,0.406,0,0,0,approved,0
8217,life,life,hyderabad,sindh,56031,45,1,8.6776,0,0,0,rejected,1
8218,auto,auto,sialkot,punjab,33743,44,23,1.7706,3,8,3,in_review,1
8219,pet_care,pet,mardan,kpk,8711,64,0,1.2379,2,5,0,approved,0
8220,auto,auto,quetta,balochistan,20272,61,14,0.8637,0,3,0,submitted,0
8221,pet,pet,rawalpindi,punjab,13509,53,18,0.7292,2,7,3,in_review,1
8222,damage,home,multan,punjab,54238,44,12,6.7176,0,6,0,submitted,0
8223,damage,home,sialkot,punjab,50179,53,22,3.3621,0,2,0,approved,0
8224,pet_care,pet,karachi,sindh,5000,64,24,0.2177,0,2,0,submitted,0
8225,home,home,sialkot,punjab,72795,61,10,11.802,0,3,0,approved,0
8226,pet,pet,lahore,punjab,6603,53,6,0.3799,0,0,0,approved,0
8227,auto,auto,hyderabad,sindh,37979,64,3,7.0488,0,6,0,approved,0
8228,other,home,hyderabad,sindh,64075,53,22,28.0539,1,5,0,approved,0
8229,pet,pet,hyderabad,sindh,9353,64,1,0.5391,0,3,0,approved,0
8230,damage,auto,gujranwala,punjab,8016,64,22,0.6357,0,1,0,approved,0
8231,theft,home,islamabad,islamabad,47709,64,29,3.3831,2,8,2,submitted,1
8232,pet_care,pet,rawalpindi,punjab,6823,64,18,0.3064,3,4,0,rejected,1
8233,medical,auto,faisalabad,punjab,43799,64,13,3.877,0,0,0,submitted,0
8234,auto,auto,quetta,balochistan,27208,45,14,2.9535,0,0,1,in_review,0
8235,pet_care,pet,quetta,balochistan,12147,61,2,3.003,0,3,2,rejected,1
8236,medical,life,islamabad,islamabad,5000,56,12,0.2045,1,2,0,approved,0
8237,life,life,abbottabad,kpk,47924,44,20,17.1648,1,7,1,submitted,0
8238,other,home,sukkur,sindh,18043,64,1,7.2259,1,4,0,approved,0
8239,pet_care,pet,karachi,sindh,7905,44,5,3.5705,1,3,0,approved,0
8240,pet_care,pet,gujranwala,punjab,22315,61,27,3.3133,0,5,0,in_review,1
8241,life,life,rawalpindi,punjab,42215,44,2,1.8578,2,7,3,submitted,1
8242,theft,home,sialkot,punjab,22723,44,29,1.0588,0,1,0,submitted,0
8243,home,home,abbottabad,kpk,61289,64,6,2.5256,0,3,0,approved,0
8244,theft,auto,mardan,kpk,14514,61,28,0.7536,1,1,0,approved,0
8245,medical,life,quetta,balochistan,262119,58,18,23.6847,1,7,0,submitted,0
8246,other,others,gujranwala,punjab,26296,44,11,1.4681,2,8,1,approved,0
8247,home,home,islamabad,islamabad,15104,56,2,3.3957,1,4,0,approved,0
8248,home,home,hyderabad,sindh,51577,45,2,8.5562,0,5,1,approved,0
8249,pet_care,pet,karachi,sindh,6312,58,20,0.7604,1,6,0,approved,0
8250,auto,auto,multan,punjab,20436,64,15,0.9247,3,5,3,rejected,1
8251,other,auto,lahore,punjab,9099,58,0,0.4376,0,6,0,submitted,0
8252,other,life,lahore,punjab,13289,53,26,1.7068,0,5,1,approved,0
8253,medical,life,sukkur,sindh,149862,61,24,18.4559,2,5,0,approved,0
8254,medical,life,abbottabad,kpk,79782,44,6,5.2602,0,5,0,submitted,0
8255,life,life,islamabad,islamabad,36036,53,28,1.4648,1,2,0,approved,0
8256,medical,life,peshawar,kpk,679422,56,33,342.6233,1,4,2,rejected,1
8257,damage,home,multan,punjab,5000,61,3,0.236,1,5,0,approved,0
8258,medical,life,islamabad,islamabad,119751,56,16,13.7093,0,2,1,approved,0
8259,accident,auto,sialkot,punjab,128998,53,15,7.4708,1,4,0,approved,0
8260,life,life,faisalabad,punjab,21652,56,21,1.8039,1,2,3,in_review,0
8261,medical,auto,sukkur,sindh,137424,64,15,13.3473,0,6,0,approved,0
8262,auto,auto,sukkur,sindh,99952,45,10,13.7334,0,5,0,submitted,0
8263,home,home,peshawar,kpk,173969,45,26,7.8076,0,6,0,approved,0
8264,auto,auto,sialkot,punjab,75920,58,15,7.5988,4,5,2,rejected,1
8265,medical,auto,islamabad,islamabad,51983,61,2,4.5183,2,3,0,approved,0
8266,damage,home,rawalpindi,punjab,36250,45,20,1.9003,0,2,0,approved,0
8267,theft,auto,lahore,punjab,7008,44,23,0.6442,0,0,0,approved,0
8268,other,pet,mardan,kpk,18577,44,0,2.7919,0,6,0,submitted,0
8269,life,life,islamabad,islamabad,602730,45,9,90.1885,3,6,1,rejected,1
8270,pet_care,pet,sialkot,punjab,40546,61,12,2.1053,2,4,1,submitted,0
8271,home,home,rawalpindi,punjab,24992,58,1,3.7424,1,6,0,submitted,0
8272,pet,pet,sialkot,punjab,20903,64,18,3.6505,0,5,1,approved,0
8273,home,home,islamabad,islamabad,64862,44,7,2.8374,0,2,1,approved,0
8274,life,life,sialkot,punjab,572116,61,32,117.1649,1,4,0,in_review,1
8275,home,home,gujranwala,punjab,92051,53,14,5.1945,0,2,0,approved,0
8276,theft,home,faisalabad,punjab,31986,58,0,16.8525,1,4,0,approved,0
8277,medical,auto,quetta,balochistan,20688,61,7,1.366,2,8,0,approved,0
8278,auto,auto,lahore,punjab,13522,61,4,0.9903,0,2,2,in_review,1
8279,damage,home,karachi,sindh,6591,45,24,0.2877,0,3,0,submitted,0
8280,pet,pet,abbottabad,kpk,32228,44,5,2.3583,0,1,1,approved,0
8281,pet,pet,quetta,balochistan,7413,53,13,0.7281,1,5,0,approved,0
8282,pet_care,pet,rawalpindi,punjab,28427,44,16,2.0738,0,5,0,approved,0
8283,auto,auto,quetta,balochistan,19589,45,3,2.3834,0,2,0,approved,0
8284,pet_care,pet,rawalpindi,punjab,12419,53,24,0.6154,0,0,0,approved,0
8285,life,life,islamabad,islamabad,151082,44,19,62.5339,0,2,1,approved,0
8286,theft,auto,mardan,kpk,47970,56,6,2.2121,0,5,0,approved,0
8287,other,life,sialkot,punjab,20913,44,17,2.1092,1,1,0,approved,0
8288,pet,pet,faisalabad,punjab,14461,44,0,5.6599,0,3,0,approved,0
8289,other,pet,sukkur,sindh,5000,45,20,0.3105,0,3,0,approved,0
8290,medical,auto,hyderabad,sindh,68195,58,13,4.3684,0,3,0,in_review,0
8291,life,life,quetta,balochistan,51478,64,4,2.7824,0,4,1,approved,0
8292,home,home,sialkot,punjab,83552,61,22,7.3549,0,2,0,approved,0
8293,pet,pet,faisalabad,punjab,19773,56,28,2.5861,0,3,0,approved,0
8294,theft,home,hyderabad,sindh,52816,53,13,3.0732,0,1,3,submitted,1
8295,pet_care,pet,lahore,punjab,7702,58,28,0.314,0,3,0,submitted,0
8296,auto,auto,lahore,punjab,20659,53,28,2.337,0,0,0,approved,0
8297,accident,auto,lahore,punjab,46569,44,27,4.8143,0,1,0,approved,0
8298,pet,pet,faisalabad,punjab,13845,64,13,0.6484,1,6,0,approved,0
8299,other,others,sialkot,punjab,23073,61,14,4.5753,0,3,3,rejected,1
8300,medical,auto,mardan,kpk,85718,56,17,4.0053,0,6,0,approved,0
8301,auto,auto,rawalpindi,punjab,20915,56,12,0.8695,0,4,1,approved,0
8302,theft,home,karachi,sindh,19277,58,22,1.518,0,3,0,in_review,0
8303,pet_care,pet,karachi,sindh,28998,64,24,2.4123,0,5,0,approved,0
8304,pet_care,pet,hyderabad,sindh,16463,61,6,0.75,1,5,0,approved,0
8305,pet_care,pet,lahore,punjab,11969,58,30,1.323,0,3,2,rejected,1
8306,pet_care,pet,rawalpindi,punjab,30175,45,24,4.0827,0,4,0,approved,0
8307,medical,auto,sialkot,punjab,22245,53,21,3.5287,3,9,0,approved,0
8308,pet_care,pet,faisalabad,punjab,14480,56,21,0.8343,1,3,2,rejected,1
8309,other,others,faisalabad,punjab,23686,64,1,4.5367,2,8,0,rejected,1
8310,medical,auto,karachi,sindh,20437,44,16,1.9659,0,2,0,submitted,0
8311,other,pet,quetta,balochistan,23416,64,27,2.538,0,2,1,submitted,0
8312,auto,auto,karachi,sindh,22838,64,19,1.1908,4,10,2,submitted,1
8313,medical,life,multan,punjab,59324,61,14,3.2121,3,4,2,rejected,1
8314,pet,pet,faisalabad,punjab,6184,45,10,0.7244,2,5,0,approved,0
8315,other,auto,faisalabad,punjab,100028,58,6,7.0338,0,4,0,in_review,0
8316,accident,life,mardan,kpk,22604,45,4,6.0165,4,7,3,in_review,1
8317,theft,home,rawalpindi,punjab,6255,64,16,1.142,0,6,2,rejected,1
8318,theft,auto,sukkur,sindh,62865,56,8,6.2484,1,4,2,rejected,1
8319,other,others,islamabad,islamabad,58302,56,7,8.8096,0,6,1,approved,0
8320,home,home,abbottabad,kpk,48372,64,7,2.8567,0,5,0,in_review,0
8321,home,home,mardan,kpk,36775,56,0,12.0613,2,6,2,rejected,1
8322,other,pet,sialkot,punjab,39747,56,2,3.355,0,1,2,in_review,1
8323,pet,pet,quetta,balochistan,18395,64,5,6.5439,0,0,0,in_review,0
8324,theft,auto,karachi,sindh,9985,45,8,2.3511,0,5,0,in_review,0
8325,medical,life,sukkur,sindh,21559,64,2,3.4107,0,3,0,approved,0
8326,theft,auto,sukkur,sindh,38131,64,12,4.4802,0,2,0,approved,0
8327,home,home,sialkot,punjab,44223,44,10,4.4855,0,2,0,approved,0
8328,pet,pet,rawalpindi,punjab,7038,53,28,0.3756,2,4,1,approved,0
8329,accident,auto,hyderabad,sindh,13719,56,14,0.8132,2,4,3,rejected,1
8330,damage,home,sukkur,sindh,61764,64,7,3.6041,1,6,0,submitted,0
8331,other,auto,islamabad,islamabad,12988,64,12,0.9326,0,3,0,rejected,1
8332,auto,auto,rawalpindi,punjab,25176,44,3,3.859,0,4,1,approved,0
8333,life,life,mardan,kpk,18176,61,15,11.1784,0,3,1,approved,0
8334,theft,auto,peshawar,kpk,31881,45,16,4.1822,2,3,1,submitted,0
8335,pet_care,pet,mardan,kpk,9346,64,16,1.9813,0,2,2,rejected,1
8336,medical,auto,faisalabad,punjab,24274,64,9,3.6935,0,5,0,approved,0
8337,medical,auto,gujranwala,punjab,39326,64,6,2.3799,0,3,0,submitted,0
8338,theft,auto,lahore,punjab,48594,53,23,5.9182,1,5,1,approved,0
8339,other,life,peshawar,kpk,53170,64,15,4.4227,0,6,0,in_review,0
8340,pet,pet,abbottabad,kpk,18088,45,27,1.4679,0,4,0,approved,0
8341,theft,auto,hyderabad,sindh,9689,61,17,0.6299,0,2,2,rejected,1
8342,accident,auto,islamabad,islamabad,34923,61,22,1.5528,0,0,0,approved,0
8343,accident,auto,multan,punjab,71305,45,30,5.087,0,1,0,submitted,0
8344,home,home,peshawar,kpk,251963,53,5,129.544,1,1,0,rejected,1
8345,damage,home,sialkot,punjab,66672,64,12,3.273,2,6,2,rejected,1
8346,home,home,rawalpindi,punjab,134746,61,5,7.0111,0,5,0,in_review,0
8347,pet,pet,peshawar,kpk,24968,64,10,2.4618,0,0,0,approved,0
8348,auto,auto,karachi,sindh,17616,44,30,1.5431,0,0,0,in_review,0
8349,medical,life,sukkur,sindh,38550,64,17,4.001,2,3,0,submitted,0
8350,pet_care,pet,mardan,kpk,20696,64,2,1.6508,0,4,0,approved,0
8351,pet,pet,multan,punjab,5000,64,9,0.2004,1,5,0,rejected,1
8352,pet_care,pet,peshawar,kpk,10098,44,20,2.5773,0,0,1,approved,0
8353,accident,life,gujranwala,punjab,5231,58,11,2.1118,2,4,1,approved,0
8354,accident,auto,lahore,punjab,43486,44,5,5.1763,1,3,0,approved,0
8355,damage,auto,quetta,balochistan,8594,45,22,1.2859,0,5,0,submitted,0
8356,other,auto,karachi,sindh,10826,61,3,0.5025,1,3,0,approved,0
8357,auto,auto,sialkot,punjab,67711,58,17,16.4948,1,5,0,approved,0
8358,pet,pet,hyderabad,sindh,11568,56,7,0.494,2,8,3,submitted,1
8359,life,life,sialkot,punjab,36513,56,1,2.4907,0,2,1,in_review,0
8360,other,auto,sialkot,punjab,78879,53,30,3.4799,0,2,1,submitted,0
8361,auto,auto,mardan,kpk,26596,58,20,1.2528,2,6,0,approved,0
8362,accident,life,karachi,sindh,48322,58,8,2.3223,3,9,3,rejected,1
8363,life,life,faisalabad,punjab,19868,56,21,3.0361,0,0,0,approved,0
8364,theft,home,faisalabad,punjab,13915,45,24,0.5932,4,4,2,rejected,1
8365,home,home,hyderabad,sindh,110354,44,1,7.5528,1,1,0,approved,0
8366,theft,auto,abbottabad,kpk,13170,56,28,0.6043,0,2,1,approved,0
8367,damage,home,abbottabad,kpk,16805,45,29,3.9907,2,3,3,approved,0
8368,other,pet,hyderabad,sindh,37049,64,11,4.1609,0,5,0,in_review,1
8369,theft,home,quetta,balochistan,9176,45,30,1.4108,0,4,0,approved,0
8370,damage,auto,rawalpindi,punjab,19102,64,28,9.6915,2,7,1,submitted,0
8371,medical,auto,multan,punjab,47345,61,17,3.0716,0,5,2,submitted,1
8372,damage,home,faisalabad,punjab,16299,64,22,0.8296,2,4,0,submitted,0
8373,life,life,quetta,balochistan,33077,53,12,10.0937,0,2,0,in_review,0
8374,other,life,mardan,kpk,12337,61,28,0.5859,1,3,0,submitted,0
8375,accident,life,rawalpindi,punjab,23839,53,9,1.3409,2,6,3,in_review,1
8376,pet,pet,sialkot,punjab,20553,45,27,1.0216,1,1,0,approved,0
8377,theft,home,lahore,punjab,10080,64,7,0.4244,2,5,1,approved,0
8378,auto,auto,peshawar,kpk,29384,44,15,1.609,0,5,0,approved,0
8379,home,home,abbottabad,kpk,91957,53,5,5.1192,0,4,0,approved,0
8380,damage,auto,faisalabad,punjab,25676,58,19,2.106,0,1,0,approved,0
8381,other,home,gujranwala,punjab,84633,45,11,3.5405,0,4,0,rejected,1
8382,theft,auto,mardan,kpk,42777,53,6,2.5609,2,6,1,rejected,1
8383,pet_care,pet,karachi,sindh,14107,64,15,0.8242,0,2,0,approved,0
8384,medical,auto,islamabad,islamabad,23067,53,12,0.9322,1,3,3,rejected,1
8385,damage,home,karachi,sindh,29537,44,1,1.5031,2,4,1,in_review,0
8386,medical,auto,gujranwala,punjab,139405,56,3,5.9651,0,6,1,approved,0
8387,theft,auto,peshawar,kpk,59611,58,20,15.4794,0,5,0,approved,0
8388,damage,home,lahore,punjab,76234,45,8,43.6121,0,5,2,in_review,1
8389,pet_care,pet,karachi,sindh,5039,64,24,0.2965,0,4,0,approved,0
8390,damage,auto,abbottabad,kpk,22314,61,11,1.4345,0,6,0,approved,0
8391,home,home,sukkur,sindh,17545,56,29,0.953,0,2,0,in_review,1
8392,medical,life,faisalabad,punjab,51600,45,28,2.6506,1,3,0,in_review,0
8393,medical,auto,sukkur,sindh,49239,58,22,6.9273,1,4,1,approved,0
8394,pet_care,pet,quetta,balochistan,34376,61,1,2.0049,3,7,3,rejected,1
8395,pet,pet,abbottabad,kpk,9090,45,27,0.4517,0,2,0,approved,0
8396,damage,auto,gujranwala,punjab,33595,53,26,1.4055,0,4,0,approved,0
8397,pet,pet,faisalabad,punjab,21631,45,17,1.6893,1,1,3,rejected,1
8398,accident,life,abbottabad,kpk,71361,53,0,6.1165,1,6,0,approved,0
8399,life,life,hyderabad,sindh,16875,64,15,0.8347,3,3,3,rejected,1
8400,pet,pet,lahore,punjab,5786,53,8,0.7738,0,1,1,approved,0
8401,auto,auto,faisalabad,punjab,35281,56,25,1.5799,0,0,1,in_review,0
8402,accident,life,peshawar,kpk,37851,45,18,10.2107,0,6,0,approved,0
8403,damage,home,lahore,punjab,9761,45,28,0.5394,0,5,0,approved,0
8404,theft,home,karachi,sindh,23516,44,4,1.3311,0,3,0,approved,0
8405,theft,home,sukkur,sindh,69336,58,2,4.3319,2,2,0,submitted,0
8406,pet_care,pet,lahore,punjab,5359,45,4,1.1167,0,6,0,approved,0
8407,pet,pet,peshawar,kpk,18967,56,9,3.5679,2,8,3,rejected,1
8408,auto,auto,lahore,punjab,9006,56,24,0.4772,0,6,0,in_review,0
8409,damage,home,faisalabad,punjab,68410,64,7,6.0104,0,6,0,in_review,0
8410,life,life,lahore,punjab,84850,45,20,15.5631,0,1,0,approved,0
8411,theft,auto,islamabad,islamabad,16293,44,3,1.5559,1,3,0,approved,0
8412,life,life,hyderabad,sindh,51263,64,28,5.0169,0,6,1,submitted,0
8413,pet_care,pet,peshawar,kpk,16044,44,28,1.8632,3,8,3,rejected,1
8414,theft,home,mardan,kpk,17835,53,17,7.9408,0,5,0,approved,0
8415,auto,auto,sialkot,punjab,7231,64,10,0.3257,1,2,0,submitted,0
8416,pet,pet,sukkur,sindh,5627,45,21,0.3568,1,2,0,rejected,1
8417,damage,auto,hyderabad,sindh,7125,45,3,0.6126,1,6,0,approved,0
8418,other,home,mardan,kpk,14300,64,22,0.7148,0,3,1,approved,0
8419,life,life,faisalabad,punjab,273367,61,19,36.7874,0,3,0,rejected,1
8420,pet,pet,multan,punjab,9806,45,12,0.6116,0,4,0,approved,0
8421,accident,life,abbottabad,kpk,44956,58,15,3.0186,0,2,1,approved,0
8422,life,life,multan,punjab,13452,58,16,0.578,0,3,0,approved,0
8423,medical,auto,lahore,punjab,68908,45,9,3.5768,0,0,0,submitted,1
8424,accident,auto,sialkot,punjab,99860,53,16,4.0673,1,6,2,rejected,1
8425,damage,auto,gujranwala,punjab,66444,44,21,2.8698,0,3,0,submitted,0
8426,auto,auto,quetta,balochistan,44961,61,1,2.2152,0,6,2,submitted,1
8427,life,life,karachi,sindh,57787,44,18,3.1895,2,2,2,in_review,1
8428,home,home,multan,punjab,20419,45,16,1.0201,0,1,1,submitted,0
8429,home,home,rawalpindi,punjab,17619,58,9,0.9341,0,6,0,approved,0
8430,damage,auto,hyderabad,sindh,70625,56,22,6.1703,0,4,0,rejected,1
8431,damage,home,gujranwala,punjab,31639,61,4,3.7381,1,5,1,approved,0
8432,pet,pet,multan,punjab,10934,45,29,0.531,0,4,0,approved,0
8433,auto,auto,sialkot,punjab,29651,64,14,1.3528,0,0,0,approved,0
8434,pet_care,pet,quetta,balochistan,43085,53,8,1.7802,2,4,1,approved,0
8435,medical,auto,multan,punjab,103448,61,2,4.5211,0,3,0,approved,0
8436,other,others,faisalabad,punjab,31395,61,30,6.2168,0,4,0,approved,0
8437,theft,home,hyderabad,sindh,43316,53,6,1.9315,1,2,0,approved,0
8438,auto,auto,sukkur,sindh,6788,64,1,0.3625,0,6,0,submitted,0
8439,pet,pet,sialkot,punjab,12781,45,5,4.1741,2,8,1,approved,0
8440,theft,home,quetta,balochistan,45979,64,11,8.5209,0,5,2,rejected,1
8441,accident,life,lahore,punjab,31121,53,6,1.904,0,1,2,in_review,1
8442,accident,auto,quetta,balochistan,27371,64,27,1.146,0,2,0,approved,0
8443,pet,pet,peshawar,kpk,10539,44,20,0.6205,0,6,0,approved,0
8444,pet_care,pet,lahore,punjab,18051,53,3,1.2639,2,8,3,rejected,1
8445,theft,auto,sialkot,punjab,15379,61,6,4.5935,3,8,2,submitted,0
8446,pet,pet,peshawar,kpk,10054,53,24,0.8423,4,8,0,rejected,1
8447,medical,life,quetta,balochistan,30306,64,11,3.0715,4,7,1,rejected,1
8448,life,life,rawalpindi,punjab,120845,58,24,9.951,0,4,0,approved,0
8449,theft,home,hyderabad,sindh,52821,64,13,4.2577,1,5,0,approved,0
8450,accident,auto,hyderabad,sindh,24216,56,25,1.5773,0,0,1,submitted,0
8451,damage,home,rawalpindi,punjab,13908,44,13,3.2511,0,0,0,approved,0
8452,medical,life,abbottabad,kpk,94298,45,20,9.6232,0,5,0,approved,0
8453,auto,auto,hyderabad,sindh,51703,64,6,11.4921,0,3,0,approved,0
8454,auto,auto,rawalpindi,punjab,30669,44,3,1.665,2,8,0,approved,0
8455,damage,auto,quetta,balochistan,18153,45,26,1.3532,1,5,1,approved,0
8456,other,home,faisalabad,punjab,10721,61,1,1.3106,0,5,0,submitted,0
8457,damage,home,quetta,balochistan,29736,61,11,2.2874,0,3,2,submitted,1
8458,pet_care,pet,hyderabad,sindh,20019,45,15,0.9456,0,2,0,approved,0
8459,medical,auto,gujranwala,punjab,122785,45,23,9.4895,4,4,1,rejected,1
8460,theft,auto,mardan,kpk,44566,44,7,3.4757,0,2,0,approved,0
8461,pet_care,pet,quetta,balochistan,61572,61,22,8.2371,0,4,0,approved,0
8462,auto,auto,islamabad,islamabad,12401,56,14,0.9751,0,5,2,submitted,1
8463,damage,auto,sialkot,punjab,6302,45,15,0.3507,0,0,2,submitted,1
8464,auto,auto,multan,punjab,15876,61,19,0.7236,2,7,0,approved,0
8465,life,life,islamabad,islamabad,31347,53,21,1.2707,1,1,0,approved,0
8466,home,home,faisalabad,punjab,101042,58,17,7.252,0,2,1,submitted,0
8467,other,auto,mardan,kpk,95150,56,26,9.9042,2,4,0,rejected,1
8468,accident,life,karachi,sindh,23910,44,21,2.8129,0,5,1,approved,0
8469,medical,life,islamabad,islamabad,43589,64,11,13.8642,0,0,0,approved,0
8470,damage,home,mardan,kpk,47340,53,19,3.9622,2,7,2,approved,0
8471,life,life,multan,punjab,28621,56,12,5.9355,2,4,3,rejected,1
8472,auto,auto,karachi,sindh,14557,64,16,0.6795,0,0,0,approved,0
8473,damage,auto,multan,punjab,22953,53,11,3.6146,0,0,0,submitted,0
8474,pet_care,pet,karachi,sindh,21146,58,21,0.8736,1,1,0,approved,0
8475,home,home,mardan,kpk,16234,64,12,0.9771,0,0,0,approved,0
8476,medical,life,peshawar,kpk,71019,56,22,3.7384,2,4,2,rejected,1
8477,accident,auto,faisalabad,punjab,27057,64,10,1.2913,0,2,0,rejected,1
8478,other,pet,islamabad,islamabad,31044,56,21,3.3681,1,6,0,approved,0
8479,damage,home,multan,punjab,22954,44,14,1.0538,2,3,0,submitted,0
8480,pet,pet,sialkot,punjab,39052,45,23,3.2595,2,8,1,approved,0
8481,life,life,lahore,punjab,228532,45,9,44.5742,1,7,0,approved,0
8482,accident,auto,mardan,kpk,54101,44,2,14.7857,1,7,2,rejected,1
8483,other,home,rawalpindi,punjab,13312,64,4,0.976,1,2,0,approved,0
8484,auto,auto,gujranwala,punjab,50198,45,7,11.3442,0,6,0,approved,0
8485,damage,auto,lahore,punjab,12596,53,1,0.871,1,5,0,submitted,0
8486,pet_care,pet,karachi,sindh,34490,61,22,2.1373,4,4,1,in_review,1
8487,pet,pet,abbottabad,kpk,10110,53,11,0.8963,3,4,0,submitted,1
8488,life,life,quetta,balochistan,79376,64,4,4.3276,0,0,1,approved,0
8489,accident,auto,hyderabad,sindh,42275,58,16,3.6256,0,6,0,approved,0
8490,auto,auto,islamabad,islamabad,37921,61,13,1.8713,0,5,0,approved,0
8491,theft,home,rawalpindi,punjab,60300,64,27,7.8649,1,3,0,submitted,0
8492,other,home,karachi,sindh,22335,45,12,2.6736,0,1,1,approved,0
8493,other,others,abbottabad,kpk,9396,56,16,1.1882,0,6,0,approved,0
8494,damage,home,abbottabad,kpk,60852,56,7,2.5708,0,2,1,in_review,1
8495,medical,auto,gujranwala,punjab,26919,61,17,1.5437,1,7,1,approved,0
8496,damage,auto,mardan,kpk,12771,44,29,0.7245,2,6,0,submitted,0
8497,pet,pet,gujranwala,punjab,18424,56,21,2.5465,4,10,2,rejected,1
8498,life,life,quetta,balochistan,18822,56,8,11.5828,0,2,0,approved,0
8499,auto,auto,gujranwala,punjab,33026,44,30,2.018,2,8,2,in_review,1
8500,life,life,karachi,sindh,51095,53,0,4.2515,0,2,0,in_review,1
8501,theft,auto,hyderabad,sindh,44617,53,11,2.1385,2,3,1,approved,0
8502,damage,auto,faisalabad,punjab,13222,53,4,0.8314,0,5,0,approved,0
8503,damage,auto,peshawar,kpk,18588,64,1,5.0662,0,6,0,approved,0
8504,medical,auto,abbottabad,kpk,63255,64,18,24.6416,0,5,1,submitted,0
8505,auto,auto,sukkur,sindh,20518,58,2,1.0342,1,2,0,submitted,0
8506,medical,auto,hyderabad,sindh,21845,58,2,8.0848,2,7,1,in_review,0
8507,life,life,peshawar,kpk,59793,53,16,4.4144,2,2,0,approved,0
8508,medical,auto,multan,punjab,67047,61,27,2.8522,2,3,0,approved,0
8509,damage,auto,quetta,balochistan,42033,61,1,5.4518,0,5,0,submitted,0
8510,pet_care,pet,mardan,kpk,20626,53,29,2.021,0,5,0,in_review,0
8511,pet,pet,faisalabad,punjab,12163,45,11,0.6128,0,2,1,approved,0
8512,pet_care,pet,gujranwala,punjab,18597,45,0,6.2955,1,2,1,in_review,0
8513,pet,pet,lahore,punjab,10125,44,9,3.3773,1,6,0,approved,0
8514,life,life,mardan,kpk,33492,44,5,3.3882,1,7,0,approved,0
8515,medical,life,gujranwala,punjab,49691,58,28,2.6491,0,4,1,approved,0
8516,pet,pet,gujranwala,punjab,7111,56,26,0.4388,0,3,0,approved,0
8517,accident,life,faisalabad,punjab,26667,53,16,2.0052,0,2,0,in_review,1
8518,pet,pet,islamabad,islamabad,5000,61,26,0.2747,2,4,2,rejected,1
8519,auto,auto,abbottabad,kpk,32239,56,2,13.6664,0,0,1,approved,0
8520,pet_care,pet,lahore,punjab,21535,64,30,0.9945,0,2,0,rejected,1
8521,accident,life,gujranwala,punjab,20795,64,14,2.7931,3,5,2,rejected,1
8522,accident,life,rawalpindi,punjab,8023,61,24,0.438,3,3,1,rejected,1
8523,accident,life,multan,punjab,47397,56,24,4.8528,1,1,3,rejected,1
8524,theft,home,abbottabad,kpk,5584,61,27,1.3035,0,6,0,approved,0
8525,theft,auto,sukkur,sindh,40472,45,25,2.986,1,3,0,in_review,0
8526,theft,home,islamabad,islamabad,18742,61,16,7.0011,0,5,0,approved,0
8527,life,life,multan,punjab,449693,61,7,18.7708,0,1,3,rejected,1
8528,auto,auto,peshawar,kpk,33451,58,21,4.0371,0,0,0,approved,0
8529,accident,life,abbottabad,kpk,23370,44,13,3.2181,0,4,1,approved,0
8530,pet,pet,rawalpindi,punjab,49452,45,8,2.0748,1,5,1,approved,0
8531,damage,home,sialkot,punjab,23207,45,4,1.47,0,6,0,submitted,0
8532,life,life,islamabad,islamabad,88094,53,14,22.623,0,6,0,in_review,0
8533,pet,pet,gujranwala,punjab,5225,45,30,0.5939,0,1,0,approved,0
8534,home,home,sialkot,punjab,11583,61,4,2.2426,1,2,0,approved,0
8535,accident,auto,rawalpindi,punjab,11798,58,10,0.5199,1,4,0,approved,0
8536,medical,auto,abbottabad,kpk,68795,53,26,11.7138,1,6,0,approved,0
8537,auto,auto,peshawar,kpk,16502,56,26,1.5728,0,0,3,in_review,1
8538,life,life,hyderabad,sindh,33372,44,16,5.819,1,4,0,approved,0
8539,home,home,rawalpindi,punjab,114753,44,2,16.8358,0,2,0,approved,0
8540,home,home,sialkot,punjab,13977,44,3,0.7395,0,0,0,approved,0
8541,theft,auto,peshawar,kpk,17933,45,20,1.3849,1,2,0,submitted,0
8542,life,life,karachi,sindh,68646,45,13,3.0454,1,6,1,approved,0
8543,theft,auto,sialkot,punjab,30654,45,26,1.5942,0,5,1,approved,0
8544,home,home,gujranwala,punjab,97739,61,0,8.1388,1,4,1,in_review,0
8545,other,home,multan,punjab,98378,44,2,4.0095,0,4,0,approved,0
8546,home,home,sukkur,sindh,16045,44,21,2.2137,1,5,3,in_review,1
8547,home,home,sialkot,punjab,36359,45,13,4.5557,0,5,1,approved,0
8548,home,home,rawalpindi,punjab,58515,56,20,14.9616,2,6,1,submitted,0
8549,theft,home,karachi,sindh,5000,53,27,0.8688,1,7,0,approved,0
8550,medical,life,abbottabad,kpk,95360,45,10,11.8357,1,6,0,approved,0
8551,life,life,karachi,sindh,100891,56,25,9.1844,0,6,0,in_review,0
8552,pet_care,pet,sialkot,punjab,13418,64,21,0.7564,0,6,0,approved,0
8553,theft,home,abbottabad,kpk,8833,64,22,4.4121,0,6,3,rejected,1
8554,other,pet,quetta,balochistan,21550,64,29,3.2474,0,3,1,approved,0
8555,accident,auto,mardan,kpk,24164,44,29,1.07,3,6,0,in_review,1
8556,auto,auto,sialkot,punjab,14021,64,27,0.7108,2,2,1,in_review,0
8557,theft,home,sukkur,sindh,10203,56,29,1.3182,1,4,0,approved,0
8558,other,others,islamabad,islamabad,27515,45,8,1.2316,1,6,0,approved,0
8559,damage,auto,gujranwala,punjab,12040,61,2,2.9287,0,6,0,approved,0
8560,damage,home,quetta,balochistan,23825,53,17,1.0345,1,3,2,rejected,1
8561,theft,home,karachi,sindh,25286,58,7,1.0478,3,3,2,in_review,1
8562,pet,pet,sukkur,sindh,6183,61,15,0.6551,2,5,1,rejected,1
8563,medical,auto,mardan,kpk,51045,61,16,9.4686,0,5,2,submitted,1
8564,medical,life,hyderabad,sindh,33390,56,23,1.3524,1,5,0,approved,0
8565,pet_care,pet,sialkot,punjab,5000,64,15,0.2761,1,7,1,approved,0
8566,other,home,quetta,balochistan,13825,44,6,0.6256,0,2,1,approved,0
8567,life,life,islamabad,islamabad,14541,45,25,2.2692,1,3,0,approved,0
8568,damage,home,sukkur,sindh,49604,45,3,2.2897,1,5,1,in_review,0
8569,theft,home,karachi,sindh,30531,53,10,1.5455,1,7,0,submitted,0
8570,damage,auto,lahore,punjab,21170,58,5,1.0845,0,1,1,approved,0
8571,auto,auto,faisalabad,punjab,43799,45,20,2.0992,1,1,0,submitted,0
8572,life,life,mardan,kpk,30187,58,17,3.0879,1,4,0,rejected,1
8573,accident,life,mardan,kpk,18512,58,23,0.9956,0,4,0,approved,0
8574,auto,auto,mardan,kpk,27114,45,7,1.4313,0,2,0,approved,0
8575,other,pet,mardan,kpk,66095,45,29,8.8433,1,3,0,approved,0
8576,medical,life,abbottabad,kpk,52104,61,21,7.0784,3,7,2,rejected,1
8577,theft,home,hyderabad,sindh,16005,45,11,0.7997,2,2,0,approved,0
8578,auto,auto,karachi,sindh,29215,61,4,1.2676,3,8,3,rejected,1
8579,home,home,faisalabad,punjab,15873,64,2,4.9036,0,6,0,approved,0
8580,damage,auto,sialkot,punjab,17821,58,16,1.1133,3,6,2,rejected,1
8581,home,home,rawalpindi,punjab,97332,56,15,10.2758,0,0,0,submitted,0
8582,home,home,islamabad,islamabad,17014,44,14,0.704,0,4,1,in_review,1
8583,life,life,gujranwala,punjab,81999,53,0,23.5968,0,5,0,approved,0
8584,damage,auto,lahore,punjab,20056,45,21,0.8792,0,1,0,approved,0
8585,pet_care,pet,islamabad,islamabad,13855,45,14,0.7432,1,4,3,rejected,1
8586,accident,life,hyderabad,sindh,19057,64,8,2.0701,0,0,0,approved,0
8587,home,home,lahore,punjab,39848,64,18,1.9274,0,1,0,submitted,0
8588,pet,pet,multan,punjab,6065,45,17,0.4556,0,5,1,approved,0
8589,other,others,sukkur,sindh,32876,64,20,20.2438,2,3,1,approved,0
8590,pet_care,pet,islamabad,islamabad,20791,45,13,0.9683,2,4,0,approved,0
8591,medical,auto,hyderabad,sindh,64944,44,4,20.1065,0,6,0,approved,0
8592,pet_care,pet,lahore,punjab,7121,45,30,0.3426,2,4,0,approved,0
8593,home,home,mardan,kpk,17379,64,3,0.7183,0,6,0,approved,0
8594,pet,pet,lahore,punjab,11552,64,11,0.5581,0,6,3,in_review,1
8595,damage,home,hyderabad,sindh,66521,53,29,4.3535,2,5,1,approved,0
8596,pet,pet,sukkur,sindh,28562,61,7,3.6712,0,5,0,submitted,1
8597,damage,auto,peshawar,kpk,66207,64,19,26.7719,0,4,0,approved,0
8598,pet,pet,abbottabad,kpk,27882,53,1,1.3141,1,1,0,approved,0
8599,pet_care,pet,peshawar,kpk,18284,64,14,3.5572,1,7,1,submitted,0
8600,auto,auto,sukkur,sindh,40742,61,29,2.7554,0,5,0,approved,0
8601,accident,life,faisalabad,punjab,34397,61,11,2.318,1,3,0,approved,0
8602,damage,auto,peshawar,kpk,26757,58,9,7.5585,2,4,1,approved,0
8603,pet_care,pet,sialkot,punjab,11142,56,6,0.7048,0,3,0,submitted,0
8604,accident,life,faisalabad,punjab,29392,64,8,10.8258,0,1,0,approved,0
8605,damage,home,faisalabad,punjab,16578,58,6,4.8932,1,7,3,rejected,1
8606,accident,life,karachi,sindh,79258,56,25,7.6607,0,4,0,submitted,0
8607,auto,auto,mardan,kpk,44574,58,14,2.2722,2,8,1,approved,0
8608,pet,pet,rawalpindi,punjab,11534,53,4,0.5504,0,0,0,submitted,0
8609,home,home,rawalpindi,punjab,91080,45,12,15.8538,0,0,1,approved,0
8610,auto,auto,sukkur,sindh,9267,61,7,0.5334,0,3,0,approved,0
8611,home,home,peshawar,kpk,45702,53,27,1.9421,0,6,0,approved,0
8612,theft,auto,faisalabad,punjab,15769,53,4,0.6452,1,3,0,submitted,0
8613,damage,home,peshawar,kpk,15684,53,25,2.1899,2,4,1,approved,0
8614,pet_care,pet,sialkot,punjab,14136,61,29,1.6117,1,3,0,in_review,0
8615,theft,home,karachi,sindh,34374,44,25,3.7021,0,5,0,submitted,0
8616,medical,auto,mardan,kpk,46931,56,17,7.8849,0,6,0,approved,0
8617,auto,auto,karachi,sindh,48628,64,25,13.5681,0,0,1,approved,0
8618,auto,auto,rawalpindi,punjab,56739,44,9,2.5533,0,1,0,approved,0
8619,theft,home,rawalpindi,punjab,6515,44,7,1.6043,2,7,2,in_review,1
8620,home,home,rawalpindi,punjab,5351,44,5,1.109,1,7,0,in_review,0
8621,medical,life,hyderabad,sindh,39162,64,4,1.8745,3,5,2,in_review,1
8622,damage,home,faisalabad,punjab,14853,45,17,3.2352,3,5,0,rejected,1
8623,accident,auto,quetta,balochistan,49195,61,27,2.2433,0,3,0,approved,0
8624,theft,auto,islamabad,islamabad,30725,53,22,1.5553,1,4,0,approved,0
8625,accident,auto,mardan,kpk,14606,56,7,1.2704,0,2,1,in_review,1
8626,damage,auto,multan,punjab,53165,61,29,3.6194,0,0,1,submitted,0
8627,auto,auto,lahore,punjab,14047,44,16,0.5766,0,5,0,approved,0
8628,accident,life,abbottabad,kpk,33139,44,9,11.6033,3,7,2,approved,0
8629,auto,auto,abbottabad,kpk,26896,53,12,6.9302,1,3,2,submitted,1
8630,medical,life,sialkot,punjab,220845,53,34,18.6022,0,0,1,in_review,1
8631,life,life,hyderabad,sindh,62095,64,27,8.406,0,2,1,approved,0
8632,medical,auto,faisalabad,punjab,106919,61,22,28.144,0,2,0,approved,0
8633,medical,auto,rawalpindi,punjab,109840,64,20,8.8424,2,3,1,submitted,0
8634,pet_care,pet,gujranwala,punjab,14498,64,25,2.1368,0,3,0,approved,0
8635,auto,auto,quetta,balochistan,25566,44,19,1.5157,0,1,0,approved,0
8636,home,home,rawalpindi,punjab,30954,53,8,6.067,0,0,3,rejected,1
8637,accident,life,abbottabad,kpk,17142,45,2,1.4021,0,1,3,submitted,1
8638,pet_care,pet,mardan,kpk,9182,58,3,2.403,1,6,0,submitted,0
8639,other,others,rawalpindi,punjab,24962,56,3,1.8293,2,8,0,in_review,0
8640,theft,home,hyderabad,sindh,5000,45,23,0.379,1,7,2,rejected,1
8641,theft,auto,faisalabad,punjab,26253,61,2,1.1164,0,4,0,approved,0
8642,damage,auto,faisalabad,punjab,11926,58,26,0.8821,0,2,0,approved,0
8643,accident,auto,sukkur,sindh,61023,44,15,2.4818,0,1,0,approved,0
8644,accident,auto,sukkur,sindh,67505,58,18,6.3118,0,1,0,in_review,0
8645,pet,pet,lahore,punjab,6941,61,17,0.399,1,6,1,approved,0
8646,theft,home,lahore,punjab,17315,44,7,1.1452,3,3,1,rejected,1
8647,theft,auto,gujranwala,punjab,6035,56,21,0.6798,0,2,3,rejected,1
8648,other,home,lahore,punjab,121198,58,9,8.2207,0,1,1,in_review,0
8649,life,life,sialkot,punjab,27130,56,12,1.6478,2,7,2,approved,0
8650,life,life,karachi,sindh,178204,61,5,7.5417,1,2,3,submitted,1
8651,pet_care,pet,hyderabad,sindh,6395,53,12,1.1068,0,1,0,submitted,1
8652,home,home,sialkot,punjab,79555,53,10,30.4808,0,5,0,approved,0
8653,pet_care,pet,abbottabad,kpk,18431,44,7,1.3246,1,4,0,approved,0
8654,pet,pet,mardan,kpk,12077,56,14,0.5643,0,0,0,approved,0
8655,pet_care,pet,karachi,sindh,6233,56,2,0.2708,0,3,0,submitted,0
8656,other,auto,rawalpindi,punjab,19367,44,18,2.5628,0,3,1,approved,0
8657,theft,auto,abbottabad,kpk,19794,58,2,1.3246,4,7,2,submitted,1
8658,other,pet,hyderabad,sindh,18381,64,22,3.3932,0,3,0,approved,0
8659,pet_care,pet,abbottabad,kpk,10071,64,3,0.6983,0,5,0,approved,0
8660,damage,auto,quetta,balochistan,11262,44,13,0.5217,0,4,0,in_review,0
8661,life,life,rawalpindi,punjab,29784,61,15,2.3053,0,1,0,approved,0
8662,pet_care,pet,multan,punjab,10566,64,9,0.4945,0,6,0,approved,0
8663,home,home,abbottabad,kpk,59036,64,22,3.5645,0,5,0,approved,0
8664,pet,pet,lahore,punjab,17091,64,24,2.2494,2,2,1,approved,0
8665,accident,life,abbottabad,kpk,102153,64,24,8.6249,1,4,2,rejected,1
8666,home,home,sukkur,sindh,45476,58,14,2.7836,2,2,0,submitted,0
8667,pet,pet,sukkur,sindh,33042,64,0,2.221,2,5,2,rejected,1
8668,pet_care,pet,sukkur,sindh,11655,58,22,1.6548,0,2,1,approved,0
8669,life,life,lahore,punjab,93633,64,8,3.9225,1,3,3,rejected,1
8670,medical,life,lahore,punjab,90625,61,11,4.7292,0,1,0,approved,0
8671,life,life,faisalabad,punjab,89869,45,15,32.165,2,7,0,submitted,0
8672,medical,auto,faisalabad,punjab,44104,58,28,2.4043,0,6,1,approved,0
8673,accident,life,karachi,sindh,18591,64,21,0.8421,0,6,0,approved,0
8674,life,life,sukkur,sindh,14330,44,10,1.8526,1,2,0,rejected,1
8675,pet_care,pet,karachi,sindh,11898,64,0,0.804,1,4,0,approved,0
8676,pet,pet,abbottabad,kpk,7878,64,28,0.5066,0,5,0,submitted,0
8677,damage,home,rawalpindi,punjab,20435,56,3,2.6293,0,4,1,approved,0
8678,pet,pet,quetta,balochistan,5000,64,26,0.3257,1,2,0,approved,0
8679,theft,home,hyderabad,sindh,9997,56,27,1.0685,0,2,0,submitted,0
8680,damage,home,sukkur,sindh,25961,53,10,1.1166,0,3,3,rejected,1
8681,other,others,faisalabad,punjab,22225,44,24,2.2484,2,7,1,approved,0
8682,home,home,sukkur,sindh,24094,64,19,1.1664,1,5,2,rejected,1
8683,medical,life,quetta,balochistan,41976,61,2,1.7338,1,2,0,approved,0
8684,medical,life,hyderabad,sindh,187531,56,2,9.9055,0,2,0,approved,0
8685,theft,home,faisalabad,punjab,5000,61,17,0.5192,0,4,0,approved,0
8686,other,home,lahore,punjab,48173,53,0,3.426,2,4,0,approved,0
8687,other,others,hyderabad,sindh,20290,61,11,1.1835,1,3,0,approved,0
8688,pet,pet,sukkur,sindh,11195,58,18,0.4785,4,4,1,submitted,1
8689,home,home,karachi,sindh,31776,44,16,2.1886,2,4,2,rejected,1
8690,auto,auto,mardan,kpk,9445,58,22,0.3811,0,1,0,approved,0
8691,home,home,mardan,kpk,45300,45,17,1.8711,0,1,1,approved,0
8692,medical,auto,peshawar,kpk,17503,61,14,4.6725,3,7,1,rejected,1
8693,theft,auto,quetta,balochistan,9062,45,13,1.0143,0,6,0,approved,0
8694,other,pet,karachi,sindh,41247,53,15,6.0595,2,7,0,in_review,0
8695,damage,home,sukkur,sindh,24994,61,30,6.0504,0,2,0,approved,0
8696,pet_care,pet,quetta,balochistan,19468,64,17,4.2184,0,6,0,approved,0
8697,pet_care,pet,karachi,sindh,20996,56,29,9.2412,1,6,0,rejected,1
8698,pet,pet,gujranwala,punjab,11625,64,6,2.3315,0,0,0,approved,0
8699,pet_care,pet,rawalpindi,punjab,7713,56,18,0.3353,0,4,0,approved,0
8700,damage,home,hyderabad,sindh,7397,58,22,0.7299,0,5,1,approved,0
8701,other,life,faisalabad,punjab,7460,64,11,0.7444,1,3,0,approved,0
8702,theft,home,islamabad,islamabad,29349,45,3,1.5569,0,4,0,approved,0
8703,pet,pet,karachi,sindh,5000,45,8,0.294,1,2,0,approved,0
8704,theft,auto,faisalabad,punjab,25845,64,22,1.4337,1,4,0,in_review,0
8705,theft,auto,quetta,balochistan,57115,53,0,4.6586,0,3,0,approved,0
8706,life,life,rawalpindi,punjab,119615,56,2,5.9787,0,0,0,approved,0
8707,damage,home,rawalpindi,punjab,7448,56,0,0.4402,0,3,0,approved,0
8708,medical,life,quetta,balochistan,145503,58,6,10.059,0,0,0,submitted,0
8709,damage,auto,gujranwala,punjab,13372,58,4,4.2077,2,2,2,submitted,1
8710,pet_care,pet,multan,punjab,21467,61,16,1.2279,0,0,0,submitted,0
8711,damage,auto,faisalabad,punjab,15032,61,22,1.6212,2,6,1,approved,0
8712,theft,auto,faisalabad,punjab,30919,45,13,6.691,0,6,2,rejected,1
8713,life,life,mardan,kpk,11662,61,1,0.5784,3,5,3,in_review,1
8714,damage,home,lahore,punjab,80122,44,8,12.268,1,7,0,submitted,0
8715,home,home,rawalpindi,punjab,20839,61,3,3.5911,0,3,0,in_review,0
8716,other,auto,faisalabad,punjab,31420,64,21,5.263,0,6,0,submitted,0
8717,accident,auto,lahore,punjab,12077,58,27,2.6283,0,2,1,approved,0
8718,life,life,multan,punjab,115198,45,4,4.781,1,6,0,in_review,1
8719,home,home,peshawar,kpk,17344,45,14,0.8134,3,9,2,rejected,1
8720,pet_care,pet,sukkur,sindh,11544,64,1,0.4963,2,6,0,approved,0
8721,accident,life,abbottabad,kpk,14364,56,21,8.4594,0,6,0,rejected,1
8722,other,pet,mardan,kpk,160330,64,9,8.9575,1,6,0,approved,0
8723,pet_care,pet,hyderabad,sindh,9436,45,0,0.7151,1,2,1,approved,0
8724,pet,pet,hyderabad,sindh,14722,53,6,0.6598,0,1,0,approved,0
8725,other,home,gujranwala,punjab,6943,61,11,2.9395,0,1,1,approved,0
8726,accident,auto,quetta,balochistan,45665,64,26,2.3669,3,4,2,rejected,1
8727,other,pet,rawalpindi,punjab,18919,64,17,2.2639,0,5,0,submitted,0
8728,theft,home,abbottabad,kpk,65357,44,21,5.8475,0,1,0,approved,0
8729,accident,life,mardan,kpk,51998,44,5,10.0557,1,1,1,submitted,0
8730,auto,auto,gujranwala,punjab,11384,61,3,1.5191,1,1,0,approved,0
8731,life,life,abbottabad,kpk,107330,44,5,4.5471,4,4,2,submitted,1
8732,medical,life,hyderabad,sindh,61088,61,11,6.279,0,4,0,approved,0
8733,theft,home,multan,punjab,5000,64,1,0.6968,0,0,0,approved,0
8734,medical,life,abbottabad,kpk,32362,45,19,3.3609,1,7,3,rejected,1
8735,auto,auto,sukkur,sindh,25711,56,15,2.1249,1,4,0,approved,0
8736,theft,home,sukkur,sindh,20248,64,1,0.8372,4,4,0,in_review,1
8737,medical,life,karachi,sindh,226435,64,20,20.8197,0,3,0,approved,0
8738,accident,auto,gujranwala,punjab,60302,44,30,29.8229,0,4,0,approved,0
8739,medical,life,peshawar,kpk,62481,64,17,3.6984,0,4,0,approved,0
8740,life,life,faisalabad,punjab,148723,58,27,6.3674,0,5,0,approved,0
8741,theft,home,sialkot,punjab,27143,56,24,1.2088,2,4,1,approved,0
8742,other,others,peshawar,kpk,28498,58,4,2.3363,0,2,0,submitted,0
8743,auto,auto,peshawar,kpk,71888,45,23,10.9469,0,1,1,submitted,0
8744,life,life,rawalpindi,punjab,28272,53,29,1.3103,1,6,0,approved,0
8745,other,others,sialkot,punjab,48097,56,20,2.6927,2,8,0,in_review,0
8746,home,home,gujranwala,punjab,12783,56,23,0.689,1,2,0,approved,0
8747,accident,auto,mardan,kpk,14236,64,22,0.5781,0,0,0,submitted,0
8748,home,home,quetta,balochistan,9991,61,8,0.5236,1,3,0,approved,0
8749,home,home,sukkur,sindh,18466,53,9,3.088,0,4,0,approved,0
8750,other,home,peshawar,kpk,11042,56,20,0.4735,2,5,3,in_review,1
8751,theft,home,rawalpindi,punjab,37008,53,29,6.4598,0,0,0,in_review,0
8752,pet_care,pet,rawalpindi,punjab,12969,64,8,0.5557,1,4,0,approved,0
8753,medical,auto,peshawar,kpk,5000,45,26,0.2187,1,2,0,submitted,1
8754,home,home,islamabad,islamabad,99747,45,2,9.8613,2,5,2,in_review,1
8755,life,life,hyderabad,sindh,63137,53,9,20.2948,1,5,1,submitted,0
8756,auto,auto,quetta,balochistan,12300,44,1,0.5073,0,3,0,approved,0
8757,life,life,islamabad,islamabad,119136,58,30,9.0241,0,6,1,submitted,0
8758,other,auto,sialkot,punjab,17404,61,5,3.6494,4,5,0,rejected,1
8759,damage,home,abbottabad,kpk,26855,53,5,1.2794,1,7,0,approved,0
8760,life,life,faisalabad,punjab,39038,56,25,3.1554,0,4,0,approved,0
8761,life,life,multan,punjab,87107,64,8,21.4549,1,1,1,approved,0
8762,accident,life,hyderabad,sindh,60082,44,26,2.9057,2,8,0,rejected,1
8763,pet,pet,islamabad,islamabad,8756,56,1,1.1949,0,2,2,rejected,1
8764,medical,life,sialkot,punjab,66197,64,10,3.7025,1,6,0,submitted,0
8765,medical,auto,multan,punjab,48584,64,24,2.3695,0,1,0,submitted,0
8766,life,life,abbottabad,kpk,12200,56,6,2.0629,0,5,0,rejected,1
8767,theft,home,quetta,balochistan,7171,64,11,0.382,0,2,3,in_review,1
8768,other,pet,abbottabad,kpk,19796,53,10,1.7921,0,0,0,in_review,1
8769,theft,home,sialkot,punjab,36644,56,25,1.773,0,0,0,submitted,0
8770,other,pet,quetta,balochistan,40281,64,21,4.9736,0,1,0,approved,0
8771,damage,home,lahore,punjab,208900,45,30,27.3644,0,4,0,approved,0
8772,pet_care,pet,faisalabad,punjab,31934,64,3,3.0709,4,4,1,submitted,1
8773,life,life,abbottabad,kpk,29359,53,7,1.3349,1,5,2,rejected,1
8774,auto,auto,hyderabad,sindh,17218,61,25,4.3689,0,6,0,approved,0
8775,life,life,lahore,punjab,110861,44,11,4.5398,0,2,0,approved,0
8776,home,home,rawalpindi,punjab,44656,64,9,3.6645,0,1,0,submitted,0
8777,pet_care,pet,faisalabad,punjab,21988,58,9,6.0606,0,1,0,approved,0
8778,life,life,abbottabad,kpk,20302,44,0,0.8449,0,4,0,approved,0
8779,medical,life,sukkur,sindh,240085,58,12,19.5509,2,8,3,approved,0
8780,accident,life,hyderabad,sindh,55587,45,16,2.4664,0,0,0,approved,0
8781,auto,auto,mardan,kpk,100130,64,20,5.8556,0,5,0,in_review,0
8782,pet_care,pet,peshawar,kpk,36845,64,13,4.742,0,2,0,approved,0
8783,other,auto,abbottabad,kpk,31810,44,13,1.5697,1,6,0,submitted,0
8784,other,pet,sukkur,sindh,64276,64,2,24.6363,1,1,2,rejected,1
8785,auto,auto,karachi,sindh,7671,61,23,0.7721,0,2,2,rejected,1
8786,medical,auto,abbottabad,kpk,52283,64,14,2.9999,0,0,1,approved,0
8787,auto,auto,sialkot,punjab,30136,58,20,1.5144,4,8,2,in_review,1
8788,life,life,hyderabad,sindh,223969,64,8,12.0751,0,0,0,approved,0
8789,pet_care,pet,karachi,sindh,15753,61,8,1.7969,0,6,1,submitted,0
8790,pet,pet,sukkur,sindh,9185,56,26,2.4095,0,4,0,approved,0
8791,theft,home,karachi,sindh,43058,64,16,2.4581,0,4,0,approved,0
8792,theft,home,multan,punjab,39066,64,18,2.1262,1,6,0,approved,0
8793,auto,auto,gujranwala,punjab,13330,64,26,0.6407,0,3,0,approved,0
8794,home,home,karachi,sindh,19065,64,5,0.8737,0,3,0,approved,0
8795,other,pet,quetta,balochistan,39073,64,29,1.6311,0,1,2,rejected,1
8796,accident,life,gujranwala,punjab,11888,58,22,0.5939,1,1,1,approved,0
8797,medical,life,rawalpindi,punjab,24575,58,29,1.0971,0,6,0,approved,0
8798,other,others,sukkur,sindh,19354,64,14,2.2953,0,3,2,rejected,1
8799,theft,auto,hyderabad,sindh,11167,56,27,0.4526,2,7,0,submitted,0
8800,pet_care,pet,abbottabad,kpk,11893,53,29,0.5901,0,0,0,approved,0
8801,accident,auto,karachi,sindh,34704,58,22,2.0358,0,5,0,approved,0
8802,theft,auto,karachi,sindh,8716,64,21,2.2563,4,9,1,in_review,1
8803,pet_care,pet,peshawar,kpk,5000,64,8,1.7724,0,2,0,approved,0
8804,pet_care,pet,sukkur,sindh,11846,44,10,0.5289,4,4,3,rejected,1
8805,other,others,quetta,balochistan,5383,64,9,1.4412,0,4,0,approved,0
8806,home,home,sialkot,punjab,7510,53,20,0.3362,0,4,1,approved,0
8807,pet_care,pet,multan,punjab,9429,58,4,0.5323,2,4,2,in_review,1
8808,life,life,karachi,sindh,71990,64,28,7.6781,0,0,0,approved,0
8809,medical,life,hyderabad,sindh,16168,44,12,0.6771,2,8,0,approved,0
8810,home,home,quetta,balochistan,16770,61,1,4.0704,0,6,1,submitted,0
8811,pet,pet,peshawar,kpk,14277,44,29,1.7934,4,10,1,in_review,1
8812,pet_care,pet,sialkot,punjab,5015,64,26,0.217,3,8,2,rejected,1
8813,home,home,hyderabad,sindh,48440,56,12,2.7411,1,4,0,in_review,0
8814,accident,auto,islamabad,islamabad,35602,64,24,1.6348,0,0,1,approved,0
8815,damage,home,hyderabad,sindh,43624,44,6,3.0897,0,3,3,in_review,1
8816,accident,auto,gujranwala,punjab,6870,64,29,0.4147,0,1,0,approved,0
8817,accident,life,mardan,kpk,12335,61,8,1.7378,0,4,0,approved,0
8818,pet,pet,rawalpindi,punjab,9134,61,18,0.4126,0,3,1,in_review,0
8819,life,life,gujranwala,punjab,44798,64,9,25.8202,0,3,0,approved,0
8820,auto,auto,sialkot,punjab,25171,44,19,3.1409,0,3,0,in_review,1
8821,home,home,abbottabad,kpk,41864,53,22,4.4837,0,0,0,approved,0
8822,damage,auto,faisalabad,punjab,66590,53,25,16.8157,0,1,1,submitted,0
8823,home,home,rawalpindi,punjab,70911,58,2,8.1069,2,6,1,submitted,0
8824,theft,auto,faisalabad,punjab,43617,61,25,2.0838,0,2,3,rejected,1
8825,life,life,rawalpindi,punjab,22538,53,18,3.7956,1,1,1,approved,0
8826,damage,auto,multan,punjab,10489,45,16,0.589,0,0,0,approved,0
8827,pet,pet,islamabad,islamabad,11024,64,20,0.4662,4,9,2,rejected,1
8828,life,life,hyderabad,sindh,297136,45,19,104.3681,0,6,0,rejected,1
8829,home,home,sialkot,punjab,60518,56,19,13.9861,0,4,0,approved,0
8830,theft,auto,sialkot,punjab,7678,64,25,0.4236,0,5,0,submitted,0
8831,home,home,sukkur,sindh,24835,45,9,1.0143,0,0,0,submitted,0
8832,pet_care,pet,sialkot,punjab,9418,56,0,2.0961,0,6,2,in_review,1
8833,accident,life,mardan,kpk,43611,61,5,3.6498,0,3,0,submitted,0
8834,other,home,islamabad,islamabad,28137,56,7,1.6674,0,2,2,rejected,1
8835,theft,home,multan,punjab,6555,58,28,0.7051,3,6,3,rejected,1
8836,theft,auto,multan,punjab,9296,58,20,0.8194,0,0,2,in_review,1
8837,home,home,mardan,kpk,36968,58,26,3.5567,0,3,0,approved,0
8838,theft,home,mardan,kpk,50018,53,6,3.3931,0,2,1,approved,0
8839,life,life,karachi,sindh,67256,61,4,7.9839,0,0,0,rejected,1
8840,other,auto,multan,punjab,6843,56,18,0.6005,0,2,1,approved,0
8841,life,life,multan,punjab,30553,45,3,1.4361,0,6,0,approved,0
8842,accident,life,peshawar,kpk,21475,45,14,1.1799,0,1,1,submitted,0
8843,home,home,peshawar,kpk,17324,53,19,0.8451,0,4,0,approved,0
8844,auto,auto,hyderabad,sindh,30788,64,14,1.5244,2,8,3,in_review,1
8845,pet_care,pet,karachi,sindh,10051,61,7,0.615,0,1,1,approved,0
8846,other,pet,sialkot,punjab,10811,61,8,0.6804,0,4,0,submitted,0
8847,damage,auto,faisalabad,punjab,24958,45,22,1.0532,0,4,3,rejected,1
8848,theft,auto,sialkot,punjab,22690,45,4,7.3146,0,6,0,approved,0
8849,pet_care,pet,sialkot,punjab,20711,45,12,10.1525,1,5,2,in_review,1
8850,damage,auto,quetta,balochistan,56598,58,14,5.3642,2,8,1,approved,0
8851,other,pet,lahore,punjab,11219,56,16,2.205,0,6,0,submitted,0
8852,pet,pet,gujranwala,punjab,7739,61,22,0.8177,0,2,0,approved,0
8853,pet_care,pet,sialkot,punjab,5958,53,3,0.4816,1,2,1,submitted,0
8854,other,life,multan,punjab,11759,64,1,0.9967,0,5,0,approved,0
8855,home,home,hyderabad,sindh,30005,56,6,4.8271,2,3,1,approved,0
8856,life,life,islamabad,islamabad,197015,64,17,15.0107,0,4,0,submitted,0
8857,damage,home,lahore,punjab,94181,44,2,46.9965,0,1,0,approved,0
8858,life,life,sialkot,punjab,300715,53,12,59.5829,0,4,0,approved,0
8859,accident,auto,mardan,kpk,52650,44,28,3.4898,4,10,3,in_review,1
8860,auto,auto,faisalabad,punjab,40415,61,21,3.4329,1,1,0,approved,0
8861,theft,home,rawalpindi,punjab,18414,44,12,0.8711,0,2,0,approved,0
8862,damage,auto,gujranwala,punjab,13479,64,22,1.4168,1,6,0,approved,0
8863,home,home,karachi,sindh,72102,53,19,3.0948,2,5,0,approved,0
8864,accident,life,rawalpindi,punjab,21139,64,1,4.1215,1,6,2,rejected,1
8865,accident,life,multan,punjab,11266,58,17,1.4123,2,2,2,approved,0
8866,other,home,faisalabad,punjab,35910,64,25,4.2573,0,1,1,approved,0
8867,auto,auto,sukkur,sindh,33502,45,27,2.0119,0,6,0,approved,0
8868,pet_care,pet,sukkur,sindh,11198,53,29,1.0988,0,2,0,submitted,0
8869,life,life,lahore,punjab,10432,56,6,0.8926,0,5,0,submitted,0
8870,life,life,lahore,punjab,24209,45,5,2.6842,0,5,0,approved,0
8871,life,life,rawalpindi,punjab,112442,64,26,10.4978,1,3,0,approved,0
8872,pet_care,pet,rawalpindi,punjab,19320,45,13,3.0296,1,6,0,approved,0
8873,damage,home,mardan,kpk,26604,45,24,1.3922,4,6,1,rejected,1
8874,damage,auto,multan,punjab,12054,56,22,1.2366,0,3,1,approved,0
8875,pet,pet,faisalabad,punjab,7652,53,19,0.3293,1,2,0,approved,0
8876,pet,pet,islamabad,islamabad,7557,53,16,0.635,1,7,0,submitted,0
8877,other,others,abbottabad,kpk,8906,64,30,0.5948,0,3,1,submitted,0
8878,damage,home,lahore,punjab,14285,44,16,2.0995,1,1,1,submitted,0
8879,home,home,sialkot,punjab,20507,44,7,1.2508,0,2,0,approved,0
8880,accident,auto,rawalpindi,punjab,18108,56,12,2.7824,0,3,0,submitted,0
8881,pet,pet,islamabad,islamabad,5000,56,27,0.2155,0,6,3,rejected,1
8882,medical,life,lahore,punjab,14062,44,28,7.2298,0,3,1,approved,0
8883,pet_care,pet,gujranwala,punjab,10588,64,8,0.4491,0,6,0,approved,0
8884,pet,pet,karachi,sindh,20088,58,25,1.8034,1,4,0,submitted,0
8885,pet,pet,quetta,balochistan,7283,61,29,1.0823,1,6,0,in_review,0
8886,other,home,lahore,punjab,5000,64,17,0.4966,1,4,0,rejected,1
8887,theft,home,karachi,sindh,10421,64,6,4.0883,0,1,1,approved,0
8888,auto,auto,karachi,sindh,26882,45,18,1.3076,0,6,0,approved,0
8889,accident,auto,abbottabad,kpk,15450,45,12,2.018,2,3,0,approved,0
8890,auto,auto,abbottabad,kpk,76604,56,24,4.0589,1,5,1,in_review,0
8891,pet_care,pet,mardan,kpk,18457,56,23,0.8276,0,6,0,approved,0
8892,pet_care,pet,lahore,punjab,9357,64,16,4.5823,1,3,0,submitted,0
8893,other,pet,hyderabad,sindh,14587,58,6,2.5255,0,4,0,approved,0
8894,theft,home,faisalabad,punjab,10865,45,18,1.3901,1,4,0,approved,0
8895,auto,auto,abbottabad,kpk,13983,56,7,1.4772,0,4,2,rejected,1
8896,medical,auto,sukkur,sindh,27195,56,10,3.0223,2,2,1,submitted,0
8897,pet_care,pet,faisalabad,punjab,7652,56,0,0.4496,2,7,3,in_review,1
8898,theft,home,hyderabad,sindh,23910,56,12,2.0689,1,2,0,in_review,0
8899,pet_care,pet,peshawar,kpk,23590,61,23,1.6262,0,6,1,approved,0
8900,home,home,multan,punjab,52623,45,5,9.942,2,5,0,approved,0
8901,auto,auto,abbottabad,kpk,43760,45,17,8.3847,4,4,3,rejected,1
8902,theft,auto,sukkur,sindh,62530,45,26,2.8674,0,2,0,in_review,0
8903,life,life,karachi,sindh,74826,56,0,16.7583,0,1,0,approved,0
8904,damage,auto,lahore,punjab,29928,64,4,3.1821,1,1,0,approved,0
8905,medical,life,lahore,punjab,297758,56,11,26.5145,0,1,0,approved,0
8906,pet_care,pet,karachi,sindh,16221,56,8,0.796,1,4,3,rejected,1
8907,life,life,hyderabad,sindh,222718,64,32,14.5122,0,6,1,rejected,1
8908,pet_care,pet,rawalpindi,punjab,11246,58,25,1.343,0,6,0,approved,0
8909,accident,auto,peshawar,kpk,9125,58,25,0.9178,2,3,0,approved,0
8910,home,home,rawalpindi,punjab,38255,64,26,1.5413,0,4,0,approved,0
8911,theft,home,karachi,sindh,5000,44,11,0.2697,0,3,0,approved,0
8912,pet_care,pet,peshawar,kpk,120258,58,1,6.0225,0,5,3,in_review,1
8913,auto,auto,peshawar,kpk,74705,45,11,4.3489,0,4,0,rejected,1
8914,medical,auto,abbottabad,kpk,121264,58,10,32.8184,1,5,1,submitted,0
8915,damage,auto,gujranwala,punjab,5000,45,14,0.2356,0,6,1,approved,0
8916,accident,life,islamabad,islamabad,27638,44,7,2.6877,1,7,1,approved,0
8917,theft,home,hyderabad,sindh,17314,58,13,2.8208,1,3,0,approved,0
8918,damage,auto,sukkur,sindh,49266,64,30,24.7319,0,3,1,submitted,0
8919,home,home,sukkur,sindh,9176,58,21,1.9117,1,4,0,rejected,1
8920,auto,auto,lahore,punjab,66714,58,30,2.7968,2,2,2,submitted,1
8921,pet,pet,peshawar,kpk,7537,45,6,0.5204,0,0,0,submitted,0
8922,pet_care,pet,hyderabad,sindh,5000,53,13,0.2833,0,3,0,approved,0
8923,medical,life,islamabad,islamabad,28655,44,2,1.3183,0,1,0,submitted,0
8924,theft,home,mardan,kpk,11177,44,30,0.9317,3,5,2,in_review,1
8925,theft,home,gujranwala,punjab,19943,56,29,1.225,0,5,0,approved,0
8926,life,life,lahore,punjab,23589,61,28,5.6677,1,7,0,approved,0
8927,accident,auto,lahore,punjab,47898,45,10,2.7604,0,4,0,submitted,0
8928,damage,home,mardan,kpk,18759,64,23,1.2889,0,6,1,approved,0
8929,auto,auto,hyderabad,sindh,16600,58,26,7.3647,2,4,0,rejected,1
8930,accident,auto,rawalpindi,punjab,41518,53,5,1.8249,0,5,0,in_review,0
8931,pet_care,pet,rawalpindi,punjab,5000,64,30,0.3463,3,4,0,submitted,1
8932,life,life,sukkur,sindh,72625,64,6,6.5694,1,6,0,approved,0
8933,accident,auto,karachi,sindh,46442,58,24,2.2002,0,5,0,submitted,0
8934,accident,life,rawalpindi,punjab,30691,56,18,1.4758,0,1,2,in_review,1
8935,life,life,mardan,kpk,197482,45,26,108.447,0,4,0,submitted,1
8936,pet_care,pet,hyderabad,sindh,19734,61,10,1.12,0,1,0,rejected,1
8937,theft,home,multan,punjab,12010,44,24,2.2311,0,5,1,approved,0
8938,theft,home,mardan,kpk,46518,53,18,16.584,3,8,2,rejected,1
8939,damage,auto,hyderabad,sindh,37142,53,8,2.4682,1,3,0,approved,0
8940,theft,home,multan,punjab,38179,61,1,3.6647,0,3,1,approved,0
8941,theft,auto,multan,punjab,5609,64,4,0.3299,2,7,0,approved,0
8942,damage,auto,mardan,kpk,6637,58,13,0.3077,0,0,0,in_review,0
8943,theft,home,multan,punjab,17629,64,1,6.9763,0,3,0,approved,0
8944,pet_care,pet,mardan,kpk,17438,44,4,7.4873,0,2,0,approved,0
8945,pet_care,pet,karachi,sindh,14338,61,28,1.0422,1,7,0,approved,0
8946,pet,pet,hyderabad,sindh,16519,64,13,1.7129,4,7,0,rejected,1
8947,pet_care,pet,faisalabad,punjab,12901,64,13,5.806,2,4,0,submitted,0
8948,damage,auto,sialkot,punjab,45699,44,30,4.9603,0,5,0,approved,0
8949,life,life,quetta,balochistan,67601,61,24,8.688,1,1,1,approved,0
8950,other,auto,abbottabad,kpk,47053,53,6,13.0957,1,5,0,approved,0
8951,medical,life,faisalabad,punjab,46072,64,8,3.4688,4,8,2,in_review,1
8952,auto,auto,multan,punjab,25294,64,18,1.1201,0,3,0,approved,0
8953,medical,auto,faisalabad,punjab,39805,53,18,1.7369,1,1,1,submitted,0
8954,accident,auto,mardan,kpk,21910,58,17,1.619,0,2,1,approved,0
8955,pet_care,pet,rawalpindi,punjab,12552,61,12,3.1697,1,3,3,rejected,1
8956,damage,home,lahore,punjab,45987,45,10,3.3658,0,5,0,in_review,1
8957,damage,auto,multan,punjab,19535,61,19,2.676,2,7,0,approved,0
8958,auto,auto,multan,punjab,10094,45,28,2.2421,1,4,0,approved,0
8959,theft,home,rawalpindi,punjab,5000,53,23,0.3774,0,1,1,approved,0
8960,other,auto,mardan,kpk,10683,45,11,1.4929,0,3,0,submitted,0
8961,theft,home,hyderabad,sindh,37911,44,22,12.0736,0,5,0,rejected,1
8962,life,life,gujranwala,punjab,230620,45,33,19.336,1,7,0,in_review,1
8963,medical,auto,islamabad,islamabad,144734,45,1,7.8472,0,2,0,submitted,0
8964,life,life,gujranwala,punjab,32256,45,25,10.0832,0,6,1,approved,0
8965,life,life,sialkot,punjab,10558,58,5,0.4632,0,2,0,approved,0
8966,damage,home,quetta,balochistan,5394,61,12,0.944,2,2,3,in_review,1
8967,accident,auto,quetta,balochistan,38023,61,27,4.917,3,4,0,rejected,1
8968,pet,pet,islamabad,islamabad,5000,58,2,0.5146,0,4,2,rejected,1
8969,life,life,karachi,sindh,70328,53,28,6.7773,0,2,0,approved,0
8970,pet_care,pet,faisalabad,punjab,18535,64,25,4.3387,0,4,0,approved,0
8971,medical,life,sukkur,sindh,72302,61,28,6.5705,0,1,0,approved,0
8972,pet_care,pet,islamabad,islamabad,19888,64,11,1.343,1,4,0,approved,0
8973,life,life,hyderabad,sindh,148989,44,21,8.9071,2,3,0,approved,0
8974,other,home,faisalabad,punjab,25441,53,25,1.1688,4,8,0,rejected,1
8975,home,home,karachi,sindh,7415,53,15,0.3028,1,6,0,in_review,0
8976,other,auto,hyderabad,sindh,41584,45,8,12.1236,1,7,1,approved,0
8977,theft,home,rawalpindi,punjab,29777,64,12,2.5435,0,0,0,approved,0
8978,pet_care,pet,peshawar,kpk,10497,64,10,0.5869,1,7,0,approved,0
8979,damage,auto,mardan,kpk,13305,45,28,1.4734,3,3,1,in_review,1
8980,auto,auto,mardan,kpk,20680,56,19,1.1633,0,3,0,approved,0
8981,damage,home,rawalpindi,punjab,12379,53,6,4.6573,0,0,0,approved,0
8982,damage,auto,abbottabad,kpk,33552,58,24,2.9347,0,1,0,in_review,0
8983,damage,home,gujranwala,punjab,59517,64,13,4.5913,0,4,0,approved,0
8984,pet_care,pet,abbottabad,kpk,17577,64,7,0.7889,0,0,1,approved,0
8985,damage,auto,peshawar,kpk,31771,58,24,1.7257,1,7,0,approved,0
8986,other,home,mardan,kpk,58398,61,14,2.9906,1,4,2,rejected,1
8987,damage,auto,peshawar,kpk,13525,44,15,1.9023,0,1,1,approved,0
8988,pet,pet,mardan,kpk,9313,64,25,0.3908,0,2,2,submitted,1
8989,theft,auto,gujranwala,punjab,34340,64,17,13.9593,3,8,3,rejected,1
8990,pet_care,pet,islamabad,islamabad,5000,45,20,0.7006,0,5,0,rejected,1
8991,theft,home,islamabad,islamabad,5350,56,12,0.3515,2,2,1,approved,0
8992,home,home,mardan,kpk,57684,56,12,4.0806,0,4,0,approved,0
8993,damage,home,rawalpindi,punjab,13453,45,1,1.5846,0,3,0,approved,0
8994,pet_care,pet,sukkur,sindh,8287,44,27,0.6281,0,0,1,approved,0
8995,pet,pet,gujranwala,punjab,18523,45,13,0.9413,0,6,0,submitted,0
8996,theft,auto,karachi,sindh,30973,44,6,2.4352,0,1,0,approved,0
8997,accident,auto,mardan,kpk,19934,56,28,0.8913,2,4,0,approved,0
8998,damage,home,faisalabad,punjab,12589,53,23,0.5417,0,5,0,in_review,0
8999,medical,auto,peshawar,kpk,17049,53,30,3.7176,0,0,0,in_review,0
9000,life,life,karachi,sindh,56126,61,27,2.3608,0,2,0,approved,0
9001,medical,life,lahore,punjab,13631,53,17,6.227,1,5,0,submitted,0
9002,theft,home,multan,punjab,20460,56,23,2.3282,1,3,0,in_review,0
9003,pet_care,pet,gujranwala,punjab,15159,61,8,0.677,3,9,1,in_review,1
9004,auto,auto,islamabad,islamabad,33526,53,26,2.2608,0,1,0,submitted,0
9005,pet,pet,gujranwala,punjab,7330,58,23,0.3291,0,4,0,submitted,0
9006,other,life,abbottabad,kpk,15196,53,12,2.4063,3,9,1,in_review,1
9007,medical,life,mardan,kpk,24469,64,17,4.3954,1,2,0,approved,0
9008,medical,auto,rawalpindi,punjab,42948,61,9,5.3088,4,10,0,in_review,1
9009,theft,home,abbottabad,kpk,48461,64,26,8.2529,4,4,1,rejected,1
9010,home,home,rawalpindi,punjab,64550,58,13,3.9216,0,3,1,approved,0
9011,other,life,rawalpindi,punjab,11165,56,4,4.3091,0,0,0,approved,0
9012,theft,auto,sialkot,punjab,30395,45,24,3.1556,4,10,0,in_review,1
9013,medical,auto,multan,punjab,121780,44,16,15.9753,4,7,2,rejected,1
9014,life,life,sialkot,punjab,29188,53,14,18.9656,0,5,0,in_review,1
9015,other,home,karachi,sindh,90841,58,25,9.1224,0,2,0,approved,0
9016,pet_care,pet,peshawar,kpk,8038,64,19,0.5755,1,2,0,approved,0
9017,medical,auto,islamabad,islamabad,318224,56,5,41.0188,0,3,2,rejected,1
9018,medical,life,hyderabad,sindh,150859,61,7,6.4187,0,6,0,in_review,0
9019,auto,auto,peshawar,kpk,30335,61,16,2.268,0,2,0,approved,0
9020,medical,life,hyderabad,sindh,23834,53,25,1.2376,0,3,0,approved,0
9021,pet,pet,peshawar,kpk,32093,44,30,1.7633,0,4,0,in_review,0
9022,accident,auto,gujranwala,punjab,57908,61,29,4.5051,0,1,0,approved,0
9023,accident,life,abbottabad,kpk,29077,64,11,1.6401,2,7,0,approved,0
9024,home,home,lahore,punjab,9874,56,20,0.5821,0,3,2,rejected,1
9025,other,auto,hyderabad,sindh,18478,45,13,1.4598,3,3,2,in_review,1
9026,auto,auto,rawalpindi,punjab,17531,56,17,0.8613,0,0,0,approved,0
9027,other,others,hyderabad,sindh,48135,64,14,2.5796,0,2,0,approved,0
9028,pet_care,pet,multan,punjab,10056,64,10,0.5956,1,2,0,approved,0
9029,home,home,hyderabad,sindh,72486,64,25,4.2481,0,3,0,approved,0
9030,theft,home,rawalpindi,punjab,23505,58,7,7.2101,1,7,0,approved,0
9031,auto,auto,karachi,sindh,11638,45,5,6.0052,1,2,0,in_review,0
9032,auto,auto,islamabad,islamabad,63196,58,22,14.6152,2,6,1,approved,0
9033,pet,pet,abbottabad,kpk,6116,45,20,0.2609,0,1,0,in_review,0
9034,home,home,sukkur,sindh,8314,56,7,2.2194,0,2,0,approved,0
9035,theft,auto,peshawar,kpk,6444,64,26,0.5292,0,1,2,rejected,1
9036,other,life,hyderabad,sindh,11265,61,2,0.4886,3,6,0,in_review,1
9037,life,life,hyderabad,sindh,170074,44,20,8.7653,1,5,1,approved,0
9038,life,life,rawalpindi,punjab,31324,44,8,3.1519,3,9,0,rejected,1
9039,damage,auto,peshawar,kpk,17205,53,15,0.9522,0,4,0,approved,0
9040,pet,pet,faisalabad,punjab,5000,53,7,0.517,0,3,0,approved,0
9041,pet,pet,rawalpindi,punjab,8461,44,16,0.489,2,5,2,approved,0
9042,other,others,rawalpindi,punjab,25046,61,13,2.0218,0,6,1,approved,0
9043,medical,life,lahore,punjab,518110,58,10,21.8446,1,5,0,submitted,0
9044,life,life,lahore,punjab,20084,45,19,1.6699,0,4,0,approved,0
9045,theft,home,multan,punjab,16731,44,15,1.7952,0,0,3,rejected,1
9046,other,home,rawalpindi,punjab,78039,53,0,22.5091,0,2,3,rejected,1
9047,damage,auto,multan,punjab,46562,64,10,3.6277,0,6,0,approved,0
9048,life,life,rawalpindi,punjab,68404,58,1,6.6873,0,1,0,approved,0
9049,life,life,sialkot,punjab,19866,56,0,3.1211,2,2,0,approved,0
9050,home,home,sialkot,punjab,14634,44,29,1.6233,0,0,0,approved,0
9051,pet_care,pet,hyderabad,sindh,24745,45,3,1.0849,2,4,0,approved,0
9052,life,life,sukkur,sindh,31706,64,27,4.4073,0,1,0,approved,0
9053,life,life,peshawar,kpk,1845001,58,28,111.051,0,5,0,submitted,1
9054,life,life,multan,punjab,71441,64,10,6.1587,2,3,1,approved,0
9055,auto,auto,gujranwala,punjab,15670,44,30,7.1749,1,3,0,approved,0
9056,medical,life,rawalpindi,punjab,65130,58,5,3.5251,1,7,2,rejected,1
9057,pet_care,pet,gujranwala,punjab,13914,64,22,0.766,1,6,0,approved,0
9058,life,life,rawalpindi,punjab,12806,45,20,0.5159,0,0,0,in_review,0
9059,damage,auto,hyderabad,sindh,49627,45,30,13.7929,0,6,0,approved,0
9060,theft,home,sukkur,sindh,32894,61,25,2.031,2,2,1,approved,0
9061,home,home,faisalabad,punjab,7222,44,21,2.4531,1,5,0,in_review,0
9062,home,home,quetta,balochistan,28545,44,15,1.5668,1,7,0,approved,0
9063,theft,auto,lahore,punjab,24803,53,18,1.5528,0,4,0,submitted,0
9064,damage,auto,hyderabad,sindh,58008,45,30,3.9184,1,2,0,approved,0
9065,auto,auto,faisalabad,punjab,54586,44,23,7.2617,0,2,1,in_review,0
9066,damage,auto,sialkot,punjab,88765,61,11,5.6901,0,4,0,approved,0
9067,damage,home,peshawar,kpk,18505,58,7,0.7414,2,3,1,approved,0
9068,theft,home,sialkot,punjab,13169,64,25,0.966,0,2,0,approved,0
9069,medical,life,abbottabad,kpk,28820,53,4,1.6254,0,0,0,submitted,1
9070,auto,auto,karachi,sindh,10445,64,24,0.4567,4,4,1,rejected,1
9071,accident,auto,hyderabad,sindh,6673,64,29,0.3414,1,6,0,approved,0
9072,damage,auto,rawalpindi,punjab,5879,64,27,1.1288,1,6,0,submitted,0
9073,pet,pet,karachi,sindh,5000,58,29,0.332,0,0,0,approved,0
9074,damage,home,peshawar,kpk,11418,64,28,1.9778,1,3,0,approved,0
9075,other,home,multan,punjab,28338,45,8,1.1447,1,4,0,in_review,0
9076,life,life,multan,punjab,38036,64,1,3.4412,0,2,0,approved,0
9077,auto,auto,faisalabad,punjab,90130,45,23,3.9844,0,0,1,approved,0
9078,damage,auto,karachi,sindh,20630,58,4,2.1356,2,3,1,submitted,0
9079,other,others,karachi,sindh,49471,64,11,2.6728,0,3,0,rejected,1
9080,theft,home,multan,punjab,9663,56,30,0.3902,1,5,0,approved,0
9081,theft,home,sukkur,sindh,18454,64,8,1.1375,2,6,1,submitted,0
9082,medical,life,sukkur,sindh,22083,45,19,1.2539,1,5,0,approved,0
9083,home,home,quetta,balochistan,28304,44,27,4.8607,0,4,0,submitted,0
9084,home,home,gujranwala,punjab,21141,58,22,1.2431,0,2,2,rejected,1
9085,life,life,faisalabad,punjab,191528,56,27,82.8408,2,8,1,in_review,1
9086,auto,auto,karachi,sindh,69854,45,20,4.1709,0,6,1,submitted,0
9087,other,others,sukkur,sindh,30480,45,15,4.6741,4,9,2,rejected,1
9088,pet,pet,islamabad,islamabad,55297,61,16,4.3779,0,4,0,approved,0
9089,theft,auto,mardan,kpk,131711,56,12,6.762,0,4,2,in_review,1
9090,theft,home,peshawar,kpk,55011,58,21,2.21,0,2,0,approved,0
9091,medical,auto,sukkur,sindh,100653,64,7,11.3668,0,4,0,approved,0
9092,other,home,abbottabad,kpk,128646,64,20,5.3118,1,2,1,approved,0
9093,other,others,mardan,kpk,20581,45,25,2.2719,2,3,1,approved,0
9094,home,home,mardan,kpk,41636,64,27,3.2201,1,1,0,approved,0
9095,damage,auto,faisalabad,punjab,18889,61,2,3.0749,0,0,0,approved,0
9096,accident,life,abbottabad,kpk,28135,64,29,1.4123,0,6,1,approved,0
9097,auto,auto,sialkot,punjab,22632,64,10,2.2874,0,0,0,approved,0
9098,pet,pet,abbottabad,kpk,7670,58,18,0.3603,1,6,0,approved,0
9099,damage,auto,islamabad,islamabad,66929,44,14,3.5412,0,6,0,submitted,0
9100,life,life,mardan,kpk,66922,58,13,3.4837,0,6,1,in_review,0
9101,theft,auto,faisalabad,punjab,29711,44,19,2.5215,2,5,0,approved,0
9102,damage,auto,islamabad,islamabad,24956,53,15,2.0481,0,3,0,approved,0
9103,life,life,quetta,balochistan,47555,64,2,5.1041,0,0,0,approved,0
9104,medical,life,gujranwala,punjab,190721,44,21,7.6984,3,8,1,rejected,1
9105,life,life,lahore,punjab,23363,45,11,4.6291,1,1,0,approved,0
9106,pet,pet,faisalabad,punjab,13490,56,25,0.841,0,4,0,in_review,0
9107,home,home,lahore,punjab,74425,64,5,13.2973,0,4,2,in_review,1
9108,medical,life,sialkot,punjab,69489,56,14,4.0118,0,0,1,approved,0
9109,damage,home,hyderabad,sindh,16274,64,1,5.4795,0,2,0,approved,0
9110,other,home,mardan,kpk,52209,53,24,2.1957,0,1,0,approved,0
9111,accident,auto,gujranwala,punjab,70588,58,29,9.5882,0,1,0,approved,0
9112,pet_care,pet,gujranwala,punjab,7104,64,2,3.399,4,4,1,rejected,1
9113,theft,home,hyderabad,sindh,60058,61,0,2.4772,2,8,3,rejected,1
9114,damage,auto,hyderabad,sindh,29888,64,1,1.3354,2,3,0,submitted,0
9115,damage,auto,quetta,balochistan,33298,45,9,3.2812,2,6,1,in_review,0
9116,auto,auto,mardan,kpk,52875,44,28,2.36,2,7,0,approved,0
9117,pet,pet,multan,punjab,6805,44,8,0.3103,0,2,0,rejected,1
9118,pet_care,pet,lahore,punjab,8075,44,9,0.8797,1,4,2,submitted,1
9119,other,pet,gujranwala,punjab,16099,56,12,0.9367,3,9,3,in_review,1
9120,pet_care,pet,rawalpindi,punjab,10713,53,10,1.0712,0,4,0,approved,0
9121,damage,auto,mardan,kpk,69718,44,18,6.5438,0,3,0,approved,0
9122,medical,auto,rawalpindi,punjab,49574,64,28,3.4833,1,2,0,approved,0
9123,pet_care,pet,islamabad,islamabad,38565,64,21,3.0209,1,3,0,approved,0
9124,medical,life,peshawar,kpk,144825,64,21,8.57,0,3,0,approved,0
9125,damage,auto,sukkur,sindh,58818,44,25,9.2627,2,2,3,rejected,1
9126,home,home,peshawar,kpk,6552,56,25,1.3699,0,0,1,approved,0
9127,home,home,karachi,sindh,24449,64,19,1.9438,0,3,0,submitted,0
9128,other,pet,gujranwala,punjab,5354,53,24,0.2618,1,7,2,submitted,1
9129,medical,auto,peshawar,kpk,12622,64,6,0.7126,0,4,0,submitted,0
9130,life,life,peshawar,kpk,66631,58,24,31.1651,0,1,1,approved,0
9131,life,life,hyderabad,sindh,94196,64,25,5.3762,0,4,0,in_review,0
9132,damage,auto,faisalabad,punjab,14420,58,26,0.7085,2,2,2,rejected,1
9133,medical,auto,lahore,punjab,83105,64,2,5.0581,0,3,1,approved,0
9134,other,home,sukkur,sindh,19113,45,30,0.9196,0,1,1,submitted,0
9135,damage,home,sukkur,sindh,16266,64,16,0.7039,0,2,0,approved,0
9136,other,home,sialkot,punjab,6411,61,23,0.2578,0,1,0,submitted,0
9137,damage,home,islamabad,islamabad,94530,64,18,7.3325,0,0,1,rejected,1
9138,damage,home,faisalabad,punjab,31847,44,10,1.6791,1,7,0,submitted,0
9139,auto,auto,lahore,punjab,8698,56,8,0.3633,2,6,1,approved,0
9140,damage,auto,hyderabad,sindh,14098,44,10,1.1666,0,4,0,approved,0
9141,pet_care,pet,karachi,sindh,11036,61,16,0.9243,0,4,0,approved,0
9142,pet_care,pet,mardan,kpk,6084,45,14,0.2658,0,5,0,submitted,0
9143,pet,pet,islamabad,islamabad,13172,64,24,1.294,1,7,0,rejected,1
9144,accident,life,peshawar,kpk,63758,44,29,2.7662,0,0,0,approved,0
9145,theft,home,mardan,kpk,9495,53,29,0.3979,1,3,1,approved,0
9146,pet_care,pet,karachi,sindh,18938,53,7,0.9942,1,1,0,approved,0
9147,pet,pet,rawalpindi,punjab,7709,44,24,0.6123,0,0,1,submitted,0
9148,pet,pet,rawalpindi,punjab,5743,45,13,0.2615,0,1,0,submitted,0
9149,pet,pet,gujranwala,punjab,7423,53,24,1.2693,1,4,0,in_review,0
9150,life,life,faisalabad,punjab,216702,44,8,15.25,0,1,3,rejected,1
9151,theft,home,mardan,kpk,53005,64,20,4.5643,3,5,1,in_review,1
9152,home,home,peshawar,kpk,21755,44,27,5.9424,0,0,1,approved,0
9153,damage,auto,lahore,punjab,17798,58,28,0.8062,0,2,1,approved,0
9154,theft,auto,quetta,balochistan,42884,45,28,9.6412,1,5,0,approved,0
9155,auto,auto,sukkur,sindh,18167,58,20,1.271,2,2,2,rejected,1
9156,accident,auto,quetta,balochistan,39529,44,6,1.8851,1,2,2,submitted,1
9157,other,pet,quetta,balochistan,9720,64,29,0.5739,0,3,0,approved,0
9158,life,life,lahore,punjab,66238,45,3,3.3262,2,2,0,approved,0
9159,auto,auto,peshawar,kpk,14537,61,30,3.8235,1,5,1,submitted,0
9160,auto,auto,sukkur,sindh,54361,53,30,3.2718,1,2,0,approved,0
9161,other,others,faisalabad,punjab,26092,56,25,4.445,0,4,1,in_review,0
9162,theft,auto,gujranwala,punjab,18514,64,5,4.3368,0,0,0,approved,0
9163,life,life,gujranwala,punjab,207520,61,12,20.1202,0,4,1,approved,0
9164,damage,auto,hyderabad,sindh,18544,53,26,1.0244,0,1,0,approved,0
9165,pet_care,pet,hyderabad,sindh,20279,64,0,1.0719,1,3,0,in_review,0
9166,other,life,hyderabad,sindh,95803,61,5,4.5284,3,8,3,rejected,1
9167,life,life,rawalpindi,punjab,548998,45,22,24.899,0,1,0,approved,0
9168,accident,life,rawalpindi,punjab,13729,58,24,2.7927,0,6,0,submitted,0
9169,pet,pet,karachi,sindh,7471,64,28,0.4192,1,7,1,submitted,0
9170,pet_care,pet,sukkur,sindh,18501,61,16,1.0371,1,7,0,approved,0
9171,pet,pet,abbottabad,kpk,16739,64,12,0.7744,0,2,0,rejected,1
9172,auto,auto,karachi,sindh,14584,44,7,0.7873,1,6,0,approved,0
9173,medical,life,quetta,balochistan,82128,61,12,6.9225,0,1,0,rejected,1
9174,other,life,islamabad,islamabad,28356,61,15,1.459,0,3,0,approved,0
9175,damage,auto,mardan,kpk,31681,58,7,1.669,1,2,1,approved,0
9176,auto,auto,mardan,kpk,55344,56,15,4.2714,0,4,0,submitted,0
9177,other,others,sialkot,punjab,29547,53,30,2.922,0,3,0,approved,0
9178,home,home,peshawar,kpk,19648,61,25,2.9675,0,0,0,approved,0
9179,pet_care,pet,islamabad,islamabad,7573,56,7,2.6042,1,2,0,approved,0
9180,damage,home,sukkur,sindh,9531,64,17,0.6134,0,4,1,submitted,0
9181,theft,home,sialkot,punjab,22409,45,20,3.5497,0,3,0,approved,0
9182,theft,auto,karachi,sindh,15315,53,21,0.7795,0,5,0,submitted,0
9183,pet_care,pet,peshawar,kpk,24433,44,13,1.1305,0,5,0,approved,0
9184,theft,auto,peshawar,kpk,54976,53,4,2.2725,0,4,0,in_review,0
9185,accident,life,lahore,punjab,158880,56,28,10.1787,2,5,0,approved,0
9186,home,home,gujranwala,punjab,84183,58,6,8.6068,0,3,0,submitted,0
9187,accident,life,abbottabad,kpk,13733,64,13,1.383,3,7,0,rejected,1
9188,other,home,sialkot,punjab,5000,58,2,0.4355,0,2,0,submitted,0
9189,other,auto,peshawar,kpk,17286,53,2,0.8044,0,0,1,in_review,0
9190,life,life,karachi,sindh,30340,64,11,1.3594,0,4,3,rejected,1
9191,damage,home,sukkur,sindh,27554,56,28,2.3303,0,1,0,submitted,0
9192,auto,auto,faisalabad,punjab,21312,64,6,3.2369,1,4,0,in_review,0
9193,medical,auto,lahore,punjab,19319,53,7,2.312,4,8,2,in_review,1
9194,damage,home,islamabad,islamabad,16117,56,7,8.3335,1,3,0,approved,0
9195,accident,life,karachi,sindh,68642,56,2,8.9904,0,4,0,approved,0
9196,theft,auto,gujranwala,punjab,51731,64,24,21.3941,0,2,0,in_review,0
9197,medical,life,rawalpindi,punjab,84878,44,9,5.1373,0,0,2,rejected,1
9198,medical,life,rawalpindi,punjab,33692,56,29,1.5764,1,5,0,approved,0
9199,theft,auto,sialkot,punjab,5000,45,28,1.0206,0,2,0,approved,0
9200,medical,auto,peshawar,kpk,49632,53,22,6.9125,2,2,0,submitted,0
9201,medical,auto,peshawar,kpk,67264,53,14,30.2718,0,5,0,approved,0
9202,medical,life,mardan,kpk,44523,61,0,3.567,0,5,2,rejected,1
9203,life,life,rawalpindi,punjab,57904,45,11,2.4625,2,2,0,in_review,0
9204,accident,life,rawalpindi,punjab,6108,53,8,0.5817,1,2,0,approved,0
9205,life,life,hyderabad,sindh,21743,45,4,0.9801,0,0,3,in_review,1
9206,accident,auto,mardan,kpk,20442,44,0,0.8458,0,1,0,approved,0
9207,other,home,rawalpindi,punjab,6614,44,3,0.3518,3,6,2,rejected,1
9208,medical,auto,mardan,kpk,111716,56,23,5.7935,0,6,0,approved,0
9209,theft,home,karachi,sindh,35575,56,13,1.5384,3,5,2,rejected,1
9210,pet_care,pet,lahore,punjab,8916,53,22,0.9709,4,5,1,rejected,1
9211,life,life,sukkur,sindh,16386,64,11,0.948,0,6,0,approved,0
9212,home,home,abbottabad,kpk,101174,64,2,7.826,0,4,1,approved,0
9213,home,home,rawalpindi,punjab,86832,61,30,6.6897,0,5,1,approved,0
9214,home,home,karachi,sindh,24413,44,26,13.3041,0,2,0,submitted,0
9215,pet,pet,hyderabad,sindh,10201,64,26,0.4971,1,2,0,approved,0
9216,other,pet,islamabad,islamabad,5092,44,1,0.2773,1,3,0,approved,0
9217,damage,home,peshawar,kpk,12151,53,30,0.7853,0,6,0,approved,0
9218,medical,auto,quetta,balochistan,59348,64,15,5.4081,2,8,0,submitted,0
9219,pet_care,pet,rawalpindi,punjab,5000,44,1,0.489,2,7,1,approved,0
9220,medical,life,karachi,sindh,37724,56,21,1.8056,0,0,1,submitted,0
9221,home,home,mardan,kpk,46042,44,22,7.861,2,3,0,approved,0
9222,auto,auto,rawalpindi,punjab,44436,53,13,9.1696,0,0,0,approved,0
9223,auto,auto,islamabad,islamabad,18930,64,11,2.5623,2,2,1,approved,0
9224,auto,auto,quetta,balochistan,23362,56,21,3.1824,1,1,2,rejected,1
9225,damage,auto,faisalabad,punjab,40648,58,29,2.1677,3,4,2,in_review,1
9226,accident,auto,sialkot,punjab,13585,58,7,0.9015,0,1,2,in_review,1
9227,home,home,hyderabad,sindh,18146,44,23,1.6548,0,2,3,in_review,1
9228,pet_care,pet,mardan,kpk,7537,44,5,0.3921,1,1,0,approved,0
9229,pet_care,pet,sukkur,sindh,19914,61,24,1.1256,2,5,0,submitted,0
9230,accident,life,hyderabad,sindh,37335,56,18,3.181,0,1,0,submitted,0
9231,theft,home,peshawar,kpk,16589,64,11,1.9924,0,0,3,rejected,1
9232,pet,pet,faisalabad,punjab,12533,45,23,0.9051,0,3,0,submitted,0
9233,theft,auto,rawalpindi,punjab,18928,53,4,3.1822,1,2,0,approved,0
9234,theft,auto,gujranwala,punjab,30162,44,26,2.5516,0,2,1,approved,0
9235,auto,auto,peshawar,kpk,103829,64,2,6.1733,1,7,1,approved,0
9236,theft,auto,abbottabad,kpk,51907,64,26,9.641,0,5,1,submitted,0
9237,pet,pet,sukkur,sindh,10095,64,3,1.0339,0,1,0,approved,0
9238,home,home,multan,punjab,21905,61,26,1.3874,1,6,0,submitted,0
9239,theft,home,gujranwala,punjab,17301,61,19,2.554,4,9,2,in_review,1
9240,damage,auto,peshawar,kpk,83343,56,4,9.8491,3,7,2,rejected,1
9241,pet_care,pet,multan,punjab,9296,61,30,3.5864,1,5,0,approved,0
9242,accident,life,gujranwala,punjab,76226,64,27,18.0033,0,2,2,submitted,1
9243,pet_care,pet,peshawar,kpk,12365,44,11,1.7707,2,3,1,approved,0
9244,other,pet,rawalpindi,punjab,8096,64,18,0.4056,2,3,0,approved,0
9245,other,life,sialkot,punjab,37173,64,28,2.2143,0,0,0,approved,0
9246,damage,auto,mardan,kpk,5617,44,20,0.8111,1,2,1,submitted,0
9247,damage,auto,hyderabad,sindh,5000,45,8,0.2806,0,5,1,approved,0
9248,pet,pet,karachi,sindh,9786,61,2,0.6457,3,4,2,rejected,1
9249,pet,pet,rawalpindi,punjab,10942,56,0,0.8365,0,1,3,rejected,1
9250,other,others,faisalabad,punjab,72988,56,20,4.4383,2,3,1,approved,0
9251,accident,life,sialkot,punjab,92140,45,17,4.3937,0,6,1,approved,0
9252,pet,pet,multan,punjab,7803,64,17,0.7595,0,1,1,approved,0
9253,medical,auto,hyderabad,sindh,78047,64,25,3.5079,0,1,0,submitted,0
9254,accident,auto,karachi,sindh,11129,64,28,0.8414,1,5,3,rejected,1
9255,pet,pet,sialkot,punjab,5000,44,27,1.0832,3,3,1,submitted,1
9256,accident,auto,gujranwala,punjab,11193,53,14,3.104,1,7,0,approved,0
9257,life,life,sialkot,punjab,76340,53,10,5.8404,0,4,0,approved,0
9258,medical,life,sukkur,sindh,37135,56,0,2.2209,0,3,0,approved,0
9259,pet_care,pet,gujranwala,punjab,8055,45,29,0.4974,2,6,0,in_review,0
9260,pet,pet,lahore,punjab,10812,58,0,2.3312,3,5,0,submitted,1
9261,auto,auto,multan,punjab,28869,61,28,1.3244,3,7,0,approved,0
9262,pet_care,pet,mardan,kpk,14573,61,0,2.5921,0,1,1,submitted,0
9263,auto,auto,sialkot,punjab,71271,56,24,15.0679,0,2,0,approved,0
9264,accident,life,mardan,kpk,72989,56,30,3.4898,0,0,0,in_review,1
9265,pet_care,pet,sukkur,sindh,8166,58,22,0.8196,3,4,3,in_review,1
9266,medical,life,peshawar,kpk,254289,56,26,20.0908,1,6,0,approved,0
9267,auto,auto,sukkur,sindh,39774,58,25,10.0566,0,4,0,approved,0
9268,medical,life,lahore,punjab,78366,64,10,7.6627,0,1,0,approved,0
9269,auto,auto,multan,punjab,47117,61,23,2.0312,0,3,0,rejected,1
9270,accident,life,islamabad,islamabad,69396,58,25,4.6753,0,0,0,submitted,0
9271,home,home,multan,punjab,32304,56,13,10.5362,2,6,2,in_review,1
9272,pet_care,pet,karachi,sindh,7976,56,30,0.326,0,5,1,approved,0
9273,damage,home,hyderabad,sindh,48952,53,13,3.4561,2,4,0,approved,0
9274,pet,pet,hyderabad,sindh,5995,45,20,2.6259,1,3,0,rejected,1
9275,medical,auto,rawalpindi,punjab,127641,61,11,6.8043,3,9,2,rejected,1
9276,home,home,rawalpindi,punjab,15535,61,5,0.6478,1,3,0,approved,0
9277,pet_care,pet,islamabad,islamabad,30179,53,2,1.682,2,4,3,in_review,1
9278,accident,auto,faisalabad,punjab,62377,45,14,3.3257,1,4,0,approved,0
9279,pet_care,pet,sukkur,sindh,8410,56,6,0.836,1,6,0,approved,0
9280,pet_care,pet,hyderabad,sindh,5548,45,7,0.6518,2,2,3,approved,0
9281,pet_care,pet,peshawar,kpk,18920,44,16,1.1009,1,3,0,approved,0
9282,medical,life,multan,punjab,86568,56,2,3.943,0,5,1,submitted,0
9283,medical,life,sukkur,sindh,108777,56,8,10.6373,0,0,0,approved,0
9284,other,auto,lahore,punjab,43634,58,27,2.9685,0,2,0,approved,0
9285,accident,life,sukkur,sindh,64260,64,11,5.2552,2,2,1,submitted,0
9286,theft,auto,mardan,kpk,69790,44,3,4.8358,0,0,0,approved,0
9287,auto,auto,sialkot,punjab,29613,64,21,1.3387,0,6,1,approved,0
9288,life,life,lahore,punjab,44171,56,11,12.6601,0,1,0,rejected,1
9289,theft,auto,gujranwala,punjab,6148,45,30,0.7672,0,0,0,submitted,0
9290,accident,life,sialkot,punjab,167124,45,16,14.9325,1,3,0,submitted,0
9291,pet_care,pet,peshawar,kpk,9266,64,26,0.4886,0,3,0,approved,0
9292,auto,auto,karachi,sindh,18166,61,12,0.7935,0,2,3,in_review,1
9293,accident,life,sialkot,punjab,18934,53,24,0.8146,0,4,0,approved,0
9294,auto,auto,abbottabad,kpk,7748,64,23,0.366,0,0,0,approved,0
9295,auto,auto,hyderabad,sindh,27029,58,22,4.682,0,2,0,approved,0
9296,accident,life,gujranwala,punjab,11336,64,21,1.4413,3,8,2,submitted,1
9297,damage,home,peshawar,kpk,55714,56,9,18.0188,1,4,0,approved,0
9298,pet_care,pet,sukkur,sindh,6540,45,20,0.364,3,3,2,rejected,1
9299,other,home,sukkur,sindh,6308,64,0,3.3323,0,5,0,approved,0
9300,medical,life,multan,punjab,162866,61,29,21.509,2,8,0,submitted,0
9301,accident,life,abbottabad,kpk,36462,56,19,1.9408,1,6,0,approved,0
9302,medical,life,lahore,punjab,33744,56,20,4.2888,0,4,0,approved,0
9303,medical,life,quetta,balochistan,24633,56,16,1.6615,0,4,0,submitted,0
9304,accident,auto,karachi,sindh,36464,44,27,4.1328,1,6,2,submitted,1
9305,pet_care,pet,quetta,balochistan,25163,64,14,2.0294,0,0,2,in_review,1
9306,pet,pet,peshawar,kpk,16081,45,26,1.0094,0,2,0,approved,0
9307,auto,auto,lahore,punjab,24998,61,9,11.1748,0,6,0,approved,0
9308,pet,pet,peshawar,kpk,8362,44,22,0.5715,1,7,1,approved,0
9309,pet_care,pet,multan,punjab,15974,44,28,2.1502,0,3,0,approved,0
9310,life,life,abbottabad,kpk,30859,45,17,1.6871,1,4,0,submitted,0
9311,pet_care,pet,quetta,balochistan,14878,44,24,3.4336,0,4,3,rejected,1
9312,home,home,rawalpindi,punjab,40905,58,13,6.1419,0,1,1,approved,0
9313,life,life,abbottabad,kpk,32286,44,7,2.6909,0,5,0,submitted,0
9314,accident,auto,quetta,balochistan,10673,61,11,6.0711,0,1,0,approved,0
9315,theft,auto,gujranwala,punjab,8358,56,27,0.7267,1,5,0,approved,0
9316,auto,auto,sukkur,sindh,10006,61,14,0.53,0,3,2,in_review,1
9317,pet_care,pet,mardan,kpk,23720,53,8,1.9853,1,4,0,approved,0
9318,theft,auto,islamabad,islamabad,79879,64,1,3.6244,1,1,0,in_review,0
9319,other,auto,sialkot,punjab,16432,44,6,0.7323,2,7,0,submitted,0
9320,accident,life,quetta,balochistan,29459,45,28,1.8413,0,4,0,in_review,0
9321,auto,auto,sukkur,sindh,65973,58,8,12.114,2,8,2,in_review,1
9322,auto,auto,abbottabad,kpk,40112,58,23,3.4651,0,3,0,in_review,0
9323,theft,home,lahore,punjab,91336,64,12,4.2698,1,6,0,submitted,0
9324,accident,auto,lahore,punjab,26690,58,3,4.7432,0,4,0,approved,0
9325,auto,auto,rawalpindi,punjab,23072,44,17,1.2504,2,7,2,rejected,1
9326,home,home,hyderabad,sindh,25961,64,17,4.4287,1,1,0,submitted,0
9327,pet_care,pet,peshawar,kpk,9250,56,13,1.3357,0,6,1,rejected,1
9328,damage,auto,lahore,punjab,13316,64,10,2.55,1,6,0,approved,0
9329,life,life,quetta,balochistan,386015,56,7,62.5835,1,4,0,approved,0
9330,medical,auto,faisalabad,punjab,103484,64,9,6.8487,0,3,0,submitted,0
9331,damage,auto,rawalpindi,punjab,50329,64,10,2.7246,0,2,0,approved,0
9332,auto,auto,hyderabad,sindh,43393,61,22,6.3898,0,4,0,approved,0
9333,pet_care,pet,quetta,balochistan,6511,44,18,0.2708,2,5,1,in_review,0
9334,home,home,islamabad,islamabad,82030,58,6,26.3932,1,2,0,approved,0
9335,pet_care,pet,hyderabad,sindh,6894,61,15,1.9697,0,6,0,approved,0
9336,other,pet,hyderabad,sindh,72980,44,0,6.5143,1,5,1,approved,0
9337,life,life,multan,punjab,241870,64,28,53.9647,0,5,1,submitted,1
9338,theft,home,abbottabad,kpk,69044,58,24,3.6609,2,8,3,rejected,1
9339,home,home,sialkot,punjab,12963,64,28,0.6114,1,6,0,submitted,0
9340,auto,auto,hyderabad,sindh,34963,61,21,1.7769,0,3,0,approved,0
9341,auto,auto,rawalpindi,punjab,25665,44,16,3.1858,2,3,0,approved,0
9342,theft,auto,peshawar,kpk,18712,56,0,0.7494,0,0,0,approved,0
9343,pet,pet,abbottabad,kpk,9368,61,10,0.3971,0,4,0,approved,0
9344,theft,home,quetta,balochistan,10325,64,1,0.4213,0,1,0,submitted,1
9345,accident,life,gujranwala,punjab,96800,53,23,4.9804,1,1,1,approved,0
9346,medical,life,karachi,sindh,39787,44,30,4.9193,4,5,3,rejected,1
9347,theft,auto,abbottabad,kpk,9355,44,25,2.3042,0,0,1,submitted,0
9348,theft,home,hyderabad,sindh,46302,61,11,3.799,1,6,1,submitted,0
9349,life,life,islamabad,islamabad,93893,58,5,6.4438,1,5,0,approved,0
9350,medical,life,sukkur,sindh,30178,64,22,2.2649,0,3,0,submitted,0
9351,theft,auto,peshawar,kpk,51398,61,30,4.6666,1,1,1,rejected,1
9352,life,life,sialkot,punjab,59209,53,3,3.5199,0,1,2,rejected,1
9353,pet,pet,sukkur,sindh,17442,45,24,1.2514,0,1,0,submitted,0
9354,pet,pet,hyderabad,sindh,7470,45,6,0.8147,0,6,0,approved,0
9355,damage,home,hyderabad,sindh,20572,45,24,2.0216,1,6,2,in_review,1
9356,life,life,gujranwala,punjab,32325,56,27,5.2323,0,0,1,approved,0
9357,pet,pet,karachi,sindh,13948,61,17,0.5786,1,2,0,approved,0
9358,pet,pet,islamabad,islamabad,12373,64,7,0.7714,2,8,0,in_review,0
9359,accident,life,lahore,punjab,13621,58,15,0.6535,0,2,0,in_review,1
9360,other,others,sukkur,sindh,32041,56,30,4.5668,2,3,0,approved,0
9361,pet_care,pet,peshawar,kpk,17706,44,4,3.7648,2,5,2,in_review,1
9362,auto,auto,sukkur,sindh,33746,45,7,1.5499,0,0,0,in_review,0
9363,pet,pet,islamabad,islamabad,39910,56,19,6.7087,3,4,3,submitted,1
9364,life,life,multan,punjab,491852,53,13,28.9922,3,8,0,rejected,1
9365,damage,auto,islamabad,islamabad,5000,56,3,0.3845,0,0,0,approved,0
9366,home,home,mardan,kpk,8457,44,3,0.8253,0,5,0,approved,0
9367,damage,auto,peshawar,kpk,10202,64,25,2.0055,0,0,0,approved,0
9368,auto,auto,mardan,kpk,26224,56,21,1.3584,0,2,0,rejected,1
9369,theft,auto,sukkur,sindh,71195,56,19,3.0219,1,5,0,approved,0
9370,pet,pet,faisalabad,punjab,16796,44,20,1.1452,1,7,1,approved,0
9371,pet_care,pet,islamabad,islamabad,19748,56,11,4.937,1,2,0,submitted,0
9372,medical,auto,quetta,balochistan,49130,53,2,3.2391,0,4,1,in_review,0
9373,damage,home,rawalpindi,punjab,21534,44,7,3.0325,1,4,2,in_review,1
9374,accident,auto,multan,punjab,28807,56,7,1.2328,0,6,0,submitted,0
9375,pet_care,pet,rawalpindi,punjab,19980,53,15,0.8954,2,4,0,submitted,0
9376,pet,pet,lahore,punjab,8465,56,7,0.56,2,4,2,rejected,1
9377,life,life,karachi,sindh,113380,58,8,63.0239,4,5,3,in_review,1
9378,other,home,mardan,kpk,120232,45,9,13.6612,1,3,0,approved,0
9379,auto,auto,quetta,balochistan,41481,45,1,1.8124,0,5,0,approved,0
9380,accident,life,sialkot,punjab,87623,44,5,30.8423,0,2,0,approved,0
9381,accident,life,faisalabad,punjab,58055,56,7,8.9563,0,3,0,in_review,0
9382,pet,pet,sialkot,punjab,8504,45,15,0.552,1,2,0,submitted,0
9383,pet,pet,islamabad,islamabad,6719,58,24,2.6215,1,7,0,submitted,0
9384,medical,life,karachi,sindh,35161,44,14,1.4147,2,5,0,approved,0
9385,theft,home,islamabad,islamabad,19686,53,25,0.8,0,4,0,submitted,0
9386,home,home,multan,punjab,6716,56,14,1.9321,2,5,1,approved,0
9387,other,home,rawalpindi,punjab,108576,64,0,7.5827,0,5,0,approved,0
9388,life,life,peshawar,kpk,28523,53,27,1.2552,0,1,0,submitted,0
9389,theft,auto,gujranwala,punjab,34157,64,3,2.8203,0,2,0,approved,0
9390,theft,auto,hyderabad,sindh,144166,44,23,13.9547,0,1,0,approved,0
9391,life,life,lahore,punjab,235728,56,33,20.0534,0,3,2,submitted,1
9392,medical,auto,gujranwala,punjab,35235,56,13,3.6837,0,0,1,approved,0
9393,accident,auto,hyderabad,sindh,64437,64,30,5.7497,0,1,1,rejected,1
9394,pet,pet,abbottabad,kpk,5000,44,8,0.3669,0,4,0,submitted,0
9395,home,home,mardan,kpk,42821,45,23,4.2397,0,5,0,approved,0
9396,pet_care,pet,islamabad,islamabad,15060,64,6,1.0352,0,5,0,approved,0
9397,life,life,hyderabad,sindh,29830,56,23,1.9355,0,0,0,submitted,0
9398,damage,home,hyderabad,sindh,18723,44,3,1.7218,0,1,2,rejected,1
9399,accident,auto,gujranwala,punjab,60688,56,1,3.1367,3,6,2,rejected,1
9400,accident,auto,karachi,sindh,9542,58,11,1.4336,0,0,0,approved,0
9401,other,auto,quetta,balochistan,29722,56,23,1.9844,1,4,0,approved,0
9402,damage,home,gujranwala,punjab,45593,56,20,4.7105,0,3,0,approved,0
9403,auto,auto,sialkot,punjab,106630,58,18,34.3414,0,3,0,approved,0
9404,pet_care,pet,quetta,balochistan,17040,64,21,0.7478,0,0,2,approved,0
9405,auto,auto,lahore,punjab,96946,61,16,6.5936,4,4,0,rejected,1
9406,medical,auto,karachi,sindh,23648,61,18,7.2853,0,3,0,approved,0
9407,pet_care,pet,rawalpindi,punjab,9753,61,16,0.8994,0,5,0,approved,0
9408,theft,auto,sialkot,punjab,21667,58,15,6.5837,1,5,0,submitted,0
9409,medical,life,gujranwala,punjab,315131,64,28,25.8601,0,1,1,approved,0
9410,theft,home,quetta,balochistan,19314,64,30,2.0119,0,0,1,approved,0
9411,auto,auto,hyderabad,sindh,24793,53,29,6.009,0,4,0,approved,0
9412,pet_care,pet,lahore,punjab,18110,45,4,3.3426,0,2,0,in_review,0
9413,pet,pet,mardan,kpk,13010,53,22,0.669,0,6,1,approved,0
9414,home,home,peshawar,kpk,144351,58,3,49.5711,0,5,0,approved,0
9415,home,home,rawalpindi,punjab,46667,61,24,4.8086,0,2,0,approved,0
9416,auto,auto,faisalabad,punjab,33717,58,29,7.1999,0,2,1,approved,0
9417,accident,life,hyderabad,sindh,75188,45,24,4.6409,1,3,0,submitted,0
9418,theft,auto,quetta,balochistan,15762,45,1,6.5402,0,5,0,approved,0
9419,auto,auto,multan,punjab,37749,53,7,18.4052,1,3,0,approved,0
9420,home,home,quetta,balochistan,17434,45,24,1.2297,2,5,1,approved,0
9421,auto,auto,lahore,punjab,19749,61,5,2.3325,0,4,0,submitted,1
9422,life,life,rawalpindi,punjab,337419,61,23,15.3827,0,5,0,approved,0
9423,accident,auto,sukkur,sindh,27146,58,6,1.3951,0,1,0,submitted,0
9424,home,home,karachi,sindh,118569,53,7,5.427,1,7,0,submitted,0
9425,pet_care,pet,lahore,punjab,5000,44,16,0.5334,0,1,0,approved,0
9426,medical,life,mardan,kpk,26602,64,10,1.5822,1,4,0,submitted,0
9427,pet,pet,lahore,punjab,6991,64,12,0.3051,0,4,3,rejected,1
9428,auto,auto,abbottabad,kpk,20587,64,29,5.009,0,2,0,submitted,0
9429,theft,home,quetta,balochistan,16585,53,6,0.715,2,7,0,approved,0
9430,accident,auto,lahore,punjab,21846,56,25,1.2507,1,6,1,approved,0
9431,other,pet,quetta,balochistan,28806,64,15,1.2984,1,5,1,approved,0
9432,damage,auto,lahore,punjab,93437,56,12,3.9622,3,6,0,in_review,1
9433,accident,auto,gujranwala,punjab,74652,64,4,3.6297,0,1,2,rejected,1
9434,theft,auto,lahore,punjab,31631,56,26,5.2456,0,1,0,approved,0
9435,pet,pet,lahore,punjab,26173,56,16,1.351,2,4,0,approved,0
9436,pet,pet,sukkur,sindh,7125,53,23,0.7184,2,5,1,approved,0
9437,life,life,rawalpindi,punjab,14411,53,8,0.9306,1,4,1,submitted,0
9438,other,home,rawalpindi,punjab,52074,64,29,3.0307,2,4,1,approved,0
9439,theft,auto,peshawar,kpk,5559,58,24,1.1034,0,4,1,rejected,1
9440,other,life,quetta,balochistan,43434,56,3,3.3867,1,4,1,in_review,0
9441,other,life,sialkot,punjab,24368,64,7,1.3815,1,5,0,approved,0
9442,auto,auto,peshawar,kpk,58150,64,0,7.3738,0,5,0,approved,0
9443,theft,auto,hyderabad,sindh,12196,58,22,0.8608,0,3,1,submitted,0
9444,other,life,rawalpindi,punjab,18197,53,1,0.9109,1,7,0,approved,0
9445,pet_care,pet,rawalpindi,punjab,16621,64,29,0.9167,2,3,1,approved,0
9446,auto,auto,hyderabad,sindh,17297,53,24,0.9787,2,4,0,approved,0
9447,medical,auto,hyderabad,sindh,171859,44,11,13.4654,1,4,0,approved,0
9448,pet_care,pet,islamabad,islamabad,21780,45,23,1.0427,0,6,1,in_review,0
9449,other,life,lahore,punjab,18526,56,1,11.0735,0,4,0,approved,0
9450,auto,auto,islamabad,islamabad,12356,64,0,1.589,1,6,2,rejected,1
9451,auto,auto,mardan,kpk,42600,44,19,2.2595,1,3,0,submitted,0
9452,home,home,islamabad,islamabad,11208,44,24,0.5937,2,7,3,rejected,1
9453,auto,auto,karachi,sindh,47104,53,19,16.1925,1,5,0,approved,0
9454,life,life,hyderabad,sindh,165160,64,19,7.9496,0,1,0,approved,0
9455,auto,auto,karachi,sindh,22362,56,7,4.2161,1,4,0,approved,0
9456,life,life,mardan,kpk,71636,45,22,8.186,0,6,2,rejected,1
9457,home,home,quetta,balochistan,53135,64,8,2.234,2,7,0,approved,0
9458,home,home,sukkur,sindh,41178,45,23,3.0629,0,0,2,approved,0
9459,pet_care,pet,hyderabad,sindh,7684,64,2,0.6359,2,7,1,approved,0
9460,home,home,faisalabad,punjab,28446,53,10,1.1829,0,0,3,submitted,1
9461,damage,home,faisalabad,punjab,22235,45,28,1.6365,0,4,0,approved,0
9462,pet,pet,rawalpindi,punjab,15549,58,24,4.5679,0,2,0,submitted,0
9463,pet_care,pet,peshawar,kpk,23398,64,10,1.4955,1,4,0,approved,0
9464,other,home,faisalabad,punjab,5000,53,12,0.375,0,2,1,rejected,1
9465,auto,auto,peshawar,kpk,32504,61,7,1.8079,2,6,3,submitted,1
9466,damage,home,hyderabad,sindh,7455,45,20,1.203,2,7,2,submitted,1
9467,pet,pet,gujranwala,punjab,5000,53,29,1.7361,1,1,0,approved,0
9468,home,home,islamabad,islamabad,35299,53,11,2.3691,1,3,1,in_review,0
9469,pet_care,pet,faisalabad,punjab,5000,58,6,1.3576,0,4,0,approved,0
9470,home,home,hyderabad,sindh,54095,58,2,2.2685,0,0,1,rejected,1
9471,pet_care,pet,quetta,balochistan,6340,64,6,0.6644,1,4,2,rejected,1
9472,pet_care,pet,karachi,sindh,5000,61,27,0.3638,2,7,0,rejected,1
9473,theft,auto,multan,punjab,84978,45,4,3.8227,0,0,0,submitted,0
9474,life,life,sialkot,punjab,54592,56,16,2.3308,0,4,2,rejected,1
9475,medical,life,islamabad,islamabad,28069,56,4,1.4092,0,2,0,submitted,0
9476,pet,pet,islamabad,islamabad,8283,58,4,0.3331,0,0,0,approved,0
9477,damage,home,rawalpindi,punjab,50622,58,15,6.3732,0,4,0,in_review,1
9478,accident,life,gujranwala,punjab,22021,64,7,1.8479,2,8,0,in_review,0
9479,auto,auto,mardan,kpk,35167,56,28,2.039,1,1,0,approved,0
9480,damage,auto,faisalabad,punjab,11627,61,12,5.911,0,4,0,approved,0
9481,pet_care,pet,mardan,kpk,12978,61,1,0.9505,0,4,0,in_review,0
9482,damage,auto,quetta,balochistan,34971,64,3,4.7547,0,4,1,submitted,0
9483,accident,life,gujranwala,punjab,23320,45,28,3.5899,0,2,0,submitted,0
9484,other,home,quetta,balochistan,5000,56,14,0.6167,0,1,2,in_review,1
9485,pet,pet,peshawar,kpk,12092,64,2,7.8571,4,9,1,in_review,1
9486,pet_care,pet,rawalpindi,punjab,9552,64,25,4.3359,2,6,0,approved,0
9487,pet,pet,sialkot,punjab,5000,61,6,0.8342,2,7,3,approved,0
9488,damage,home,multan,punjab,31425,53,3,1.7995,4,8,3,rejected,1
9489,auto,auto,quetta,balochistan,20717,58,16,2.9158,1,4,0,approved,0
9490,auto,auto,multan,punjab,30285,64,20,10.8471,1,3,1,approved,0
9491,theft,auto,peshawar,kpk,18666,64,11,1.1421,0,4,0,approved,0
9492,other,pet,peshawar,kpk,26693,53,27,2.4462,0,5,0,submitted,1
9493,accident,life,quetta,balochistan,14941,53,28,0.6075,0,6,0,approved,0
9494,theft,auto,peshawar,kpk,74359,45,3,3.8688,0,5,1,in_review,1
9495,accident,life,sukkur,sindh,16789,44,13,2.0259,0,2,0,approved,0
9496,medical,life,rawalpindi,punjab,6560,56,20,1.0223,0,5,1,approved,0
9497,pet,pet,multan,punjab,6226,44,22,0.8185,0,4,1,submitted,0
9498,pet_care,pet,sukkur,sindh,17060,56,0,1.7283,0,1,0,approved,0
9499,theft,home,abbottabad,kpk,7235,56,22,0.8013,3,3,3,submitted,1
9500,medical,auto,islamabad,islamabad,69571,45,27,14.3268,0,2,1,submitted,0
9501,other,home,rawalpindi,punjab,13936,58,21,1.7807,3,7,1,rejected,1
9502,life,life,faisalabad,punjab,111736,44,6,12.6056,2,2,0,approved,0
9503,auto,auto,mardan,kpk,54633,45,20,3.9901,2,7,1,submitted,0
9504,medical,auto,multan,punjab,22478,45,29,3.7037,0,0,0,approved,0
9505,medical,auto,quetta,balochistan,76561,53,8,25.2427,0,5,0,approved,0
9506,damage,home,rawalpindi,punjab,20861,56,18,1.0133,1,2,1,approved,0
9507,medical,life,mardan,kpk,11098,45,18,1.371,2,6,0,approved,0
9508,medical,auto,islamabad,islamabad,110817,53,21,8.3705,0,3,0,in_review,0
9509,theft,auto,mardan,kpk,5000,44,26,0.4789,0,4,1,submitted,0
9510,life,life,quetta,balochistan,87415,64,28,20.9427,0,1,0,approved,0
9511,home,home,lahore,punjab,28961,64,13,1.6732,2,3,0,submitted,0
9512,damage,home,rawalpindi,punjab,16017,53,4,1.1707,2,5,1,approved,0
9513,pet,pet,peshawar,kpk,5000,64,18,0.2392,1,4,1,approved,0
9514,damage,auto,rawalpindi,punjab,11304,44,8,2.0519,2,7,0,approved,0
9515,pet_care,pet,gujranwala,punjab,6900,44,7,1.1809,1,1,0,submitted,0
9516,pet,pet,abbottabad,kpk,7663,45,21,0.3292,0,0,0,approved,0
9517,medical,life,lahore,punjab,12191,64,15,0.8256,2,3,0,approved,0
9518,damage,home,faisalabad,punjab,81271,45,26,3.9901,1,7,0,approved,0
9519,pet_care,pet,mardan,kpk,11799,53,29,0.5667,0,5,2,submitted,1
9520,auto,auto,sukkur,sindh,13469,45,28,0.9636,0,1,1,approved,0
9521,home,home,sukkur,sindh,22485,53,7,0.9095,0,6,0,approved,0
9522,auto,auto,mardan,kpk,25433,58,23,1.0896,0,4,0,approved,0
9523,home,home,peshawar,kpk,29261,64,23,8.8966,0,4,0,submitted,0
9524,life,life,islamabad,islamabad,93890,61,9,11.6982,3,6,1,rejected,1
9525,life,life,gujranwala,punjab,49864,53,23,3.5059,0,1,1,approved,0
9526,medical,auto,gujranwala,punjab,109553,53,19,4.6525,1,3,1,approved,0
9527,medical,auto,karachi,sindh,44691,53,26,3.3444,0,0,0,rejected,1
9528,pet_care,pet,sialkot,punjab,6032,45,26,0.2849,0,5,0,approved,0
9529,home,home,gujranwala,punjab,82918,58,18,8.4896,2,6,1,approved,0
9530,theft,auto,multan,punjab,5000,56,13,0.4605,1,3,0,in_review,0
9531,life,life,islamabad,islamabad,113867,64,7,5.1652,0,5,0,submitted,0
9532,theft,home,abbottabad,kpk,58052,61,0,13.2751,0,1,1,approved,0
9533,medical,auto,sukkur,sindh,14121,61,28,0.5765,2,2,0,approved,0
9534,auto,auto,sukkur,sindh,38628,64,4,2.9666,2,7,0,submitted,0
9535,pet,pet,sialkot,punjab,15107,61,16,0.9219,0,2,0,submitted,0
9536,other,auto,quetta,balochistan,59818,64,16,5.2421,3,4,1,approved,0
9537,theft,auto,faisalabad,punjab,10375,44,10,0.5237,0,3,0,approved,0
9538,medical,life,rawalpindi,punjab,51955,58,26,4.6215,0,4,0,approved,0
9539,other,pet,abbottabad,kpk,13062,56,4,0.5393,1,3,0,approved,0
9540,medical,life,faisalabad,punjab,20331,64,25,1.6691,3,5,1,in_review,1
9541,theft,home,lahore,punjab,40922,53,23,9.1815,1,2,0,approved,0
9542,pet_care,pet,sukkur,sindh,14777,44,21,0.6118,0,3,0,rejected,1
9543,home,home,mardan,kpk,44691,44,1,1.8507,0,6,0,approved,0
9544,pet_care,pet,rawalpindi,punjab,8351,64,23,2.3497,0,2,0,submitted,0
9545,medical,life,quetta,balochistan,85407,64,20,27.0104,3,8,3,in_review,1
9546,pet_care,pet,faisalabad,punjab,8801,64,29,0.3524,3,5,1,rejected,1
9547,theft,home,karachi,sindh,12397,61,14,0.9607,0,3,0,submitted,0
9548,accident,life,peshawar,kpk,15444,53,30,1.3406,0,2,0,rejected,1
9549,auto,auto,quetta,balochistan,31300,56,15,7.6641,0,0,0,submitted,0
9550,theft,home,islamabad,islamabad,32650,58,19,3.4496,1,5,0,approved,0
9551,theft,auto,lahore,punjab,23106,56,0,1.3186,4,4,2,rejected,1
9552,home,home,faisalabad,punjab,34173,44,22,2.1075,2,3,1,rejected,1
9553,damage,home,rawalpindi,punjab,49561,61,3,3.1407,0,4,1,approved,0
9554,damage,home,multan,punjab,58816,64,3,3.0527,0,2,1,submitted,0
9555,medical,auto,quetta,balochistan,159099,45,21,23.5912,1,6,0,approved,0
9556,damage,auto,quetta,balochistan,31518,56,23,5.3303,0,1,0,approved,0
9557,life,life,rawalpindi,punjab,381186,44,7,17.9045,0,6,0,submitted,0
9558,theft,home,peshawar,kpk,11789,45,0,1.6412,1,7,0,submitted,0
9559,accident,auto,faisalabad,punjab,12970,61,16,0.8596,1,7,0,submitted,0
9560,auto,auto,quetta,balochistan,46330,45,5,2.765,0,4,0,in_review,0
9561,damage,auto,sukkur,sindh,107594,64,11,10.4837,0,5,2,rejected,1
9562,pet_care,pet,hyderabad,sindh,22612,58,25,4.8944,2,7,0,approved,0
9563,accident,life,gujranwala,punjab,50726,64,24,2.0391,2,2,0,in_review,1
9564,damage,auto,quetta,balochistan,23325,53,7,1.24,0,0,0,approved,0
9565,pet,pet,peshawar,kpk,14955,58,8,2.563,0,3,0,approved,0
9566,life,life,multan,punjab,116098,44,11,7.8801,0,1,0,approved,0
9567,auto,auto,mardan,kpk,17704,64,24,2.6731,1,5,0,submitted,0
9568,accident,auto,quetta,balochistan,64358,61,16,10.5126,1,1,0,approved,0
9569,pet_care,pet,mardan,kpk,28281,61,5,1.4184,0,3,0,approved,0
9570,damage,auto,sialkot,punjab,11964,56,19,0.9222,2,5,2,rejected,1
9571,pet,pet,rawalpindi,punjab,30981,64,30,1.3305,0,5,0,submitted,0
9572,other,life,peshawar,kpk,27306,53,9,2.1258,0,6,0,approved,0
9573,pet,pet,multan,punjab,17415,64,14,2.0962,4,4,1,rejected,1
9574,pet_care,pet,karachi,sindh,10264,58,11,0.4968,2,6,1,approved,0
9575,life,life,karachi,sindh,189343,61,26,19.8994,1,2,0,approved,0
9576,auto,auto,lahore,punjab,42955,56,5,1.7764,0,1,0,approved,0
9577,pet,pet,rawalpindi,punjab,14689,56,11,6.6647,3,3,0,approved,0
9578,medical,auto,multan,punjab,76217,58,12,7.778,0,5,1,approved,0
9579,pet_care,pet,islamabad,islamabad,8557,58,0,0.4987,0,6,0,submitted,0
9580,other,home,islamabad,islamabad,13641,53,8,2.8184,0,4,0,approved,0
9581,accident,auto,lahore,punjab,40344,44,23,4.664,0,6,0,in_review,0
9582,damage,home,abbottabad,kpk,5131,45,9,0.7551,0,1,0,approved,0
9583,home,home,mardan,kpk,70658,53,14,3.6525,1,6,0,approved,0
9584,medical,life,islamabad,islamabad,63314,58,5,2.8226,1,3,1,in_review,0
9585,damage,auto,quetta,balochistan,14875,53,26,0.9393,0,4,0,approved,0
9586,pet,pet,mardan,kpk,10438,64,28,1.9665,1,1,0,in_review,0
9587,pet,pet,quetta,balochistan,10432,56,15,0.5714,0,0,0,approved,0
9588,pet,pet,rawalpindi,punjab,15982,64,7,3.6232,1,1,0,submitted,0
9589,home,home,sukkur,sindh,15595,58,28,0.7499,0,0,0,approved,0
9590,damage,auto,lahore,punjab,25381,56,1,1.0612,1,7,0,approved,0
9591,home,home,multan,punjab,5404,64,29,0.6561,0,6,0,approved,0
9592,damage,home,sialkot,punjab,8587,64,17,0.5149,0,0,1,approved,0
9593,damage,auto,islamabad,islamabad,8476,44,25,0.4911,0,2,0,submitted,0
9594,life,life,rawalpindi,punjab,58234,64,4,6.6874,4,10,0,submitted,1
9595,home,home,sukkur,sindh,193182,45,19,21.8556,1,4,1,approved,0
9596,auto,auto,quetta,balochistan,94936,58,8,9.5403,0,2,0,submitted,0
9597,auto,auto,multan,punjab,19840,58,14,1.0264,2,3,0,approved,0
9598,medical,auto,rawalpindi,punjab,351773,44,13,14.8754,0,3,0,approved,0
9599,auto,auto,mardan,kpk,5000,56,26,0.88,2,6,3,in_review,1
9600,medical,life,lahore,punjab,78265,44,29,8.8435,0,1,0,approved,0
9601,damage,auto,peshawar,kpk,22106,61,18,3.423,0,1,0,approved,0
9602,accident,life,lahore,punjab,19996,61,25,1.7277,0,0,0,submitted,0
9603,accident,auto,hyderabad,sindh,35108,64,10,3.3331,1,6,0,approved,0
9604,theft,auto,quetta,balochistan,6778,45,28,1.2531,1,6,0,approved,0
9605,pet_care,pet,rawalpindi,punjab,18175,56,8,1.4109,1,7,0,approved,0
9606,home,home,karachi,sindh,33954,53,23,1.64,0,0,2,approved,0
9607,pet,pet,sukkur,sindh,8728,61,18,0.3643,0,5,0,approved,0
9608,home,home,sialkot,punjab,31522,44,11,1.8567,2,5,3,submitted,1
9609,theft,home,karachi,sindh,44822,53,21,5.3069,0,5,2,submitted,1
9610,medical,life,faisalabad,punjab,54620,64,27,4.1996,1,6,0,approved,0
9611,life,life,rawalpindi,punjab,211934,44,29,22.042,3,4,2,in_review,1
9612,auto,auto,faisalabad,punjab,74819,45,21,3.2143,0,4,0,in_review,1
9613,theft,auto,islamabad,islamabad,9128,56,16,0.5201,1,2,0,approved,0
9614,theft,home,sialkot,punjab,50424,61,9,6.8316,0,4,0,in_review,0
9615,medical,life,quetta,balochistan,64405,44,26,26.9364,1,1,2,rejected,1
9616,home,home,sukkur,sindh,13289,45,5,0.6867,0,6,0,submitted,0
9617,accident,auto,karachi,sindh,19416,64,26,0.9476,0,2,0,approved,0
9618,other,life,multan,punjab,10006,45,12,0.4057,0,2,1,approved,0
9619,accident,auto,peshawar,kpk,32170,45,30,4.5457,0,2,1,approved,0
9620,medical,life,lahore,punjab,321371,58,16,116.0184,0,3,0,in_review,1
9621,pet,pet,hyderabad,sindh,11519,58,4,0.4932,0,2,2,rejected,1
9622,damage,auto,faisalabad,punjab,35704,44,25,9.5287,0,0,0,approved,0
9623,accident,life,gujranwala,punjab,86358,53,26,16.6297,0,3,1,rejected,1
9624,life,life,islamabad,islamabad,54157,56,30,6.0769,0,5,1,rejected,1
9625,auto,auto,abbottabad,kpk,10396,64,9,1.2841,1,2,0,approved,0
9626,accident,auto,mardan,kpk,136589,64,20,38.132,0,4,0,in_review,0
9627,medical,auto,mardan,kpk,90937,61,1,14.9224,0,1,0,approved,0
9628,pet_care,pet,multan,punjab,7047,56,19,0.4172,1,5,0,approved,0
9629,home,home,mardan,kpk,5000,58,3,0.2992,1,3,0,submitted,0
9630,medical,life,mardan,kpk,49653,56,0,19.4947,1,6,0,approved,0
9631,medical,auto,sialkot,punjab,18464,56,11,3.5562,0,1,1,approved,0
9632,pet_care,pet,multan,punjab,8385,53,29,2.2235,3,6,0,approved,0
9633,auto,auto,rawalpindi,punjab,73190,64,30,14.7769,0,4,3,rejected,1
9634,home,home,faisalabad,punjab,74591,58,23,4.1613,0,0,0,submitted,0
9635,auto,auto,rawalpindi,punjab,9786,44,14,0.7387,0,2,0,approved,0
9636,pet_care,pet,peshawar,kpk,23533,53,25,4.2928,0,2,1,approved,0
9637,home,home,peshawar,kpk,48835,64,13,4.0403,1,4,0,approved,0
9638,auto,auto,lahore,punjab,20754,45,11,1.3289,4,9,3,rejected,1
9639,medical,auto,islamabad,islamabad,236843,45,22,94.9271,0,0,0,submitted,1
9640,accident,auto,faisalabad,punjab,33060,58,12,6.3491,0,3,0,approved,0
9641,theft,home,lahore,punjab,29319,61,25,8.1828,0,0,0,submitted,0
9642,home,home,multan,punjab,52628,64,22,2.1619,0,4,0,submitted,0
9643,life,life,faisalabad,punjab,115950,44,3,7.1782,4,7,2,rejected,1
9644,life,life,mardan,kpk,34000,53,16,2.8223,1,4,0,in_review,0
9645,pet_care,pet,peshawar,kpk,8214,45,27,0.3454,1,1,0,approved,0
9646,auto,auto,sialkot,punjab,66883,45,0,6.4169,1,6,2,rejected,1
9647,auto,auto,mardan,kpk,29765,64,27,2.8926,0,1,0,in_review,1
9648,life,life,quetta,balochistan,344454,64,14,15.6634,1,7,0,approved,0
9649,damage,auto,rawalpindi,punjab,46650,56,24,2.2272,0,1,0,approved,0
9650,home,home,islamabad,islamabad,16793,64,20,1.475,3,9,1,rejected,1
9651,medical,life,sialkot,punjab,37351,56,28,4.0275,3,7,2,rejected,1
9652,damage,auto,mardan,kpk,15182,56,3,0.6631,2,7,0,approved,0
9653,other,home,karachi,sindh,9307,61,22,0.4015,0,0,0,approved,0
9654,accident,auto,quetta,balochistan,51348,44,23,9.3292,0,2,0,rejected,1
9655,pet_care,pet,islamabad,islamabad,25571,61,14,2.4737,4,8,3,rejected,1
9656,home,home,lahore,punjab,35620,56,19,1.8366,0,0,0,approved,0
9657,accident,life,karachi,sindh,32478,56,1,17.8745,3,6,2,rejected,1
9658,medical,life,gujranwala,punjab,55985,53,29,3.7249,1,2,2,in_review,1
9659,damage,home,sialkot,punjab,14746,58,24,1.03,1,3,0,approved,0
9660,auto,auto,multan,punjab,21312,61,15,1.157,0,1,0,approved,0
9661,life,life,multan,punjab,11511,64,12,1.0555,0,1,0,approved,0
9662,theft,auto,gujranwala,punjab,16799,64,7,0.8323,0,4,0,approved,0
9663,other,others,hyderabad,sindh,21080,53,12,1.1299,1,5,1,approved,0
9664,theft,home,abbottabad,kpk,28106,44,24,5.7266,0,4,0,approved,0
9665,auto,auto,lahore,punjab,53883,64,22,8.4762,0,6,1,approved,0
9666,theft,auto,peshawar,kpk,37155,64,10,2.5224,0,4,0,in_review,0
9667,home,home,multan,punjab,30173,64,25,1.9766,0,2,0,approved,0
9668,other,auto,hyderabad,sindh,23077,44,30,2.5961,0,5,0,approved,0
9669,pet_care,pet,gujranwala,punjab,10212,58,26,0.7519,1,4,0,submitted,0
9670,pet,pet,multan,punjab,5339,64,24,0.2371,0,3,0,in_review,0
9671,medical,life,abbottabad,kpk,10939,58,6,0.9602,0,2,1,in_review,1
9672,home,home,multan,punjab,72216,56,22,5.5701,1,6,0,approved,0
9673,pet_care,pet,mardan,kpk,15409,64,7,0.877,1,1,1,approved,0
9674,pet,pet,multan,punjab,6232,56,8,0.9522,0,0,2,in_review,1
9675,damage,home,quetta,balochistan,22277,45,9,1.1837,2,5,0,submitted,0
9676,accident,life,abbottabad,kpk,13693,64,26,1.5937,0,2,0,submitted,0
9677,other,auto,sukkur,sindh,24124,64,0,2.2688,3,9,1,rejected,1
9678,accident,life,karachi,sindh,34259,61,19,1.5673,1,5,0,approved,0
9679,pet_care,pet,karachi,sindh,19398,45,13,3.1282,0,0,1,approved,0
9680,other,others,mardan,kpk,34207,64,3,3.1145,0,4,0,approved,0
9681,theft,home,sialkot,punjab,5703,64,16,0.464,2,2,1,approved,0
9682,pet,pet,faisalabad,punjab,5000,61,28,0.3622,1,1,0,approved,0
9683,damage,auto,peshawar,kpk,25346,64,2,1.3595,1,6,0,approved,0
9684,other,pet,gujranwala,punjab,50547,53,11,11.2402,0,1,0,in_review,0
9685,damage,auto,multan,punjab,16184,61,22,3.1984,3,8,2,in_review,1
9686,pet_care,pet,rawalpindi,punjab,9129,45,16,0.9625,1,3,0,approved,0
9687,medical,auto,karachi,sindh,34292,64,4,3.8818,1,5,0,approved,0
9688,other,life,peshawar,kpk,5000,61,2,0.2218,1,7,1,approved,0
9689,life,life,peshawar,kpk,19476,64,3,2.6599,0,4,0,approved,0
9690,medical,life,sukkur,sindh,503006,64,22,225.0586,3,5,3,rejected,1
9691,theft,auto,islamabad,islamabad,81681,64,19,4.7658,4,4,1,in_review,1
9692,damage,auto,mardan,kpk,36638,64,18,2.2721,0,6,0,in_review,0
9693,life,life,quetta,balochistan,21234,64,17,1.0033,0,2,0,rejected,1
9694,other,others,abbottabad,kpk,9583,64,10,1.0158,0,0,0,submitted,0
9695,medical,life,gujranwala,punjab,75489,61,30,22.5812,2,3,1,approved,0
9696,other,others,mardan,kpk,9628,64,21,1.1659,0,5,0,approved,0
9697,accident,auto,quetta,balochistan,11935,44,28,0.6858,1,5,0,approved,0
9698,damage,auto,mardan,kpk,5000,45,22,0.4975,1,3,0,approved,0
9699,medical,auto,multan,punjab,98845,45,13,19.6355,1,5,1,approved,0
9700,pet_care,pet,rawalpindi,punjab,18650,53,13,1.2102,0,6,0,submitted,0
9701,pet_care,pet,karachi,sindh,10336,58,9,1.6173,2,5,2,in_review,1
9702,life,life,karachi,sindh,22074,61,30,1.2488,0,4,0,approved,0
9703,life,life,peshawar,kpk,51230,44,3,2.1613,0,5,3,in_review,1
9704,accident,auto,faisalabad,punjab,40299,58,15,1.6321,0,2,0,approved,0
9705,auto,auto,multan,punjab,13713,44,12,0.8609,2,5,3,rejected,1
9706,accident,life,islamabad,islamabad,46371,45,11,3.198,0,4,0,approved,0
9707,auto,auto,lahore,punjab,108029,61,26,12.5732,2,8,0,approved,0
9708,auto,auto,abbottabad,kpk,212650,56,10,8.5484,0,0,0,approved,0
9709,pet_care,pet,quetta,balochistan,5933,61,26,0.3915,0,1,2,in_review,1
9710,auto,auto,hyderabad,sindh,119539,64,9,41.3916,2,3,1,in_review,0
9711,theft,home,sialkot,punjab,44645,45,6,3.4539,1,4,0,submitted,0
9712,home,home,sialkot,punjab,12223,45,16,1.6153,2,5,0,approved,0
9713,medical,life,lahore,punjab,22983,53,27,1.8599,0,1,0,in_review,0
9714,life,life,gujranwala,punjab,137490,45,27,21.4526,0,0,0,approved,0
9715,auto,auto,faisalabad,punjab,10192,64,18,1.0281,2,7,0,approved,0
9716,pet_care,pet,quetta,balochistan,7138,61,25,1.9972,0,6,0,approved,0
9717,auto,auto,quetta,balochistan,59973,58,25,4.3456,0,2,0,approved,0
9718,other,home,karachi,sindh,19091,56,1,1.1657,2,5,3,approved,0
9719,pet,pet,multan,punjab,5756,45,27,0.3006,1,2,0,approved,0
9720,auto,auto,lahore,punjab,30929,64,5,11.9509,1,7,0,submitted,0
9721,home,home,abbottabad,kpk,350282,61,31,31.278,0,5,0,rejected,1
9722,other,auto,mardan,kpk,19857,64,21,1.2697,3,3,0,rejected,1
9723,pet,pet,hyderabad,sindh,51412,64,21,2.7001,1,2,2,in_review,1
9724,theft,home,gujranwala,punjab,60266,64,27,4.2812,0,5,1,submitted,0
9725,damage,home,hyderabad,sindh,10485,45,17,0.5634,0,5,0,approved,0
9726,auto,auto,quetta,balochistan,19840,45,22,1.7661,2,2,3,rejected,1
9727,home,home,quetta,balochistan,11098,58,26,2.6839,0,2,2,in_review,1
9728,medical,auto,gujranwala,punjab,15422,61,23,4.579,2,6,0,submitted,0
9729,pet_care,pet,peshawar,kpk,12573,58,13,0.9056,1,1,0,approved,0
9730,home,home,karachi,sindh,17401,58,2,0.7688,1,2,3,rejected,1
9731,life,life,sukkur,sindh,26409,56,6,4.5213,0,0,0,in_review,0
9732,life,life,multan,punjab,44682,58,8,6.9328,4,8,2,in_review,1
9733,other,pet,faisalabad,punjab,23965,56,16,1.0599,1,6,0,submitted,0
9734,pet,pet,hyderabad,sindh,13913,64,26,1.0756,0,3,0,approved,0
9735,theft,auto,rawalpindi,punjab,24418,58,17,1.2825,1,6,0,rejected,1
9736,life,life,quetta,balochistan,8823,53,26,0.3762,0,6,0,approved,0
9737,other,life,multan,punjab,5000,64,5,0.4098,0,6,0,approved,0
9738,theft,auto,mardan,kpk,66359,53,10,8.385,0,1,0,approved,0
9739,auto,auto,lahore,punjab,14905,64,29,1.1701,2,3,1,approved,0
9740,pet_care,pet,karachi,sindh,14943,64,18,3.138,0,1,1,approved,0
9741,damage,home,hyderabad,sindh,25506,64,8,2.6644,0,1,0,submitted,0
9742,pet_care,pet,quetta,balochistan,18073,44,23,0.7584,0,5,1,approved,0
9743,theft,home,quetta,balochistan,22066,45,5,0.9404,4,10,3,submitted,1
9744,pet_care,pet,karachi,sindh,16157,64,11,1.3229,2,7,1,approved,0
9745,other,auto,peshawar,kpk,18764,64,16,1.4598,2,3,1,approved,0
9746,accident,auto,sukkur,sindh,13483,64,13,1.536,0,0,0,approved,0
9747,damage,auto,quetta,balochistan,30200,56,3,3.3426,0,0,1,approved,0
9748,home,home,sukkur,sindh,20120,64,19,1.0593,0,5,0,submitted,0
9749,life,life,quetta,balochistan,138841,56,2,10.0895,0,0,1,submitted,0
9750,other,pet,multan,punjab,27984,53,8,1.8696,1,3,0,approved,0
9751,home,home,islamabad,islamabad,83942,56,6,9.9457,0,5,1,in_review,0
9752,home,home,karachi,sindh,22093,64,1,3.2557,0,1,0,approved,0
9753,medical,life,multan,punjab,30258,61,28,1.5906,2,3,3,approved,0
9754,medical,life,karachi,sindh,409386,56,35,19.3884,0,4,1,rejected,1
9755,theft,auto,sukkur,sindh,19044,64,29,6.0805,1,4,1,rejected,1
9756,life,life,sukkur,sindh,27949,44,6,2.1425,0,1,3,submitted,1
9757,pet,pet,lahore,punjab,10581,61,20,1.6179,2,7,0,submitted,0
9758,pet,pet,sialkot,punjab,7211,64,22,0.4288,0,3,1,approved,0
9759,pet_care,pet,lahore,punjab,24379,64,25,5.4637,0,1,3,rejected,1
9760,accident,life,quetta,balochistan,135531,58,2,8.7085,4,9,1,in_review,1
9761,life,life,peshawar,kpk,111368,64,21,9.9294,0,1,0,rejected,1
9762,damage,auto,faisalabad,punjab,127114,64,9,30.8006,1,3,0,approved,0
9763,pet,pet,gujranwala,punjab,11360,64,0,1.0597,0,0,0,approved,0
9764,pet,pet,faisalabad,punjab,9237,45,25,0.7849,3,3,1,rejected,1
9765,accident,auto,hyderabad,sindh,49306,53,23,3.0301,1,7,2,rejected,1
9766,medical,life,quetta,balochistan,421180,58,15,39.0923,0,6,0,approved,0
9767,accident,life,faisalabad,punjab,12867,64,15,0.5644,0,4,2,rejected,1
9768,accident,auto,sialkot,punjab,31941,58,17,6.4868,0,0,0,approved,0
9769,pet,pet,karachi,sindh,23815,61,20,1.3378,0,6,0,approved,0
9770,other,pet,sialkot,punjab,28321,44,5,3.5705,0,6,0,approved,0
9771,damage,auto,sukkur,sindh,46130,64,14,2.7944,0,3,0,approved,0
9772,auto,auto,quetta,balochistan,20509,64,25,1.2682,2,2,0,approved,0
9773,life,life,mardan,kpk,24856,64,5,1.6429,0,5,2,rejected,1
9774,home,home,faisalabad,punjab,20573,56,15,0.8744,2,5,0,in_review,0
9775,theft,auto,lahore,punjab,26464,44,26,6.0865,2,8,3,submitted,1
9776,damage,auto,quetta,balochistan,11826,64,17,1.5457,1,3,2,approved,0
9777,home,home,peshawar,kpk,43388,64,11,2.5161,4,9,2,submitted,1
9778,medical,auto,quetta,balochistan,19719,45,10,1.3854,0,5,0,approved,0
9779,pet_care,pet,faisalabad,punjab,9309,64,9,0.888,1,3,0,approved,0
9780,life,life,sukkur,sindh,103489,56,3,5.2073,0,5,0,approved,0
9781,accident,auto,abbottabad,kpk,37786,58,8,2.3452,0,5,0,approved,0
9782,auto,auto,quetta,balochistan,64179,45,16,3.3559,2,6,0,approved,0
9783,home,home,multan,punjab,88618,58,1,5.5029,0,5,0,approved,0
9784,medical,auto,abbottabad,kpk,30001,45,21,1.3004,0,4,0,approved,0
9785,pet_care,pet,sukkur,sindh,5000,64,3,0.2259,0,3,0,approved,0
9786,damage,auto,multan,punjab,15970,61,11,0.8367,0,1,0,approved,0
9787,damage,home,sukkur,sindh,40929,44,2,7.3087,0,4,0,approved,0
9788,pet,pet,karachi,sindh,18272,64,18,2.1838,0,4,1,approved,0
9789,theft,home,faisalabad,punjab,26601,58,16,1.7024,1,7,1,approved,0
9790,medical,life,sukkur,sindh,154650,44,13,14.1478,0,4,1,approved,0
9791,pet_care,pet,peshawar,kpk,10811,53,25,1.6558,0,5,0,in_review,0
9792,auto,auto,quetta,balochistan,8551,64,2,0.4524,0,0,2,in_review,1
9793,medical,life,hyderabad,sindh,74068,45,11,3.3343,0,0,0,in_review,0
9794,medical,auto,hyderabad,sindh,103798,44,29,5.4373,0,6,0,approved,0
9795,auto,auto,hyderabad,sindh,15742,58,18,3.9513,0,1,0,approved,0
9796,medical,auto,rawalpindi,punjab,11144,56,24,0.7291,0,4,2,rejected,1
9797,other,home,gujranwala,punjab,23333,58,16,1.051,0,4,0,approved,0
9798,home,home,faisalabad,punjab,41729,44,13,2.2028,1,3,1,approved,0
9799,other,home,islamabad,islamabad,110553,56,28,5.8235,0,1,0,in_review,0
9800,life,life,sukkur,sindh,43320,56,25,1.9678,0,3,0,approved,0
9801,pet,pet,peshawar,kpk,9944,44,18,0.4846,0,4,0,rejected,1
9802,life,life,multan,punjab,115312,64,30,7.2955,4,7,0,approved,0
9803,theft,auto,multan,punjab,53108,56,12,4.585,0,4,1,approved,0
9804,pet_care,pet,islamabad,islamabad,23050,64,1,0.9637,0,3,2,submitted,1
9805,pet_care,pet,abbottabad,kpk,9773,58,30,0.6821,0,0,0,approved,0
9806,auto,auto,faisalabad,punjab,31505,44,13,1.9951,2,3,2,in_review,0
9807,home,home,islamabad,islamabad,26323,53,11,4.4668,0,3,0,approved,0
9808,damage,home,islamabad,islamabad,22869,64,28,1.3118,0,0,0,approved,0
9809,other,life,mardan,kpk,51473,64,25,8.6845,0,6,0,approved,0
9810,accident,life,gujranwala,punjab,6059,56,29,0.7703,0,6,0,approved,0
9811,damage,home,rawalpindi,punjab,110333,44,3,4.7058,0,5,0,submitted,0
9812,other,home,multan,punjab,67268,56,20,4.2561,2,5,0,approved,0
9813,pet_care,pet,abbottabad,kpk,14781,58,5,1.9753,0,5,0,approved,0
9814,other,home,rawalpindi,punjab,5977,53,16,0.3577,2,3,3,rejected,1
9815,medical,auto,sukkur,sindh,174606,64,3,9.817,1,1,1,approved,0
9816,auto,auto,rawalpindi,punjab,13389,45,11,0.7111,0,5,1,in_review,0
9817,accident,life,hyderabad,sindh,25203,64,29,2.6837,0,5,0,approved,0
9818,life,life,peshawar,kpk,66033,56,23,7.0368,0,3,0,approved,0
9819,medical,auto,sialkot,punjab,113457,58,28,5.7359,1,4,0,approved,0
9820,damage,auto,karachi,sindh,11463,45,0,6.1431,0,6,1,approved,0
9821,other,others,faisalabad,punjab,11636,64,11,0.4942,0,6,1,in_review,0
9822,auto,auto,faisalabad,punjab,14113,64,17,6.9012,0,0,2,approved,0
9823,auto,auto,sukkur,sindh,16733,56,10,2.2931,0,3,0,rejected,1
9824,life,life,sialkot,punjab,112608,56,29,6.2692,0,0,0,in_review,0
9825,life,life,peshawar,kpk,35877,64,25,13.1901,0,6,1,approved,0
9826,pet_care,pet,sialkot,punjab,6802,61,7,0.2957,0,2,3,rejected,1
9827,accident,life,hyderabad,sindh,5000,53,28,0.4118,2,7,1,approved,0
9828,accident,auto,sialkot,punjab,67629,56,1,2.8718,1,6,0,submitted,0
9829,other,others,lahore,punjab,33554,58,28,7.5828,1,1,0,submitted,0
9830,medical,auto,sialkot,punjab,29232,64,23,8.8528,0,5,0,submitted,0
9831,accident,life,sukkur,sindh,47656,64,15,9.2285,0,4,0,approved,0
9832,auto,auto,gujranwala,punjab,83729,44,13,6.7182,1,4,0,in_review,0
9833,auto,auto,sialkot,punjab,48826,45,6,10.3533,0,1,0,approved,0
9834,accident,auto,hyderabad,sindh,154870,53,8,7.2308,2,5,0,submitted,0
9835,other,pet,hyderabad,sindh,5789,64,10,0.2329,1,5,3,rejected,1
9836,auto,auto,rawalpindi,punjab,38060,44,6,3.3747,0,2,0,approved,0
9837,theft,auto,mardan,kpk,39034,53,28,15.6261,1,7,0,approved,0
9838,life,life,rawalpindi,punjab,66362,44,28,3.369,1,3,2,rejected,1
9839,theft,auto,hyderabad,sindh,10015,64,18,0.6452,2,6,0,approved,0
9840,pet,pet,sialkot,punjab,9848,56,19,0.9723,0,6,0,submitted,0
9841,theft,home,lahore,punjab,6334,56,6,0.2871,0,3,2,rejected,1
9842,other,pet,sukkur,sindh,33433,45,26,1.6223,1,6,0,approved,0
9843,accident,auto,abbottabad,kpk,21156,56,29,5.7489,0,1,1,approved,0
9844,damage,auto,karachi,sindh,117419,58,13,5.5536,0,0,0,rejected,1
9845,accident,auto,islamabad,islamabad,67499,45,4,3.0352,0,3,2,submitted,1
9846,life,life,sukkur,sindh,564805,58,11,96.9955,4,10,3,rejected,1
9847,home,home,islamabad,islamabad,16623,45,25,1.195,0,1,0,approved,0
9848,other,life,abbottabad,kpk,5540,64,20,1.2232,0,6,1,in_review,0
9849,pet_care,pet,sukkur,sindh,48391,56,6,5.7004,2,4,1,approved,0
9850,other,life,peshawar,kpk,69415,45,21,6.7237,0,2,0,approved,0
9851,accident,life,quetta,balochistan,35936,44,13,9.2882,0,1,0,submitted,0
9852,home,home,quetta,balochistan,114433,45,13,24.7316,0,4,2,rejected,1
9853,pet_care,pet,quetta,balochistan,23196,61,22,4.6024,0,6,0,in_review,0
9854,theft,auto,karachi,sindh,28909,61,16,1.6738,0,5,0,submitted,0
9855,pet,pet,gujranwala,punjab,6768,44,23,1.6757,1,3,1,approved,0
9856,theft,auto,mardan,kpk,9779,58,0,1.2607,0,2,0,approved,0
9857,theft,auto,multan,punjab,38478,53,24,17.193,0,0,0,approved,0
9858,other,home,islamabad,islamabad,57236,56,2,33.6881,0,6,0,submitted,0
9859,theft,home,lahore,punjab,7458,56,14,0.5798,1,5,0,approved,0
9860,accident,auto,quetta,balochistan,125149,44,8,9.1123,0,3,0,approved,0
9861,home,home,lahore,punjab,33096,44,9,2.0404,1,2,0,in_review,1
9862,medical,life,abbottabad,kpk,36379,58,24,8.1567,0,2,1,rejected,1
9863,pet,pet,hyderabad,sindh,20036,64,19,1.2791,0,2,0,submitted,0
9864,damage,auto,lahore,punjab,54915,64,12,2.2979,0,2,0,approved,0
9865,pet,pet,abbottabad,kpk,20116,56,14,1.0402,0,4,1,submitted,0
9866,other,life,sukkur,sindh,45986,64,27,2.0391,0,6,0,approved,0
9867,home,home,lahore,punjab,32249,45,22,4.0504,1,4,0,approved,0
9868,medical,life,faisalabad,punjab,102484,58,6,4.1852,0,4,0,submitted,0
9869,pet_care,pet,karachi,sindh,9717,45,26,0.9374,1,5,1,submitted,0
9870,theft,home,gujranwala,punjab,29254,45,8,1.584,1,4,0,approved,0
9871,damage,auto,sialkot,punjab,21474,53,16,0.9,2,2,1,approved,0
9872,life,life,rawalpindi,punjab,28716,45,14,1.5458,1,4,0,approved,0
9873,auto,auto,sialkot,punjab,102262,64,25,25.1753,2,5,1,in_review,0
9874,auto,auto,karachi,sindh,20808,53,21,3.0143,0,6,0,approved,0
9875,home,home,sialkot,punjab,21560,53,0,1.7295,0,5,0,approved,0
9876,pet_care,pet,sukkur,sindh,6084,45,30,0.3117,3,9,2,rejected,1
9877,theft,home,faisalabad,punjab,21632,45,15,7.4388,0,1,1,in_review,1
9878,accident,auto,sukkur,sindh,72245,56,20,22.0663,0,5,0,submitted,1
9879,theft,home,lahore,punjab,16408,64,16,0.8677,0,2,1,submitted,0
9880,accident,auto,abbottabad,kpk,24938,44,4,1.3924,0,3,0,approved,0
9881,pet_care,pet,quetta,balochistan,16568,44,11,0.694,0,6,0,approved,0
9882,pet_care,pet,multan,punjab,12303,53,6,3.3781,0,5,0,in_review,0
9883,medical,life,faisalabad,punjab,206802,53,7,11.7275,0,4,1,submitted,0
9884,theft,home,mardan,kpk,18229,64,13,1.246,1,1,1,in_review,0
9885,accident,auto,multan,punjab,5000,58,24,2.5773,0,5,1,approved,0
9886,accident,life,hyderabad,sindh,6220,45,21,1.0926,0,0,0,approved,0
9887,pet,pet,sialkot,punjab,11134,64,18,0.5026,3,4,2,rejected,1
9888,damage,home,sukkur,sindh,11902,44,29,0.4963,3,8,1,approved,0
9889,medical,auto,gujranwala,punjab,77870,56,29,5.158,1,4,2,rejected,1
9890,home,home,sukkur,sindh,42230,64,16,3.4646,1,7,0,approved,0
9891,medical,auto,hyderabad,sindh,145215,56,30,14.5769,1,6,0,approved,0
9892,other,pet,multan,punjab,6056,56,6,0.3354,0,1,0,submitted,0
9893,other,pet,islamabad,islamabad,25564,64,6,2.1389,0,1,0,approved,0
9894,other,others,mardan,kpk,19208,58,29,2.8871,1,1,2,rejected,1
9895,home,home,lahore,punjab,27607,45,6,1.876,2,6,0,approved,0
9896,damage,home,lahore,punjab,18296,56,6,1.8117,2,4,0,approved,0
9897,pet,pet,sialkot,punjab,8839,45,7,0.5814,1,1,0,rejected,1
9898,pet_care,pet,islamabad,islamabad,12463,64,3,0.6735,0,6,0,approved,0
9899,medical,life,multan,punjab,79911,53,22,4.9888,2,5,0,submitted,0
9900,life,life,hyderabad,sindh,205433,56,14,57.3996,0,5,0,submitted,0
9901,pet,pet,mardan,kpk,5000,53,11,0.4229,1,5,0,approved,0
9902,medical,life,faisalabad,punjab,38146,45,9,2.6386,2,4,1,approved,0
9903,pet_care,pet,faisalabad,punjab,6878,61,7,1.1279,2,5,0,in_review,0
9904,other,home,islamabad,islamabad,33393,64,7,1.7677,2,5,1,approved,0
9905,pet_care,pet,faisalabad,punjab,24072,44,1,1.2849,0,6,3,rejected,1
9906,accident,life,quetta,balochistan,11356,45,24,0.8193,1,1,0,submitted,0
9907,medical,life,abbottabad,kpk,70233,44,6,4.3656,1,6,1,approved,0
9908,medical,auto,sialkot,punjab,45563,64,20,4.6621,0,6,0,approved,0
9909,auto,auto,faisalabad,punjab,36324,61,17,6.376,1,2,3,rejected,1
9910,medical,life,karachi,sindh,29396,64,24,2.575,0,3,0,approved,0
9911,other,others,multan,punjab,55786,58,21,7.2828,0,6,0,submitted,0
9912,theft,auto,lahore,punjab,17159,64,28,3.1629,2,3,0,approved,0
9913,pet_care,pet,peshawar,kpk,20868,44,4,3.5868,0,5,0,approved,0
9914,theft,home,rawalpindi,punjab,66259,64,8,6.3944,1,5,0,approved,0
9915,medical,life,lahore,punjab,51039,64,11,4.6227,0,4,0,submitted,0
9916,theft,auto,quetta,balochistan,175763,61,18,13.2252,2,7,2,in_review,1
9917,pet_care,pet,karachi,sindh,15447,44,12,1.9668,2,5,1,submitted,0
9918,theft,home,multan,punjab,52803,58,0,2.8998,0,1,0,approved,0
9919,medical,auto,faisalabad,punjab,21456,44,10,3.9682,0,5,0,approved,0
9920,medical,life,peshawar,kpk,34894,44,3,4.1158,0,5,0,approved,0
9921,home,home,abbottabad,kpk,17646,45,23,0.8368,0,0,1,in_review,1
9922,theft,home,faisalabad,punjab,9794,53,23,1.3078,0,5,1,approved,0
9923,theft,auto,quetta,balochistan,43884,64,7,3.1332,1,5,1,submitted,0
9924,auto,auto,karachi,sindh,10409,58,14,1.3083,0,5,0,approved,0
9925,theft,auto,karachi,sindh,78952,44,0,3.2641,0,5,1,approved,0
9926,pet,pet,sukkur,sindh,20527,56,20,1.5653,1,2,3,rejected,1
9927,auto,auto,abbottabad,kpk,16387,64,25,1.5391,0,6,0,approved,0
9928,pet,pet,islamabad,islamabad,7558,61,7,0.3593,0,2,2,rejected,1
9929,damage,auto,rawalpindi,punjab,14067,58,15,3.8763,0,1,1,approved,0
9930,auto,auto,quetta,balochistan,41435,64,6,7.0878,0,5,0,submitted,0
9931,other,life,abbottabad,kpk,62876,64,5,9.8784,0,3,1,approved,0
9932,home,home,lahore,punjab,29694,56,18,1.5492,0,2,0,approved,0
9933,auto,auto,multan,punjab,46623,45,7,2.4202,3,4,3,in_review,1
9934,pet,pet,hyderabad,sindh,18026,53,27,1.3525,0,4,1,approved,0
9935,life,life,sukkur,sindh,54448,58,21,2.5044,0,4,0,approved,0
9936,pet_care,pet,quetta,balochistan,9070,58,1,0.4311,2,2,0,approved,0
9937,damage,home,sialkot,punjab,22867,58,2,0.9189,0,1,0,approved,0
9938,pet,pet,islamabad,islamabad,38109,58,27,4.1509,0,3,0,approved,0
9939,damage,home,abbottabad,kpk,40989,53,5,5.8977,1,5,2,in_review,1
9940,pet_care,pet,abbottabad,kpk,12326,56,8,1.3048,1,1,0,in_review,0
9941,auto,auto,hyderabad,sindh,17564,53,10,0.9574,0,2,0,submitted,0
9942,other,life,sukkur,sindh,5000,44,15,1.162,0,1,0,approved,0
9943,accident,life,mardan,kpk,22438,44,3,1.0142,0,6,1,approved,0
9944,damage,auto,peshawar,kpk,9370,64,30,0.5331,0,3,0,approved,0
9945,theft,auto,sialkot,punjab,32575,53,7,1.5348,0,5,0,approved,0
9946,accident,life,faisalabad,punjab,61322,44,13,13.5638,0,0,0,in_review,0
9947,accident,life,islamabad,islamabad,100522,64,16,4.623,3,8,0,approved,0
9948,accident,auto,peshawar,kpk,24846,64,29,4.2098,2,2,1,rejected,1
9949,medical,auto,islamabad,islamabad,396746,56,15,48.5911,2,6,0,submitted,0
9950,other,others,rawalpindi,punjab,21726,56,21,2.7659,0,3,0,approved,0
9951,life,life,hyderabad,sindh,76715,44,13,4.5214,2,5,0,approved,0
9952,medical,auto,quetta,balochistan,35308,45,30,1.9589,0,5,0,approved,0
9953,home,home,mardan,kpk,48881,64,18,2.6406,0,5,0,approved,0
9954,medical,auto,hyderabad,sindh,123486,61,14,7.894,0,1,0,approved,0
9955,accident,life,islamabad,islamabad,99008,64,28,21.9579,1,5,0,submitted,0
9956,accident,auto,quetta,balochistan,18510,45,22,1.8579,2,4,1,submitted,0
9957,theft,home,faisalabad,punjab,5000,64,13,0.278,1,2,0,submitted,0
9958,pet,pet,peshawar,kpk,14471,61,6,2.6983,2,4,1,submitted,0
9959,medical,life,hyderabad,sindh,50425,53,24,5.1792,3,6,1,in_review,1
9960,medical,life,sukkur,sindh,144314,56,20,8.4246,1,3,0,approved,0
9961,accident,auto,sialkot,punjab,16421,64,13,0.6712,0,4,0,approved,0
9962,damage,home,gujranwala,punjab,70233,64,3,3.5662,0,2,0,in_review,0
9963,damage,home,hyderabad,sindh,34923,53,18,1.4963,2,3,3,submitted,1
9964,medical,life,karachi,sindh,51999,53,0,19.0124,0,6,0,in_review,0
9965,pet,pet,islamabad,islamabad,8533,61,13,5.491,0,3,0,submitted,0
9966,accident,life,gujranwala,punjab,7143,45,16,0.5521,1,1,1,approved,0
9967,pet,pet,sialkot,punjab,5000,61,14,0.5341,3,8,2,in_review,1
9968,other,auto,mardan,kpk,35513,61,5,2.3284,0,4,0,submitted,0
9969,theft,auto,abbottabad,kpk,5016,45,16,0.4299,0,2,0,approved,0
9970,pet,pet,islamabad,islamabad,14005,53,6,1.5741,0,0,0,approved,0
9971,other,others,gujranwala,punjab,38877,44,9,2.1346,0,6,0,approved,0
9972,other,pet,abbottabad,kpk,18779,56,5,1.8107,0,0,0,approved,0
9973,damage,auto,gujranwala,punjab,22846,61,13,3.0108,1,4,0,approved,0
9974,home,home,sialkot,punjab,120300,58,6,11.4944,1,3,0,approved,0
9975,other,life,faisalabad,punjab,61037,56,4,3.0321,0,2,0,submitted,0
9976,pet,pet,mardan,kpk,36400,53,12,1.7853,0,2,0,approved,0
9977,damage,home,karachi,sindh,36526,58,0,19.8943,0,4,0,approved,0
9978,accident,auto,abbottabad,kpk,28205,64,27,1.9134,0,0,1,in_review,1
9979,theft,home,sukkur,sindh,22729,64,9,1.9891,0,5,2,rejected,1
9980,home,home,sukkur,sindh,84550,61,6,4.9497,2,7,2,approved,0
9981,other,home,gujranwala,punjab,42821,53,7,2.3173,0,4,2,rejected,1
9982,auto,auto,abbottabad,kpk,37641,61,10,6.4787,3,9,3,in_review,1
9983,other,auto,quetta,balochistan,9494,56,28,4.0625,0,0,0,approved,0
9984,accident,auto,lahore,punjab,43729,64,15,2.7227,1,1,2,submitted,1
9985,pet,pet,hyderabad,sindh,21040,58,1,1.0979,1,4,0,submitted,0
9986,life,life,rawalpindi,punjab,35430,53,23,18.1786,0,5,0,approved,0
9987,home,home,gujranwala,punjab,44793,64,6,12.4287,0,6,0,approved,0
9988,auto,auto,karachi,sindh,111726,56,26,4.7754,1,3,1,rejected,1
9989,pet,pet,islamabad,islamabad,5000,64,2,0.2733,2,5,3,rejected,1
9990,medical,life,rawalpindi,punjab,66043,44,2,3.7901,2,2,0,submitted,0
9991,medical,auto,rawalpindi,punjab,35144,64,16,8.7772,4,10,2,in_review,1
9992,home,home,karachi,sindh,39259,64,1,6.4002,4,6,0,rejected,1
9993,accident,life,karachi,sindh,20302,64,17,1.109,0,5,0,approved,0
9994,life,life,lahore,punjab,52547,64,13,10.1149,0,5,0,approved,0
9995,auto,auto,peshawar,kpk,26856,58,7,3.847,2,5,3,submitted,1
9996,pet_care,pet,islamabad,islamabad,21762,64,20,2.3496,0,1,0,approved,0
9997,damage,home,islamabad,islamabad,17554,58,12,0.8105,0,0,0,in_review,0
9998,life,life,quetta,balochistan,39033,45,29,1.7476,1,2,1,approved,0
9999,pet,pet,multan,punjab,9737,53,12,0.4071,1,3,0,submitted,0
