id,signal_type,fraud_category,severity,severity_encoded,account_age_days,related_entity_count,fraudulent
0,other,commerce,critical,4,419,10,1
1,unverified_provider,account,low,1,776,4,1
2,pending_purchases,catalog,medium,2,565,21,0
3,other,account,low,1,317,7,1
4,duplicate_email,claims,critical,4,297,21,1
5,claim_burst,account,high,3,462,11,1
6,claim_burst,claims,high,3,65,26,0
7,rejected_claims_volume,claims,high,3,796,18,1
8,pending_purchases,catalog,medium,2,185,30,1
9,claim_burst,account,high,3,728,22,1
10,duplicate_email,account,high,3,565,12,1
11,duplicate_email,catalog,high,3,783,25,1
12,rejected_claims_volume,commerce,high,3,206,22,0
13,other,account,critical,4,482,10,0
14,lead_spike,commerce,critical,4,655,17,1
15,duplicate_email,commerce,high,3,29,11,1
16,lead_spike,claims,medium,2,254,20,1
17,unverified_provider,catalog,critical,4,412,25,1
18,stale_pending_policies,claims,high,3,724,21,1
19,other,catalog,medium,2,85,3,0
20,duplicate_email,claims,critical,4,187,16,1
21,claim_burst,claims,high,3,580,18,1
22,inactive_spike,account,critical,4,125,20,1
23,duplicate_email,catalog,low,1,214,22,1
24,lead_spike,commerce,medium,2,303,25,1
25,lead_spike,commerce,low,1,42,20,1
26,other,commerce,high,3,178,11,1
27,lead_spike,catalog,medium,2,148,11,1
28,pending_purchases,commerce,high,3,233,14,1
29,inactive_spike,commerce,low,1,567,8,0
30,pending_purchases,account,medium,2,104,13,1
31,rejected_claims_volume,claims,critical,4,338,28,1
32,stale_pending_policies,claims,critical,4,758,15,1
33,rejected_claims_volume,catalog,low,1,29,16,1
34,pending_purchases,claims,critical,4,458,19,1
35,unverified_provider,commerce,low,1,49,4,0
36,stale_pending_policies,catalog,low,1,491,18,1
37,stale_pending_policies,account,low,1,776,16,1
38,rejected_claims_volume,claims,medium,2,809,28,1
39,lead_spike,catalog,high,3,87,13,1
40,duplicate_email,claims,high,3,477,28,1
41,stale_pending_policies,catalog,high,3,160,25,1
42,duplicate_email,account,critical,4,417,24,1
43,rejected_claims_volume,claims,critical,4,846,14,0
44,claim_burst,claims,medium,2,601,18,1
45,reject_rate,catalog,low,1,758,9,0
46,reject_rate,catalog,medium,2,545,6,0
47,stale_pending_policies,account,medium,2,360,16,1
48,unverified_provider,claims,low,1,570,1,0
49,reject_rate,catalog,low,1,574,4,0
50,duplicate_email,commerce,low,1,163,8,1
51,inactive_spike,account,medium,2,476,11,0
52,stale_pending_policies,catalog,medium,2,716,12,1
53,reject_rate,commerce,medium,2,680,6,0
54,lead_spike,catalog,low,1,247,21,0
55,lead_spike,commerce,critical,4,27,30,1
56,inactive_spike,commerce,medium,2,856,7,0
57,inactive_spike,account,critical,4,29,29,1
58,pending_purchases,claims,critical,4,414,18,1
59,rejected_claims_volume,commerce,high,3,4,25,1
60,inactive_spike,account,high,3,227,10,1
61,other,claims,low,1,87,5,0
62,claim_burst,claims,medium,2,433,29,1
63,pending_purchases,commerce,high,3,231,23,1
64,unverified_provider,account,medium,2,144,2,0
65,rejected_claims_volume,account,critical,4,15,15,0
66,inactive_spike,account,high,3,893,21,1
67,lead_spike,commerce,low,1,500,11,1
68,duplicate_email,commerce,medium,2,78,17,1
69,claim_burst,claims,high,3,183,16,1
70,other,account,low,1,3,12,1
71,rejected_claims_volume,claims,medium,2,458,11,0
72,stale_pending_policies,catalog,critical,4,519,17,1
73,claim_burst,claims,critical,4,724,28,1
74,other,commerce,medium,2,3,11,0
75,pending_purchases,commerce,low,1,439,20,1
76,lead_spike,commerce,high,3,8,13,1
77,duplicate_email,catalog,high,3,337,25,1
78,other,account,high,3,46,13,0
79,unverified_provider,catalog,high,3,515,28,1
80,duplicate_email,account,critical,4,25,26,0
81,unverified_provider,account,medium,2,15,9,0
82,pending_purchases,claims,high,3,611,20,1
83,inactive_spike,catalog,medium,2,45,17,1
84,reject_rate,catalog,medium,2,537,16,1
85,stale_pending_policies,account,medium,2,15,4,0
86,other,commerce,critical,4,674,25,0
87,rejected_claims_volume,account,high,3,196,8,1
88,pending_purchases,account,high,3,259,29,1
89,claim_burst,catalog,low,1,272,15,1
90,claim_burst,claims,high,3,472,23,1
91,inactive_spike,account,high,3,579,27,1
92,unverified_provider,claims,medium,2,340,5,0
93,lead_spike,commerce,medium,2,186,23,1
94,pending_purchases,account,high,3,71,24,1
95,lead_spike,catalog,medium,2,563,14,1
96,reject_rate,account,low,1,70,5,0
97,other,catalog,critical,4,215,14,0
98,duplicate_email,account,high,3,835,12,1
99,reject_rate,commerce,high,3,50,23,1
100,duplicate_email,claims,high,3,462,20,1
101,claim_burst,claims,high,3,124,18,0
102,stale_pending_policies,commerce,low,1,818,7,0
103,claim_burst,commerce,low,1,120,26,0
104,reject_rate,catalog,low,1,288,5,1
105,lead_spike,commerce,medium,2,861,21,1
106,lead_spike,claims,critical,4,439,8,1
107,reject_rate,catalog,medium,2,737,5,1
108,lead_spike,catalog,critical,4,660,17,1
109,inactive_spike,claims,critical,4,352,17,1
110,pending_purchases,commerce,medium,2,187,29,1
111,pending_purchases,claims,low,1,513,23,1
112,reject_rate,catalog,critical,4,438,12,1
113,unverified_provider,claims,high,3,570,10,1
114,claim_burst,commerce,high,3,745,21,1
115,claim_burst,claims,medium,2,64,23,1
116,unverified_provider,commerce,medium,2,16,4,0
117,lead_spike,catalog,medium,2,834,8,1
118,stale_pending_policies,catalog,critical,4,602,23,0
119,other,catalog,critical,4,460,15,1
120,inactive_spike,claims,low,1,846,15,1
121,unverified_provider,catalog,low,1,2,3,0
122,rejected_claims_volume,account,medium,2,23,16,1
123,stale_pending_policies,catalog,low,1,102,5,0
124,claim_burst,claims,medium,2,616,8,0
125,other,commerce,high,3,844,28,1
126,rejected_claims_volume,claims,medium,2,253,8,0
127,duplicate_email,commerce,medium,2,742,28,1
128,claim_burst,commerce,high,3,106,23,0
129,lead_spike,commerce,high,3,124,8,1
130,unverified_provider,account,medium,2,78,4,0
131,claim_burst,claims,critical,4,112,27,1
132,reject_rate,claims,critical,4,428,29,0
133,reject_rate,claims,low,1,219,4,0
134,claim_burst,claims,high,3,189,20,1
135,lead_spike,commerce,critical,4,806,18,1
136,duplicate_email,catalog,high,3,388,19,1
137,inactive_spike,catalog,low,1,81,8,0
138,other,catalog,low,1,575,4,0
139,stale_pending_policies,commerce,critical,4,16,30,1
140,pending_purchases,commerce,high,3,82,23,0
141,claim_burst,catalog,high,3,415,9,1
142,duplicate_email,catalog,critical,4,264,14,1
143,pending_purchases,commerce,medium,2,837,9,0
144,reject_rate,commerce,high,3,1,27,1
145,duplicate_email,account,medium,2,178,22,1
146,reject_rate,catalog,critical,4,835,23,1
147,inactive_spike,catalog,high,3,843,30,1
148,claim_burst,claims,medium,2,371,27,0
149,claim_burst,claims,medium,2,418,10,1
150,stale_pending_policies,catalog,high,3,165,21,1
151,unverified_provider,account,low,1,42,7,0
152,inactive_spike,catalog,medium,2,427,11,0
153,lead_spike,claims,critical,4,681,11,1
154,rejected_claims_volume,commerce,high,3,108,16,1
155,inactive_spike,claims,medium,2,158,8,0
156,claim_burst,claims,high,3,252,24,1
157,rejected_claims_volume,account,critical,4,18,23,1
158,stale_pending_policies,claims,high,3,42,17,1
159,unverified_provider,account,medium,2,804,6,0
160,rejected_claims_volume,claims,medium,2,797,29,1
161,rejected_claims_volume,account,high,3,92,9,1
162,duplicate_email,claims,critical,4,40,27,1
163,stale_pending_policies,claims,high,3,419,29,1
164,unverified_provider,commerce,low,1,618,9,0
165,unverified_provider,catalog,critical,4,680,25,1
166,rejected_claims_volume,account,high,3,64,17,1
167,other,catalog,high,3,764,26,1
168,pending_purchases,catalog,critical,4,822,19,1
169,reject_rate,catalog,medium,2,7,10,0
170,unverified_provider,catalog,low,1,416,10,0
171,reject_rate,catalog,medium,2,16,4,0
172,unverified_provider,catalog,high,3,755,24,1
173,claim_burst,commerce,high,3,798,11,1
174,claim_burst,claims,critical,4,45,23,1
175,unverified_provider,catalog,medium,2,656,4,0
176,stale_pending_policies,claims,medium,2,579,7,1
177,claim_burst,claims,medium,2,253,14,0
178,rejected_claims_volume,account,medium,2,119,22,1
179,lead_spike,commerce,medium,2,56,20,1
180,stale_pending_policies,catalog,medium,2,24,4,0
181,lead_spike,catalog,high,3,634,22,1
182,pending_purchases,catalog,low,1,368,21,1
183,stale_pending_policies,catalog,low,1,42,14,1
184,lead_spike,commerce,high,3,10,24,1
185,duplicate_email,claims,low,1,629,30,1
186,unverified_provider,claims,critical,4,295,13,1
187,duplicate_email,claims,high,3,775,16,1
188,reject_rate,commerce,critical,4,25,24,1
189,inactive_spike,catalog,high,3,631,24,1
190,duplicate_email,commerce,medium,2,28,16,1
191,inactive_spike,catalog,high,3,118,24,0
192,other,commerce,critical,4,287,26,1
193,unverified_provider,account,critical,4,539,19,1
194,lead_spike,commerce,high,3,576,22,1
195,unverified_provider,account,high,3,77,26,1
196,lead_spike,commerce,high,3,47,17,1
197,pending_purchases,catalog,high,3,49,12,1
198,duplicate_email,account,low,1,95,11,1
199,claim_burst,claims,medium,2,137,14,1
200,inactive_spike,catalog,low,1,821,7,0
201,unverified_provider,catalog,medium,2,893,11,0
202,reject_rate,catalog,low,1,58,14,1
203,lead_spike,commerce,high,3,351,24,1
204,inactive_spike,claims,low,1,46,4,0
205,inactive_spike,catalog,medium,2,60,18,1
206,claim_burst,account,high,3,39,21,1
207,reject_rate,catalog,medium,2,521,8,1
208,other,account,critical,4,508,8,1
209,reject_rate,catalog,critical,4,83,28,1
210,other,claims,high,3,238,28,0
211,reject_rate,commerce,high,3,503,16,1
212,stale_pending_policies,catalog,high,3,303,28,1
213,unverified_provider,claims,low,1,174,5,0
214,other,claims,high,3,197,20,1
215,claim_burst,claims,critical,4,710,29,1
216,lead_spike,catalog,high,3,7,8,1
217,rejected_claims_volume,claims,medium,2,218,20,1
218,claim_burst,account,medium,2,6,11,1
219,claim_burst,claims,medium,2,30,8,0
220,pending_purchases,account,high,3,12,26,1
221,stale_pending_policies,claims,low,1,889,16,1
222,unverified_provider,catalog,medium,2,209,2,1
223,stale_pending_policies,account,high,3,180,12,1
224,claim_burst,claims,medium,2,268,8,1
225,duplicate_email,commerce,critical,4,777,27,1
226,lead_spike,commerce,low,1,135,21,1
227,unverified_provider,account,low,1,263,4,0
228,claim_burst,account,medium,2,151,24,1
229,duplicate_email,account,high,3,199,13,1
230,other,commerce,high,3,318,13,1
231,other,claims,medium,2,511,3,0
232,inactive_spike,account,low,1,387,9,0
233,reject_rate,catalog,low,1,433,18,1
234,inactive_spike,commerce,high,3,146,25,1
235,other,catalog,medium,2,472,3,0
236,unverified_provider,account,high,3,240,22,1
237,inactive_spike,commerce,critical,4,471,16,1
238,claim_burst,claims,high,3,714,15,1
239,rejected_claims_volume,commerce,high,3,685,12,1
240,lead_spike,claims,high,3,357,13,1
241,claim_burst,claims,critical,4,105,13,1
242,unverified_provider,account,medium,2,878,5,0
243,claim_burst,catalog,medium,2,110,16,1
244,lead_spike,catalog,low,1,875,21,1
245,pending_purchases,commerce,medium,2,354,20,0
246,reject_rate,claims,critical,4,718,26,1
247,reject_rate,catalog,medium,2,696,6,0
248,lead_spike,catalog,medium,2,718,11,1
249,lead_spike,claims,high,3,645,13,1
250,lead_spike,catalog,low,1,880,21,1
251,reject_rate,claims,high,3,797,8,1
252,reject_rate,catalog,low,1,40,8,0
253,lead_spike,claims,critical,4,205,24,1
254,stale_pending_policies,catalog,critical,4,525,8,1
255,pending_purchases,commerce,high,3,829,14,1
256,claim_burst,claims,critical,4,126,27,1
257,unverified_provider,account,critical,4,126,8,0
258,stale_pending_policies,catalog,high,3,595,16,1
259,lead_spike,commerce,critical,4,248,15,1
260,lead_spike,catalog,medium,2,796,10,1
261,rejected_claims_volume,claims,high,3,232,12,1
262,lead_spike,catalog,medium,2,562,28,1
263,rejected_claims_volume,catalog,critical,4,274,30,1
264,other,commerce,medium,2,185,12,1
265,claim_burst,commerce,medium,2,182,21,1
266,rejected_claims_volume,account,high,3,802,20,0
267,lead_spike,commerce,medium,2,668,28,1
268,unverified_provider,account,low,1,426,5,0
269,stale_pending_policies,claims,medium,2,795,11,0
270,inactive_spike,claims,critical,4,811,25,1
271,rejected_claims_volume,account,critical,4,608,17,1
272,rejected_claims_volume,claims,high,3,450,29,1
273,unverified_provider,account,medium,2,662,8,0
274,inactive_spike,account,medium,2,487,7,0
275,duplicate_email,account,medium,2,481,23,1
276,pending_purchases,catalog,high,3,693,10,1
277,lead_spike,commerce,low,1,362,29,1
278,stale_pending_policies,commerce,low,1,225,11,0
279,duplicate_email,claims,high,3,641,12,1
280,rejected_claims_volume,commerce,critical,4,285,14,1
281,pending_purchases,commerce,high,3,661,17,1
282,pending_purchases,catalog,high,3,279,24,1
283,pending_purchases,claims,critical,4,339,14,1
284,unverified_provider,commerce,low,1,603,1,0
285,stale_pending_policies,catalog,low,1,409,8,0
286,unverified_provider,account,critical,4,360,29,0
287,stale_pending_policies,catalog,low,1,218,4,0
288,stale_pending_policies,catalog,medium,2,104,14,1
289,inactive_spike,account,low,1,782,14,0
290,stale_pending_policies,claims,high,3,884,17,1
291,unverified_provider,account,critical,4,302,26,1
292,inactive_spike,account,low,1,659,16,1
293,lead_spike,catalog,low,1,397,27,1
294,rejected_claims_volume,claims,high,3,105,10,1
295,reject_rate,claims,low,1,438,4,1
296,other,account,low,1,46,2,0
297,unverified_provider,account,medium,2,162,12,1
298,unverified_provider,account,medium,2,528,2,0
299,lead_spike,catalog,critical,4,261,9,1
300,duplicate_email,account,critical,4,468,27,0
301,rejected_claims_volume,commerce,high,3,842,23,1
302,pending_purchases,commerce,high,3,153,29,1
303,unverified_provider,account,medium,2,389,7,0
304,other,catalog,high,3,300,16,0
305,reject_rate,commerce,low,1,668,13,1
306,other,catalog,medium,2,386,7,0
307,stale_pending_policies,claims,high,3,706,8,1
308,pending_purchases,commerce,high,3,647,9,1
309,stale_pending_policies,claims,medium,2,281,17,1
310,rejected_claims_volume,catalog,low,1,567,23,1
311,stale_pending_policies,claims,medium,2,317,13,0
312,lead_spike,catalog,medium,2,261,26,1
313,lead_spike,catalog,low,1,826,19,1
314,claim_burst,claims,high,3,266,24,1
315,inactive_spike,claims,medium,2,95,6,0
316,pending_purchases,commerce,high,3,128,24,1
317,duplicate_email,claims,critical,4,384,11,1
318,reject_rate,catalog,medium,2,324,13,0
319,pending_purchases,commerce,low,1,6,26,1
320,claim_burst,claims,critical,4,437,11,1
321,claim_burst,claims,low,1,206,13,1
322,duplicate_email,account,high,3,722,22,1
323,stale_pending_policies,account,critical,4,793,30,1
324,rejected_claims_volume,commerce,medium,2,16,29,1
325,rejected_claims_volume,claims,medium,2,241,15,1
326,other,commerce,low,1,766,1,0
327,unverified_provider,account,critical,4,10,12,1
328,other,account,high,3,334,22,1
329,inactive_spike,account,high,3,59,11,1
330,inactive_spike,catalog,medium,2,827,6,0
331,inactive_spike,account,medium,2,623,6,0
332,unverified_provider,claims,high,3,768,12,1
333,reject_rate,account,critical,4,683,28,0
334,rejected_claims_volume,commerce,medium,2,20,19,1
335,lead_spike,claims,medium,2,463,25,1
336,reject_rate,catalog,high,3,429,21,1
337,unverified_provider,account,high,3,86,13,1
338,unverified_provider,account,critical,4,20,24,0
339,rejected_claims_volume,claims,critical,4,123,16,1
340,pending_purchases,commerce,medium,2,53,15,1
341,pending_purchases,commerce,medium,2,669,17,1
342,inactive_spike,account,high,3,225,22,0
343,inactive_spike,commerce,critical,4,7,21,1
344,unverified_provider,claims,medium,2,535,4,0
345,rejected_claims_volume,claims,critical,4,624,23,1
346,inactive_spike,claims,medium,2,597,8,0
347,pending_purchases,account,high,3,681,9,1
348,rejected_claims_volume,commerce,critical,4,714,23,1
349,reject_rate,catalog,critical,4,137,29,1
350,rejected_claims_volume,claims,critical,4,38,13,1
351,unverified_provider,account,critical,4,857,10,1
352,stale_pending_policies,claims,high,3,798,30,1
353,unverified_provider,account,low,1,837,8,0
354,inactive_spike,account,medium,2,4,5,0
355,inactive_spike,claims,high,3,257,25,1
356,duplicate_email,account,critical,4,540,16,0
357,stale_pending_policies,catalog,critical,4,106,19,1
358,duplicate_email,claims,medium,2,506,26,1
359,unverified_provider,commerce,low,1,130,3,0
360,reject_rate,claims,medium,2,685,13,1
361,inactive_spike,catalog,low,1,651,10,0
362,inactive_spike,account,low,1,593,9,0
363,lead_spike,commerce,critical,4,299,18,1
364,unverified_provider,account,medium,2,842,6,0
365,stale_pending_policies,catalog,low,1,374,5,0
366,unverified_provider,account,medium,2,217,1,0
367,other,catalog,critical,4,649,9,1
368,duplicate_email,account,high,3,62,29,1
369,claim_burst,account,medium,2,239,21,1
370,unverified_provider,account,high,3,90,13,1
371,unverified_provider,commerce,medium,2,154,9,0
372,reject_rate,commerce,high,3,65,10,1
373,stale_pending_policies,commerce,medium,2,418,7,0
374,pending_purchases,commerce,high,3,366,23,1
375,unverified_provider,account,medium,2,36,9,0
376,duplicate_email,catalog,high,3,883,15,1
377,pending_purchases,commerce,medium,2,883,17,0
378,duplicate_email,account,low,1,723,22,1
379,reject_rate,catalog,high,3,754,11,1
380,claim_burst,claims,high,3,144,29,1
381,stale_pending_policies,commerce,low,1,540,15,1
382,claim_burst,catalog,high,3,648,30,1
383,duplicate_email,account,critical,4,329,23,1
384,claim_burst,claims,critical,4,894,27,1
385,reject_rate,catalog,critical,4,295,19,1
386,stale_pending_policies,catalog,critical,4,664,18,0
387,pending_purchases,catalog,medium,2,550,17,1
388,stale_pending_policies,catalog,medium,2,91,17,1
389,other,commerce,medium,2,844,4,0
390,duplicate_email,account,medium,2,757,17,1
391,pending_purchases,commerce,critical,4,235,24,1
392,pending_purchases,catalog,high,3,609,29,1
393,rejected_claims_volume,account,high,3,18,19,1
394,reject_rate,claims,critical,4,499,20,1
395,lead_spike,commerce,high,3,16,19,1
396,stale_pending_policies,account,medium,2,20,18,1
397,stale_pending_policies,commerce,critical,4,391,24,1
398,rejected_claims_volume,claims,medium,2,187,9,0
399,unverified_provider,account,low,1,475,1,0
400,lead_spike,commerce,high,3,786,20,1
401,rejected_claims_volume,account,medium,2,208,25,1
402,rejected_claims_volume,claims,high,3,125,12,1
403,duplicate_email,account,low,1,829,23,1
404,reject_rate,catalog,low,1,666,4,0
405,inactive_spike,commerce,medium,2,95,6,1
406,stale_pending_policies,account,low,1,91,11,0
407,duplicate_email,account,critical,4,325,9,1
408,claim_burst,claims,low,1,602,13,1
409,rejected_claims_volume,catalog,high,3,508,10,1
410,stale_pending_policies,catalog,medium,2,424,8,0
411,duplicate_email,catalog,critical,4,90,13,1
412,inactive_spike,catalog,high,3,406,25,1
413,pending_purchases,commerce,high,3,129,10,1
414,reject_rate,catalog,high,3,568,15,1
415,claim_burst,catalog,medium,2,36,16,1
416,stale_pending_policies,commerce,medium,2,495,5,0
417,rejected_claims_volume,claims,high,3,815,15,1
418,claim_burst,commerce,high,3,389,26,1
419,stale_pending_policies,catalog,medium,2,879,11,0
420,lead_spike,commerce,high,3,887,25,1
421,unverified_provider,claims,low,1,695,9,0
422,lead_spike,commerce,critical,4,5,30,1
423,duplicate_email,commerce,high,3,479,15,1
424,duplicate_email,account,critical,4,632,17,1
425,unverified_provider,commerce,high,3,22,30,1
426,pending_purchases,commerce,critical,4,590,28,1
427,other,claims,medium,2,31,6,0
428,reject_rate,commerce,low,1,430,15,1
429,rejected_claims_volume,catalog,high,3,187,17,1
430,pending_purchases,claims,low,1,41,27,1
431,lead_spike,claims,medium,2,757,9,1
432,rejected_claims_volume,claims,medium,2,510,30,1
433,stale_pending_policies,catalog,high,3,1,11,1
434,reject_rate,commerce,low,1,865,14,1
435,inactive_spike,commerce,high,3,555,10,1
436,other,catalog,medium,2,288,9,0
437,lead_spike,catalog,medium,2,516,30,1
438,stale_pending_policies,catalog,medium,2,439,14,1
439,rejected_claims_volume,claims,medium,2,720,25,1
440,other,claims,medium,2,557,5,0
441,duplicate_email,account,medium,2,16,28,1
442,pending_purchases,claims,high,3,495,15,1
443,inactive_spike,account,critical,4,23,28,1
444,unverified_provider,commerce,medium,2,331,4,0
445,inactive_spike,account,medium,2,455,6,0
446,reject_rate,catalog,critical,4,852,14,1
447,duplicate_email,commerce,high,3,8,16,1
448,pending_purchases,account,high,3,20,18,1
449,rejected_claims_volume,commerce,high,3,8,22,1
450,unverified_provider,catalog,high,3,757,26,1
451,other,catalog,critical,4,195,25,1
452,reject_rate,commerce,high,3,387,28,1
453,unverified_provider,claims,low,1,26,7,0
454,pending_purchases,commerce,critical,4,246,29,1
455,lead_spike,commerce,medium,2,34,19,1
456,unverified_provider,commerce,high,3,677,16,1
457,duplicate_email,account,critical,4,792,30,1
458,other,account,critical,4,142,13,1
459,duplicate_email,account,medium,2,24,28,1
460,other,account,critical,4,182,14,1
461,duplicate_email,account,high,3,671,24,1
462,unverified_provider,commerce,low,1,231,7,0
463,inactive_spike,account,medium,2,768,6,0
464,inactive_spike,account,high,3,304,23,1
465,pending_purchases,commerce,high,3,258,28,1
466,other,catalog,low,1,831,1,0
467,lead_spike,commerce,medium,2,309,19,1
468,claim_burst,claims,medium,2,649,8,1
469,pending_purchases,claims,high,3,88,12,1
470,pending_purchases,commerce,critical,4,99,15,1
471,claim_burst,catalog,medium,2,208,25,1
472,reject_rate,claims,high,3,666,11,1
473,lead_spike,commerce,medium,2,167,25,1
474,pending_purchases,account,critical,4,303,21,1
475,unverified_provider,catalog,low,1,642,12,1
476,reject_rate,catalog,critical,4,558,13,1
477,rejected_claims_volume,claims,critical,4,141,19,1
478,inactive_spike,account,low,1,107,4,0
479,rejected_claims_volume,claims,medium,2,139,21,1
480,claim_burst,account,critical,4,297,19,1
481,stale_pending_policies,commerce,low,1,660,5,0
482,lead_spike,commerce,low,1,354,11,1
483,stale_pending_policies,commerce,low,1,6,18,1
484,rejected_claims_volume,commerce,high,3,4,26,1
485,inactive_spike,account,low,1,625,6,0
486,reject_rate,commerce,critical,4,674,26,1
487,other,commerce,low,1,5,3,0
488,reject_rate,catalog,low,1,77,6,0
489,reject_rate,catalog,medium,2,710,17,1
490,reject_rate,claims,low,1,370,9,0
491,reject_rate,commerce,low,1,43,17,1
492,rejected_claims_volume,catalog,high,3,363,18,0
493,rejected_claims_volume,catalog,low,1,471,27,0
494,lead_spike,claims,medium,2,394,16,0
495,rejected_claims_volume,commerce,high,3,327,12,1
496,reject_rate,account,low,1,724,16,1
497,unverified_provider,account,high,3,615,15,1
498,pending_purchases,claims,medium,2,782,18,1
499,claim_burst,claims,high,3,416,18,0
500,lead_spike,commerce,critical,4,600,24,1
501,stale_pending_policies,claims,high,3,155,12,1
502,pending_purchases,catalog,high,3,791,17,1
503,duplicate_email,account,high,3,57,26,1
504,unverified_provider,commerce,medium,2,326,2,0
505,lead_spike,commerce,critical,4,97,30,1
506,stale_pending_policies,account,high,3,761,16,1
507,lead_spike,account,high,3,52,8,1
508,lead_spike,catalog,critical,4,290,24,1
509,claim_burst,claims,low,1,133,27,0
510,lead_spike,account,critical,4,88,12,0
511,pending_purchases,commerce,critical,4,404,8,1
512,reject_rate,commerce,low,1,416,10,0
513,inactive_spike,commerce,critical,4,619,10,1
514,lead_spike,commerce,critical,4,126,22,1
515,reject_rate,account,high,3,10,27,1
516,inactive_spike,commerce,low,1,27,6,0
517,unverified_provider,account,high,3,143,25,1
518,pending_purchases,claims,high,3,339,15,1
519,stale_pending_policies,commerce,critical,4,574,28,1
520,stale_pending_policies,catalog,high,3,536,24,1
521,claim_burst,claims,high,3,103,28,1
522,inactive_spike,commerce,medium,2,127,5,0
523,unverified_provider,claims,medium,2,569,3,0
524,lead_spike,commerce,critical,4,722,13,1
525,lead_spike,commerce,medium,2,876,23,1
526,reject_rate,commerce,critical,4,168,18,1
527,duplicate_email,account,high,3,12,28,1
528,duplicate_email,commerce,high,3,133,20,1
529,duplicate_email,claims,low,1,727,21,1
530,inactive_spike,commerce,critical,4,407,17,1
531,claim_burst,catalog,high,3,161,23,1
532,other,commerce,medium,2,656,5,0
533,inactive_spike,account,medium,2,28,14,1
534,inactive_spike,catalog,low,1,801,7,0
535,duplicate_email,commerce,critical,4,153,21,1
536,lead_spike,commerce,critical,4,27,8,1
537,inactive_spike,commerce,high,3,17,13,1
538,unverified_provider,catalog,high,3,658,29,1
539,other,commerce,low,1,328,4,0
540,duplicate_email,account,high,3,50,21,1
541,duplicate_email,account,critical,4,12,11,1
542,other,catalog,critical,4,3,13,1
543,rejected_claims_volume,claims,high,3,116,24,1
544,other,catalog,low,1,358,4,0
545,lead_spike,claims,medium,2,182,8,1
546,other,account,medium,2,223,7,0
547,claim_burst,commerce,medium,2,8,22,1
548,lead_spike,commerce,critical,4,727,30,1
549,rejected_claims_volume,catalog,high,3,155,20,1
550,reject_rate,catalog,low,1,245,13,1
551,lead_spike,commerce,high,3,888,14,1
552,stale_pending_policies,account,low,1,774,4,0
553,lead_spike,commerce,high,3,442,22,1
554,inactive_spike,account,critical,4,224,26,1
555,claim_burst,catalog,high,3,762,20,1
556,inactive_spike,account,high,3,366,29,1
557,rejected_claims_volume,account,high,3,48,27,1
558,reject_rate,commerce,critical,4,704,19,1
559,stale_pending_policies,catalog,medium,2,68,18,1
560,pending_purchases,commerce,high,3,643,15,1
561,stale_pending_policies,claims,critical,4,182,28,1
562,unverified_provider,account,high,3,669,21,1
563,pending_purchases,claims,high,3,374,19,1
564,pending_purchases,commerce,low,1,123,22,1
565,stale_pending_policies,catalog,medium,2,778,12,1
566,claim_burst,claims,high,3,244,27,1
567,stale_pending_policies,commerce,high,3,4,14,0
568,duplicate_email,commerce,medium,2,512,16,1
569,claim_burst,commerce,critical,4,16,28,1
570,unverified_provider,account,critical,4,843,17,1
571,reject_rate,commerce,critical,4,110,9,1
572,other,commerce,critical,4,415,16,1
573,reject_rate,catalog,medium,2,634,7,0
574,duplicate_email,commerce,medium,2,708,10,1
575,pending_purchases,catalog,high,3,659,8,1
576,other,catalog,critical,4,425,23,1
577,inactive_spike,account,critical,4,24,8,1
578,claim_burst,claims,low,1,697,17,1
579,reject_rate,catalog,low,1,93,7,0
580,duplicate_email,account,low,1,560,26,1
581,pending_purchases,claims,high,3,57,25,1
582,reject_rate,catalog,medium,2,417,17,0
583,claim_burst,claims,medium,2,7,13,1
584,pending_purchases,commerce,low,1,115,29,1
585,stale_pending_policies,catalog,critical,4,698,9,1
586,reject_rate,claims,critical,4,878,25,1
587,unverified_provider,claims,medium,2,550,11,0
588,stale_pending_policies,catalog,medium,2,375,18,1
589,rejected_claims_volume,claims,high,3,680,9,1
590,inactive_spike,account,critical,4,833,18,0
591,stale_pending_policies,claims,high,3,206,30,1
592,pending_purchases,catalog,high,3,209,14,0
593,reject_rate,catalog,low,1,51,6,0
594,stale_pending_policies,account,critical,4,33,25,1
595,rejected_claims_volume,claims,high,3,692,17,1
596,inactive_spike,claims,medium,2,529,5,0
597,lead_spike,claims,critical,4,425,15,1
598,lead_spike,commerce,high,3,143,9,1
599,duplicate_email,claims,critical,4,301,15,1
600,lead_spike,commerce,high,3,77,16,1
601,inactive_spike,claims,medium,2,401,4,0
602,rejected_claims_volume,claims,medium,2,559,30,1
603,inactive_spike,catalog,medium,2,441,9,0
604,duplicate_email,account,high,3,428,14,1
605,unverified_provider,account,high,3,4,23,1
606,unverified_provider,account,high,3,713,27,1
607,unverified_provider,account,critical,4,64,15,1
608,duplicate_email,commerce,high,3,855,19,1
609,pending_purchases,claims,low,1,342,19,1
610,claim_burst,claims,high,3,113,17,1
611,unverified_provider,catalog,low,1,807,3,0
612,duplicate_email,catalog,low,1,594,11,1
613,claim_burst,claims,critical,4,79,19,1
614,claim_burst,claims,high,3,93,18,0
615,rejected_claims_volume,catalog,medium,2,110,15,1
616,claim_burst,catalog,high,3,333,22,1
617,inactive_spike,account,high,3,831,17,1
618,other,claims,medium,2,745,9,0
619,duplicate_email,account,critical,4,194,30,1
620,unverified_provider,claims,medium,2,158,5,0
621,pending_purchases,catalog,high,3,299,26,1
622,rejected_claims_volume,account,medium,2,55,24,1
623,stale_pending_policies,account,low,1,347,5,1
624,stale_pending_policies,claims,high,3,87,22,1
625,duplicate_email,claims,critical,4,422,21,0
626,inactive_spike,claims,medium,2,155,16,1
627,inactive_spike,claims,medium,2,703,9,0
628,other,account,critical,4,7,24,1
629,lead_spike,account,high,3,39,28,0
630,stale_pending_policies,commerce,low,1,419,9,0
631,stale_pending_policies,catalog,critical,4,139,16,1
632,reject_rate,commerce,critical,4,669,29,1
633,pending_purchases,catalog,high,3,892,24,1
634,duplicate_email,account,critical,4,628,15,1
635,stale_pending_policies,catalog,critical,4,589,29,1
636,inactive_spike,account,critical,4,616,29,1
637,stale_pending_policies,commerce,critical,4,829,15,1
638,lead_spike,commerce,critical,4,145,17,0
639,stale_pending_policies,catalog,low,1,900,16,1
640,stale_pending_policies,catalog,critical,4,150,18,1
641,unverified_provider,account,critical,4,375,17,1
642,inactive_spike,commerce,critical,4,132,25,1
643,unverified_provider,account,low,1,110,3,0
644,other,commerce,high,3,29,19,1
645,rejected_claims_volume,catalog,medium,2,898,24,1
646,stale_pending_policies,claims,medium,2,401,12,0
647,unverified_provider,claims,medium,2,466,10,0
648,lead_spike,commerce,high,3,879,24,1
649,other,claims,high,3,683,21,0
650,pending_purchases,commerce,critical,4,100,29,1
651,other,catalog,low,1,671,8,0
652,duplicate_email,account,critical,4,464,25,1
653,lead_spike,commerce,critical,4,526,22,0
654,pending_purchases,commerce,low,1,813,16,1
655,other,account,medium,2,552,11,0
656,claim_burst,claims,high,3,431,25,1
657,lead_spike,account,high,3,113,30,1
658,rejected_claims_volume,commerce,critical,4,205,9,1
659,reject_rate,commerce,medium,2,233,18,0
660,lead_spike,commerce,medium,2,78,9,1
661,reject_rate,catalog,high,3,711,13,1
662,inactive_spike,catalog,high,3,449,20,1
663,pending_purchases,commerce,medium,2,615,23,1
664,reject_rate,claims,critical,4,514,21,1
665,duplicate_email,commerce,medium,2,260,29,1
666,reject_rate,catalog,high,3,402,19,1
667,stale_pending_policies,catalog,high,3,872,28,1
668,reject_rate,catalog,low,1,545,17,1
669,rejected_claims_volume,commerce,critical,4,62,15,1
670,lead_spike,account,high,3,135,30,1
671,inactive_spike,commerce,medium,2,855,14,1
672,lead_spike,account,high,3,818,18,1
673,reject_rate,catalog,high,3,886,13,1
674,rejected_claims_volume,claims,high,3,686,17,1
675,lead_spike,commerce,critical,4,12,8,1
676,rejected_claims_volume,claims,high,3,588,16,1
677,inactive_spike,claims,medium,2,513,5,0
678,pending_purchases,account,critical,4,416,17,1
679,stale_pending_policies,catalog,high,3,730,10,1
680,lead_spike,commerce,critical,4,77,19,1
681,unverified_provider,account,low,1,22,6,0
682,stale_pending_policies,catalog,medium,2,458,8,0
683,stale_pending_policies,catalog,low,1,41,12,1
684,inactive_spike,account,high,3,389,18,1
685,claim_burst,claims,critical,4,214,17,1
686,unverified_provider,account,medium,2,5,9,0
687,duplicate_email,commerce,high,3,520,26,1
688,stale_pending_policies,catalog,critical,4,232,29,1
689,lead_spike,account,critical,4,84,16,0
690,stale_pending_policies,catalog,critical,4,465,29,1
691,inactive_spike,catalog,medium,2,115,10,0
692,unverified_provider,claims,low,1,450,4,0
693,lead_spike,claims,medium,2,774,30,1
694,lead_spike,commerce,critical,4,790,27,1
695,unverified_provider,account,critical,4,3,28,1
696,pending_purchases,commerce,high,3,301,18,1
697,unverified_provider,commerce,medium,2,475,7,0
698,reject_rate,catalog,high,3,110,12,1
699,lead_spike,catalog,low,1,346,18,1
700,stale_pending_policies,claims,high,3,521,20,1
701,lead_spike,commerce,critical,4,37,16,1
702,reject_rate,catalog,critical,4,165,21,1
703,duplicate_email,account,high,3,254,8,0
704,inactive_spike,account,low,1,41,13,1
705,stale_pending_policies,account,high,3,382,22,1
706,duplicate_email,claims,medium,2,364,20,1
707,claim_burst,account,medium,2,39,22,1
708,reject_rate,catalog,low,1,883,11,0
709,lead_spike,claims,high,3,484,27,1
710,stale_pending_policies,catalog,low,1,717,7,0
711,duplicate_email,claims,high,3,764,15,1
712,unverified_provider,account,medium,2,628,1,0
713,claim_burst,catalog,critical,4,225,29,0
714,claim_burst,catalog,medium,2,19,23,1
715,lead_spike,account,critical,4,17,12,1
716,rejected_claims_volume,claims,medium,2,523,20,1
717,duplicate_email,account,low,1,415,10,1
718,pending_purchases,account,high,3,369,22,1
719,inactive_spike,account,medium,2,5,17,1
720,inactive_spike,catalog,medium,2,688,10,0
721,inactive_spike,account,high,3,456,10,1
722,duplicate_email,account,medium,2,77,17,1
723,lead_spike,commerce,low,1,13,11,1
724,rejected_claims_volume,claims,high,3,418,27,1
725,reject_rate,claims,low,1,23,17,0
726,rejected_claims_volume,account,medium,2,778,9,0
727,pending_purchases,commerce,high,3,58,17,1
728,unverified_provider,account,low,1,28,3,0
729,reject_rate,catalog,high,3,281,15,0
730,unverified_provider,account,high,3,791,18,0
731,reject_rate,claims,low,1,545,6,0
732,pending_purchases,commerce,medium,2,12,11,0
733,inactive_spike,claims,low,1,666,14,1
734,other,catalog,low,1,664,4,0
735,pending_purchases,account,high,3,21,13,1
736,pending_purchases,claims,high,3,772,20,1
737,other,commerce,low,1,474,4,0
738,pending_purchases,claims,high,3,712,20,1
739,pending_purchases,account,high,3,13,10,1
740,pending_purchases,account,high,3,225,16,1
741,inactive_spike,catalog,low,1,262,8,0
742,rejected_claims_volume,claims,high,3,98,22,1
743,duplicate_email,claims,critical,4,232,11,1
744,lead_spike,commerce,medium,2,2,14,0
745,duplicate_email,account,high,3,331,29,1
746,duplicate_email,account,low,1,877,20,1
747,claim_burst,account,medium,2,12,8,1
748,other,claims,high,3,373,25,1
749,claim_burst,claims,high,3,380,19,1
750,stale_pending_policies,account,medium,2,69,10,0
751,unverified_provider,account,medium,2,744,7,0
752,rejected_claims_volume,claims,high,3,891,8,0
753,reject_rate,catalog,medium,2,289,4,0
754,unverified_provider,catalog,critical,4,569,30,1
755,unverified_provider,catalog,critical,4,178,15,1
756,duplicate_email,account,low,1,100,23,1
757,pending_purchases,commerce,low,1,47,14,1
758,unverified_provider,catalog,critical,4,538,9,1
759,rejected_claims_volume,claims,medium,2,104,10,0
760,reject_rate,catalog,critical,4,804,12,0
761,stale_pending_policies,catalog,low,1,211,8,0
762,duplicate_email,commerce,high,3,178,16,1
763,rejected_claims_volume,account,critical,4,766,28,1
764,inactive_spike,account,medium,2,587,14,1
765,inactive_spike,commerce,high,3,542,19,1
766,pending_purchases,claims,low,1,470,10,0
767,unverified_provider,account,medium,2,679,5,0
768,other,claims,critical,4,26,29,1
769,other,commerce,medium,2,12,6,0
770,stale_pending_policies,catalog,medium,2,637,18,1
771,inactive_spike,catalog,critical,4,278,15,1
772,duplicate_email,commerce,medium,2,136,30,0
773,lead_spike,commerce,medium,2,676,12,1
774,lead_spike,commerce,high,3,277,20,1
775,rejected_claims_volume,claims,medium,2,427,12,1
776,rejected_claims_volume,claims,critical,4,59,13,1
777,unverified_provider,claims,critical,4,809,21,1
778,reject_rate,claims,high,3,730,21,1
779,reject_rate,catalog,low,1,18,18,1
780,lead_spike,commerce,medium,2,24,10,1
781,stale_pending_policies,commerce,low,1,158,11,0
782,reject_rate,commerce,medium,2,151,13,1
783,inactive_spike,catalog,high,3,659,15,1
784,lead_spike,commerce,low,1,543,27,1
785,pending_purchases,claims,critical,4,10,22,1
786,rejected_claims_volume,claims,medium,2,239,21,1
787,rejected_claims_volume,claims,high,3,138,15,1
788,pending_purchases,commerce,high,3,102,15,1
789,unverified_provider,commerce,medium,2,741,10,0
790,inactive_spike,account,critical,4,821,26,1
791,lead_spike,commerce,high,3,31,23,1
792,claim_burst,claims,medium,2,645,17,1
793,rejected_claims_volume,claims,high,3,788,14,1
794,lead_spike,commerce,medium,2,12,22,1
795,unverified_provider,account,low,1,342,7,0
796,duplicate_email,commerce,critical,4,676,10,1
797,duplicate_email,account,medium,2,763,15,0
798,duplicate_email,account,low,1,39,23,1
799,rejected_claims_volume,commerce,high,3,181,16,1
800,unverified_provider,account,high,3,16,27,0
801,unverified_provider,commerce,high,3,88,23,1
802,lead_spike,account,critical,4,142,17,1
803,claim_burst,claims,low,1,484,11,0
804,inactive_spike,claims,critical,4,824,22,1
805,rejected_claims_volume,claims,critical,4,484,26,1
806,unverified_provider,account,medium,2,19,11,0
807,pending_purchases,commerce,high,3,85,9,0
808,unverified_provider,account,high,3,43,30,1
809,reject_rate,claims,medium,2,319,14,1
810,inactive_spike,claims,medium,2,475,16,1
811,pending_purchases,commerce,high,3,76,27,1
812,duplicate_email,commerce,high,3,27,28,1
813,duplicate_email,catalog,medium,2,804,24,1
814,lead_spike,commerce,high,3,78,10,1
815,claim_burst,account,high,3,12,29,1
816,rejected_claims_volume,catalog,high,3,730,21,1
817,pending_purchases,commerce,critical,4,521,18,1
818,lead_spike,account,low,1,793,12,0
819,duplicate_email,claims,high,3,36,17,1
820,pending_purchases,commerce,low,1,122,11,0
821,duplicate_email,account,critical,4,446,24,1
822,unverified_provider,account,critical,4,30,13,1
823,stale_pending_policies,catalog,high,3,127,15,1
824,duplicate_email,account,critical,4,817,20,1
825,rejected_claims_volume,claims,medium,2,477,20,1
826,lead_spike,claims,critical,4,503,11,1
827,stale_pending_policies,commerce,low,1,59,11,0
828,other,claims,high,3,321,13,1
829,lead_spike,commerce,high,3,10,8,1
830,duplicate_email,commerce,critical,4,358,9,1
831,claim_burst,commerce,medium,2,736,19,1
832,pending_purchases,commerce,medium,2,822,8,0
833,reject_rate,catalog,medium,2,837,18,1
834,other,account,medium,2,562,5,0
835,pending_purchases,commerce,critical,4,24,25,1
836,unverified_provider,account,medium,2,691,3,0
837,lead_spike,account,critical,4,872,18,1
838,reject_rate,catalog,medium,2,747,9,0
839,duplicate_email,account,medium,2,5,8,1
840,claim_burst,account,high,3,10,22,1
841,stale_pending_policies,commerce,critical,4,77,28,1
842,rejected_claims_volume,catalog,medium,2,860,17,1
843,lead_spike,commerce,medium,2,331,24,0
844,pending_purchases,catalog,critical,4,682,15,1
845,pending_purchases,commerce,critical,4,430,11,1
846,inactive_spike,account,critical,4,5,12,1
847,duplicate_email,account,medium,2,231,19,1
848,unverified_provider,account,critical,4,28,28,1
849,inactive_spike,catalog,high,3,337,24,1
850,rejected_claims_volume,claims,critical,4,12,29,1
851,other,catalog,medium,2,188,1,0
852,stale_pending_policies,account,high,3,10,9,1
853,reject_rate,account,medium,2,225,18,1
854,inactive_spike,claims,critical,4,823,8,1
855,lead_spike,commerce,medium,2,45,28,1
856,lead_spike,account,critical,4,767,13,1
857,rejected_claims_volume,claims,medium,2,842,13,1
858,reject_rate,claims,medium,2,600,15,1
859,stale_pending_policies,catalog,medium,2,280,17,1
860,inactive_spike,account,low,1,156,5,0
861,unverified_provider,catalog,critical,4,176,28,1
862,pending_purchases,commerce,high,3,896,15,1
863,rejected_claims_volume,catalog,high,3,318,13,1
864,unverified_provider,catalog,medium,2,604,6,0
865,inactive_spike,commerce,critical,4,680,26,1
866,pending_purchases,commerce,medium,2,337,12,1
867,unverified_provider,claims,critical,4,72,20,1
868,rejected_claims_volume,catalog,high,3,861,20,1
869,reject_rate,catalog,low,1,43,17,1
870,rejected_claims_volume,catalog,high,3,695,20,1
871,inactive_spike,commerce,low,1,831,6,0
872,reject_rate,catalog,medium,2,349,16,1
873,stale_pending_policies,catalog,high,3,119,12,1
874,claim_burst,account,critical,4,155,16,1
875,unverified_provider,account,high,3,403,23,1
876,pending_purchases,commerce,high,3,605,16,0
877,duplicate_email,catalog,critical,4,644,25,0
878,rejected_claims_volume,commerce,high,3,817,20,0
879,inactive_spike,claims,medium,2,151,8,0
880,inactive_spike,account,low,1,533,15,1
881,other,account,low,1,587,3,0
882,duplicate_email,claims,high,3,748,20,1
883,rejected_claims_volume,claims,critical,4,40,10,0
884,duplicate_email,account,medium,2,479,13,1
885,unverified_provider,claims,medium,2,624,6,0
886,claim_burst,claims,critical,4,445,18,1
887,pending_purchases,commerce,high,3,5,29,1
888,inactive_spike,claims,medium,2,813,9,0
889,inactive_spike,account,low,1,601,12,1
890,inactive_spike,account,low,1,350,9,0
891,reject_rate,claims,medium,2,509,6,0
892,pending_purchases,claims,low,1,822,30,1
893,stale_pending_policies,account,high,3,136,29,1
894,reject_rate,catalog,critical,4,342,23,1
895,claim_burst,claims,high,3,276,14,1
896,other,account,high,3,80,25,1
897,inactive_spike,commerce,critical,4,834,10,1
898,duplicate_email,account,critical,4,312,17,1
899,stale_pending_policies,catalog,low,1,90,13,1
900,inactive_spike,account,low,1,357,10,0
901,unverified_provider,commerce,critical,4,416,11,0
902,claim_burst,commerce,high,3,66,19,1
903,reject_rate,catalog,high,3,468,28,1
904,stale_pending_policies,catalog,critical,4,122,9,1
905,stale_pending_policies,claims,high,3,55,27,1
906,claim_burst,claims,critical,4,879,15,1
907,inactive_spike,account,low,1,15,17,1
908,unverified_provider,account,critical,4,729,10,1
909,stale_pending_policies,commerce,medium,2,841,14,1
910,rejected_claims_volume,account,critical,4,60,13,1
911,rejected_claims_volume,claims,critical,4,257,16,1
912,inactive_spike,claims,high,3,790,10,1
913,inactive_spike,catalog,critical,4,481,18,1
914,claim_burst,catalog,high,3,843,24,1
915,inactive_spike,commerce,low,1,285,10,0
916,reject_rate,claims,critical,4,505,16,1
917,inactive_spike,account,high,3,28,11,1
918,other,account,medium,2,209,5,0
919,stale_pending_policies,catalog,medium,2,322,16,0
920,rejected_claims_volume,claims,critical,4,467,28,1
921,pending_purchases,commerce,critical,4,39,29,1
922,inactive_spike,commerce,medium,2,74,15,1
923,inactive_spike,account,medium,2,284,7,0
924,lead_spike,account,medium,2,20,17,1
925,pending_purchases,claims,high,3,2,16,0
926,unverified_provider,catalog,high,3,321,26,1
927,rejected_claims_volume,catalog,high,3,546,13,0
928,other,claims,medium,2,105,4,0
929,lead_spike,commerce,high,3,840,29,1
930,other,catalog,low,1,69,10,0
931,unverified_provider,catalog,high,3,527,12,1
932,other,account,low,1,892,10,0
933,inactive_spike,catalog,high,3,565,12,1
934,claim_burst,commerce,medium,2,28,12,1
935,duplicate_email,account,high,3,313,25,1
936,stale_pending_policies,catalog,low,1,745,4,0
937,claim_burst,claims,critical,4,248,19,1
938,stale_pending_policies,account,critical,4,147,23,1
939,other,claims,low,1,464,9,0
940,claim_burst,account,medium,2,12,10,1
941,unverified_provider,account,low,1,143,5,1
942,claim_burst,catalog,medium,2,313,21,1
943,pending_purchases,account,high,3,29,9,1
944,stale_pending_policies,claims,low,1,292,12,0
945,duplicate_email,account,high,3,510,24,1
946,pending_purchases,claims,high,3,678,22,1
947,duplicate_email,catalog,medium,2,408,11,1
948,inactive_spike,account,high,3,892,18,1
949,claim_burst,commerce,high,3,471,21,0
950,duplicate_email,account,high,3,888,28,1
951,claim_burst,catalog,low,1,508,26,1
952,duplicate_email,commerce,high,3,751,12,1
953,lead_spike,catalog,high,3,26,30,1
954,lead_spike,account,critical,4,13,18,1
955,rejected_claims_volume,claims,high,3,357,13,1
956,pending_purchases,commerce,critical,4,28,22,1
957,duplicate_email,account,high,3,148,15,1
958,pending_purchases,claims,medium,2,120,11,0
959,rejected_claims_volume,account,low,1,8,19,1
960,other,commerce,high,3,689,25,1
961,other,catalog,medium,2,319,9,0
962,unverified_provider,commerce,high,3,225,26,1
963,lead_spike,commerce,medium,2,4,21,1
964,duplicate_email,claims,medium,2,122,28,1
965,pending_purchases,commerce,medium,2,798,24,1
966,rejected_claims_volume,commerce,critical,4,6,16,1
967,lead_spike,claims,critical,4,727,17,1
968,lead_spike,account,high,3,42,15,1
969,stale_pending_policies,catalog,high,3,651,19,1
970,pending_purchases,commerce,medium,2,133,21,1
971,stale_pending_policies,commerce,medium,2,88,11,0
972,rejected_claims_volume,claims,high,3,277,23,0
973,reject_rate,claims,critical,4,889,22,1
974,claim_burst,claims,critical,4,188,30,1
975,duplicate_email,commerce,high,3,55,9,1
976,inactive_spike,account,medium,2,27,16,1
977,duplicate_email,account,medium,2,225,27,1
978,inactive_spike,account,medium,2,112,4,0
979,lead_spike,account,medium,2,458,27,1
980,duplicate_email,claims,high,3,626,15,1
981,pending_purchases,claims,critical,4,247,15,1
982,unverified_provider,commerce,high,3,233,27,1
983,unverified_provider,catalog,medium,2,452,5,0
984,duplicate_email,commerce,medium,2,85,20,1
985,claim_burst,catalog,high,3,387,28,0
986,claim_burst,commerce,critical,4,182,8,0
987,lead_spike,catalog,high,3,180,27,1
988,inactive_spike,catalog,low,1,267,16,1
989,other,catalog,low,1,319,8,0
990,duplicate_email,account,critical,4,34,8,1
991,rejected_claims_volume,catalog,high,3,529,19,1
992,unverified_provider,claims,critical,4,117,19,1
993,claim_burst,claims,high,3,869,18,1
994,claim_burst,commerce,low,1,839,19,1
995,lead_spike,commerce,high,3,84,18,1
996,unverified_provider,account,critical,4,4,19,1
997,duplicate_email,account,high,3,438,22,1
998,claim_burst,commerce,critical,4,166,19,1
999,duplicate_email,account,medium,2,846,29,1
1000,inactive_spike,account,critical,4,626,25,1
1001,pending_purchases,claims,medium,2,661,24,1
1002,pending_purchases,claims,critical,4,298,25,1
1003,reject_rate,catalog,low,1,138,8,0
1004,rejected_claims_volume,claims,high,3,799,26,1
1005,reject_rate,catalog,high,3,581,12,1
1006,pending_purchases,commerce,high,3,29,9,1
1007,duplicate_email,account,high,3,337,30,1
1008,claim_burst,claims,critical,4,182,24,0
1009,rejected_claims_volume,claims,critical,4,706,22,1
1010,inactive_spike,claims,high,3,618,8,1
1011,duplicate_email,commerce,low,1,382,11,0
1012,lead_spike,commerce,medium,2,534,10,1
1013,stale_pending_policies,catalog,high,3,567,8,1
1014,claim_burst,commerce,low,1,797,25,1
1015,claim_burst,claims,high,3,386,22,1
1016,claim_burst,claims,high,3,852,24,1
1017,pending_purchases,commerce,medium,2,45,19,1
1018,pending_purchases,commerce,low,1,560,30,1
1019,inactive_spike,claims,critical,4,750,29,1
1020,rejected_claims_volume,claims,medium,2,189,23,1
1021,stale_pending_policies,claims,medium,2,670,15,1
1022,unverified_provider,account,high,3,398,23,1
1023,claim_burst,claims,critical,4,894,17,1
1024,rejected_claims_volume,claims,high,3,642,12,1
1025,claim_burst,claims,critical,4,806,29,1
1026,lead_spike,catalog,high,3,448,14,1
1027,claim_burst,claims,high,3,153,18,1
1028,pending_purchases,catalog,medium,2,188,26,1
1029,rejected_claims_volume,claims,high,3,451,28,1
1030,duplicate_email,account,critical,4,39,9,1
1031,inactive_spike,account,medium,2,694,8,0
1032,other,claims,medium,2,664,6,0
1033,reject_rate,catalog,medium,2,708,8,0
1034,duplicate_email,account,high,3,759,14,1
1035,unverified_provider,account,low,1,61,3,0
1036,reject_rate,commerce,medium,2,107,16,1
1037,unverified_provider,catalog,medium,2,885,1,0
1038,inactive_spike,account,critical,4,597,15,1
1039,unverified_provider,account,critical,4,135,25,1
1040,pending_purchases,commerce,high,3,636,22,1
1041,claim_burst,catalog,critical,4,841,21,1
1042,inactive_spike,account,critical,4,835,15,1
1043,duplicate_email,account,high,3,736,8,0
1044,stale_pending_policies,catalog,medium,2,482,17,1
1045,pending_purchases,commerce,high,3,809,12,1
1046,rejected_claims_volume,account,low,1,155,18,1
1047,claim_burst,claims,medium,2,687,10,1
1048,rejected_claims_volume,commerce,high,3,636,11,1
1049,other,account,high,3,5,19,1
1050,stale_pending_policies,catalog,critical,4,126,11,1
1051,pending_purchases,commerce,high,3,19,15,1
1052,claim_burst,claims,high,3,853,20,1
1053,stale_pending_policies,commerce,low,1,420,8,0
1054,inactive_spike,claims,critical,4,782,27,1
1055,rejected_claims_volume,claims,medium,2,153,16,1
1056,unverified_provider,claims,low,1,427,2,1
1057,stale_pending_policies,catalog,high,3,601,22,1
1058,duplicate_email,account,critical,4,130,24,1
1059,lead_spike,account,high,3,622,10,0
1060,rejected_claims_volume,claims,high,3,835,10,1
1061,duplicate_email,account,critical,4,138,16,1
1062,stale_pending_policies,commerce,low,1,298,5,0
1063,rejected_claims_volume,catalog,low,1,115,11,0
1064,rejected_claims_volume,claims,high,3,285,29,1
1065,rejected_claims_volume,claims,low,1,468,26,1
1066,lead_spike,commerce,high,3,17,24,1
1067,claim_burst,claims,medium,2,853,24,1
1068,pending_purchases,commerce,high,3,752,16,1
1069,other,claims,critical,4,264,27,1
1070,other,claims,medium,2,830,9,1
1071,reject_rate,commerce,medium,2,99,15,1
1072,claim_burst,claims,medium,2,667,11,1
1073,duplicate_email,account,high,3,250,21,0
1074,other,claims,critical,4,401,29,1
1075,lead_spike,commerce,high,3,868,17,1
1076,stale_pending_policies,catalog,medium,2,400,6,0
1077,other,commerce,critical,4,7,10,1
1078,pending_purchases,account,critical,4,671,16,1
1079,lead_spike,catalog,medium,2,378,13,1
1080,inactive_spike,claims,medium,2,582,12,1
1081,reject_rate,commerce,medium,2,25,12,1
1082,other,commerce,high,3,75,16,1
1083,other,account,medium,2,113,1,0
1084,reject_rate,catalog,low,1,234,10,0
1085,claim_burst,account,high,3,140,29,1
1086,rejected_claims_volume,claims,medium,2,60,19,1
1087,reject_rate,account,low,1,576,13,0
1088,stale_pending_policies,catalog,critical,4,159,25,1
1089,pending_purchases,commerce,medium,2,498,26,1
1090,lead_spike,commerce,critical,4,642,26,1
1091,reject_rate,account,high,3,220,9,1
1092,lead_spike,commerce,critical,4,594,22,1
1093,reject_rate,catalog,high,3,113,30,1
1094,unverified_provider,account,medium,2,43,4,0
1095,inactive_spike,commerce,high,3,896,22,1
1096,rejected_claims_volume,account,medium,2,862,13,1
1097,inactive_spike,account,low,1,740,15,1
1098,inactive_spike,account,medium,2,597,13,1
1099,rejected_claims_volume,commerce,high,3,123,28,1
1100,unverified_provider,account,critical,4,40,18,1
1101,duplicate_email,account,low,1,142,23,1
1102,stale_pending_policies,commerce,critical,4,321,8,1
1103,pending_purchases,commerce,critical,4,210,24,1
1104,unverified_provider,catalog,low,1,510,12,1
1105,duplicate_email,account,high,3,722,17,0
1106,stale_pending_policies,catalog,high,3,685,8,1
1107,claim_burst,claims,high,3,106,17,1
1108,unverified_provider,account,medium,2,802,10,0
1109,inactive_spike,account,medium,2,381,11,0
1110,pending_purchases,account,critical,4,3,18,1
1111,lead_spike,account,medium,2,777,13,1
1112,lead_spike,claims,critical,4,764,30,1
1113,lead_spike,commerce,medium,2,632,11,1
1114,other,catalog,medium,2,823,8,0
1115,other,commerce,low,1,249,8,1
1116,duplicate_email,account,critical,4,125,25,1
1117,unverified_provider,account,low,1,27,3,0
1118,claim_burst,account,medium,2,627,24,1
1119,reject_rate,catalog,low,1,222,18,1
1120,claim_burst,commerce,low,1,717,16,1
1121,lead_spike,claims,high,3,853,18,1
1122,reject_rate,claims,high,3,724,29,1
1123,stale_pending_policies,claims,critical,4,283,16,1
1124,unverified_provider,claims,high,3,156,15,1
1125,rejected_claims_volume,account,medium,2,595,8,0
1126,pending_purchases,account,critical,4,457,25,1
1127,duplicate_email,account,high,3,33,14,0
1128,duplicate_email,account,high,3,15,15,1
1129,stale_pending_policies,account,critical,4,384,11,0
1130,inactive_spike,commerce,critical,4,506,22,1
1131,reject_rate,claims,low,1,300,10,0
1132,unverified_provider,account,high,3,157,14,1
1133,rejected_claims_volume,catalog,high,3,92,11,1
1134,reject_rate,catalog,high,3,507,16,1
1135,rejected_claims_volume,claims,critical,4,161,24,1
1136,inactive_spike,account,critical,4,674,18,1
1137,inactive_spike,account,low,1,795,14,1
1138,stale_pending_policies,catalog,high,3,333,22,1
1139,reject_rate,commerce,critical,4,365,27,1
1140,lead_spike,commerce,critical,4,136,8,1
1141,pending_purchases,catalog,critical,4,219,21,1
1142,other,catalog,medium,2,715,11,0
1143,rejected_claims_volume,account,critical,4,78,14,1
1144,stale_pending_policies,catalog,high,3,399,11,1
1145,pending_purchases,commerce,high,3,159,21,1
1146,stale_pending_policies,catalog,medium,2,642,13,1
1147,rejected_claims_volume,catalog,high,3,506,22,0
1148,stale_pending_policies,catalog,medium,2,678,4,0
1149,unverified_provider,account,low,1,748,4,0
1150,pending_purchases,commerce,high,3,256,9,1
1151,pending_purchases,claims,high,3,390,12,1
1152,pending_purchases,commerce,medium,2,83,21,1
1153,duplicate_email,account,medium,2,709,20,1
1154,pending_purchases,commerce,critical,4,63,22,1
1155,other,catalog,high,3,778,12,1
1156,reject_rate,catalog,low,1,196,8,0
1157,pending_purchases,commerce,high,3,18,18,1
1158,duplicate_email,commerce,high,3,719,28,1
1159,pending_purchases,commerce,high,3,47,14,1
1160,pending_purchases,commerce,high,3,96,30,1
1161,unverified_provider,catalog,low,1,590,1,0
1162,stale_pending_policies,catalog,high,3,510,14,1
1163,rejected_claims_volume,claims,low,1,790,14,1
1164,pending_purchases,account,medium,2,470,12,1
1165,reject_rate,catalog,medium,2,292,12,1
1166,lead_spike,claims,medium,2,319,20,1
1167,unverified_provider,account,medium,2,318,3,0
1168,unverified_provider,commerce,medium,2,850,5,0
1169,claim_burst,catalog,critical,4,291,29,1
1170,claim_burst,commerce,critical,4,840,8,1
1171,claim_burst,claims,medium,2,441,16,1
1172,pending_purchases,account,high,3,68,24,1
1173,unverified_provider,commerce,high,3,21,19,1
1174,claim_burst,claims,low,1,457,23,1
1175,unverified_provider,account,high,3,296,23,1
1176,claim_burst,claims,medium,2,707,11,1
1177,reject_rate,claims,low,1,202,15,1
1178,rejected_claims_volume,claims,critical,4,359,23,1
1179,unverified_provider,account,medium,2,144,8,0
1180,duplicate_email,commerce,medium,2,21,12,1
1181,other,claims,low,1,530,10,0
1182,unverified_provider,catalog,medium,2,597,6,0
1183,rejected_claims_volume,catalog,high,3,792,19,0
1184,reject_rate,catalog,medium,2,204,12,1
1185,pending_purchases,account,high,3,854,15,1
1186,unverified_provider,account,medium,2,18,9,0
1187,pending_purchases,commerce,low,1,18,25,0
1188,reject_rate,catalog,critical,4,483,16,1
1189,stale_pending_policies,commerce,low,1,35,6,1
1190,lead_spike,commerce,high,3,865,10,1
1191,inactive_spike,account,low,1,357,4,0
1192,lead_spike,catalog,high,3,835,16,1
1193,inactive_spike,account,high,3,249,16,1
1194,lead_spike,claims,medium,2,151,8,1
1195,unverified_provider,commerce,critical,4,100,8,1
1196,inactive_spike,account,low,1,208,13,1
1197,inactive_spike,account,medium,2,201,11,0
1198,reject_rate,catalog,medium,2,516,18,1
1199,claim_burst,commerce,medium,2,168,28,1
1200,reject_rate,account,medium,2,885,7,0
1201,unverified_provider,account,high,3,49,9,1
1202,duplicate_email,account,high,3,720,29,1
1203,lead_spike,claims,medium,2,747,28,1
1204,reject_rate,catalog,medium,2,44,9,0
1205,stale_pending_policies,claims,low,1,750,7,0
1206,pending_purchases,account,high,3,415,24,1
1207,reject_rate,claims,low,1,672,8,0
1208,stale_pending_policies,catalog,critical,4,587,9,1
1209,stale_pending_policies,catalog,low,1,443,7,0
1210,pending_purchases,commerce,medium,2,61,17,1
1211,inactive_spike,account,high,3,516,20,1
1212,rejected_claims_volume,claims,high,3,245,26,0
1213,other,account,high,3,721,29,1
1214,reject_rate,account,medium,2,675,7,0
1215,lead_spike,catalog,medium,2,191,19,1
1216,reject_rate,catalog,low,1,435,15,1
1217,stale_pending_policies,catalog,critical,4,808,27,1
1218,inactive_spike,account,medium,2,215,15,1
1219,claim_burst,account,high,3,45,18,1
1220,lead_spike,claims,high,3,745,10,1
1221,duplicate_email,account,high,3,381,28,1
1222,inactive_spike,account,high,3,294,13,1
1223,reject_rate,claims,high,3,261,26,1
1224,reject_rate,catalog,medium,2,301,8,0
1225,reject_rate,claims,medium,2,602,7,0
1226,lead_spike,claims,medium,2,839,17,1
1227,other,catalog,medium,2,793,6,0
1228,reject_rate,catalog,high,3,181,24,1
1229,claim_burst,claims,medium,2,139,12,1
1230,other,commerce,critical,4,228,27,1
1231,pending_purchases,claims,critical,4,789,25,1
1232,inactive_spike,catalog,high,3,94,14,1
1233,pending_purchases,commerce,medium,2,56,17,1
1234,lead_spike,commerce,high,3,10,26,1
1235,claim_burst,account,low,1,302,24,0
1236,inactive_spike,catalog,critical,4,558,18,1
1237,claim_burst,commerce,critical,4,21,28,1
1238,lead_spike,commerce,high,3,834,27,1
1239,claim_burst,commerce,medium,2,15,9,1
1240,rejected_claims_volume,catalog,medium,2,447,18,1
1241,rejected_claims_volume,claims,critical,4,673,24,1
1242,rejected_claims_volume,claims,critical,4,567,13,0
1243,pending_purchases,commerce,high,3,284,21,1
1244,inactive_spike,catalog,high,3,851,10,0
1245,stale_pending_policies,commerce,low,1,352,16,1
1246,rejected_claims_volume,commerce,critical,4,471,11,1
1247,stale_pending_policies,claims,critical,4,665,12,1
1248,rejected_claims_volume,commerce,medium,2,29,20,1
1249,pending_purchases,commerce,high,3,282,20,1
1250,inactive_spike,account,critical,4,713,11,1
1251,claim_burst,account,high,3,27,18,1
1252,duplicate_email,catalog,low,1,185,30,1
1253,reject_rate,catalog,high,3,325,9,1
1254,lead_spike,commerce,high,3,89,12,1
1255,lead_spike,catalog,critical,4,348,17,1
1256,pending_purchases,account,critical,4,94,30,1
1257,lead_spike,commerce,high,3,101,16,1
1258,lead_spike,account,medium,2,15,14,1
1259,duplicate_email,catalog,critical,4,542,17,1
1260,claim_burst,claims,high,3,93,12,1
1261,rejected_claims_volume,account,critical,4,156,27,1
1262,reject_rate,account,low,1,48,15,1
1263,claim_burst,claims,critical,4,153,13,1
1264,other,catalog,high,3,5,15,1
1265,pending_purchases,commerce,critical,4,796,9,1
1266,pending_purchases,claims,high,3,577,27,1
1267,other,commerce,low,1,503,12,1
1268,duplicate_email,claims,high,3,849,20,1
1269,rejected_claims_volume,account,low,1,22,10,0
1270,rejected_claims_volume,catalog,medium,2,459,28,0
1271,stale_pending_policies,catalog,high,3,499,14,1
1272,inactive_spike,account,high,3,503,25,1
1273,other,claims,medium,2,247,4,0
1274,claim_burst,catalog,low,1,541,21,1
1275,stale_pending_policies,catalog,high,3,779,26,1
1276,rejected_claims_volume,claims,high,3,293,20,0
1277,other,catalog,high,3,191,28,1
1278,stale_pending_policies,account,critical,4,718,15,1
1279,unverified_provider,account,high,3,783,20,1
1280,other,account,high,3,84,30,1
1281,unverified_provider,commerce,low,1,334,2,0
1282,other,commerce,low,1,1,4,0
1283,other,commerce,high,3,259,10,1
1284,lead_spike,commerce,high,3,13,25,1
1285,reject_rate,catalog,high,3,841,8,1
1286,other,account,high,3,3,9,1
1287,rejected_claims_volume,claims,high,3,470,11,1
1288,unverified_provider,commerce,high,3,91,12,1
1289,lead_spike,catalog,medium,2,183,30,1
1290,other,commerce,high,3,875,23,1
1291,pending_purchases,commerce,high,3,692,14,1
1292,inactive_spike,account,low,1,26,18,1
1293,inactive_spike,commerce,critical,4,689,17,1
1294,rejected_claims_volume,account,critical,4,272,12,1
1295,lead_spike,claims,critical,4,28,27,1
1296,duplicate_email,commerce,high,3,52,26,1
1297,inactive_spike,catalog,low,1,655,15,1
1298,claim_burst,claims,high,3,116,18,1
1299,other,catalog,critical,4,483,30,1
1300,reject_rate,catalog,medium,2,549,5,0
1301,inactive_spike,account,critical,4,19,15,1
1302,stale_pending_policies,commerce,low,1,365,16,1
1303,pending_purchases,catalog,medium,2,886,21,1
1304,rejected_claims_volume,catalog,low,1,615,25,1
1305,claim_burst,commerce,high,3,540,15,1
1306,stale_pending_policies,catalog,critical,4,448,25,1
1307,inactive_spike,claims,high,3,855,18,0
1308,unverified_provider,commerce,medium,2,548,11,0
1309,duplicate_email,catalog,low,1,38,24,1
1310,other,account,medium,2,40,6,0
1311,claim_burst,claims,high,3,555,16,1
1312,other,account,high,3,548,24,0
1313,duplicate_email,commerce,high,3,833,8,1
1314,other,catalog,critical,4,765,22,1
1315,reject_rate,account,critical,4,25,9,1
1316,rejected_claims_volume,catalog,medium,2,885,25,1
1317,rejected_claims_volume,commerce,medium,2,12,10,0
1318,inactive_spike,account,low,1,609,11,0
1319,lead_spike,account,medium,2,3,10,1
1320,claim_burst,claims,medium,2,703,18,1
1321,stale_pending_policies,catalog,medium,2,543,16,1
1322,duplicate_email,account,critical,4,49,18,1
1323,other,catalog,low,1,355,7,0
1324,inactive_spike,catalog,high,3,533,8,1
1325,other,commerce,medium,2,548,12,1
1326,claim_burst,claims,critical,4,755,20,1
1327,other,catalog,critical,4,79,10,1
1328,pending_purchases,commerce,high,3,713,10,1
1329,unverified_provider,account,medium,2,660,10,0
1330,pending_purchases,catalog,medium,2,153,28,1
1331,other,catalog,medium,2,460,5,0
1332,duplicate_email,catalog,medium,2,554,15,1
1333,lead_spike,commerce,high,3,269,12,0
1334,lead_spike,claims,high,3,866,8,1
1335,duplicate_email,claims,medium,2,392,14,1
1336,lead_spike,commerce,critical,4,24,16,1
1337,inactive_spike,commerce,high,3,539,23,1
1338,unverified_provider,claims,critical,4,469,29,1
1339,reject_rate,catalog,low,1,514,11,0
1340,duplicate_email,account,medium,2,267,14,1
1341,stale_pending_policies,catalog,low,1,201,17,1
1342,unverified_provider,commerce,low,1,30,6,0
1343,claim_burst,catalog,medium,2,415,26,1
1344,claim_burst,catalog,high,3,103,21,1
1345,inactive_spike,claims,high,3,154,28,1
1346,rejected_claims_volume,claims,critical,4,771,14,1
1347,inactive_spike,claims,medium,2,151,10,1
1348,lead_spike,commerce,medium,2,433,15,0
1349,duplicate_email,account,low,1,302,27,1
1350,lead_spike,account,medium,2,334,24,1
1351,other,commerce,critical,4,301,25,1
1352,lead_spike,claims,high,3,735,28,1
1353,other,account,medium,2,45,10,0
1354,rejected_claims_volume,claims,high,3,754,30,0
1355,pending_purchases,catalog,medium,2,309,21,1
1356,lead_spike,commerce,critical,4,481,9,1
1357,pending_purchases,commerce,high,3,29,17,1
1358,lead_spike,catalog,low,1,176,22,1
1359,pending_purchases,commerce,medium,2,87,27,1
1360,rejected_claims_volume,account,low,1,104,12,1
1361,rejected_claims_volume,commerce,high,3,355,8,1
1362,reject_rate,claims,medium,2,410,9,0
1363,stale_pending_policies,catalog,low,1,658,13,1
1364,claim_burst,claims,low,1,147,25,1
1365,reject_rate,account,high,3,108,28,1
1366,reject_rate,catalog,high,3,207,16,1
1367,claim_burst,claims,medium,2,499,25,1
1368,rejected_claims_volume,claims,critical,4,425,24,1
1369,stale_pending_policies,commerce,low,1,578,5,0
1370,rejected_claims_volume,claims,critical,4,490,19,1
1371,reject_rate,claims,medium,2,52,17,1
1372,rejected_claims_volume,claims,critical,4,155,15,1
1373,duplicate_email,catalog,high,3,740,15,1
1374,reject_rate,commerce,high,3,341,9,1
1375,reject_rate,claims,medium,2,631,12,1
1376,unverified_provider,catalog,low,1,145,4,0
1377,rejected_claims_volume,commerce,critical,4,816,18,1
1378,unverified_provider,account,high,3,161,16,1
1379,duplicate_email,account,high,3,856,22,1
1380,pending_purchases,commerce,high,3,605,13,1
1381,duplicate_email,catalog,high,3,98,10,1
1382,other,catalog,medium,2,229,12,1
1383,claim_burst,claims,medium,2,669,10,1
1384,unverified_provider,commerce,low,1,652,3,0
1385,inactive_spike,account,critical,4,675,10,1
1386,duplicate_email,account,medium,2,10,16,1
1387,other,account,high,3,22,23,1
1388,rejected_claims_volume,claims,medium,2,222,30,1
1389,rejected_claims_volume,claims,critical,4,11,8,0
1390,claim_burst,claims,medium,2,888,11,1
1391,reject_rate,commerce,low,1,33,7,0
1392,duplicate_email,account,medium,2,422,10,1
1393,claim_burst,commerce,critical,4,275,19,1
1394,claim_burst,account,medium,2,301,9,1
1395,lead_spike,catalog,high,3,617,28,1
1396,claim_burst,account,medium,2,177,30,1
1397,rejected_claims_volume,commerce,high,3,653,22,1
1398,unverified_provider,account,high,3,23,8,1
1399,claim_burst,claims,critical,4,246,19,1
1400,stale_pending_policies,claims,high,3,254,17,0
1401,duplicate_email,account,critical,4,74,27,1
1402,inactive_spike,commerce,high,3,50,10,1
1403,duplicate_email,account,high,3,705,17,1
1404,reject_rate,catalog,critical,4,481,8,1
1405,duplicate_email,commerce,low,1,827,20,0
1406,other,commerce,low,1,381,9,0
1407,reject_rate,commerce,medium,2,16,4,0
1408,stale_pending_policies,catalog,low,1,37,10,0
1409,claim_burst,account,low,1,22,10,1
1410,inactive_spike,claims,low,1,276,11,0
1411,rejected_claims_volume,catalog,medium,2,887,26,1
1412,duplicate_email,account,critical,4,688,27,1
1413,claim_burst,account,medium,2,560,12,1
1414,reject_rate,account,medium,2,769,16,1
1415,other,catalog,critical,4,84,18,1
1416,stale_pending_policies,claims,medium,2,505,12,1
1417,lead_spike,commerce,high,3,66,21,1
1418,inactive_spike,claims,high,3,496,19,1
1419,lead_spike,account,high,3,11,28,1
1420,duplicate_email,account,medium,2,898,18,0
1421,lead_spike,catalog,high,3,535,26,1
1422,unverified_provider,catalog,high,3,300,11,1
1423,lead_spike,catalog,high,3,566,28,0
1424,pending_purchases,commerce,medium,2,223,10,0
1425,rejected_claims_volume,claims,medium,2,450,11,0
1426,rejected_claims_volume,commerce,critical,4,671,15,1
1427,pending_purchases,catalog,high,3,783,26,1
1428,lead_spike,catalog,high,3,461,10,0
1429,rejected_claims_volume,account,high,3,207,16,1
1430,unverified_provider,account,high,3,66,24,1
1431,unverified_provider,account,low,1,266,2,0
1432,claim_burst,claims,medium,2,887,9,1
1433,duplicate_email,claims,critical,4,662,14,1
1434,rejected_claims_volume,catalog,high,3,807,19,1
1435,inactive_spike,commerce,low,1,200,7,0
1436,pending_purchases,commerce,critical,4,3,26,1
1437,unverified_provider,account,medium,2,23,6,0
1438,other,claims,medium,2,561,8,0
1439,reject_rate,claims,low,1,334,11,0
1440,claim_burst,claims,critical,4,61,9,0
1441,lead_spike,commerce,high,3,31,20,1
1442,inactive_spike,account,critical,4,275,25,1
1443,other,catalog,medium,2,150,9,0
1444,lead_spike,catalog,low,1,141,30,0
1445,stale_pending_policies,claims,critical,4,112,22,1
1446,rejected_claims_volume,catalog,critical,4,875,16,0
1447,pending_purchases,claims,critical,4,360,14,1
1448,unverified_provider,account,high,3,33,17,1
1449,claim_burst,claims,high,3,288,29,1
1450,rejected_claims_volume,commerce,high,3,289,30,1
1451,pending_purchases,catalog,medium,2,494,12,1
1452,reject_rate,claims,high,3,240,15,1
1453,rejected_claims_volume,claims,high,3,765,26,1
1454,lead_spike,account,high,3,146,27,1
1455,reject_rate,catalog,high,3,488,19,1
1456,duplicate_email,account,critical,4,713,19,1
1457,duplicate_email,commerce,critical,4,12,24,1
1458,other,commerce,critical,4,824,21,0
1459,inactive_spike,claims,high,3,895,17,1
1460,pending_purchases,commerce,high,3,26,25,1
1461,unverified_provider,claims,critical,4,589,26,1
1462,stale_pending_policies,commerce,high,3,8,10,1
1463,rejected_claims_volume,claims,medium,2,82,12,1
1464,claim_burst,claims,high,3,199,9,1
1465,duplicate_email,claims,low,1,726,25,1
1466,inactive_spike,account,high,3,818,20,1
1467,inactive_spike,account,low,1,117,15,1
1468,duplicate_email,commerce,critical,4,587,29,1
1469,other,catalog,low,1,566,11,0
1470,duplicate_email,account,critical,4,886,24,0
1471,stale_pending_policies,account,medium,2,422,13,1
1472,stale_pending_policies,catalog,low,1,420,16,1
1473,unverified_provider,account,critical,4,15,11,1
1474,claim_burst,account,high,3,8,22,1
1475,stale_pending_policies,catalog,critical,4,589,17,1
1476,inactive_spike,account,medium,2,61,18,0
1477,other,account,high,3,253,8,1
1478,other,catalog,high,3,815,21,1
1479,duplicate_email,claims,low,1,476,27,1
1480,unverified_provider,claims,medium,2,95,3,0
1481,reject_rate,catalog,low,1,567,9,0
1482,inactive_spike,account,critical,4,35,13,1
1483,lead_spike,account,high,3,386,10,1
1484,pending_purchases,commerce,high,3,248,30,1
1485,claim_burst,claims,high,3,207,23,1
1486,inactive_spike,catalog,high,3,626,24,1
1487,rejected_claims_volume,claims,medium,2,888,23,1
1488,pending_purchases,catalog,critical,4,446,30,1
1489,reject_rate,catalog,medium,2,357,8,0
1490,other,commerce,medium,2,804,2,0
1491,reject_rate,claims,low,1,530,6,1
1492,reject_rate,commerce,high,3,31,17,1
1493,stale_pending_policies,catalog,low,1,116,14,1
1494,lead_spike,account,high,3,280,27,1
1495,claim_burst,claims,low,1,762,12,0
1496,duplicate_email,catalog,critical,4,783,24,1
1497,lead_spike,account,medium,2,374,20,1
1498,inactive_spike,account,medium,2,30,17,1
1499,unverified_provider,account,high,3,780,25,0
1500,inactive_spike,claims,low,1,714,16,0
1501,lead_spike,claims,low,1,127,14,1
1502,inactive_spike,account,medium,2,90,15,1
1503,duplicate_email,account,critical,4,755,26,1
1504,inactive_spike,claims,high,3,127,15,1
1505,lead_spike,commerce,medium,2,580,26,1
1506,unverified_provider,commerce,high,3,221,28,1
1507,stale_pending_policies,catalog,high,3,144,15,1
1508,duplicate_email,account,critical,4,63,10,1
1509,stale_pending_policies,catalog,low,1,523,6,0
1510,pending_purchases,commerce,medium,2,172,27,1
1511,pending_purchases,account,medium,2,285,8,0
1512,pending_purchases,account,critical,4,175,17,1
1513,unverified_provider,catalog,critical,4,134,17,1
1514,stale_pending_policies,account,low,1,13,17,1
1515,lead_spike,account,high,3,172,18,1
1516,stale_pending_policies,catalog,medium,2,268,11,0
1517,lead_spike,commerce,high,3,224,26,1
1518,reject_rate,account,high,3,859,14,1
1519,duplicate_email,account,medium,2,658,9,1
1520,reject_rate,catalog,high,3,528,21,1
1521,stale_pending_policies,catalog,high,3,698,8,1
1522,pending_purchases,account,high,3,14,15,1
1523,lead_spike,claims,high,3,855,24,1
1524,lead_spike,account,high,3,474,18,1
1525,stale_pending_policies,commerce,critical,4,298,12,1
1526,unverified_provider,catalog,low,1,120,8,0
1527,reject_rate,commerce,medium,2,89,15,1
1528,lead_spike,commerce,high,3,10,25,1
1529,rejected_claims_volume,commerce,critical,4,427,18,1
1530,duplicate_email,account,critical,4,518,24,1
1531,unverified_provider,account,high,3,605,19,1
1532,duplicate_email,account,critical,4,311,20,1
1533,rejected_claims_volume,claims,high,3,456,17,1
1534,rejected_claims_volume,claims,high,3,29,15,1
1535,duplicate_email,commerce,critical,4,260,18,1
1536,pending_purchases,commerce,critical,4,45,8,1
1537,stale_pending_policies,catalog,medium,2,843,5,0
1538,duplicate_email,account,high,3,723,27,0
1539,reject_rate,catalog,high,3,113,20,1
1540,duplicate_email,account,high,3,22,30,0
1541,inactive_spike,account,medium,2,556,8,0
1542,claim_burst,claims,critical,4,396,28,1
1543,duplicate_email,claims,critical,4,799,24,1
1544,reject_rate,catalog,high,3,285,14,1
1545,rejected_claims_volume,claims,high,3,680,12,1
1546,inactive_spike,account,critical,4,736,24,0
1547,rejected_claims_volume,account,medium,2,60,18,1
1548,rejected_claims_volume,claims,medium,2,251,17,1
1549,inactive_spike,commerce,high,3,844,20,1
1550,lead_spike,account,medium,2,25,27,1
1551,pending_purchases,commerce,critical,4,136,20,1
1552,inactive_spike,commerce,high,3,25,9,1
1553,reject_rate,commerce,critical,4,201,30,1
1554,claim_burst,catalog,medium,2,8,18,1
1555,lead_spike,claims,critical,4,301,16,1
1556,inactive_spike,catalog,low,1,562,7,1
1557,reject_rate,commerce,medium,2,374,14,0
1558,lead_spike,claims,critical,4,768,13,1
1559,unverified_provider,claims,low,1,218,4,0
1560,reject_rate,account,low,1,69,5,0
1561,unverified_provider,claims,high,3,101,8,1
1562,lead_spike,commerce,low,1,280,12,1
1563,claim_burst,claims,high,3,822,30,1
1564,unverified_provider,claims,low,1,606,8,0
1565,lead_spike,claims,high,3,701,8,1
1566,inactive_spike,account,high,3,479,8,1
1567,reject_rate,commerce,medium,2,419,18,1
1568,reject_rate,catalog,critical,4,34,14,1
1569,inactive_spike,catalog,critical,4,31,15,1
1570,reject_rate,claims,critical,4,230,24,1
1571,lead_spike,claims,critical,4,397,22,1
1572,stale_pending_policies,catalog,high,3,865,11,0
1573,claim_burst,claims,critical,4,680,12,1
1574,stale_pending_policies,claims,medium,2,595,13,1
1575,other,claims,high,3,723,29,1
1576,other,catalog,high,3,656,20,1
1577,unverified_provider,account,low,1,3,11,0
1578,unverified_provider,account,low,1,717,2,0
1579,rejected_claims_volume,account,critical,4,273,24,1
1580,inactive_spike,claims,critical,4,147,30,1
1581,other,claims,critical,4,754,29,1
1582,inactive_spike,account,low,1,20,18,1
1583,other,account,high,3,245,8,1
1584,pending_purchases,claims,high,3,95,26,1
1585,stale_pending_policies,commerce,low,1,352,5,1
1586,lead_spike,account,medium,2,265,19,1
1587,lead_spike,commerce,high,3,59,21,1
1588,duplicate_email,catalog,high,3,846,21,1
1589,inactive_spike,account,high,3,642,8,1
1590,claim_burst,claims,medium,2,581,14,1
1591,rejected_claims_volume,commerce,high,3,4,10,1
1592,other,commerce,low,1,819,8,0
1593,duplicate_email,account,critical,4,415,18,1
1594,duplicate_email,account,high,3,244,21,1
1595,other,commerce,high,3,35,18,1
1596,other,catalog,critical,4,639,11,1
1597,lead_spike,commerce,critical,4,180,25,1
1598,lead_spike,catalog,low,1,320,14,1
1599,inactive_spike,account,high,3,61,25,1
1600,pending_purchases,commerce,high,3,26,26,1
1601,rejected_claims_volume,catalog,critical,4,424,27,1
1602,inactive_spike,account,medium,2,332,14,0
1603,reject_rate,claims,critical,4,732,12,1
1604,duplicate_email,commerce,high,3,49,14,1
1605,reject_rate,commerce,low,1,273,16,1
1606,reject_rate,catalog,high,3,12,30,1
1607,rejected_claims_volume,catalog,critical,4,349,30,1
1608,stale_pending_policies,claims,critical,4,371,23,1
1609,inactive_spike,account,low,1,459,5,0
1610,stale_pending_policies,catalog,low,1,108,15,1
1611,rejected_claims_volume,claims,critical,4,447,14,1
1612,other,commerce,medium,2,612,6,0
1613,duplicate_email,commerce,medium,2,77,18,1
1614,stale_pending_policies,claims,low,1,780,11,0
1615,unverified_provider,claims,medium,2,430,12,1
1616,unverified_provider,claims,medium,2,68,12,1
1617,duplicate_email,catalog,medium,2,459,14,1
1618,claim_burst,claims,high,3,531,14,1
1619,other,commerce,low,1,9,8,0
1620,rejected_claims_volume,claims,critical,4,686,16,1
1621,other,catalog,high,3,354,11,1
1622,duplicate_email,commerce,critical,4,809,29,1
1623,lead_spike,claims,high,3,228,12,0
1624,pending_purchases,commerce,medium,2,292,16,1
1625,reject_rate,commerce,critical,4,58,30,1
1626,rejected_claims_volume,commerce,low,1,118,30,1
1627,duplicate_email,claims,high,3,795,12,1
1628,pending_purchases,account,medium,2,570,12,1
1629,rejected_claims_volume,claims,medium,2,387,29,1
1630,unverified_provider,commerce,low,1,124,8,1
1631,other,claims,medium,2,568,5,0
1632,other,claims,critical,4,4,23,0
1633,inactive_spike,account,high,3,264,28,1
1634,pending_purchases,claims,critical,4,120,12,1
1635,claim_burst,commerce,high,3,880,30,1
1636,duplicate_email,catalog,medium,2,649,9,1
1637,pending_purchases,account,medium,2,357,18,1
1638,unverified_provider,account,critical,4,114,16,1
1639,pending_purchases,catalog,high,3,159,18,1
1640,pending_purchases,account,high,3,5,20,1
1641,unverified_provider,account,medium,2,331,8,0
1642,unverified_provider,account,high,3,821,12,1
1643,unverified_provider,catalog,high,3,705,18,1
1644,lead_spike,commerce,low,1,427,23,1
1645,other,commerce,high,3,407,8,1
1646,inactive_spike,account,medium,2,158,11,0
1647,unverified_provider,commerce,critical,4,476,28,1
1648,claim_burst,commerce,critical,4,68,17,0
1649,unverified_provider,account,medium,2,877,3,0
1650,inactive_spike,catalog,critical,4,861,17,1
1651,rejected_claims_volume,account,low,1,151,23,1
1652,claim_burst,catalog,high,3,725,29,1
1653,stale_pending_policies,catalog,medium,2,484,13,1
1654,reject_rate,account,medium,2,785,6,0
1655,lead_spike,account,low,1,374,8,1
1656,stale_pending_policies,commerce,high,3,80,17,1
1657,pending_purchases,commerce,medium,2,641,20,1
1658,inactive_spike,claims,critical,4,607,22,1
1659,other,claims,critical,4,227,11,1
1660,reject_rate,catalog,high,3,774,19,1
1661,reject_rate,claims,critical,4,185,8,1
1662,rejected_claims_volume,commerce,low,1,891,17,1
1663,duplicate_email,commerce,high,3,602,29,1
1664,pending_purchases,commerce,low,1,668,30,1
1665,stale_pending_policies,claims,critical,4,322,23,1
1666,rejected_claims_volume,catalog,critical,4,385,29,1
1667,duplicate_email,catalog,high,3,762,11,1
1668,reject_rate,commerce,low,1,563,8,0
1669,reject_rate,account,medium,2,897,15,1
1670,lead_spike,account,high,3,21,25,1
1671,rejected_claims_volume,claims,high,3,373,23,1
1672,other,catalog,medium,2,737,3,0
1673,inactive_spike,account,high,3,74,29,1
1674,stale_pending_policies,catalog,low,1,287,7,1
1675,inactive_spike,account,medium,2,667,18,1
1676,other,catalog,critical,4,458,15,1
1677,rejected_claims_volume,catalog,critical,4,158,21,1
1678,duplicate_email,account,low,1,615,24,1
1679,other,commerce,medium,2,727,7,0
1680,lead_spike,claims,medium,2,543,28,1
1681,other,claims,high,3,721,26,1
1682,inactive_spike,account,high,3,515,27,1
1683,other,commerce,medium,2,555,7,0
1684,inactive_spike,account,critical,4,466,25,1
1685,duplicate_email,catalog,critical,4,632,26,1
1686,reject_rate,claims,medium,2,10,17,1
1687,other,catalog,medium,2,492,4,0
1688,unverified_provider,commerce,low,1,75,6,0
1689,rejected_claims_volume,claims,low,1,78,28,1
1690,claim_burst,claims,high,3,511,11,1
1691,unverified_provider,account,high,3,12,12,1
1692,claim_burst,claims,high,3,90,19,1
1693,reject_rate,account,critical,4,327,24,1
1694,other,catalog,high,3,416,26,1
1695,rejected_claims_volume,commerce,high,3,128,14,1
1696,pending_purchases,claims,medium,2,113,26,1
1697,unverified_provider,claims,critical,4,659,14,1
1698,rejected_claims_volume,claims,high,3,337,16,1
1699,reject_rate,catalog,critical,4,641,23,1
1700,stale_pending_policies,catalog,high,3,537,23,1
1701,pending_purchases,claims,high,3,821,23,1
1702,pending_purchases,commerce,medium,2,537,15,1
1703,reject_rate,commerce,low,1,21,5,0
1704,reject_rate,catalog,critical,4,422,11,1
1705,inactive_spike,commerce,low,1,161,17,1
1706,stale_pending_policies,account,high,3,160,9,1
1707,unverified_provider,account,medium,2,160,3,0
1708,inactive_spike,account,low,1,542,13,1
1709,duplicate_email,account,critical,4,468,20,1
1710,duplicate_email,account,critical,4,868,18,1
1711,stale_pending_policies,catalog,high,3,375,10,1
1712,duplicate_email,account,high,3,29,22,1
1713,pending_purchases,account,critical,4,82,10,1
1714,duplicate_email,account,critical,4,455,12,1
1715,reject_rate,account,critical,4,6,23,1
1716,duplicate_email,catalog,low,1,262,14,1
1717,claim_burst,claims,high,3,236,30,1
1718,pending_purchases,account,medium,2,566,12,1
1719,lead_spike,commerce,high,3,73,29,1
1720,unverified_provider,account,critical,4,21,18,1
1721,reject_rate,account,critical,4,287,11,1
1722,stale_pending_policies,account,critical,4,572,14,1
1723,duplicate_email,catalog,high,3,109,18,1
1724,inactive_spike,catalog,critical,4,22,13,1
1725,reject_rate,commerce,high,3,8,29,1
1726,rejected_claims_volume,account,critical,4,641,28,1
1727,unverified_provider,commerce,low,1,79,11,0
1728,pending_purchases,commerce,high,3,165,9,1
1729,stale_pending_policies,catalog,high,3,208,25,1
1730,reject_rate,account,low,1,419,5,0
1731,inactive_spike,commerce,low,1,656,17,1
1732,inactive_spike,account,low,1,881,18,1
1733,claim_burst,account,critical,4,534,30,1
1734,lead_spike,claims,high,3,115,13,1
1735,pending_purchases,commerce,critical,4,815,30,1
1736,pending_purchases,commerce,medium,2,14,29,1
1737,rejected_claims_volume,claims,high,3,342,9,1
1738,duplicate_email,account,high,3,38,28,1
1739,stale_pending_policies,catalog,medium,2,635,11,0
1740,stale_pending_policies,claims,critical,4,882,9,1
1741,other,catalog,low,1,635,8,0
1742,lead_spike,catalog,low,1,84,20,1
1743,stale_pending_policies,claims,medium,2,79,8,0
1744,stale_pending_policies,claims,low,1,605,6,0
1745,unverified_provider,catalog,low,1,625,1,0
1746,pending_purchases,commerce,high,3,343,11,0
1747,unverified_provider,account,high,3,600,30,1
1748,reject_rate,catalog,high,3,179,12,1
1749,unverified_provider,account,critical,4,21,11,1
1750,rejected_claims_volume,catalog,critical,4,732,22,1
1751,lead_spike,claims,critical,4,699,26,1
1752,unverified_provider,account,medium,2,634,5,0
1753,lead_spike,commerce,critical,4,15,28,1
1754,claim_burst,commerce,medium,2,61,21,1
1755,claim_burst,claims,high,3,149,13,1
1756,duplicate_email,account,high,3,376,20,1
1757,inactive_spike,account,low,1,589,12,1
1758,unverified_provider,claims,medium,2,387,6,0
1759,other,account,medium,2,126,8,0
1760,lead_spike,commerce,critical,4,263,17,1
1761,claim_burst,account,high,3,114,20,1
1762,lead_spike,catalog,high,3,898,26,1
1763,unverified_provider,account,high,3,37,10,1
1764,stale_pending_policies,claims,medium,2,439,7,0
1765,duplicate_email,account,high,3,44,16,1
1766,claim_burst,claims,high,3,292,28,1
1767,lead_spike,claims,medium,2,725,24,1
1768,claim_burst,claims,high,3,238,20,1
1769,unverified_provider,account,medium,2,493,3,1
1770,unverified_provider,claims,medium,2,420,11,0
1771,stale_pending_policies,commerce,high,3,39,27,1
1772,pending_purchases,commerce,medium,2,473,26,1
1773,inactive_spike,commerce,high,3,447,28,1
1774,unverified_provider,catalog,high,3,487,30,0
1775,inactive_spike,catalog,high,3,538,20,1
1776,pending_purchases,catalog,low,1,829,13,1
1777,lead_spike,catalog,high,3,32,15,0
1778,lead_spike,catalog,critical,4,827,25,1
1779,unverified_provider,account,critical,4,10,12,1
1780,pending_purchases,commerce,high,3,690,22,1
1781,duplicate_email,account,high,3,818,8,1
1782,lead_spike,commerce,critical,4,89,11,1
1783,pending_purchases,commerce,low,1,110,11,0
1784,unverified_provider,account,medium,2,648,7,0
1785,duplicate_email,account,high,3,467,11,1
1786,claim_burst,commerce,high,3,90,25,1
1787,rejected_claims_volume,commerce,critical,4,476,22,1
1788,stale_pending_policies,catalog,high,3,691,29,1
1789,stale_pending_policies,catalog,high,3,789,19,1
1790,rejected_claims_volume,claims,medium,2,565,10,0
1791,stale_pending_policies,claims,critical,4,634,12,1
1792,unverified_provider,account,medium,2,248,6,0
1793,stale_pending_policies,account,low,1,116,4,0
1794,stale_pending_policies,catalog,high,3,47,19,1
1795,lead_spike,commerce,high,3,630,8,1
1796,pending_purchases,commerce,high,3,73,29,1
1797,duplicate_email,catalog,medium,2,456,23,1
1798,rejected_claims_volume,catalog,critical,4,734,8,1
1799,inactive_spike,account,critical,4,11,24,1
1800,lead_spike,commerce,critical,4,17,17,1
1801,rejected_claims_volume,catalog,medium,2,32,29,1
1802,other,commerce,critical,4,644,8,1
1803,stale_pending_policies,account,critical,4,19,10,1
1804,rejected_claims_volume,commerce,critical,4,345,29,1
1805,stale_pending_policies,catalog,low,1,181,10,0
1806,unverified_provider,catalog,critical,4,700,25,1
1807,duplicate_email,claims,high,3,171,27,0
1808,lead_spike,commerce,medium,2,864,18,1
1809,reject_rate,claims,critical,4,172,30,1
1810,claim_burst,claims,critical,4,449,11,1
1811,lead_spike,claims,high,3,735,15,1
1812,lead_spike,account,high,3,36,11,1
1813,duplicate_email,account,low,1,325,10,1
1814,pending_purchases,commerce,critical,4,650,28,1
1815,claim_burst,claims,low,1,721,29,1
1816,inactive_spike,account,critical,4,8,30,1
1817,stale_pending_policies,catalog,critical,4,178,23,1
1818,claim_burst,commerce,critical,4,44,17,1
1819,claim_burst,claims,critical,4,521,21,1
1820,claim_burst,claims,high,3,381,17,1
1821,rejected_claims_volume,account,high,3,820,24,1
1822,pending_purchases,commerce,medium,2,798,21,1
1823,reject_rate,commerce,critical,4,757,28,1
1824,claim_burst,catalog,medium,2,517,21,1
1825,claim_burst,claims,high,3,110,17,1
1826,rejected_claims_volume,account,medium,2,388,21,1
1827,reject_rate,catalog,critical,4,198,12,1
1828,rejected_claims_volume,catalog,low,1,788,22,1
1829,inactive_spike,catalog,low,1,69,12,1
1830,pending_purchases,account,high,3,146,18,1
1831,pending_purchases,catalog,high,3,374,14,1
1832,pending_purchases,account,high,3,545,23,1
1833,claim_burst,claims,critical,4,849,26,1
1834,pending_purchases,account,high,3,738,15,1
1835,claim_burst,commerce,high,3,565,8,1
1836,claim_burst,claims,critical,4,188,24,1
1837,duplicate_email,account,critical,4,91,10,1
1838,lead_spike,commerce,medium,2,145,15,1
1839,lead_spike,claims,medium,2,14,25,1
1840,claim_burst,catalog,high,3,630,20,1
1841,lead_spike,claims,critical,4,331,21,1
1842,other,claims,high,3,504,14,1
1843,rejected_claims_volume,claims,medium,2,243,8,0
1844,inactive_spike,account,medium,2,132,15,1
1845,lead_spike,catalog,medium,2,17,11,1
1846,lead_spike,commerce,critical,4,146,20,1
1847,duplicate_email,claims,critical,4,709,16,1
1848,inactive_spike,claims,medium,2,134,10,0
1849,claim_burst,commerce,low,1,261,22,1
1850,rejected_claims_volume,claims,medium,2,674,13,1
1851,reject_rate,catalog,low,1,210,13,1
1852,pending_purchases,catalog,high,3,377,16,1
1853,lead_spike,account,high,3,27,12,1
1854,inactive_spike,claims,critical,4,797,12,0
1855,pending_purchases,catalog,high,3,97,13,1
1856,claim_burst,claims,critical,4,854,28,1
1857,reject_rate,claims,medium,2,854,16,1
1858,rejected_claims_volume,claims,high,3,746,25,1
1859,claim_burst,catalog,high,3,177,9,1
1860,pending_purchases,commerce,medium,2,308,17,1
1861,pending_purchases,account,high,3,64,15,1
1862,reject_rate,catalog,high,3,625,26,1
1863,other,catalog,low,1,313,11,0
1864,other,account,critical,4,136,12,1
1865,stale_pending_policies,catalog,high,3,331,27,1
1866,unverified_provider,catalog,critical,4,848,16,1
1867,reject_rate,catalog,critical,4,113,30,1
1868,reject_rate,catalog,high,3,381,30,0
1869,stale_pending_policies,catalog,critical,4,792,15,1
1870,reject_rate,catalog,medium,2,700,17,1
1871,unverified_provider,commerce,medium,2,740,7,1
1872,claim_burst,claims,critical,4,389,27,1
1873,lead_spike,claims,medium,2,806,19,1
1874,other,catalog,high,3,293,26,1
1875,claim_burst,commerce,critical,4,59,17,0
1876,stale_pending_policies,catalog,low,1,374,14,1
1877,lead_spike,commerce,low,1,542,11,0
1878,reject_rate,commerce,low,1,502,14,1
1879,unverified_provider,account,critical,4,16,8,0
1880,reject_rate,catalog,high,3,360,15,1
1881,unverified_provider,account,medium,2,887,8,0
1882,reject_rate,commerce,critical,4,88,16,1
1883,lead_spike,commerce,medium,2,31,10,1
1884,rejected_claims_volume,commerce,high,3,347,22,1
1885,unverified_provider,account,critical,4,239,29,1
1886,rejected_claims_volume,commerce,medium,2,34,16,1
1887,rejected_claims_volume,catalog,medium,2,899,19,1
1888,claim_burst,account,critical,4,34,21,0
1889,rejected_claims_volume,catalog,low,1,484,14,1
1890,other,catalog,low,1,482,6,0
1891,claim_burst,claims,critical,4,173,29,1
1892,reject_rate,catalog,medium,2,886,9,0
1893,reject_rate,catalog,low,1,792,12,1
1894,rejected_claims_volume,commerce,high,3,835,26,1
1895,lead_spike,commerce,high,3,452,20,0
1896,rejected_claims_volume,catalog,medium,2,103,10,0
1897,claim_burst,claims,medium,2,66,19,1
1898,stale_pending_policies,catalog,critical,4,12,25,1
1899,unverified_provider,commerce,medium,2,23,2,0
1900,inactive_spike,account,low,1,311,5,0
1901,rejected_claims_volume,catalog,low,1,814,17,1
1902,reject_rate,account,high,3,24,20,1
1903,claim_burst,claims,high,3,459,11,1
1904,duplicate_email,catalog,high,3,444,18,1
1905,other,claims,high,3,769,10,1
1906,duplicate_email,commerce,medium,2,376,13,1
1907,rejected_claims_volume,commerce,critical,4,136,25,0
1908,pending_purchases,account,critical,4,334,24,1
1909,unverified_provider,account,low,1,136,10,0
1910,lead_spike,catalog,medium,2,642,16,1
1911,claim_burst,account,high,3,186,23,1
1912,other,claims,high,3,368,23,1
1913,rejected_claims_volume,claims,medium,2,183,28,1
1914,inactive_spike,catalog,medium,2,263,16,1
1915,duplicate_email,account,high,3,500,14,1
1916,duplicate_email,account,high,3,452,21,0
1917,claim_burst,account,low,1,10,24,1
1918,lead_spike,commerce,high,3,60,12,1
1919,rejected_claims_volume,catalog,medium,2,230,30,1
1920,inactive_spike,account,high,3,119,8,0
1921,reject_rate,catalog,medium,2,89,10,0
1922,reject_rate,catalog,high,3,26,9,1
1923,claim_burst,catalog,low,1,585,28,1
1924,duplicate_email,account,medium,2,491,27,1
1925,duplicate_email,account,medium,2,413,16,1
1926,duplicate_email,claims,medium,2,738,11,1
1927,reject_rate,catalog,medium,2,330,10,0
1928,other,catalog,critical,4,519,29,1
1929,unverified_provider,catalog,high,3,817,17,1
1930,claim_burst,claims,critical,4,71,11,1
1931,other,commerce,high,3,216,28,1
1932,lead_spike,catalog,high,3,373,15,1
1933,claim_burst,claims,high,3,248,13,1
1934,reject_rate,account,medium,2,46,17,1
1935,unverified_provider,account,critical,4,529,8,1
1936,reject_rate,catalog,critical,4,283,26,1
1937,claim_burst,commerce,low,1,140,17,1
1938,stale_pending_policies,claims,high,3,828,15,1
1939,unverified_provider,account,critical,4,811,26,1
1940,stale_pending_policies,account,low,1,555,9,0
1941,lead_spike,catalog,high,3,699,28,1
1942,reject_rate,catalog,medium,2,816,16,1
1943,lead_spike,account,high,3,881,30,1
1944,stale_pending_policies,catalog,high,3,141,17,1
1945,other,account,critical,4,123,30,1
1946,other,claims,high,3,393,28,1
1947,reject_rate,account,high,3,146,20,1
1948,other,catalog,low,1,284,2,0
1949,stale_pending_policies,catalog,medium,2,135,14,1
1950,rejected_claims_volume,catalog,critical,4,640,10,1
1951,inactive_spike,catalog,medium,2,857,18,1
1952,rejected_claims_volume,claims,critical,4,782,21,1
1953,stale_pending_policies,catalog,medium,2,476,7,0
1954,claim_burst,claims,medium,2,396,29,1
1955,pending_purchases,catalog,high,3,446,18,1
1956,claim_burst,catalog,high,3,474,23,1
1957,other,account,low,1,30,10,0
1958,lead_spike,commerce,critical,4,130,20,1
1959,inactive_spike,catalog,high,3,827,28,1
1960,reject_rate,catalog,high,3,435,25,1
1961,lead_spike,commerce,critical,4,169,27,1
1962,unverified_provider,catalog,critical,4,406,17,1
1963,inactive_spike,account,critical,4,180,27,1
1964,claim_burst,claims,high,3,713,25,1
1965,lead_spike,catalog,medium,2,68,18,1
1966,pending_purchases,commerce,high,3,2,25,1
1967,other,commerce,critical,4,767,16,1
1968,stale_pending_policies,commerce,low,1,630,12,1
1969,duplicate_email,commerce,low,1,718,24,1
1970,unverified_provider,claims,low,1,395,2,0
1971,lead_spike,commerce,high,3,92,14,1
1972,pending_purchases,commerce,high,3,640,29,1
1973,rejected_claims_volume,catalog,critical,4,658,8,0
1974,rejected_claims_volume,claims,critical,4,810,9,1
1975,rejected_claims_volume,commerce,critical,4,1,12,1
1976,other,catalog,low,1,652,8,0
1977,duplicate_email,claims,high,3,542,20,0
1978,claim_burst,commerce,critical,4,24,17,1
1979,pending_purchases,catalog,high,3,29,29,0
1980,lead_spike,commerce,high,3,875,24,1
1981,claim_burst,claims,medium,2,251,10,1
1982,lead_spike,commerce,medium,2,232,18,1
1983,unverified_provider,catalog,low,1,823,4,0
1984,inactive_spike,commerce,critical,4,1,28,1
1985,stale_pending_policies,account,low,1,165,12,1
1986,reject_rate,commerce,critical,4,863,9,1
1987,rejected_claims_volume,catalog,high,3,272,30,1
1988,other,catalog,medium,2,459,11,1
1989,duplicate_email,account,medium,2,733,29,0
1990,claim_burst,claims,critical,4,622,26,1
1991,unverified_provider,claims,high,3,809,30,1
1992,inactive_spike,claims,medium,2,522,16,0
1993,duplicate_email,account,high,3,63,13,1
1994,claim_burst,account,high,3,357,26,1
1995,duplicate_email,catalog,high,3,225,20,1
1996,stale_pending_policies,catalog,medium,2,680,8,0
1997,reject_rate,catalog,low,1,752,15,1
1998,claim_burst,claims,critical,4,76,10,1
1999,duplicate_email,commerce,medium,2,782,17,1
2000,stale_pending_policies,catalog,medium,2,236,15,1
2001,unverified_provider,claims,medium,2,221,7,0
2002,pending_purchases,commerce,medium,2,247,15,1
2003,rejected_claims_volume,commerce,medium,2,518,8,0
2004,duplicate_email,account,medium,2,24,23,1
2005,other,claims,high,3,380,30,1
2006,unverified_provider,account,medium,2,873,9,0
2007,claim_burst,claims,high,3,570,23,1
2008,unverified_provider,catalog,critical,4,615,11,1
2009,lead_spike,catalog,high,3,852,19,1
2010,rejected_claims_volume,claims,low,1,783,21,1
2011,pending_purchases,catalog,medium,2,861,15,1
2012,pending_purchases,claims,medium,2,775,8,0
2013,claim_burst,claims,high,3,713,27,1
2014,reject_rate,commerce,critical,4,166,24,1
2015,claim_burst,claims,high,3,111,18,1
2016,unverified_provider,claims,critical,4,861,20,1
2017,rejected_claims_volume,claims,high,3,86,12,1
2018,pending_purchases,commerce,medium,2,67,11,0
2019,inactive_spike,claims,medium,2,826,18,1
2020,unverified_provider,account,high,3,467,10,1
2021,reject_rate,claims,high,3,188,23,1
2022,unverified_provider,commerce,low,1,161,5,0
2023,reject_rate,catalog,medium,2,115,15,1
2024,inactive_spike,claims,high,3,176,8,1
2025,inactive_spike,account,high,3,571,28,1
2026,rejected_claims_volume,claims,low,1,32,30,0
2027,lead_spike,commerce,high,3,746,28,1
2028,duplicate_email,account,high,3,808,9,1
2029,claim_burst,catalog,high,3,272,12,1
2030,rejected_claims_volume,claims,high,3,879,11,1
2031,rejected_claims_volume,claims,high,3,424,26,0
2032,unverified_provider,catalog,critical,4,40,15,1
2033,pending_purchases,commerce,critical,4,774,24,1
2034,claim_burst,account,critical,4,33,14,1
2035,inactive_spike,catalog,high,3,495,20,1
2036,other,commerce,medium,2,28,7,0
2037,claim_burst,claims,high,3,335,11,1
2038,lead_spike,claims,medium,2,266,19,0
2039,duplicate_email,commerce,high,3,753,23,1
2040,pending_purchases,claims,critical,4,345,12,1
2041,claim_burst,commerce,high,3,50,16,1
2042,pending_purchases,commerce,critical,4,51,26,1
2043,inactive_spike,account,critical,4,113,14,0
2044,unverified_provider,account,low,1,753,7,1
2045,claim_burst,claims,critical,4,138,25,1
2046,claim_burst,commerce,critical,4,536,28,1
2047,unverified_provider,commerce,medium,2,58,4,0
2048,unverified_provider,account,high,3,784,9,1
2049,rejected_claims_volume,commerce,low,1,762,30,1
2050,rejected_claims_volume,claims,low,1,33,9,0
2051,claim_burst,claims,critical,4,652,9,0
2052,claim_burst,claims,high,3,199,28,0
2053,rejected_claims_volume,claims,critical,4,58,25,1
2054,other,claims,critical,4,813,12,1
2055,unverified_provider,account,medium,2,59,12,1
2056,stale_pending_policies,catalog,low,1,849,17,1
2057,reject_rate,claims,low,1,240,18,1
2058,pending_purchases,account,high,3,780,29,1
2059,rejected_claims_volume,claims,medium,2,5,15,1
2060,reject_rate,catalog,low,1,145,14,1
2061,rejected_claims_volume,account,critical,4,439,17,1
2062,claim_burst,claims,high,3,572,11,1
2063,other,commerce,critical,4,664,16,1
2064,inactive_spike,commerce,low,1,39,5,0
2065,pending_purchases,claims,high,3,596,19,1
2066,duplicate_email,account,low,1,42,19,0
2067,rejected_claims_volume,claims,medium,2,154,17,1
2068,reject_rate,claims,low,1,183,7,0
2069,claim_burst,commerce,high,3,213,16,1
2070,inactive_spike,catalog,medium,2,561,12,1
2071,duplicate_email,commerce,medium,2,220,16,1
2072,stale_pending_policies,catalog,high,3,635,27,1
2073,reject_rate,claims,high,3,469,12,1
2074,lead_spike,claims,high,3,401,25,1
2075,lead_spike,catalog,high,3,231,29,1
2076,stale_pending_policies,catalog,medium,2,761,17,1
2077,inactive_spike,account,critical,4,315,24,1
2078,claim_burst,claims,low,1,264,14,1
2079,claim_burst,commerce,high,3,22,13,1
2080,claim_burst,account,medium,2,213,18,1
2081,rejected_claims_volume,claims,medium,2,19,16,1
2082,reject_rate,catalog,high,3,888,15,1
2083,rejected_claims_volume,commerce,high,3,130,11,1
2084,rejected_claims_volume,claims,low,1,302,15,1
2085,lead_spike,claims,medium,2,334,25,1
2086,lead_spike,commerce,medium,2,23,24,1
2087,reject_rate,catalog,medium,2,561,5,0
2088,rejected_claims_volume,account,high,3,402,24,1
2089,reject_rate,account,critical,4,148,13,1
2090,lead_spike,catalog,low,1,730,27,0
2091,unverified_provider,account,high,3,6,28,1
2092,stale_pending_policies,account,medium,2,1,14,1
2093,stale_pending_policies,catalog,medium,2,749,14,1
2094,pending_purchases,account,critical,4,543,9,1
2095,pending_purchases,commerce,medium,2,873,10,0
2096,reject_rate,catalog,medium,2,147,6,0
2097,rejected_claims_volume,commerce,high,3,115,22,1
2098,rejected_claims_volume,commerce,medium,2,155,29,1
2099,lead_spike,catalog,low,1,61,29,1
2100,claim_burst,commerce,high,3,462,16,1
2101,rejected_claims_volume,claims,medium,2,668,30,0
2102,inactive_spike,account,high,3,690,19,1
2103,pending_purchases,commerce,low,1,178,12,1
2104,claim_burst,account,low,1,716,12,1
2105,other,commerce,low,1,837,12,1
2106,duplicate_email,account,critical,4,252,17,1
2107,stale_pending_policies,catalog,medium,2,256,18,1
2108,other,claims,medium,2,244,9,0
2109,claim_burst,claims,critical,4,37,15,1
2110,claim_burst,claims,medium,2,429,14,1
2111,unverified_provider,account,critical,4,1,29,1
2112,pending_purchases,commerce,critical,4,368,17,1
2113,stale_pending_policies,catalog,low,1,356,6,0
2114,claim_burst,claims,high,3,631,13,1
2115,stale_pending_policies,catalog,critical,4,695,26,1
2116,rejected_claims_volume,catalog,medium,2,164,30,1
2117,claim_burst,commerce,medium,2,347,16,1
2118,stale_pending_policies,account,medium,2,32,6,0
2119,duplicate_email,claims,critical,4,477,16,1
2120,reject_rate,catalog,high,3,230,30,0
2121,unverified_provider,account,medium,2,842,4,0
2122,claim_burst,catalog,medium,2,279,15,1
2123,stale_pending_policies,commerce,critical,4,657,23,1
2124,lead_spike,commerce,high,3,273,13,1
2125,lead_spike,claims,medium,2,230,26,1
2126,stale_pending_policies,commerce,critical,4,512,20,1
2127,stale_pending_policies,catalog,critical,4,258,19,1
2128,claim_burst,claims,high,3,210,16,1
2129,unverified_provider,account,medium,2,650,5,0
2130,claim_burst,commerce,high,3,129,10,1
2131,reject_rate,commerce,high,3,51,29,1
2132,claim_burst,claims,critical,4,9,22,1
2133,lead_spike,claims,medium,2,149,14,0
2134,stale_pending_policies,catalog,medium,2,386,17,1
2135,duplicate_email,commerce,critical,4,884,29,1
2136,rejected_claims_volume,catalog,medium,2,780,18,0
2137,other,commerce,medium,2,9,1,0
2138,duplicate_email,account,high,3,420,29,1
2139,reject_rate,catalog,critical,4,763,20,1
2140,lead_spike,claims,critical,4,257,15,1
2141,other,claims,high,3,221,17,1
2142,lead_spike,commerce,medium,2,18,27,1
2143,inactive_spike,account,high,3,11,18,1
2144,reject_rate,catalog,critical,4,609,19,1
2145,duplicate_email,commerce,high,3,833,27,1
2146,reject_rate,account,medium,2,671,6,0
2147,other,claims,medium,2,730,9,0
2148,unverified_provider,account,medium,2,32,2,0
2149,stale_pending_policies,claims,low,1,565,6,0
2150,inactive_spike,catalog,critical,4,528,12,1
2151,rejected_claims_volume,claims,high,3,868,26,0
2152,reject_rate,commerce,critical,4,283,13,1
2153,other,catalog,medium,2,780,11,0
2154,pending_purchases,account,low,1,495,9,0
2155,rejected_claims_volume,claims,medium,2,863,14,1
2156,other,account,low,1,317,4,0
2157,unverified_provider,claims,critical,4,349,25,1
2158,inactive_spike,commerce,medium,2,219,5,0
2159,unverified_provider,claims,medium,2,371,6,0
2160,other,claims,critical,4,150,26,1
2161,reject_rate,catalog,medium,2,6,10,0
2162,stale_pending_policies,commerce,low,1,155,10,0
2163,rejected_claims_volume,claims,critical,4,693,20,1
2164,rejected_claims_volume,claims,medium,2,428,9,0
2165,rejected_claims_volume,catalog,high,3,228,27,1
2166,rejected_claims_volume,claims,high,3,550,22,1
2167,unverified_provider,account,medium,2,210,8,0
2168,duplicate_email,account,medium,2,90,11,1
2169,claim_burst,claims,high,3,727,10,0
2170,pending_purchases,catalog,critical,4,411,30,1
2171,pending_purchases,claims,medium,2,833,22,1
2172,reject_rate,catalog,low,1,828,18,1
2173,reject_rate,claims,low,1,16,14,0
2174,rejected_claims_volume,claims,high,3,519,17,1
2175,unverified_provider,catalog,critical,4,588,26,1
2176,claim_burst,account,medium,2,170,9,1
2177,claim_burst,claims,high,3,819,26,1
2178,lead_spike,commerce,critical,4,761,18,1
2179,rejected_claims_volume,catalog,high,3,162,28,1
2180,stale_pending_policies,catalog,low,1,255,15,1
2181,unverified_provider,account,high,3,21,11,1
2182,rejected_claims_volume,claims,medium,2,266,26,1
2183,unverified_provider,account,medium,2,129,6,1
2184,claim_burst,claims,high,3,779,18,1
2185,reject_rate,claims,high,3,260,14,1
2186,pending_purchases,commerce,high,3,620,15,1
2187,inactive_spike,commerce,low,1,563,10,0
2188,reject_rate,commerce,low,1,168,7,0
2189,reject_rate,catalog,critical,4,233,15,1
2190,rejected_claims_volume,claims,critical,4,337,25,1
2191,reject_rate,catalog,high,3,792,10,1
2192,duplicate_email,account,critical,4,30,16,1
2193,stale_pending_policies,catalog,medium,2,157,11,1
2194,stale_pending_policies,catalog,low,1,393,5,0
2195,unverified_provider,claims,medium,2,197,8,0
2196,other,account,high,3,20,15,1
2197,lead_spike,commerce,high,3,612,28,0
2198,stale_pending_policies,catalog,critical,4,235,24,1
2199,pending_purchases,catalog,high,3,536,28,1
2200,duplicate_email,commerce,critical,4,629,14,1
2201,pending_purchases,commerce,medium,2,491,21,1
2202,unverified_provider,catalog,medium,2,728,6,0
2203,unverified_provider,claims,high,3,133,21,1
2204,claim_burst,commerce,high,3,3,22,1
2205,reject_rate,claims,medium,2,618,14,1
2206,lead_spike,commerce,critical,4,144,25,1
2207,rejected_claims_volume,claims,critical,4,307,14,1
2208,rejected_claims_volume,commerce,critical,4,373,11,0
2209,duplicate_email,account,high,3,249,18,1
2210,duplicate_email,catalog,critical,4,754,16,1
2211,inactive_spike,account,low,1,5,5,0
2212,unverified_provider,account,critical,4,4,30,1
2213,other,catalog,high,3,510,16,1
2214,inactive_spike,account,medium,2,35,12,1
2215,rejected_claims_volume,commerce,low,1,390,24,1
2216,unverified_provider,account,medium,2,68,11,0
2217,duplicate_email,account,medium,2,19,19,1
2218,reject_rate,catalog,high,3,9,13,0
2219,stale_pending_policies,catalog,low,1,838,14,1
2220,unverified_provider,catalog,critical,4,763,15,1
2221,reject_rate,catalog,low,1,718,7,0
2222,pending_purchases,account,low,1,700,10,0
2223,unverified_provider,claims,critical,4,574,25,1
2224,reject_rate,commerce,medium,2,244,4,0
2225,stale_pending_policies,catalog,high,3,95,23,1
2226,reject_rate,catalog,low,1,490,18,1
2227,unverified_provider,account,medium,2,187,1,0
2228,unverified_provider,commerce,high,3,345,16,1
2229,unverified_provider,account,critical,4,539,18,1
2230,claim_burst,claims,high,3,68,27,1
2231,rejected_claims_volume,claims,critical,4,435,10,1
2232,reject_rate,catalog,critical,4,124,30,1
2233,rejected_claims_volume,claims,high,3,600,27,1
2234,unverified_provider,commerce,low,1,158,8,0
2235,rejected_claims_volume,commerce,high,3,732,14,1
2236,pending_purchases,commerce,high,3,436,20,1
2237,lead_spike,commerce,medium,2,39,29,1
2238,duplicate_email,commerce,high,3,214,16,1
2239,lead_spike,catalog,medium,2,521,11,1
2240,stale_pending_policies,catalog,medium,2,238,7,0
2241,stale_pending_policies,catalog,high,3,502,19,1
2242,claim_burst,commerce,medium,2,868,19,1
2243,reject_rate,account,low,1,104,15,1
2244,pending_purchases,commerce,high,3,2,26,1
2245,claim_burst,claims,critical,4,137,27,1
2246,claim_burst,claims,medium,2,241,29,1
2247,duplicate_email,commerce,critical,4,505,15,1
2248,claim_burst,claims,high,3,490,9,1
2249,claim_burst,claims,low,1,154,14,1
2250,pending_purchases,commerce,critical,4,491,24,1
2251,inactive_spike,account,low,1,721,9,0
2252,reject_rate,claims,critical,4,647,20,1
2253,lead_spike,catalog,medium,2,323,17,1
2254,lead_spike,commerce,low,1,39,16,1
2255,other,account,medium,2,858,6,0
2256,duplicate_email,claims,critical,4,205,10,1
2257,unverified_provider,account,high,3,448,18,1
2258,inactive_spike,account,high,3,22,20,1
2259,unverified_provider,account,high,3,27,19,1
2260,pending_purchases,commerce,high,3,85,23,0
2261,other,catalog,high,3,873,17,1
2262,claim_burst,commerce,high,3,576,25,1
2263,rejected_claims_volume,catalog,low,1,494,11,0
2264,reject_rate,catalog,high,3,453,17,1
2265,other,account,medium,2,689,9,0
2266,unverified_provider,claims,medium,2,4,3,0
2267,pending_purchases,claims,medium,2,39,18,1
2268,duplicate_email,commerce,critical,4,747,16,1
2269,reject_rate,catalog,critical,4,508,26,1
2270,duplicate_email,catalog,high,3,48,29,1
2271,other,claims,medium,2,211,4,0
2272,stale_pending_policies,catalog,critical,4,357,10,1
2273,other,commerce,critical,4,884,13,1
2274,reject_rate,account,medium,2,22,15,1
2275,reject_rate,commerce,low,1,618,10,0
2276,inactive_spike,catalog,low,1,441,6,0
2277,duplicate_email,account,low,1,14,12,1
2278,rejected_claims_volume,claims,high,3,757,30,1
2279,duplicate_email,claims,medium,2,871,13,1
2280,inactive_spike,catalog,critical,4,54,19,1
2281,rejected_claims_volume,claims,critical,4,275,22,1
2282,reject_rate,catalog,critical,4,732,14,1
2283,stale_pending_policies,catalog,high,3,180,11,1
2284,unverified_provider,claims,medium,2,732,2,0
2285,duplicate_email,account,medium,2,575,19,1
2286,claim_burst,commerce,critical,4,189,13,1
2287,lead_spike,commerce,medium,2,227,25,1
2288,rejected_claims_volume,commerce,high,3,253,12,1
2289,stale_pending_policies,commerce,low,1,653,17,1
2290,inactive_spike,account,medium,2,107,6,0
2291,reject_rate,catalog,medium,2,332,6,0
2292,duplicate_email,commerce,high,3,717,28,1
2293,stale_pending_policies,catalog,low,1,569,10,0
2294,reject_rate,catalog,high,3,501,29,1
2295,duplicate_email,catalog,high,3,338,24,1
2296,rejected_claims_volume,account,medium,2,502,10,0
2297,reject_rate,claims,medium,2,543,6,0
2298,other,catalog,critical,4,273,14,1
2299,stale_pending_policies,catalog,medium,2,49,13,1
2300,rejected_claims_volume,claims,medium,2,550,16,1
2301,pending_purchases,commerce,medium,2,806,26,1
2302,unverified_provider,account,critical,4,127,20,1
2303,lead_spike,commerce,low,1,76,16,1
2304,inactive_spike,commerce,high,3,22,28,1
2305,reject_rate,catalog,high,3,484,20,1
2306,lead_spike,commerce,high,3,43,23,1
2307,stale_pending_policies,account,critical,4,55,17,1
2308,pending_purchases,commerce,high,3,7,11,0
2309,stale_pending_policies,claims,low,1,372,6,0
2310,claim_burst,claims,high,3,502,10,1
2311,lead_spike,account,high,3,656,30,1
2312,other,commerce,high,3,287,26,0
2313,stale_pending_policies,claims,low,1,793,12,1
2314,rejected_claims_volume,catalog,high,3,376,13,1
2315,other,account,medium,2,35,10,0
2316,unverified_provider,account,low,1,10,9,0
2317,pending_purchases,account,medium,2,411,28,0
2318,claim_burst,account,high,3,1,23,1
2319,stale_pending_policies,account,low,1,82,7,0
2320,duplicate_email,account,high,3,500,9,1
2321,lead_spike,claims,high,3,462,12,1
2322,lead_spike,account,high,3,148,20,1
2323,unverified_provider,account,high,3,787,30,1
2324,stale_pending_policies,catalog,critical,4,390,13,0
2325,lead_spike,catalog,medium,2,157,30,0
2326,duplicate_email,account,high,3,824,26,1
2327,rejected_claims_volume,account,critical,4,42,15,1
2328,reject_rate,claims,high,3,743,15,1
2329,inactive_spike,account,low,1,316,13,1
2330,reject_rate,claims,low,1,600,15,1
2331,stale_pending_policies,catalog,critical,4,381,9,1
2332,unverified_provider,account,critical,4,36,20,1
2333,claim_burst,claims,medium,2,73,19,1
2334,pending_purchases,commerce,critical,4,372,28,1
2335,inactive_spike,account,medium,2,327,10,0
2336,unverified_provider,account,medium,2,386,11,0
2337,lead_spike,commerce,high,3,334,9,1
2338,other,commerce,critical,4,88,27,1
2339,rejected_claims_volume,claims,high,3,842,16,1
2340,stale_pending_policies,claims,medium,2,306,15,1
2341,pending_purchases,commerce,high,3,99,12,1
2342,duplicate_email,claims,critical,4,460,23,1
2343,inactive_spike,catalog,low,1,141,17,1
2344,stale_pending_policies,catalog,low,1,856,4,0
2345,inactive_spike,account,low,1,179,10,0
2346,rejected_claims_volume,claims,critical,4,527,21,1
2347,rejected_claims_volume,claims,low,1,166,23,1
2348,unverified_provider,catalog,high,3,304,27,1
2349,other,account,critical,4,36,25,1
2350,rejected_claims_volume,claims,high,3,244,29,1
2351,rejected_claims_volume,account,high,3,842,16,1
2352,claim_burst,account,high,3,771,20,0
2353,pending_purchases,commerce,high,3,345,8,1
2354,pending_purchases,claims,high,3,630,22,1
2355,duplicate_email,account,medium,2,180,13,1
2356,inactive_spike,claims,medium,2,595,9,0
2357,unverified_provider,claims,critical,4,162,9,1
2358,inactive_spike,commerce,medium,2,21,11,0
2359,duplicate_email,claims,medium,2,74,18,1
2360,claim_burst,claims,critical,4,878,23,1
2361,rejected_claims_volume,claims,low,1,49,29,1
2362,reject_rate,catalog,high,3,718,9,1
2363,reject_rate,claims,low,1,756,16,1
2364,reject_rate,catalog,critical,4,737,25,0
2365,rejected_claims_volume,claims,critical,4,805,22,1
2366,claim_burst,account,high,3,2,15,1
2367,stale_pending_policies,catalog,low,1,652,18,1
2368,duplicate_email,commerce,medium,2,286,17,1
2369,lead_spike,commerce,high,3,130,26,1
2370,other,claims,low,1,453,12,1
2371,claim_burst,claims,low,1,708,18,1
2372,stale_pending_policies,catalog,critical,4,677,22,1
2373,reject_rate,commerce,critical,4,9,13,1
2374,reject_rate,account,critical,4,103,10,1
2375,reject_rate,account,medium,2,890,13,1
2376,pending_purchases,claims,critical,4,586,15,1
2377,claim_burst,catalog,high,3,832,20,1
2378,unverified_provider,account,high,3,401,16,1
2379,reject_rate,claims,critical,4,312,19,1
2380,reject_rate,catalog,low,1,866,16,1
2381,inactive_spike,account,medium,2,9,11,0
2382,other,commerce,high,3,824,20,1
2383,stale_pending_policies,account,low,1,340,15,1
2384,inactive_spike,account,medium,2,618,5,0
2385,stale_pending_policies,catalog,medium,2,299,4,0
2386,stale_pending_policies,claims,critical,4,589,30,1
2387,claim_burst,commerce,high,3,470,27,1
2388,other,account,critical,4,546,13,0
2389,duplicate_email,commerce,critical,4,541,27,1
2390,duplicate_email,account,medium,2,328,8,1
2391,stale_pending_policies,catalog,low,1,891,14,1
2392,rejected_claims_volume,catalog,high,3,221,14,0
2393,claim_burst,account,critical,4,829,29,1
2394,claim_burst,claims,medium,2,383,10,1
2395,reject_rate,commerce,high,3,35,11,1
2396,stale_pending_policies,catalog,medium,2,657,9,0
2397,pending_purchases,claims,high,3,485,9,1
2398,inactive_spike,account,high,3,94,24,1
2399,reject_rate,account,critical,4,49,14,1
2400,stale_pending_policies,catalog,low,1,317,17,1
2401,inactive_spike,account,high,3,111,17,1
2402,stale_pending_policies,catalog,high,3,334,18,1
2403,other,claims,high,3,336,8,1
2404,unverified_provider,account,high,3,50,30,1
2405,lead_spike,catalog,medium,2,243,20,1
2406,rejected_claims_volume,account,high,3,44,27,1
2407,pending_purchases,catalog,high,3,27,10,1
2408,pending_purchases,claims,critical,4,629,18,1
2409,claim_burst,commerce,high,3,874,22,1
2410,pending_purchases,commerce,high,3,503,23,1
2411,rejected_claims_volume,commerce,medium,2,48,13,1
2412,rejected_claims_volume,account,low,1,436,24,1
2413,duplicate_email,catalog,critical,4,764,13,1
2414,inactive_spike,catalog,high,3,841,15,1
2415,stale_pending_policies,commerce,critical,4,569,30,1
2416,inactive_spike,catalog,high,3,668,9,1
2417,unverified_provider,commerce,medium,2,342,9,1
2418,claim_burst,claims,low,1,190,26,1
2419,unverified_provider,catalog,high,3,225,22,0
2420,reject_rate,claims,high,3,194,24,1
2421,pending_purchases,commerce,critical,4,826,17,1
2422,lead_spike,account,medium,2,178,10,0
2423,reject_rate,catalog,high,3,632,30,1
2424,claim_burst,commerce,low,1,442,16,1
2425,stale_pending_policies,catalog,critical,4,749,30,1
2426,inactive_spike,account,medium,2,794,9,0
2427,stale_pending_policies,catalog,medium,2,34,13,1
2428,inactive_spike,claims,low,1,377,16,1
2429,stale_pending_policies,commerce,low,1,54,4,1
2430,duplicate_email,catalog,high,3,793,30,1
2431,lead_spike,catalog,critical,4,697,14,1
2432,inactive_spike,catalog,medium,2,513,7,0
2433,duplicate_email,account,high,3,134,8,1
2434,pending_purchases,claims,low,1,471,17,1
2435,rejected_claims_volume,claims,critical,4,379,18,1
2436,rejected_claims_volume,claims,critical,4,425,9,1
2437,stale_pending_policies,commerce,critical,4,19,26,1
2438,unverified_provider,claims,high,3,161,29,1
2439,duplicate_email,account,medium,2,655,29,1
2440,pending_purchases,claims,critical,4,664,29,1
2441,pending_purchases,commerce,high,3,824,30,1
2442,claim_burst,claims,high,3,145,27,1
2443,duplicate_email,account,critical,4,438,21,1
2444,pending_purchases,commerce,critical,4,251,25,1
2445,rejected_claims_volume,commerce,critical,4,776,26,1
2446,inactive_spike,claims,high,3,93,30,1
2447,pending_purchases,commerce,high,3,526,9,1
2448,other,catalog,high,3,182,20,1
2449,claim_burst,commerce,critical,4,405,23,1
2450,inactive_spike,account,critical,4,371,29,1
2451,reject_rate,catalog,critical,4,84,29,1
2452,other,commerce,low,1,873,3,0
2453,pending_purchases,catalog,high,3,608,16,0
2454,lead_spike,catalog,critical,4,740,28,1
2455,claim_burst,account,critical,4,50,9,0
2456,pending_purchases,account,high,3,625,14,0
2457,lead_spike,commerce,critical,4,288,29,0
2458,rejected_claims_volume,claims,high,3,236,20,1
2459,reject_rate,account,low,1,290,8,0
2460,stale_pending_policies,catalog,medium,2,761,9,0
2461,inactive_spike,account,high,3,305,29,1
2462,pending_purchases,account,medium,2,141,9,0
2463,pending_purchases,commerce,critical,4,139,25,1
2464,unverified_provider,commerce,high,3,18,24,0
2465,claim_burst,account,medium,2,136,21,1
2466,unverified_provider,account,critical,4,5,27,1
2467,inactive_spike,catalog,critical,4,690,17,1
2468,inactive_spike,catalog,high,3,89,14,1
2469,reject_rate,catalog,medium,2,868,5,0
2470,pending_purchases,commerce,medium,2,313,16,1
2471,other,account,critical,4,176,21,1
2472,other,commerce,critical,4,323,14,0
2473,rejected_claims_volume,claims,high,3,492,18,1
2474,rejected_claims_volume,catalog,low,1,159,19,1
2475,inactive_spike,catalog,critical,4,620,8,0
2476,pending_purchases,account,low,1,47,21,1
2477,claim_burst,claims,low,1,719,19,1
2478,claim_burst,claims,critical,4,844,20,1
2479,unverified_provider,account,high,3,870,18,1
2480,duplicate_email,claims,high,3,24,12,1
2481,duplicate_email,claims,medium,2,213,24,1
2482,reject_rate,account,medium,2,745,8,0
2483,unverified_provider,account,medium,2,36,2,0
2484,rejected_claims_volume,claims,high,3,219,11,1
2485,reject_rate,catalog,critical,4,687,30,1
2486,claim_burst,account,critical,4,768,13,1
2487,pending_purchases,commerce,critical,4,25,22,1
2488,reject_rate,account,medium,2,257,15,1
2489,rejected_claims_volume,account,critical,4,846,15,1
2490,pending_purchases,catalog,critical,4,880,24,1
2491,unverified_provider,catalog,critical,4,552,27,1
2492,pending_purchases,catalog,high,3,791,30,1
2493,stale_pending_policies,claims,critical,4,42,22,1
2494,unverified_provider,claims,critical,4,103,24,1
2495,pending_purchases,claims,low,1,745,16,1
2496,unverified_provider,account,low,1,373,9,0
2497,claim_burst,claims,low,1,102,26,1
2498,duplicate_email,account,high,3,810,21,0
2499,pending_purchases,commerce,high,3,519,28,1
2500,reject_rate,catalog,high,3,3,8,1
2501,reject_rate,catalog,critical,4,37,27,1
2502,reject_rate,account,medium,2,6,4,0
2503,unverified_provider,claims,low,1,891,9,0
2504,lead_spike,claims,high,3,481,22,1
2505,reject_rate,catalog,critical,4,296,26,1
2506,pending_purchases,commerce,medium,2,12,12,1
2507,unverified_provider,account,critical,4,341,14,1
2508,pending_purchases,commerce,high,3,591,28,1
2509,reject_rate,commerce,medium,2,192,17,1
2510,claim_burst,account,critical,4,14,16,1
2511,stale_pending_policies,account,medium,2,335,11,0
2512,pending_purchases,commerce,high,3,435,18,1
2513,reject_rate,catalog,critical,4,99,17,1
2514,claim_burst,catalog,medium,2,830,29,1
2515,inactive_spike,account,medium,2,22,6,1
2516,rejected_claims_volume,commerce,critical,4,6,30,1
2517,inactive_spike,catalog,medium,2,710,12,1
2518,claim_burst,claims,critical,4,629,17,1
2519,unverified_provider,claims,high,3,416,23,0
2520,lead_spike,claims,critical,4,17,16,1
2521,unverified_provider,account,low,1,529,12,1
2522,rejected_claims_volume,account,medium,2,474,8,0
2523,stale_pending_policies,catalog,critical,4,576,18,1
2524,pending_purchases,account,high,3,506,16,1
2525,unverified_provider,claims,critical,4,429,14,1
2526,pending_purchases,commerce,high,3,592,15,1
2527,claim_burst,claims,medium,2,90,21,1
2528,unverified_provider,catalog,low,1,890,7,0
2529,duplicate_email,account,high,3,15,14,1
2530,claim_burst,claims,medium,2,64,14,1
2531,duplicate_email,commerce,medium,2,261,22,1
2532,lead_spike,catalog,low,1,150,30,1
2533,lead_spike,commerce,medium,2,90,21,1
2534,claim_burst,commerce,medium,2,5,28,1
2535,claim_burst,claims,high,3,212,25,1
2536,duplicate_email,account,medium,2,826,13,1
2537,reject_rate,catalog,medium,2,124,11,0
2538,stale_pending_policies,catalog,high,3,741,12,1
2539,stale_pending_policies,catalog,medium,2,284,11,0
2540,pending_purchases,catalog,critical,4,613,15,1
2541,lead_spike,commerce,medium,2,44,27,1
2542,reject_rate,commerce,critical,4,3,16,1
2543,inactive_spike,account,high,3,602,16,1
2544,claim_burst,claims,high,3,319,11,1
2545,other,catalog,low,1,78,7,0
2546,claim_burst,claims,medium,2,73,29,1
2547,pending_purchases,claims,critical,4,412,8,1
2548,duplicate_email,account,critical,4,169,25,1
2549,claim_burst,commerce,medium,2,532,9,1
2550,reject_rate,account,high,3,70,8,1
2551,pending_purchases,commerce,critical,4,497,24,1
2552,unverified_provider,account,critical,4,118,30,1
2553,claim_burst,account,high,3,73,23,1
2554,unverified_provider,claims,critical,4,555,9,1
2555,unverified_provider,commerce,high,3,4,17,1
2556,claim_burst,claims,medium,2,686,18,1
2557,pending_purchases,commerce,medium,2,336,15,1
2558,other,account,medium,2,7,7,0
2559,inactive_spike,account,medium,2,367,11,0
2560,unverified_provider,commerce,high,3,673,20,1
2561,pending_purchases,catalog,critical,4,576,12,1
2562,lead_spike,commerce,critical,4,651,22,1
2563,unverified_provider,account,critical,4,797,21,1
2564,reject_rate,commerce,critical,4,605,10,1
2565,reject_rate,account,low,1,473,6,0
2566,pending_purchases,commerce,medium,2,19,12,1
2567,duplicate_email,account,critical,4,138,16,1
2568,other,commerce,low,1,507,7,0
2569,stale_pending_policies,catalog,critical,4,784,20,0
2570,other,commerce,low,1,29,10,0
2571,stale_pending_policies,claims,medium,2,495,9,0
2572,claim_burst,account,high,3,205,19,1
2573,inactive_spike,account,medium,2,651,15,1
2574,lead_spike,catalog,high,3,481,23,1
2575,duplicate_email,commerce,critical,4,631,29,1
2576,pending_purchases,commerce,medium,2,255,13,1
2577,pending_purchases,account,high,3,9,25,1
2578,pending_purchases,commerce,medium,2,466,29,1
2579,pending_purchases,commerce,medium,2,831,24,1
2580,inactive_spike,account,low,1,405,17,1
2581,unverified_provider,catalog,critical,4,565,12,1
2582,reject_rate,commerce,low,1,629,4,0
2583,pending_purchases,catalog,critical,4,315,26,1
2584,stale_pending_policies,catalog,high,3,412,26,1
2585,claim_burst,claims,critical,4,56,8,1
2586,stale_pending_policies,catalog,critical,4,40,26,1
2587,stale_pending_policies,catalog,low,1,886,7,0
2588,pending_purchases,catalog,high,3,191,28,1
2589,lead_spike,account,high,3,896,16,1
2590,lead_spike,claims,medium,2,784,14,1
2591,rejected_claims_volume,commerce,medium,2,93,15,1
2592,inactive_spike,catalog,critical,4,201,18,1
2593,lead_spike,commerce,critical,4,44,22,0
2594,unverified_provider,account,high,3,268,22,0
2595,reject_rate,catalog,low,1,738,18,1
2596,pending_purchases,account,low,1,71,10,0
2597,inactive_spike,catalog,high,3,105,14,1
2598,claim_burst,account,high,3,23,28,1
2599,rejected_claims_volume,account,high,3,7,30,1
2600,pending_purchases,commerce,critical,4,702,9,1
2601,stale_pending_policies,catalog,critical,4,191,11,1
2602,unverified_provider,account,medium,2,139,1,0
2603,rejected_claims_volume,claims,high,3,484,24,1
2604,duplicate_email,account,medium,2,56,20,0
2605,pending_purchases,commerce,medium,2,684,15,1
2606,stale_pending_policies,catalog,critical,4,824,8,1
2607,claim_burst,claims,high,3,268,16,1
2608,pending_purchases,claims,medium,2,241,28,1
2609,rejected_claims_volume,claims,critical,4,547,19,1
2610,other,account,critical,4,52,15,1
2611,duplicate_email,account,high,3,26,26,1
2612,other,account,high,3,33,15,1
2613,stale_pending_policies,claims,high,3,230,19,1
2614,claim_burst,commerce,low,1,310,18,1
2615,pending_purchases,commerce,critical,4,347,30,1
2616,lead_spike,commerce,critical,4,570,9,1
2617,duplicate_email,account,medium,2,125,27,1
2618,duplicate_email,account,high,3,2,13,1
2619,lead_spike,commerce,critical,4,131,18,1
2620,unverified_provider,account,high,3,398,19,1
2621,lead_spike,claims,high,3,268,18,1
2622,unverified_provider,commerce,medium,2,401,8,0
2623,claim_burst,claims,medium,2,752,24,1
2624,rejected_claims_volume,claims,critical,4,36,12,1
2625,rejected_claims_volume,claims,high,3,306,16,1
2626,stale_pending_policies,claims,critical,4,741,8,1
2627,duplicate_email,catalog,high,3,137,22,0
2628,claim_burst,catalog,critical,4,486,26,1
2629,unverified_provider,account,high,3,72,9,1
2630,pending_purchases,catalog,high,3,69,15,1
2631,other,claims,low,1,460,11,0
2632,inactive_spike,commerce,critical,4,814,13,1
2633,reject_rate,catalog,high,3,126,27,1
2634,claim_burst,claims,medium,2,87,26,1
2635,rejected_claims_volume,catalog,critical,4,589,18,1
2636,claim_burst,account,medium,2,45,19,1
2637,claim_burst,claims,critical,4,380,18,1
2638,rejected_claims_volume,claims,high,3,649,29,1
2639,reject_rate,account,critical,4,174,11,0
2640,stale_pending_policies,catalog,low,1,790,8,0
2641,rejected_claims_volume,claims,low,1,104,13,0
2642,lead_spike,commerce,critical,4,81,24,1
2643,pending_purchases,commerce,critical,4,619,26,1
2644,claim_burst,claims,high,3,12,15,1
2645,reject_rate,account,medium,2,25,8,0
2646,lead_spike,commerce,critical,4,121,23,1
2647,stale_pending_policies,claims,medium,2,426,12,1
2648,inactive_spike,commerce,medium,2,5,15,1
2649,pending_purchases,catalog,medium,2,419,17,1
2650,pending_purchases,commerce,high,3,32,19,1
2651,duplicate_email,account,high,3,623,21,1
2652,unverified_provider,account,medium,2,27,1,0
2653,lead_spike,commerce,critical,4,80,8,1
2654,pending_purchases,account,high,3,13,8,1
2655,other,claims,low,1,689,7,0
2656,claim_burst,catalog,low,1,863,15,1
2657,rejected_claims_volume,claims,low,1,560,28,1
2658,inactive_spike,claims,medium,2,742,12,1
2659,pending_purchases,commerce,low,1,426,18,1
2660,reject_rate,catalog,critical,4,237,12,1
2661,pending_purchases,commerce,critical,4,556,15,1
2662,reject_rate,claims,critical,4,65,24,1
2663,stale_pending_policies,claims,critical,4,447,28,1
2664,claim_burst,commerce,low,1,640,28,0
2665,inactive_spike,catalog,medium,2,400,15,0
2666,other,claims,low,1,398,11,0
2667,unverified_provider,account,medium,2,521,12,1
2668,unverified_provider,commerce,medium,2,155,7,0
2669,other,account,medium,2,20,3,0
2670,claim_burst,catalog,medium,2,145,9,0
2671,other,claims,medium,2,98,12,1
2672,claim_burst,claims,critical,4,46,19,1
2673,rejected_claims_volume,account,high,3,110,22,0
2674,stale_pending_policies,catalog,low,1,513,8,0
2675,other,commerce,high,3,238,15,1
2676,lead_spike,catalog,medium,2,558,13,1
2677,rejected_claims_volume,claims,high,3,418,21,1
2678,reject_rate,catalog,medium,2,122,6,0
2679,duplicate_email,claims,high,3,132,24,1
2680,pending_purchases,commerce,medium,2,396,28,1
2681,duplicate_email,commerce,high,3,490,17,1
2682,claim_burst,account,high,3,8,10,1
2683,reject_rate,catalog,medium,2,890,13,1
2684,unverified_provider,claims,critical,4,456,14,0
2685,rejected_claims_volume,account,medium,2,320,24,1
2686,stale_pending_policies,catalog,low,1,429,17,1
2687,reject_rate,account,low,1,19,18,1
2688,other,commerce,high,3,126,14,1
2689,pending_purchases,claims,low,1,157,22,1
2690,claim_burst,claims,critical,4,106,14,1
2691,reject_rate,account,high,3,29,27,1
2692,duplicate_email,catalog,medium,2,722,13,1
2693,claim_burst,claims,medium,2,693,29,1
2694,unverified_provider,account,critical,4,49,18,1
2695,other,commerce,medium,2,140,8,0
2696,pending_purchases,commerce,medium,2,76,15,1
2697,lead_spike,commerce,critical,4,810,19,1
2698,rejected_claims_volume,commerce,critical,4,16,13,1
2699,rejected_claims_volume,catalog,low,1,154,23,1
2700,rejected_claims_volume,catalog,critical,4,228,17,1
2701,claim_burst,claims,high,3,580,23,1
2702,inactive_spike,commerce,medium,2,83,10,0
2703,reject_rate,catalog,high,3,813,8,1
2704,rejected_claims_volume,commerce,high,3,535,29,1
2705,reject_rate,catalog,critical,4,548,22,1
2706,inactive_spike,commerce,high,3,228,30,1
2707,lead_spike,account,critical,4,249,27,1
2708,stale_pending_policies,catalog,high,3,675,18,1
2709,reject_rate,catalog,high,3,522,27,1
2710,inactive_spike,account,critical,4,658,26,1
2711,stale_pending_policies,account,critical,4,187,20,1
2712,pending_purchases,commerce,high,3,81,28,1
2713,unverified_provider,commerce,low,1,881,1,0
2714,inactive_spike,commerce,low,1,83,4,0
2715,rejected_claims_volume,commerce,high,3,493,22,1
2716,duplicate_email,commerce,high,3,95,27,1
2717,claim_burst,catalog,high,3,125,19,1
2718,lead_spike,commerce,critical,4,98,16,1
2719,pending_purchases,commerce,critical,4,900,25,1
2720,stale_pending_policies,commerce,critical,4,64,9,1
2721,claim_burst,claims,critical,4,709,12,1
2722,stale_pending_policies,claims,high,3,560,26,1
2723,unverified_provider,catalog,critical,4,456,17,1
2724,reject_rate,catalog,critical,4,551,15,1
2725,duplicate_email,catalog,high,3,218,22,1
2726,inactive_spike,account,high,3,44,23,1
2727,pending_purchases,account,medium,2,22,30,1
2728,stale_pending_policies,account,low,1,22,7,0
2729,reject_rate,commerce,critical,4,448,16,1
2730,unverified_provider,commerce,low,1,633,8,0
2731,pending_purchases,catalog,high,3,719,10,1
2732,claim_burst,account,medium,2,121,10,1
2733,lead_spike,commerce,high,3,480,10,1
2734,duplicate_email,account,critical,4,301,27,0
2735,unverified_provider,account,critical,4,137,15,1
2736,pending_purchases,commerce,high,3,76,26,1
2737,lead_spike,catalog,medium,2,651,24,1
2738,stale_pending_policies,catalog,high,3,434,22,1
2739,stale_pending_policies,catalog,low,1,726,4,0
2740,unverified_provider,commerce,critical,4,753,10,1
2741,unverified_provider,account,medium,2,516,1,1
2742,lead_spike,account,high,3,215,24,1
2743,unverified_provider,account,high,3,457,18,0
2744,lead_spike,commerce,critical,4,114,30,1
2745,inactive_spike,account,medium,2,159,5,1
2746,claim_burst,claims,critical,4,246,25,1
2747,stale_pending_policies,catalog,medium,2,548,6,0
2748,inactive_spike,claims,critical,4,180,9,1
2749,unverified_provider,account,critical,4,757,16,1
2750,stale_pending_policies,commerce,medium,2,75,11,0
2751,other,commerce,high,3,422,28,1
2752,pending_purchases,commerce,critical,4,340,29,1
2753,inactive_spike,commerce,critical,4,869,18,1
2754,pending_purchases,claims,medium,2,728,27,1
2755,rejected_claims_volume,account,critical,4,55,15,1
2756,inactive_spike,account,low,1,16,14,1
2757,lead_spike,catalog,medium,2,728,25,1
2758,reject_rate,catalog,high,3,451,9,1
2759,claim_burst,catalog,high,3,669,15,1
2760,stale_pending_policies,account,high,3,88,18,1
2761,stale_pending_policies,claims,critical,4,86,25,1
2762,unverified_provider,claims,high,3,366,16,1
2763,unverified_provider,claims,critical,4,827,9,1
2764,lead_spike,catalog,high,3,638,17,1
2765,claim_burst,claims,medium,2,679,23,1
2766,reject_rate,catalog,low,1,289,15,1
2767,duplicate_email,catalog,low,1,114,11,1
2768,claim_burst,claims,medium,2,224,28,1
2769,claim_burst,claims,critical,4,390,25,1
2770,stale_pending_policies,catalog,medium,2,562,14,1
2771,pending_purchases,account,medium,2,147,13,1
2772,inactive_spike,claims,medium,2,593,6,1
2773,reject_rate,account,high,3,844,30,1
2774,reject_rate,claims,high,3,584,30,1
2775,rejected_claims_volume,claims,critical,4,48,17,1
2776,reject_rate,catalog,high,3,235,29,1
2777,claim_burst,claims,high,3,574,29,1
2778,pending_purchases,commerce,critical,4,507,25,1
2779,pending_purchases,catalog,medium,2,65,26,0
2780,stale_pending_policies,claims,low,1,523,5,0
2781,inactive_spike,account,medium,2,792,13,1
2782,duplicate_email,commerce,high,3,217,21,0
2783,pending_purchases,commerce,critical,4,103,29,1
2784,stale_pending_policies,account,medium,2,684,8,0
2785,lead_spike,commerce,high,3,684,21,1
2786,duplicate_email,claims,high,3,533,25,1
2787,lead_spike,commerce,critical,4,645,27,1
2788,stale_pending_policies,catalog,high,3,861,8,1
2789,reject_rate,catalog,low,1,813,5,0
2790,inactive_spike,commerce,critical,4,71,29,1
2791,claim_burst,commerce,medium,2,638,14,0
2792,duplicate_email,account,low,1,767,19,1
2793,other,catalog,low,1,46,2,0
2794,rejected_claims_volume,account,high,3,680,26,1
2795,rejected_claims_volume,claims,critical,4,444,28,1
2796,duplicate_email,commerce,high,3,839,15,1
2797,rejected_claims_volume,catalog,high,3,441,9,1
2798,stale_pending_policies,catalog,critical,4,271,26,1
2799,lead_spike,catalog,high,3,864,14,1
2800,reject_rate,catalog,high,3,654,13,1
2801,rejected_claims_volume,claims,critical,4,619,28,1
2802,pending_purchases,claims,low,1,800,12,1
2803,lead_spike,account,critical,4,877,15,1
2804,rejected_claims_volume,claims,high,3,108,28,1
2805,claim_burst,commerce,critical,4,854,23,0
2806,reject_rate,catalog,medium,2,113,10,0
2807,stale_pending_policies,commerce,low,1,518,7,1
2808,claim_burst,commerce,critical,4,103,9,1
2809,other,catalog,high,3,122,12,1
2810,duplicate_email,catalog,medium,2,252,12,1
2811,unverified_provider,account,critical,4,587,18,1
2812,inactive_spike,account,critical,4,5,22,1
2813,unverified_provider,account,high,3,318,20,1
2814,inactive_spike,account,critical,4,74,30,1
2815,stale_pending_policies,commerce,low,1,277,17,1
2816,lead_spike,commerce,high,3,842,12,1
2817,lead_spike,commerce,high,3,235,18,1
2818,rejected_claims_volume,claims,low,1,777,17,1
2819,other,account,critical,4,59,29,0
2820,stale_pending_policies,claims,critical,4,120,12,1
2821,stale_pending_policies,catalog,critical,4,523,14,1
2822,rejected_claims_volume,catalog,low,1,827,10,0
2823,duplicate_email,account,medium,2,21,25,1
2824,duplicate_email,claims,high,3,398,21,1
2825,unverified_provider,claims,high,3,527,23,1
2826,duplicate_email,claims,low,1,484,28,1
2827,lead_spike,claims,medium,2,241,9,1
2828,claim_burst,claims,medium,2,858,30,1
2829,unverified_provider,account,low,1,472,12,1
2830,other,commerce,critical,4,18,27,1
2831,reject_rate,catalog,critical,4,422,27,1
2832,rejected_claims_volume,commerce,high,3,119,13,1
2833,duplicate_email,claims,critical,4,51,30,1
2834,stale_pending_policies,catalog,critical,4,888,18,1
2835,duplicate_email,commerce,high,3,643,30,1
2836,reject_rate,catalog,low,1,216,12,1
2837,stale_pending_policies,account,medium,2,501,9,0
2838,reject_rate,catalog,medium,2,521,10,0
2839,lead_spike,commerce,high,3,57,8,1
2840,inactive_spike,catalog,critical,4,318,29,1
2841,pending_purchases,commerce,high,3,249,11,1
2842,rejected_claims_volume,account,high,3,72,16,1
2843,duplicate_email,account,high,3,336,16,1
2844,inactive_spike,claims,low,1,328,12,1
2845,lead_spike,commerce,high,3,673,29,1
2846,lead_spike,claims,critical,4,858,12,1
2847,other,catalog,medium,2,783,4,0
2848,pending_purchases,catalog,high,3,214,12,1
2849,lead_spike,claims,high,3,106,14,1
2850,reject_rate,catalog,high,3,18,30,1
2851,inactive_spike,commerce,medium,2,38,17,1
2852,pending_purchases,account,critical,4,310,26,1
2853,stale_pending_policies,catalog,medium,2,421,10,0
2854,pending_purchases,commerce,high,3,899,29,1
2855,duplicate_email,catalog,high,3,158,18,1
2856,pending_purchases,commerce,critical,4,160,25,1
2857,reject_rate,commerce,medium,2,519,10,0
2858,stale_pending_policies,catalog,high,3,755,8,1
2859,claim_burst,account,high,3,6,8,1
2860,inactive_spike,account,high,3,16,17,1
2861,claim_burst,claims,high,3,222,9,1
2862,reject_rate,account,low,1,37,14,1
2863,inactive_spike,claims,high,3,283,28,1
2864,unverified_provider,commerce,low,1,682,1,0
2865,inactive_spike,commerce,critical,4,265,26,1
2866,inactive_spike,account,low,1,145,11,0
2867,inactive_spike,catalog,medium,2,648,4,0
2868,unverified_provider,account,high,3,112,21,1
2869,other,commerce,medium,2,57,9,0
2870,other,account,critical,4,710,18,1
2871,stale_pending_policies,account,critical,4,81,28,1
2872,other,claims,medium,2,25,8,0
2873,pending_purchases,commerce,high,3,166,21,1
2874,pending_purchases,catalog,medium,2,427,24,1
2875,reject_rate,claims,critical,4,238,18,0
2876,claim_burst,commerce,high,3,114,22,1
2877,lead_spike,account,high,3,57,15,1
2878,inactive_spike,account,critical,4,377,19,1
2879,inactive_spike,claims,high,3,414,17,1
2880,pending_purchases,account,high,3,356,26,1
2881,reject_rate,catalog,low,1,71,18,1
2882,unverified_provider,claims,critical,4,199,17,1
2883,inactive_spike,commerce,medium,2,5,18,1
2884,pending_purchases,catalog,high,3,748,30,1
2885,rejected_claims_volume,claims,high,3,200,17,1
2886,inactive_spike,commerce,critical,4,411,28,1
2887,stale_pending_policies,claims,medium,2,351,13,1
2888,lead_spike,commerce,high,3,781,10,1
2889,duplicate_email,account,high,3,646,26,1
2890,unverified_provider,commerce,low,1,86,6,1
2891,rejected_claims_volume,claims,high,3,627,9,1
2892,lead_spike,account,high,3,115,15,1
2893,claim_burst,catalog,high,3,690,23,1
2894,duplicate_email,account,critical,4,25,13,1
2895,reject_rate,catalog,critical,4,500,9,1
2896,lead_spike,claims,high,3,767,14,1
2897,other,claims,critical,4,840,25,1
2898,claim_burst,account,medium,2,27,15,1
2899,stale_pending_policies,catalog,medium,2,285,9,0
2900,reject_rate,commerce,low,1,36,15,1
2901,duplicate_email,commerce,critical,4,21,25,1
2902,lead_spike,commerce,low,1,40,15,1
2903,duplicate_email,account,medium,2,657,29,1
2904,reject_rate,commerce,critical,4,211,16,1
2905,duplicate_email,claims,high,3,831,13,1
2906,lead_spike,commerce,medium,2,558,19,1
2907,inactive_spike,account,low,1,754,6,1
2908,reject_rate,commerce,critical,4,596,14,1
2909,unverified_provider,claims,critical,4,722,18,1
2910,unverified_provider,catalog,critical,4,189,9,1
2911,lead_spike,commerce,high,3,560,9,1
2912,lead_spike,commerce,critical,4,74,15,1
2913,lead_spike,catalog,low,1,475,22,1
2914,claim_burst,claims,medium,2,568,25,1
2915,pending_purchases,commerce,medium,2,553,10,1
2916,pending_purchases,commerce,medium,2,602,25,1
2917,unverified_provider,claims,low,1,767,5,0
2918,claim_burst,account,medium,2,298,21,1
2919,other,commerce,low,1,343,4,0
2920,rejected_claims_volume,account,low,1,148,11,0
2921,reject_rate,catalog,high,3,239,22,1
2922,duplicate_email,claims,high,3,6,8,0
2923,other,commerce,low,1,245,8,0
2924,rejected_claims_volume,account,critical,4,587,30,1
2925,rejected_claims_volume,commerce,medium,2,26,19,1
2926,duplicate_email,account,high,3,5,17,1
2927,lead_spike,commerce,medium,2,525,30,1
2928,stale_pending_policies,catalog,low,1,715,16,1
2929,reject_rate,account,medium,2,22,17,1
2930,unverified_provider,claims,medium,2,88,12,1
2931,stale_pending_policies,account,critical,4,28,23,1
2932,rejected_claims_volume,commerce,critical,4,820,30,1
2933,claim_burst,commerce,high,3,664,16,0
2934,unverified_provider,account,medium,2,710,5,0
2935,pending_purchases,commerce,critical,4,878,27,1
2936,duplicate_email,catalog,high,3,397,21,1
2937,rejected_claims_volume,commerce,high,3,12,9,1
2938,pending_purchases,commerce,medium,2,214,12,1
2939,other,claims,high,3,181,8,1
2940,pending_purchases,catalog,low,1,817,29,1
2941,other,commerce,critical,4,289,18,1
2942,other,catalog,critical,4,375,29,0
2943,reject_rate,catalog,high,3,570,10,1
2944,claim_burst,commerce,high,3,311,28,1
2945,stale_pending_policies,catalog,low,1,863,7,0
2946,unverified_provider,account,low,1,699,3,0
2947,reject_rate,commerce,high,3,15,18,1
2948,claim_burst,catalog,low,1,756,24,1
2949,other,claims,low,1,35,4,0
2950,reject_rate,catalog,critical,4,651,29,1
2951,lead_spike,commerce,medium,2,40,28,1
2952,pending_purchases,commerce,critical,4,776,24,1
2953,stale_pending_policies,catalog,critical,4,240,19,1
2954,rejected_claims_volume,catalog,high,3,385,20,1
2955,unverified_provider,commerce,high,3,43,17,1
2956,reject_rate,catalog,medium,2,540,9,0
2957,pending_purchases,commerce,medium,2,815,29,1
2958,stale_pending_policies,account,critical,4,25,17,1
2959,claim_burst,claims,medium,2,35,20,1
2960,lead_spike,commerce,medium,2,709,16,1
2961,rejected_claims_volume,commerce,medium,2,742,13,0
2962,lead_spike,commerce,high,3,149,23,1
2963,inactive_spike,claims,critical,4,188,14,1
2964,lead_spike,commerce,high,3,791,25,1
2965,claim_burst,catalog,low,1,91,9,1
2966,pending_purchases,commerce,critical,4,873,26,1
2967,unverified_provider,account,critical,4,748,15,1
2968,pending_purchases,commerce,high,3,244,28,1
2969,rejected_claims_volume,commerce,high,3,318,14,1
2970,other,commerce,critical,4,501,28,1
2971,stale_pending_policies,account,medium,2,427,18,1
2972,lead_spike,commerce,high,3,514,26,1
2973,other,commerce,critical,4,68,10,1
2974,lead_spike,commerce,high,3,82,29,1
2975,stale_pending_policies,account,medium,2,51,12,1
2976,claim_burst,commerce,low,1,48,29,1
2977,pending_purchases,commerce,high,3,146,24,1
2978,rejected_claims_volume,claims,critical,4,166,9,1
2979,duplicate_email,commerce,high,3,54,25,1
2980,rejected_claims_volume,account,medium,2,777,16,1
2981,claim_burst,commerce,high,3,22,17,1
2982,stale_pending_policies,claims,low,1,522,9,0
2983,lead_spike,catalog,low,1,564,19,1
2984,duplicate_email,claims,medium,2,225,24,1
2985,reject_rate,account,high,3,157,20,1
2986,inactive_spike,account,critical,4,39,30,1
2987,unverified_provider,account,medium,2,31,3,0
2988,pending_purchases,account,high,3,70,13,1
2989,claim_burst,claims,critical,4,81,11,1
2990,pending_purchases,commerce,high,3,99,28,1
2991,rejected_claims_volume,claims,critical,4,419,29,1
2992,duplicate_email,account,high,3,662,19,1
2993,stale_pending_policies,catalog,low,1,50,12,1
2994,unverified_provider,catalog,low,1,559,8,0
2995,reject_rate,catalog,low,1,670,6,0
2996,reject_rate,commerce,low,1,477,16,1
2997,claim_burst,claims,high,3,245,15,0
2998,stale_pending_policies,account,critical,4,3,8,1
2999,rejected_claims_volume,claims,high,3,426,11,1
3000,inactive_spike,claims,critical,4,462,23,1
3001,unverified_provider,account,high,3,16,8,1
3002,pending_purchases,commerce,high,3,36,21,1
3003,stale_pending_policies,catalog,high,3,26,29,1
3004,stale_pending_policies,account,low,1,470,14,0
3005,duplicate_email,commerce,medium,2,4,15,1
3006,duplicate_email,account,critical,4,85,25,1
3007,claim_burst,claims,high,3,588,24,1
3008,claim_burst,account,medium,2,19,8,1
3009,lead_spike,commerce,critical,4,461,24,1
3010,pending_purchases,catalog,critical,4,603,8,1
3011,other,account,critical,4,5,8,1
3012,rejected_claims_volume,catalog,low,1,856,14,1
3013,claim_burst,claims,high,3,444,22,1
3014,unverified_provider,account,low,1,762,2,0
3015,claim_burst,claims,medium,2,200,14,1
3016,lead_spike,commerce,high,3,797,29,1
3017,other,claims,medium,2,565,7,0
3018,claim_burst,claims,low,1,72,28,1
3019,lead_spike,commerce,medium,2,118,15,1
3020,lead_spike,claims,critical,4,299,14,1
3021,unverified_provider,account,critical,4,217,27,1
3022,rejected_claims_volume,claims,high,3,432,21,1
3023,reject_rate,claims,low,1,218,9,0
3024,rejected_claims_volume,catalog,medium,2,493,16,1
3025,pending_purchases,commerce,high,3,62,15,1
3026,stale_pending_policies,account,medium,2,90,8,0
3027,rejected_claims_volume,claims,medium,2,666,17,1
3028,other,account,critical,4,14,10,1
3029,other,claims,critical,4,639,25,1
3030,other,commerce,critical,4,443,15,1
3031,pending_purchases,commerce,critical,4,476,13,1
3032,other,commerce,high,3,377,17,1
3033,stale_pending_policies,catalog,high,3,849,14,1
3034,unverified_provider,account,high,3,1,22,1
3035,unverified_provider,commerce,critical,4,3,21,1
3036,stale_pending_policies,commerce,high,3,54,11,1
3037,claim_burst,claims,medium,2,173,19,1
3038,pending_purchases,claims,critical,4,709,8,1
3039,duplicate_email,catalog,low,1,557,20,1
3040,claim_burst,commerce,medium,2,57,28,1
3041,duplicate_email,account,high,3,460,14,1
3042,claim_burst,claims,critical,4,498,11,1
3043,reject_rate,catalog,critical,4,174,25,1
3044,reject_rate,commerce,medium,2,27,16,1
3045,duplicate_email,account,high,3,438,28,1
3046,pending_purchases,account,medium,2,890,8,0
3047,rejected_claims_volume,claims,high,3,400,29,1
3048,pending_purchases,commerce,medium,2,357,16,1
3049,inactive_spike,claims,critical,4,751,16,1
3050,claim_burst,claims,high,3,752,15,1
3051,rejected_claims_volume,account,critical,4,44,23,1
3052,pending_purchases,account,high,3,411,22,1
3053,stale_pending_policies,commerce,critical,4,446,19,1
3054,other,catalog,critical,4,449,11,1
3055,lead_spike,account,low,1,283,22,1
3056,rejected_claims_volume,catalog,low,1,724,14,1
3057,unverified_provider,account,low,1,456,10,0
3058,duplicate_email,commerce,medium,2,849,25,1
3059,pending_purchases,commerce,medium,2,828,22,1
3060,pending_purchases,commerce,high,3,315,13,0
3061,stale_pending_policies,catalog,high,3,409,10,1
3062,pending_purchases,commerce,high,3,24,15,1
3063,unverified_provider,account,critical,4,817,27,1
3064,inactive_spike,claims,high,3,598,21,1
3065,duplicate_email,commerce,high,3,197,22,1
3066,reject_rate,catalog,high,3,641,22,1
3067,inactive_spike,commerce,medium,2,8,9,0
3068,claim_burst,commerce,high,3,66,19,1
3069,unverified_provider,account,high,3,14,17,1
3070,stale_pending_policies,catalog,high,3,515,17,1
3071,inactive_spike,account,medium,2,27,14,1
3072,reject_rate,account,high,3,82,8,1
3073,reject_rate,commerce,low,1,58,7,0
3074,inactive_spike,account,low,1,16,15,1
3075,claim_burst,commerce,critical,4,240,22,1
3076,pending_purchases,commerce,medium,2,34,30,1
3077,other,commerce,medium,2,605,4,0
3078,other,commerce,high,3,81,15,1
3079,stale_pending_policies,catalog,critical,4,453,19,0
3080,inactive_spike,commerce,medium,2,90,10,0
3081,claim_burst,commerce,critical,4,552,9,1
3082,inactive_spike,claims,low,1,249,5,0
3083,rejected_claims_volume,claims,critical,4,858,16,1
3084,pending_purchases,commerce,medium,2,718,16,1
3085,stale_pending_policies,catalog,critical,4,203,23,1
3086,inactive_spike,catalog,high,3,855,17,1
3087,reject_rate,catalog,low,1,313,13,1
3088,claim_burst,account,critical,4,132,8,1
3089,lead_spike,commerce,high,3,29,10,1
3090,duplicate_email,claims,medium,2,511,20,1
3091,unverified_provider,claims,medium,2,433,4,0
3092,other,claims,medium,2,258,11,1
3093,claim_burst,commerce,low,1,788,8,1
3094,pending_purchases,account,low,1,185,30,1
3095,rejected_claims_volume,claims,critical,4,79,14,1
3096,unverified_provider,claims,medium,2,293,11,0
3097,claim_burst,commerce,critical,4,162,23,1
3098,reject_rate,catalog,high,3,41,20,1
3099,lead_spike,commerce,high,3,600,16,1
3100,pending_purchases,catalog,high,3,612,12,1
3101,lead_spike,commerce,high,3,436,20,1
3102,inactive_spike,claims,medium,2,558,10,0
3103,lead_spike,claims,high,3,819,28,1
3104,unverified_provider,claims,medium,2,660,1,0
3105,pending_purchases,account,critical,4,506,27,1
3106,reject_rate,commerce,high,3,490,16,1
3107,stale_pending_policies,catalog,high,3,827,9,1
3108,duplicate_email,catalog,critical,4,633,9,1
3109,stale_pending_policies,commerce,medium,2,329,12,0
3110,stale_pending_policies,claims,low,1,568,14,1
3111,other,account,medium,2,43,6,0
3112,inactive_spike,catalog,high,3,686,17,0
3113,stale_pending_policies,catalog,high,3,308,23,0
3114,rejected_claims_volume,catalog,critical,4,642,11,1
3115,unverified_provider,commerce,low,1,62,5,0
3116,inactive_spike,claims,medium,2,697,16,1
3117,other,catalog,low,1,630,10,0
3118,rejected_claims_volume,claims,critical,4,712,15,1
3119,inactive_spike,claims,medium,2,589,9,0
3120,stale_pending_policies,commerce,low,1,252,11,0
3121,lead_spike,commerce,high,3,140,26,1
3122,claim_burst,claims,critical,4,325,17,1
3123,reject_rate,claims,medium,2,714,15,1
3124,stale_pending_policies,catalog,medium,2,543,7,0
3125,claim_burst,catalog,high,3,224,11,1
3126,stale_pending_policies,account,high,3,814,17,1
3127,rejected_claims_volume,commerce,critical,4,65,15,1
3128,duplicate_email,commerce,medium,2,237,18,1
3129,claim_burst,claims,low,1,491,19,1
3130,stale_pending_policies,account,critical,4,449,25,1
3131,stale_pending_policies,catalog,high,3,628,13,1
3132,lead_spike,commerce,high,3,682,9,1
3133,inactive_spike,account,low,1,130,15,1
3134,other,claims,medium,2,196,6,0
3135,unverified_provider,account,medium,2,91,12,1
3136,pending_purchases,catalog,high,3,203,21,1
3137,unverified_provider,account,high,3,84,26,1
3138,lead_spike,catalog,critical,4,495,19,1
3139,unverified_provider,catalog,critical,4,762,13,1
3140,unverified_provider,account,medium,2,848,8,0
3141,pending_purchases,commerce,high,3,89,15,1
3142,claim_burst,catalog,high,3,468,11,1
3143,lead_spike,commerce,high,3,446,25,1
3144,lead_spike,account,medium,2,75,23,1
3145,lead_spike,catalog,high,3,899,19,1
3146,rejected_claims_volume,claims,medium,2,251,27,1
3147,pending_purchases,catalog,high,3,505,28,1
3148,duplicate_email,catalog,low,1,526,21,1
3149,claim_burst,catalog,high,3,582,24,1
3150,rejected_claims_volume,claims,critical,4,474,8,1
3151,inactive_spike,account,high,3,5,18,1
3152,unverified_provider,account,medium,2,748,11,0
3153,rejected_claims_volume,account,high,3,793,10,1
3154,inactive_spike,claims,low,1,717,16,1
3155,lead_spike,commerce,medium,2,414,16,1
3156,pending_purchases,claims,medium,2,548,8,0
3157,reject_rate,account,critical,4,119,9,1
3158,inactive_spike,account,medium,2,487,4,0
3159,duplicate_email,account,high,3,838,8,1
3160,rejected_claims_volume,account,low,1,269,17,1
3161,rejected_claims_volume,commerce,medium,2,849,13,1
3162,other,commerce,medium,2,867,9,0
3163,pending_purchases,claims,critical,4,551,8,1
3164,unverified_provider,account,critical,4,658,11,1
3165,other,catalog,critical,4,887,28,0
3166,unverified_provider,account,low,1,24,1,0
3167,claim_burst,catalog,high,3,387,25,1
3168,reject_rate,account,critical,4,268,29,1
3169,unverified_provider,catalog,high,3,33,19,1
3170,claim_burst,claims,medium,2,343,13,1
3171,inactive_spike,claims,critical,4,141,26,0
3172,claim_burst,commerce,high,3,437,29,1
3173,claim_burst,claims,high,3,607,27,1
3174,inactive_spike,catalog,high,3,641,10,1
3175,claim_burst,claims,high,3,336,9,1
3176,unverified_provider,account,low,1,81,9,0
3177,duplicate_email,account,low,1,291,21,1
3178,pending_purchases,commerce,high,3,19,8,1
3179,reject_rate,account,low,1,119,17,1
3180,inactive_spike,claims,medium,2,841,9,0
3181,rejected_claims_volume,catalog,medium,2,376,21,1
3182,lead_spike,commerce,low,1,144,30,1
3183,stale_pending_policies,catalog,high,3,410,15,1
3184,rejected_claims_volume,commerce,high,3,407,30,1
3185,stale_pending_policies,catalog,critical,4,147,24,1
3186,reject_rate,catalog,medium,2,59,13,1
3187,pending_purchases,catalog,medium,2,107,26,1
3188,pending_purchases,claims,high,3,186,21,0
3189,reject_rate,commerce,critical,4,85,16,1
3190,stale_pending_policies,catalog,critical,4,499,21,1
3191,pending_purchases,commerce,low,1,89,23,1
3192,reject_rate,catalog,low,1,705,5,0
3193,stale_pending_policies,claims,medium,2,549,8,0
3194,inactive_spike,catalog,critical,4,613,19,1
3195,lead_spike,claims,medium,2,585,8,1
3196,reject_rate,catalog,high,3,705,24,1
3197,stale_pending_policies,catalog,low,1,316,8,0
3198,pending_purchases,account,high,3,638,28,1
3199,reject_rate,claims,high,3,556,28,1
3200,unverified_provider,commerce,high,3,18,22,1
3201,reject_rate,catalog,medium,2,654,16,1
3202,claim_burst,account,high,3,96,21,1
3203,claim_burst,account,medium,2,672,25,1
3204,claim_burst,claims,high,3,395,8,0
3205,duplicate_email,account,high,3,579,10,1
3206,lead_spike,claims,high,3,97,22,1
3207,stale_pending_policies,catalog,critical,4,827,27,1
3208,duplicate_email,account,high,3,46,24,1
3209,lead_spike,claims,critical,4,694,22,1
3210,pending_purchases,account,medium,2,21,10,0
3211,reject_rate,claims,high,3,161,20,1
3212,duplicate_email,account,medium,2,96,26,0
3213,reject_rate,catalog,low,1,313,17,1
3214,stale_pending_policies,catalog,high,3,159,13,1
3215,duplicate_email,account,medium,2,728,11,1
3216,duplicate_email,account,high,3,266,19,1
3217,claim_burst,claims,high,3,546,21,1
3218,inactive_spike,account,high,3,589,17,1
3219,reject_rate,catalog,high,3,106,19,1
3220,pending_purchases,account,high,3,21,19,1
3221,pending_purchases,claims,critical,4,749,27,1
3222,rejected_claims_volume,commerce,critical,4,145,29,1
3223,rejected_claims_volume,catalog,high,3,70,16,1
3224,duplicate_email,claims,critical,4,687,27,1
3225,pending_purchases,commerce,high,3,124,22,1
3226,duplicate_email,claims,medium,2,716,11,1
3227,duplicate_email,commerce,high,3,10,23,1
3228,other,catalog,medium,2,35,8,0
3229,rejected_claims_volume,claims,medium,2,589,9,0
3230,inactive_spike,claims,high,3,612,11,1
3231,pending_purchases,account,high,3,36,22,1
3232,stale_pending_policies,catalog,high,3,750,14,1
3233,inactive_spike,claims,critical,4,403,14,1
3234,claim_burst,catalog,medium,2,139,25,1
3235,rejected_claims_volume,account,critical,4,159,16,1
3236,inactive_spike,account,critical,4,77,17,1
3237,reject_rate,catalog,low,1,132,15,1
3238,reject_rate,claims,medium,2,409,8,0
3239,stale_pending_policies,commerce,low,1,28,15,1
3240,rejected_claims_volume,account,medium,2,70,12,1
3241,claim_burst,account,high,3,579,20,1
3242,rejected_claims_volume,claims,high,3,626,24,0
3243,stale_pending_policies,commerce,critical,4,14,20,1
3244,claim_burst,catalog,high,3,690,24,1
3245,duplicate_email,account,high,3,762,21,1
3246,rejected_claims_volume,catalog,high,3,890,21,1
3247,lead_spike,commerce,medium,2,52,28,1
3248,reject_rate,catalog,critical,4,307,26,1
3249,stale_pending_policies,claims,critical,4,520,17,1
3250,unverified_provider,account,medium,2,236,6,0
3251,unverified_provider,account,critical,4,136,16,1
3252,inactive_spike,commerce,low,1,348,4,0
3253,claim_burst,account,medium,2,759,20,1
3254,claim_burst,commerce,medium,2,181,13,1
3255,pending_purchases,commerce,high,3,29,29,1
3256,other,claims,high,3,686,14,1
3257,reject_rate,catalog,critical,4,804,20,1
3258,duplicate_email,claims,critical,4,895,10,1
3259,unverified_provider,commerce,critical,4,708,10,1
3260,unverified_provider,account,medium,2,41,3,0
3261,reject_rate,commerce,low,1,486,10,0
3262,inactive_spike,claims,low,1,93,9,0
3263,stale_pending_policies,account,critical,4,209,17,1
3264,inactive_spike,catalog,critical,4,757,14,1
3265,pending_purchases,commerce,critical,4,821,12,1
3266,pending_purchases,commerce,low,1,769,26,1
3267,lead_spike,claims,critical,4,287,12,1
3268,reject_rate,catalog,critical,4,747,23,1
3269,reject_rate,account,high,3,879,26,1
3270,lead_spike,claims,medium,2,608,22,1
3271,reject_rate,catalog,high,3,139,12,1
3272,duplicate_email,catalog,medium,2,780,24,1
3273,lead_spike,commerce,high,3,284,19,1
3274,inactive_spike,account,low,1,78,7,0
3275,pending_purchases,account,critical,4,446,14,1
3276,duplicate_email,account,critical,4,758,25,1
3277,lead_spike,account,high,3,86,12,1
3278,pending_purchases,claims,critical,4,720,14,1
3279,other,catalog,low,1,460,2,0
3280,lead_spike,commerce,high,3,232,9,1
3281,other,claims,medium,2,209,12,1
3282,stale_pending_policies,catalog,low,1,779,11,0
3283,reject_rate,account,high,3,12,20,1
3284,reject_rate,catalog,critical,4,717,22,1
3285,pending_purchases,commerce,high,3,175,26,1
3286,inactive_spike,catalog,low,1,502,15,1
3287,lead_spike,commerce,high,3,68,23,1
3288,claim_burst,claims,high,3,50,29,1
3289,other,catalog,high,3,791,25,0
3290,unverified_provider,commerce,critical,4,689,19,1
3291,claim_burst,claims,high,3,568,11,1
3292,inactive_spike,catalog,critical,4,536,13,1
3293,lead_spike,commerce,high,3,23,28,1
3294,stale_pending_policies,account,medium,2,85,14,1
3295,pending_purchases,claims,low,1,224,15,1
3296,rejected_claims_volume,claims,high,3,251,22,1
3297,rejected_claims_volume,claims,high,3,455,11,1
3298,lead_spike,commerce,high,3,17,29,1
3299,claim_burst,claims,low,1,742,8,1
3300,pending_purchases,claims,critical,4,543,21,0
3301,reject_rate,account,high,3,3,8,1
3302,stale_pending_policies,catalog,medium,2,617,15,1
3303,claim_burst,claims,high,3,652,16,1
3304,inactive_spike,account,high,3,11,12,1
3305,rejected_claims_volume,claims,low,1,21,25,0
3306,duplicate_email,account,high,3,832,18,1
3307,stale_pending_policies,catalog,low,1,93,17,1
3308,claim_burst,claims,high,3,692,8,1
3309,other,catalog,critical,4,271,27,1
3310,unverified_provider,claims,low,1,874,6,1
3311,rejected_claims_volume,catalog,critical,4,339,28,1
3312,stale_pending_policies,account,high,3,38,28,1
3313,unverified_provider,claims,high,3,120,10,1
3314,inactive_spike,account,low,1,123,9,1
3315,claim_burst,claims,critical,4,438,16,1
3316,unverified_provider,catalog,high,3,533,15,1
3317,duplicate_email,claims,critical,4,719,22,1
3318,reject_rate,account,critical,4,653,28,1
3319,duplicate_email,commerce,high,3,550,10,1
3320,stale_pending_policies,commerce,medium,2,113,17,1
3321,unverified_provider,account,medium,2,608,2,0
3322,pending_purchases,catalog,critical,4,610,13,1
3323,lead_spike,account,medium,2,548,10,1
3324,pending_purchases,account,high,3,19,22,1
3325,pending_purchases,claims,medium,2,572,12,0
3326,rejected_claims_volume,commerce,high,3,3,28,1
3327,pending_purchases,commerce,high,3,22,30,1
3328,claim_burst,catalog,critical,4,152,25,0
3329,claim_burst,commerce,high,3,7,28,1
3330,reject_rate,claims,critical,4,24,19,1
3331,rejected_claims_volume,catalog,critical,4,286,28,1
3332,unverified_provider,account,medium,2,24,12,1
3333,pending_purchases,commerce,high,3,362,24,1
3334,unverified_provider,account,medium,2,675,11,0
3335,other,commerce,high,3,722,27,1
3336,reject_rate,catalog,medium,2,471,7,0
3337,lead_spike,catalog,high,3,834,30,1
3338,rejected_claims_volume,claims,critical,4,98,20,1
3339,reject_rate,catalog,high,3,120,29,1
3340,duplicate_email,catalog,low,1,607,10,1
3341,unverified_provider,catalog,low,1,84,3,0
3342,reject_rate,commerce,high,3,718,8,1
3343,rejected_claims_volume,catalog,critical,4,888,26,1
3344,duplicate_email,commerce,critical,4,5,10,1
3345,inactive_spike,commerce,critical,4,790,23,1
3346,stale_pending_policies,catalog,low,1,769,9,0
3347,rejected_claims_volume,claims,high,3,505,26,1
3348,unverified_provider,account,high,3,856,11,1
3349,reject_rate,catalog,medium,2,549,17,1
3350,rejected_claims_volume,account,critical,4,431,15,1
3351,rejected_claims_volume,catalog,critical,4,99,16,1
3352,duplicate_email,account,critical,4,6,8,1
3353,other,commerce,high,3,22,11,1
3354,inactive_spike,commerce,medium,2,40,16,1
3355,reject_rate,commerce,medium,2,190,6,0
3356,claim_burst,claims,high,3,677,18,1
3357,lead_spike,commerce,high,3,68,18,1
3358,lead_spike,commerce,critical,4,363,26,1
3359,lead_spike,claims,low,1,619,18,1
3360,inactive_spike,account,high,3,199,8,1
3361,inactive_spike,account,medium,2,872,4,0
3362,lead_spike,catalog,medium,2,729,12,1
3363,other,catalog,medium,2,555,7,0
3364,lead_spike,catalog,critical,4,134,27,1
3365,reject_rate,account,low,1,679,13,1
3366,reject_rate,commerce,medium,2,112,7,0
3367,stale_pending_policies,account,high,3,751,22,1
3368,claim_burst,account,critical,4,554,12,0
3369,unverified_provider,account,critical,4,648,14,1
3370,duplicate_email,catalog,medium,2,314,23,0
3371,rejected_claims_volume,claims,high,3,30,10,1
3372,rejected_claims_volume,commerce,medium,2,88,24,1
3373,inactive_spike,account,high,3,160,27,1
3374,stale_pending_policies,catalog,high,3,859,8,1
3375,other,account,low,1,697,7,1
3376,duplicate_email,claims,high,3,31,16,1
3377,reject_rate,catalog,critical,4,468,10,1
3378,rejected_claims_volume,claims,high,3,291,27,1
3379,lead_spike,catalog,medium,2,483,13,1
3380,other,catalog,critical,4,5,21,1
3381,rejected_claims_volume,account,critical,4,596,12,1
3382,claim_burst,catalog,high,3,2,28,0
3383,other,claims,high,3,669,20,1
3384,unverified_provider,account,high,3,181,20,1
3385,pending_purchases,account,high,3,302,28,1
3386,reject_rate,claims,critical,4,829,14,1
3387,reject_rate,claims,high,3,87,10,1
3388,other,account,critical,4,237,22,1
3389,lead_spike,commerce,medium,2,13,10,1
3390,stale_pending_policies,catalog,medium,2,254,15,0
3391,other,claims,critical,4,132,18,1
3392,inactive_spike,catalog,low,1,535,7,1
3393,lead_spike,commerce,critical,4,473,23,1
3394,unverified_provider,account,low,1,454,4,0
3395,duplicate_email,catalog,critical,4,290,29,1
3396,rejected_claims_volume,claims,critical,4,861,26,1
3397,stale_pending_policies,account,low,1,48,14,1
3398,unverified_provider,claims,high,3,748,14,1
3399,inactive_spike,commerce,critical,4,196,8,1
3400,lead_spike,commerce,medium,2,40,29,0
3401,unverified_provider,commerce,critical,4,116,23,1
3402,unverified_provider,claims,high,3,61,25,1
3403,stale_pending_policies,account,high,3,476,22,1
3404,claim_burst,account,high,3,78,18,1
3405,reject_rate,catalog,critical,4,305,23,1
3406,claim_burst,claims,high,3,778,27,1
3407,other,claims,low,1,863,3,0
3408,other,commerce,medium,2,17,8,0
3409,unverified_provider,claims,low,1,299,2,0
3410,duplicate_email,commerce,medium,2,124,18,1
3411,unverified_provider,claims,high,3,88,13,1
3412,claim_burst,commerce,medium,2,710,18,1
3413,stale_pending_policies,catalog,critical,4,697,10,1
3414,unverified_provider,commerce,medium,2,433,12,1
3415,claim_burst,account,medium,2,84,12,1
3416,other,commerce,high,3,53,30,1
3417,duplicate_email,account,critical,4,294,27,1
3418,claim_burst,catalog,high,3,899,20,1
3419,rejected_claims_volume,claims,high,3,325,11,1
3420,duplicate_email,catalog,low,1,580,13,1
3421,lead_spike,account,high,3,546,25,1
3422,claim_burst,commerce,medium,2,357,16,1
3423,duplicate_email,account,high,3,77,8,1
3424,stale_pending_policies,catalog,high,3,141,30,1
3425,claim_burst,catalog,medium,2,594,15,1
3426,rejected_claims_volume,claims,high,3,3,15,1
3427,pending_purchases,commerce,critical,4,606,16,1
3428,pending_purchases,commerce,critical,4,70,16,1
3429,rejected_claims_volume,claims,high,3,335,17,1
3430,inactive_spike,account,low,1,180,9,0
3431,inactive_spike,catalog,critical,4,209,10,1
3432,duplicate_email,account,critical,4,859,14,1
3433,rejected_claims_volume,claims,medium,2,483,9,0
3434,rejected_claims_volume,catalog,critical,4,686,28,1
3435,rejected_claims_volume,claims,critical,4,603,25,1
3436,duplicate_email,account,high,3,654,8,1
3437,claim_burst,commerce,high,3,121,9,1
3438,duplicate_email,claims,medium,2,152,9,1
3439,stale_pending_policies,catalog,high,3,808,17,1
3440,rejected_claims_volume,commerce,medium,2,616,25,1
3441,pending_purchases,commerce,high,3,333,8,1
3442,unverified_provider,catalog,low,1,139,7,0
3443,duplicate_email,claims,medium,2,842,9,1
3444,reject_rate,catalog,critical,4,355,10,1
3445,lead_spike,commerce,high,3,21,13,0
3446,stale_pending_policies,catalog,high,3,748,20,0
3447,inactive_spike,account,low,1,12,6,0
3448,other,claims,medium,2,585,10,1
3449,pending_purchases,commerce,high,3,56,16,1
3450,inactive_spike,commerce,low,1,62,16,1
3451,reject_rate,catalog,medium,2,866,13,1
3452,unverified_provider,account,low,1,13,10,0
3453,lead_spike,commerce,medium,2,251,14,1
3454,rejected_claims_volume,claims,high,3,892,25,1
3455,pending_purchases,claims,low,1,699,11,0
3456,duplicate_email,claims,critical,4,141,10,1
3457,duplicate_email,commerce,critical,4,575,25,1
3458,claim_burst,account,medium,2,555,8,1
3459,unverified_provider,commerce,critical,4,148,19,1
3460,pending_purchases,commerce,high,3,560,14,1
3461,reject_rate,catalog,medium,2,797,9,0
3462,lead_spike,claims,high,3,785,11,1
3463,duplicate_email,claims,high,3,522,27,1
3464,lead_spike,commerce,medium,2,582,8,1
3465,stale_pending_policies,account,medium,2,16,13,1
3466,duplicate_email,account,critical,4,127,18,1
3467,rejected_claims_volume,claims,high,3,100,10,1
3468,lead_spike,commerce,high,3,481,23,0
3469,claim_burst,catalog,medium,2,481,20,1
3470,pending_purchases,commerce,high,3,183,15,1
3471,duplicate_email,account,critical,4,740,14,1
3472,duplicate_email,claims,high,3,503,8,1
3473,inactive_spike,claims,low,1,80,18,1
3474,other,catalog,critical,4,288,18,1
3475,duplicate_email,account,high,3,74,29,1
3476,reject_rate,claims,low,1,727,7,0
3477,reject_rate,catalog,low,1,507,18,1
3478,lead_spike,commerce,medium,2,847,14,1
3479,stale_pending_policies,catalog,critical,4,305,8,1
3480,rejected_claims_volume,catalog,high,3,882,26,1
3481,unverified_provider,commerce,critical,4,16,11,1
3482,stale_pending_policies,catalog,critical,4,613,21,1
3483,duplicate_email,account,critical,4,14,28,1
3484,duplicate_email,account,medium,2,125,12,1
3485,other,catalog,critical,4,900,27,1
3486,rejected_claims_volume,claims,low,1,763,21,1
3487,claim_burst,claims,medium,2,653,11,1
3488,unverified_provider,account,critical,4,725,8,1
3489,rejected_claims_volume,claims,low,1,654,20,1
3490,stale_pending_policies,commerce,critical,4,251,9,1
3491,inactive_spike,account,low,1,729,12,0
3492,rejected_claims_volume,claims,medium,2,488,17,1
3493,rejected_claims_volume,account,medium,2,21,17,0
3494,claim_burst,claims,medium,2,718,30,1
3495,pending_purchases,claims,medium,2,714,22,1
3496,rejected_claims_volume,catalog,medium,2,270,22,1
3497,inactive_spike,commerce,low,1,30,9,1
3498,reject_rate,account,medium,2,668,17,1
3499,reject_rate,account,high,3,582,15,1
3500,other,claims,critical,4,559,11,1
3501,claim_burst,claims,medium,2,55,20,1
3502,claim_burst,commerce,high,3,175,22,1
3503,inactive_spike,account,low,1,85,18,1
3504,pending_purchases,commerce,medium,2,408,21,1
3505,unverified_provider,account,high,3,147,12,1
3506,inactive_spike,claims,critical,4,602,28,1
3507,rejected_claims_volume,claims,critical,4,619,12,1
3508,rejected_claims_volume,commerce,medium,2,573,8,0
3509,stale_pending_policies,claims,low,1,312,10,0
3510,other,claims,low,1,802,11,0
3511,rejected_claims_volume,catalog,medium,2,4,22,1
3512,reject_rate,claims,critical,4,714,24,1
3513,stale_pending_policies,catalog,low,1,454,4,0
3514,rejected_claims_volume,claims,high,3,224,15,1
3515,rejected_claims_volume,claims,critical,4,816,29,1
3516,unverified_provider,catalog,critical,4,691,24,1
3517,inactive_spike,account,medium,2,691,14,1
3518,unverified_provider,account,low,1,296,11,0
3519,claim_burst,account,low,1,674,24,1
3520,lead_spike,commerce,medium,2,457,25,1
3521,reject_rate,catalog,medium,2,198,8,0
3522,inactive_spike,catalog,medium,2,490,5,0
3523,lead_spike,commerce,medium,2,92,20,1
3524,other,claims,low,1,5,1,1
3525,stale_pending_policies,commerce,high,3,165,23,1
3526,rejected_claims_volume,commerce,low,1,880,11,0
3527,duplicate_email,claims,medium,2,478,26,1
3528,reject_rate,catalog,high,3,742,25,1
3529,unverified_provider,account,critical,4,298,27,1
3530,other,account,medium,2,29,11,0
3531,inactive_spike,account,medium,2,253,7,0
3532,rejected_claims_volume,commerce,high,3,27,21,1
3533,rejected_claims_volume,claims,low,1,249,10,0
3534,unverified_provider,catalog,critical,4,362,12,1
3535,claim_burst,account,high,3,28,28,1
3536,pending_purchases,commerce,medium,2,69,25,1
3537,duplicate_email,commerce,high,3,728,16,1
3538,lead_spike,claims,low,1,199,22,1
3539,rejected_claims_volume,claims,high,3,553,12,1
3540,duplicate_email,account,medium,2,18,23,1
3541,lead_spike,claims,medium,2,332,25,1
3542,unverified_provider,account,high,3,628,10,1
3543,unverified_provider,catalog,critical,4,186,21,1
3544,stale_pending_policies,catalog,medium,2,746,4,0
3545,stale_pending_policies,catalog,medium,2,884,12,1
3546,stale_pending_policies,claims,medium,2,720,13,1
3547,duplicate_email,account,low,1,215,27,1
3548,unverified_provider,account,medium,2,30,10,0
3549,pending_purchases,account,high,3,772,15,1
3550,lead_spike,claims,medium,2,92,11,0
3551,stale_pending_policies,claims,critical,4,791,12,0
3552,reject_rate,catalog,critical,4,450,24,1
3553,claim_burst,claims,high,3,622,20,1
3554,reject_rate,catalog,high,3,346,27,1
3555,claim_burst,commerce,high,3,166,21,1
3556,lead_spike,catalog,high,3,743,20,1
3557,inactive_spike,commerce,medium,2,622,14,0
3558,unverified_provider,catalog,low,1,687,6,0
3559,reject_rate,commerce,critical,4,571,15,1
3560,reject_rate,account,low,1,855,16,1
3561,inactive_spike,account,low,1,35,4,1
3562,inactive_spike,account,medium,2,11,14,1
3563,claim_burst,catalog,low,1,279,11,1
3564,unverified_provider,account,high,3,225,17,1
3565,reject_rate,catalog,low,1,531,14,0
3566,stale_pending_policies,catalog,medium,2,804,15,1
3567,other,catalog,critical,4,700,10,1
3568,claim_burst,catalog,critical,4,678,10,1
3569,pending_purchases,claims,high,3,515,24,1
3570,stale_pending_policies,commerce,medium,2,41,12,1
3571,pending_purchases,commerce,medium,2,33,17,1
3572,rejected_claims_volume,claims,critical,4,19,19,1
3573,inactive_spike,account,medium,2,31,6,1
3574,pending_purchases,commerce,low,1,44,30,1
3575,inactive_spike,commerce,critical,4,7,15,1
3576,stale_pending_policies,commerce,low,1,460,8,0
3577,unverified_provider,catalog,medium,2,260,6,0
3578,pending_purchases,commerce,medium,2,27,15,1
3579,rejected_claims_volume,catalog,critical,4,794,22,1
3580,pending_purchases,catalog,critical,4,111,23,1
3581,reject_rate,account,low,1,84,13,1
3582,rejected_claims_volume,account,high,3,94,18,1
3583,reject_rate,claims,low,1,772,8,0
3584,stale_pending_policies,commerce,high,3,300,21,1
3585,duplicate_email,claims,high,3,107,11,1
3586,other,catalog,medium,2,203,4,0
3587,claim_burst,commerce,critical,4,58,21,1
3588,lead_spike,commerce,high,3,849,13,1
3589,duplicate_email,account,high,3,571,23,1
3590,reject_rate,catalog,low,1,835,16,1
3591,unverified_provider,catalog,low,1,121,7,0
3592,pending_purchases,account,high,3,6,21,1
3593,pending_purchases,catalog,low,1,208,9,0
3594,pending_purchases,account,high,3,44,29,1
3595,rejected_claims_volume,catalog,critical,4,215,22,1
3596,inactive_spike,account,medium,2,299,13,1
3597,pending_purchases,claims,medium,2,754,8,0
3598,lead_spike,catalog,medium,2,18,11,1
3599,unverified_provider,commerce,high,3,296,23,1
3600,other,catalog,high,3,532,10,1
3601,lead_spike,account,low,1,80,24,1
3602,lead_spike,commerce,low,1,563,29,1
3603,reject_rate,account,medium,2,27,11,0
3604,duplicate_email,account,high,3,8,8,1
3605,lead_spike,commerce,medium,2,70,21,1
3606,stale_pending_policies,catalog,medium,2,764,13,1
3607,stale_pending_policies,catalog,low,1,746,18,1
3608,claim_burst,account,high,3,16,11,1
3609,reject_rate,catalog,critical,4,516,18,0
3610,pending_purchases,commerce,high,3,500,9,1
3611,lead_spike,commerce,critical,4,93,11,1
3612,unverified_provider,account,low,1,527,5,1
3613,pending_purchases,commerce,medium,2,320,26,1
3614,duplicate_email,catalog,critical,4,514,10,1
3615,rejected_claims_volume,claims,critical,4,177,28,1
3616,pending_purchases,commerce,high,3,268,22,1
3617,unverified_provider,account,medium,2,264,10,0
3618,claim_burst,commerce,medium,2,8,26,0
3619,duplicate_email,account,medium,2,172,28,1
3620,reject_rate,claims,critical,4,95,27,1
3621,lead_spike,commerce,high,3,10,20,1
3622,unverified_provider,claims,critical,4,543,21,1
3623,rejected_claims_volume,claims,low,1,709,9,0
3624,rejected_claims_volume,account,medium,2,141,26,1
3625,unverified_provider,claims,medium,2,90,4,0
3626,stale_pending_policies,commerce,high,3,448,30,1
3627,reject_rate,claims,medium,2,254,4,0
3628,pending_purchases,catalog,high,3,245,17,1
3629,unverified_provider,account,medium,2,634,6,0
3630,claim_burst,commerce,high,3,13,12,1
3631,rejected_claims_volume,claims,high,3,825,9,1
3632,lead_spike,commerce,medium,2,251,10,1
3633,duplicate_email,claims,critical,4,228,13,1
3634,unverified_provider,commerce,low,1,116,4,0
3635,lead_spike,catalog,high,3,652,13,1
3636,unverified_provider,account,medium,2,599,8,0
3637,other,claims,critical,4,427,17,1
3638,duplicate_email,catalog,high,3,573,9,1
3639,claim_burst,claims,medium,2,42,11,1
3640,duplicate_email,account,high,3,277,28,1
3641,other,account,high,3,703,19,1
3642,stale_pending_policies,catalog,critical,4,619,14,1
3643,inactive_spike,account,low,1,88,12,1
3644,reject_rate,catalog,medium,2,566,17,1
3645,lead_spike,commerce,low,1,801,22,1
3646,inactive_spike,commerce,low,1,17,8,0
3647,stale_pending_policies,catalog,high,3,214,23,1
3648,duplicate_email,commerce,high,3,40,15,0
3649,inactive_spike,commerce,high,3,245,30,1
3650,other,catalog,high,3,849,17,1
3651,duplicate_email,account,high,3,896,30,1
3652,unverified_provider,account,critical,4,490,15,1
3653,rejected_claims_volume,commerce,high,3,23,13,1
3654,duplicate_email,catalog,medium,2,213,20,1
3655,unverified_provider,catalog,critical,4,232,11,1
3656,inactive_spike,account,critical,4,495,16,1
3657,pending_purchases,catalog,medium,2,478,24,1
3658,claim_burst,claims,high,3,692,20,1
3659,duplicate_email,claims,high,3,388,10,1
3660,duplicate_email,commerce,critical,4,21,21,1
3661,lead_spike,commerce,high,3,28,10,1
3662,inactive_spike,claims,medium,2,176,13,1
3663,pending_purchases,commerce,high,3,657,14,1
3664,rejected_claims_volume,account,high,3,354,10,0
3665,claim_burst,account,critical,4,581,23,1
3666,pending_purchases,commerce,high,3,2,12,1
3667,rejected_claims_volume,claims,medium,2,634,12,0
3668,rejected_claims_volume,catalog,high,3,696,15,1
3669,reject_rate,catalog,low,1,721,12,1
3670,rejected_claims_volume,commerce,low,1,250,11,0
3671,duplicate_email,account,high,3,33,30,1
3672,lead_spike,catalog,high,3,524,11,1
3673,rejected_claims_volume,claims,low,1,742,10,0
3674,stale_pending_policies,claims,medium,2,103,15,0
3675,other,commerce,low,1,708,10,0
3676,unverified_provider,claims,low,1,712,10,0
3677,reject_rate,commerce,medium,2,90,9,0
3678,unverified_provider,account,medium,2,3,9,0
3679,stale_pending_policies,catalog,medium,2,491,15,1
3680,inactive_spike,claims,high,3,22,12,1
3681,pending_purchases,commerce,low,1,44,22,1
3682,unverified_provider,commerce,low,1,14,10,0
3683,reject_rate,claims,low,1,492,11,0
3684,rejected_claims_volume,commerce,high,3,515,19,1
3685,reject_rate,catalog,critical,4,780,13,1
3686,duplicate_email,account,medium,2,56,8,1
3687,claim_burst,account,medium,2,532,20,0
3688,rejected_claims_volume,catalog,medium,2,343,22,1
3689,lead_spike,commerce,critical,4,113,9,0
3690,rejected_claims_volume,claims,high,3,350,30,1
3691,pending_purchases,catalog,medium,2,797,14,1
3692,pending_purchases,account,high,3,34,9,1
3693,reject_rate,catalog,medium,2,39,14,1
3694,other,commerce,medium,2,652,11,0
3695,unverified_provider,account,critical,4,68,14,1
3696,rejected_claims_volume,claims,high,3,319,9,1
3697,unverified_provider,catalog,critical,4,549,11,0
3698,claim_burst,catalog,low,1,893,8,1
3699,reject_rate,commerce,high,3,635,25,1
3700,rejected_claims_volume,claims,medium,2,120,8,0
3701,claim_burst,claims,medium,2,262,22,1
3702,rejected_claims_volume,account,medium,2,333,12,1
3703,inactive_spike,catalog,low,1,244,7,0
3704,rejected_claims_volume,account,high,3,9,15,1
3705,inactive_spike,catalog,low,1,710,15,1
3706,lead_spike,commerce,low,1,683,22,1
3707,pending_purchases,account,high,3,229,21,0
3708,stale_pending_policies,account,low,1,27,12,1
3709,lead_spike,commerce,medium,2,696,23,1
3710,claim_burst,claims,low,1,393,8,1
3711,inactive_spike,catalog,low,1,895,14,1
3712,pending_purchases,commerce,medium,2,114,21,1
3713,lead_spike,commerce,critical,4,178,8,1
3714,claim_burst,commerce,critical,4,295,27,1
3715,claim_burst,claims,medium,2,456,8,1
3716,reject_rate,catalog,critical,4,59,14,1
3717,pending_purchases,commerce,critical,4,1,30,1
3718,lead_spike,account,medium,2,723,10,1
3719,other,account,critical,4,340,26,1
3720,inactive_spike,account,medium,2,76,8,0
3721,duplicate_email,commerce,medium,2,10,8,1
3722,pending_purchases,claims,high,3,189,22,1
3723,rejected_claims_volume,account,high,3,171,14,1
3724,stale_pending_policies,claims,critical,4,118,20,1
3725,unverified_provider,commerce,medium,2,119,10,0
3726,inactive_spike,commerce,medium,2,572,13,1
3727,other,account,low,1,247,12,1
3728,reject_rate,catalog,medium,2,56,11,0
3729,reject_rate,catalog,medium,2,306,4,0
3730,stale_pending_policies,account,low,1,94,10,0
3731,duplicate_email,claims,critical,4,858,13,1
3732,lead_spike,claims,medium,2,237,22,1
3733,lead_spike,account,high,3,5,11,1
3734,unverified_provider,account,critical,4,167,19,1
3735,stale_pending_policies,catalog,low,1,536,17,1
3736,duplicate_email,catalog,low,1,834,30,1
3737,claim_burst,catalog,medium,2,121,8,1
3738,unverified_provider,account,critical,4,311,27,1
3739,lead_spike,catalog,medium,2,721,23,1
3740,rejected_claims_volume,claims,low,1,431,25,1
3741,reject_rate,catalog,high,3,420,28,1
3742,other,commerce,low,1,735,3,1
3743,rejected_claims_volume,account,high,3,10,22,1
3744,claim_burst,catalog,medium,2,24,24,1
3745,reject_rate,claims,medium,2,446,4,0
3746,reject_rate,catalog,critical,4,97,22,1
3747,duplicate_email,account,high,3,130,27,1
3748,lead_spike,commerce,low,1,688,9,1
3749,inactive_spike,commerce,high,3,57,29,1
3750,inactive_spike,account,medium,2,820,18,1
3751,inactive_spike,catalog,low,1,377,10,0
3752,rejected_claims_volume,claims,high,3,690,8,1
3753,claim_burst,claims,high,3,478,8,1
3754,reject_rate,commerce,low,1,424,18,1
3755,unverified_provider,account,high,3,458,14,1
3756,inactive_spike,commerce,high,3,502,11,1
3757,pending_purchases,claims,medium,2,873,20,1
3758,lead_spike,commerce,high,3,848,19,1
3759,claim_burst,claims,high,3,73,30,1
3760,stale_pending_policies,catalog,critical,4,591,21,1
3761,other,catalog,medium,2,659,6,0
3762,lead_spike,commerce,critical,4,11,16,1
3763,inactive_spike,commerce,medium,2,126,12,1
3764,other,catalog,high,3,590,9,1
3765,pending_purchases,commerce,high,3,244,11,0
3766,pending_purchases,claims,critical,4,300,16,1
3767,unverified_provider,catalog,high,3,681,8,1
3768,inactive_spike,account,medium,2,875,18,1
3769,other,commerce,medium,2,228,6,0
3770,lead_spike,claims,critical,4,430,26,1
3771,claim_burst,claims,medium,2,258,8,1
3772,pending_purchases,catalog,critical,4,580,13,1
3773,rejected_claims_volume,claims,low,1,580,8,1
3774,unverified_provider,account,low,1,231,10,0
3775,other,claims,critical,4,592,8,1
3776,pending_purchases,commerce,critical,4,545,30,1
3777,inactive_spike,account,low,1,777,9,0
3778,inactive_spike,account,high,3,552,29,0
3779,duplicate_email,commerce,critical,4,10,26,1
3780,stale_pending_policies,commerce,high,3,76,26,1
3781,other,commerce,low,1,165,5,0
3782,unverified_provider,account,high,3,293,26,1
3783,reject_rate,catalog,medium,2,68,18,1
3784,rejected_claims_volume,catalog,medium,2,721,15,1
3785,other,commerce,medium,2,40,12,1
3786,unverified_provider,commerce,low,1,139,10,0
3787,duplicate_email,commerce,medium,2,86,18,1
3788,reject_rate,catalog,critical,4,312,17,1
3789,pending_purchases,claims,low,1,864,27,0
3790,pending_purchases,claims,high,3,847,21,1
3791,duplicate_email,commerce,high,3,744,19,1
3792,lead_spike,commerce,high,3,589,17,1
3793,inactive_spike,account,critical,4,598,14,1
3794,other,account,medium,2,452,1,0
3795,duplicate_email,commerce,high,3,70,25,1
3796,other,catalog,critical,4,538,28,1
3797,claim_burst,commerce,high,3,744,30,1
3798,stale_pending_policies,catalog,low,1,469,8,0
3799,reject_rate,catalog,low,1,851,10,0
3800,reject_rate,commerce,low,1,57,6,0
3801,duplicate_email,account,critical,4,581,28,1
3802,lead_spike,account,medium,2,153,19,1
3803,unverified_provider,commerce,critical,4,286,30,1
3804,other,account,low,1,27,5,0
3805,duplicate_email,account,critical,4,6,8,1
3806,unverified_provider,claims,medium,2,53,12,1
3807,other,catalog,high,3,435,25,1
3808,claim_burst,account,low,1,183,15,1
3809,rejected_claims_volume,claims,medium,2,356,8,0
3810,lead_spike,account,critical,4,170,20,1
3811,rejected_claims_volume,claims,high,3,82,17,1
3812,rejected_claims_volume,commerce,high,3,870,11,1
3813,lead_spike,commerce,critical,4,9,28,1
3814,pending_purchases,commerce,low,1,518,22,1
3815,claim_burst,claims,critical,4,726,17,1
3816,pending_purchases,commerce,high,3,487,12,1
3817,duplicate_email,account,critical,4,532,29,1
3818,lead_spike,commerce,high,3,2,9,1
3819,lead_spike,commerce,low,1,862,13,1
3820,rejected_claims_volume,commerce,high,3,147,17,1
3821,stale_pending_policies,catalog,critical,4,843,13,1
3822,pending_purchases,claims,medium,2,720,26,1
3823,lead_spike,account,high,3,174,27,1
3824,unverified_provider,account,critical,4,470,19,1
3825,claim_burst,commerce,low,1,733,30,1
3826,pending_purchases,account,medium,2,603,9,0
3827,inactive_spike,account,medium,2,234,5,0
3828,unverified_provider,account,medium,2,25,7,1
3829,lead_spike,commerce,critical,4,179,25,1
3830,reject_rate,commerce,critical,4,122,25,1
3831,lead_spike,claims,high,3,130,11,1
3832,reject_rate,claims,medium,2,882,18,1
3833,unverified_provider,catalog,critical,4,76,28,1
3834,reject_rate,catalog,high,3,887,27,1
3835,claim_burst,claims,low,1,598,14,1
3836,pending_purchases,account,high,3,657,28,1
3837,stale_pending_policies,account,low,1,89,15,1
3838,inactive_spike,catalog,critical,4,688,10,1
3839,pending_purchases,claims,critical,4,96,30,0
3840,pending_purchases,commerce,high,3,257,20,1
3841,lead_spike,catalog,low,1,753,15,1
3842,claim_burst,commerce,critical,4,231,13,1
3843,inactive_spike,account,high,3,650,16,1
3844,rejected_claims_volume,catalog,low,1,158,10,0
3845,rejected_claims_volume,catalog,high,3,257,21,1
3846,reject_rate,catalog,low,1,270,13,1
3847,unverified_provider,commerce,low,1,101,1,0
3848,duplicate_email,account,medium,2,740,25,1
3849,unverified_provider,claims,critical,4,504,24,1
3850,stale_pending_policies,account,high,3,430,18,1
3851,claim_burst,claims,critical,4,396,16,1
3852,pending_purchases,claims,critical,4,600,24,1
3853,unverified_provider,account,low,1,23,4,0
3854,unverified_provider,claims,low,1,620,5,0
3855,pending_purchases,commerce,medium,2,539,18,1
3856,unverified_provider,catalog,critical,4,273,28,1
3857,reject_rate,commerce,medium,2,158,10,0
3858,reject_rate,commerce,high,3,229,16,1
3859,claim_burst,catalog,critical,4,898,22,1
3860,rejected_claims_volume,claims,high,3,224,10,1
3861,rejected_claims_volume,claims,low,1,109,15,1
3862,lead_spike,claims,high,3,315,25,1
3863,reject_rate,account,low,1,13,8,0
3864,lead_spike,account,medium,2,633,13,1
3865,unverified_provider,account,low,1,747,12,1
3866,reject_rate,account,high,3,26,10,1
3867,unverified_provider,account,high,3,845,21,1
3868,rejected_claims_volume,account,critical,4,89,14,1
3869,unverified_provider,account,low,1,890,12,1
3870,claim_burst,commerce,critical,4,25,20,1
3871,stale_pending_policies,account,low,1,327,16,1
3872,pending_purchases,commerce,medium,2,55,16,1
3873,duplicate_email,catalog,high,3,284,18,1
3874,unverified_provider,account,high,3,200,14,1
3875,unverified_provider,account,medium,2,193,5,0
3876,inactive_spike,catalog,critical,4,489,27,1
3877,unverified_provider,catalog,medium,2,665,1,0
3878,rejected_claims_volume,commerce,high,3,598,10,1
3879,claim_burst,commerce,critical,4,314,25,1
3880,other,commerce,medium,2,61,3,0
3881,reject_rate,catalog,medium,2,720,9,0
3882,pending_purchases,account,medium,2,9,25,1
3883,other,catalog,critical,4,100,15,1
3884,lead_spike,claims,critical,4,542,10,1
3885,other,catalog,medium,2,277,1,0
3886,pending_purchases,account,high,3,377,16,1
3887,rejected_claims_volume,claims,high,3,875,24,1
3888,stale_pending_policies,commerce,medium,2,879,15,1
3889,unverified_provider,account,high,3,253,30,1
3890,pending_purchases,commerce,critical,4,57,27,1
3891,inactive_spike,account,medium,2,67,8,0
3892,stale_pending_policies,account,medium,2,648,7,0
3893,inactive_spike,claims,medium,2,501,8,0
3894,stale_pending_policies,catalog,critical,4,871,29,1
3895,lead_spike,claims,critical,4,39,26,1
3896,lead_spike,catalog,critical,4,602,28,1
3897,other,commerce,high,3,8,29,1
3898,lead_spike,catalog,high,3,751,18,0
3899,stale_pending_policies,catalog,high,3,594,29,1
3900,other,catalog,medium,2,82,4,0
3901,rejected_claims_volume,account,medium,2,899,26,1
3902,claim_burst,catalog,high,3,285,11,1
3903,other,account,low,1,67,7,0
3904,inactive_spike,catalog,critical,4,777,20,1
3905,lead_spike,catalog,medium,2,165,21,1
3906,stale_pending_policies,catalog,high,3,521,27,1
3907,reject_rate,account,high,3,377,15,1
3908,reject_rate,commerce,medium,2,236,14,1
3909,stale_pending_policies,claims,medium,2,293,7,0
3910,stale_pending_policies,commerce,low,1,818,18,0
3911,duplicate_email,claims,medium,2,561,12,1
3912,pending_purchases,commerce,high,3,179,28,1
3913,lead_spike,catalog,critical,4,459,21,0
3914,pending_purchases,account,high,3,425,11,1
3915,claim_burst,claims,medium,2,517,16,1
3916,stale_pending_policies,catalog,critical,4,361,13,1
3917,rejected_claims_volume,catalog,critical,4,699,10,1
3918,inactive_spike,account,medium,2,575,14,1
3919,rejected_claims_volume,commerce,medium,2,575,24,1
3920,inactive_spike,claims,medium,2,803,11,0
3921,claim_burst,claims,critical,4,234,27,0
3922,pending_purchases,catalog,critical,4,672,10,1
3923,duplicate_email,commerce,critical,4,3,8,1
3924,stale_pending_policies,catalog,medium,2,303,15,1
3925,duplicate_email,catalog,medium,2,538,29,1
3926,stale_pending_policies,catalog,medium,2,825,12,1
3927,duplicate_email,catalog,high,3,65,23,1
3928,rejected_claims_volume,catalog,high,3,605,22,1
3929,rejected_claims_volume,account,medium,2,153,25,1
3930,duplicate_email,account,medium,2,705,28,0
3931,stale_pending_policies,catalog,high,3,516,27,1
3932,lead_spike,catalog,medium,2,876,21,1
3933,rejected_claims_volume,claims,medium,2,684,25,1
3934,stale_pending_policies,account,critical,4,431,30,1
3935,other,claims,critical,4,211,23,1
3936,stale_pending_policies,commerce,medium,2,733,16,1
3937,rejected_claims_volume,claims,medium,2,288,22,0
3938,reject_rate,commerce,critical,4,208,19,1
3939,unverified_provider,commerce,low,1,413,7,0
3940,other,claims,medium,2,26,4,0
3941,unverified_provider,account,critical,4,786,25,1
3942,other,account,low,1,111,6,0
3943,inactive_spike,catalog,critical,4,786,25,1
3944,inactive_spike,catalog,high,3,752,8,1
3945,lead_spike,catalog,medium,2,888,12,1
3946,claim_burst,account,low,1,428,8,0
3947,claim_burst,claims,high,3,897,25,1
3948,claim_burst,claims,critical,4,684,29,0
3949,reject_rate,account,high,3,59,26,1
3950,stale_pending_policies,catalog,medium,2,45,18,1
3951,claim_burst,claims,medium,2,221,15,1
3952,unverified_provider,account,high,3,29,29,1
3953,claim_burst,claims,medium,2,628,29,1
3954,unverified_provider,catalog,high,3,853,13,1
3955,rejected_claims_volume,claims,critical,4,352,11,1
3956,duplicate_email,account,critical,4,334,9,1
3957,pending_purchases,account,medium,2,889,30,1
3958,inactive_spike,account,medium,2,305,5,0
3959,claim_burst,claims,critical,4,129,24,1
3960,stale_pending_policies,catalog,medium,2,415,13,1
3961,other,claims,high,3,679,20,1
3962,other,commerce,medium,2,80,8,0
3963,unverified_provider,claims,low,1,758,6,0
3964,reject_rate,claims,low,1,546,9,0
3965,inactive_spike,catalog,low,1,647,11,0
3966,pending_purchases,commerce,high,3,165,8,1
3967,stale_pending_policies,commerce,critical,4,124,23,1
3968,unverified_provider,account,critical,4,551,20,1
3969,duplicate_email,account,medium,2,95,30,1
3970,pending_purchases,commerce,high,3,543,29,1
3971,inactive_spike,catalog,low,1,289,10,0
3972,claim_burst,commerce,high,3,163,24,1
3973,lead_spike,commerce,medium,2,508,13,1
3974,reject_rate,account,high,3,66,21,1
3975,claim_burst,account,critical,4,234,15,1
3976,claim_burst,commerce,high,3,110,9,1
3977,lead_spike,account,high,3,24,13,0
3978,unverified_provider,commerce,high,3,106,21,1
3979,claim_burst,claims,critical,4,351,26,1
3980,rejected_claims_volume,claims,high,3,645,9,1
3981,lead_spike,commerce,medium,2,66,12,1
3982,other,catalog,low,1,546,2,0
3983,duplicate_email,catalog,critical,4,22,27,1
3984,lead_spike,catalog,high,3,34,11,1
3985,duplicate_email,commerce,high,3,94,12,1
3986,rejected_claims_volume,claims,critical,4,17,14,1
3987,stale_pending_policies,catalog,low,1,333,15,1
3988,pending_purchases,account,medium,2,683,29,0
3989,reject_rate,claims,critical,4,727,17,1
3990,rejected_claims_volume,catalog,high,3,867,19,1
3991,duplicate_email,catalog,medium,2,582,22,1
3992,stale_pending_policies,commerce,critical,4,3,9,1
3993,duplicate_email,claims,medium,2,263,30,1
3994,pending_purchases,commerce,low,1,351,11,0
3995,rejected_claims_volume,claims,low,1,463,16,1
3996,pending_purchases,commerce,high,3,14,24,1
3997,duplicate_email,claims,medium,2,275,16,1
3998,rejected_claims_volume,claims,high,3,763,25,1
3999,reject_rate,catalog,high,3,7,13,1
4000,rejected_claims_volume,commerce,medium,2,1,30,1
4001,lead_spike,commerce,high,3,67,17,1
4002,other,catalog,critical,4,252,22,1
4003,duplicate_email,account,high,3,573,23,1
4004,rejected_claims_volume,claims,critical,4,767,20,1
4005,rejected_claims_volume,claims,medium,2,272,27,1
4006,duplicate_email,claims,critical,4,845,28,1
4007,rejected_claims_volume,claims,low,1,280,15,0
4008,duplicate_email,account,medium,2,2,27,0
4009,unverified_provider,catalog,critical,4,421,15,1
4010,unverified_provider,catalog,critical,4,143,25,1
4011,pending_purchases,commerce,medium,2,598,9,0
4012,inactive_spike,commerce,high,3,568,16,1
4013,pending_purchases,claims,critical,4,194,30,1
4014,claim_burst,claims,critical,4,496,13,1
4015,other,commerce,medium,2,452,6,0
4016,reject_rate,catalog,low,1,387,10,0
4017,unverified_provider,catalog,low,1,390,3,0
4018,pending_purchases,account,high,3,269,19,1
4019,rejected_claims_volume,commerce,high,3,663,19,1
4020,claim_burst,claims,medium,2,499,15,1
4021,pending_purchases,claims,high,3,73,14,1
4022,stale_pending_policies,account,medium,2,9,18,1
4023,lead_spike,account,high,3,844,26,1
4024,stale_pending_policies,catalog,medium,2,338,16,1
4025,pending_purchases,account,high,3,14,22,1
4026,claim_burst,claims,critical,4,385,9,1
4027,reject_rate,commerce,critical,4,17,29,0
4028,other,commerce,low,1,395,5,0
4029,other,commerce,critical,4,29,24,1
4030,inactive_spike,account,high,3,856,14,1
4031,lead_spike,commerce,high,3,85,22,1
4032,duplicate_email,commerce,medium,2,762,29,1
4033,pending_purchases,commerce,high,3,68,25,1
4034,rejected_claims_volume,catalog,medium,2,187,30,1
4035,reject_rate,claims,critical,4,515,27,1
4036,other,account,critical,4,650,12,1
4037,rejected_claims_volume,catalog,medium,2,655,14,1
4038,stale_pending_policies,commerce,low,1,648,16,1
4039,inactive_spike,account,critical,4,315,30,1
4040,lead_spike,account,high,3,899,29,1
4041,claim_burst,claims,critical,4,855,26,1
4042,stale_pending_policies,claims,high,3,447,19,1
4043,other,commerce,low,1,532,1,0
4044,rejected_claims_volume,catalog,high,3,76,10,1
4045,other,claims,high,3,854,24,1
4046,inactive_spike,account,medium,2,172,5,0
4047,lead_spike,account,medium,2,476,8,1
4048,pending_purchases,claims,low,1,389,13,1
4049,duplicate_email,catalog,critical,4,1,25,1
4050,pending_purchases,claims,high,3,82,16,1
4051,lead_spike,account,high,3,43,10,1
4052,lead_spike,catalog,medium,2,781,26,1
4053,inactive_spike,account,high,3,665,18,1
4054,lead_spike,commerce,high,3,667,18,1
4055,pending_purchases,account,medium,2,28,19,1
4056,other,commerce,critical,4,55,29,1
4057,rejected_claims_volume,claims,critical,4,821,16,1
4058,duplicate_email,account,critical,4,116,11,1
4059,inactive_spike,account,low,1,50,5,0
4060,reject_rate,claims,critical,4,860,18,1
4061,duplicate_email,catalog,medium,2,440,27,1
4062,rejected_claims_volume,account,critical,4,566,13,1
4063,stale_pending_policies,commerce,high,3,376,28,1
4064,unverified_provider,commerce,low,1,11,7,0
4065,reject_rate,catalog,low,1,221,18,1
4066,duplicate_email,account,high,3,68,22,1
4067,stale_pending_policies,catalog,low,1,330,5,0
4068,other,commerce,critical,4,1,13,1
4069,reject_rate,account,medium,2,856,5,0
4070,rejected_claims_volume,claims,high,3,900,9,0
4071,lead_spike,commerce,critical,4,297,22,1
4072,claim_burst,claims,critical,4,138,13,1
4073,claim_burst,claims,critical,4,192,8,1
4074,lead_spike,claims,critical,4,738,27,1
4075,duplicate_email,account,low,1,100,10,1
4076,rejected_claims_volume,commerce,medium,2,488,27,1
4077,inactive_spike,catalog,high,3,268,21,1
4078,lead_spike,account,high,3,205,15,0
4079,pending_purchases,account,critical,4,550,8,0
4080,stale_pending_policies,catalog,medium,2,813,18,1
4081,stale_pending_policies,account,critical,4,282,26,0
4082,reject_rate,catalog,critical,4,352,29,1
4083,unverified_provider,catalog,medium,2,62,2,0
4084,inactive_spike,claims,low,1,608,16,1
4085,claim_burst,catalog,high,3,366,20,1
4086,reject_rate,catalog,high,3,338,14,1
4087,inactive_spike,account,medium,2,633,15,1
4088,duplicate_email,account,medium,2,877,28,1
4089,stale_pending_policies,catalog,low,1,225,13,1
4090,claim_burst,catalog,high,3,774,23,1
4091,reject_rate,catalog,high,3,842,30,1
4092,pending_purchases,commerce,high,3,525,22,1
4093,inactive_spike,commerce,low,1,157,13,1
4094,claim_burst,claims,critical,4,35,13,1
4095,rejected_claims_volume,claims,high,3,191,19,1
4096,pending_purchases,account,medium,2,375,22,0
4097,other,account,high,3,332,16,1
4098,inactive_spike,account,critical,4,1,21,1
4099,duplicate_email,claims,critical,4,339,19,1
4100,reject_rate,catalog,low,1,341,16,0
4101,unverified_provider,commerce,low,1,425,10,0
4102,claim_burst,claims,critical,4,781,23,1
4103,duplicate_email,catalog,critical,4,275,13,1
4104,duplicate_email,account,critical,4,580,27,1
4105,duplicate_email,catalog,high,3,487,22,1
4106,pending_purchases,commerce,high,3,2,26,1
4107,pending_purchases,commerce,high,3,808,14,1
4108,rejected_claims_volume,claims,high,3,367,28,1
4109,rejected_claims_volume,claims,medium,2,384,19,1
4110,inactive_spike,account,medium,2,698,5,0
4111,reject_rate,commerce,low,1,823,16,1
4112,inactive_spike,account,critical,4,450,25,1
4113,other,commerce,medium,2,87,8,0
4114,pending_purchases,claims,medium,2,491,10,0
4115,lead_spike,commerce,medium,2,607,30,1
4116,pending_purchases,commerce,critical,4,20,15,1
4117,unverified_provider,account,medium,2,77,4,0
4118,stale_pending_policies,commerce,medium,2,821,4,0
4119,stale_pending_policies,account,critical,4,539,13,1
4120,unverified_provider,account,medium,2,124,9,0
4121,duplicate_email,catalog,critical,4,7,9,1
4122,reject_rate,catalog,high,3,430,20,1
4123,other,catalog,medium,2,594,11,0
4124,rejected_claims_volume,account,critical,4,21,21,1
4125,reject_rate,account,medium,2,174,4,0
4126,lead_spike,commerce,high,3,77,18,1
4127,lead_spike,claims,medium,2,150,24,1
4128,pending_purchases,claims,medium,2,161,11,0
4129,other,claims,critical,4,693,26,1
4130,stale_pending_policies,account,critical,4,81,14,1
4131,pending_purchases,commerce,medium,2,356,25,0
4132,rejected_claims_volume,claims,medium,2,198,30,1
4133,other,account,high,3,875,13,1
4134,unverified_provider,account,high,3,51,14,1
4135,duplicate_email,commerce,critical,4,29,15,1
4136,lead_spike,commerce,high,3,66,12,0
4137,inactive_spike,account,critical,4,89,23,1
4138,inactive_spike,commerce,critical,4,852,9,1
4139,unverified_provider,claims,medium,2,187,11,0
4140,inactive_spike,catalog,medium,2,260,15,0
4141,inactive_spike,account,low,1,700,18,1
4142,claim_burst,catalog,critical,4,238,29,1
4143,reject_rate,account,low,1,459,13,1
4144,unverified_provider,account,high,3,257,17,1
4145,pending_purchases,claims,high,3,237,13,1
4146,duplicate_email,claims,low,1,789,17,1
4147,rejected_claims_volume,claims,medium,2,302,21,1
4148,duplicate_email,commerce,high,3,24,9,1
4149,rejected_claims_volume,account,high,3,443,23,1
4150,reject_rate,catalog,high,3,663,20,1
4151,rejected_claims_volume,catalog,medium,2,578,20,1
4152,lead_spike,account,medium,2,9,26,1
4153,pending_purchases,claims,medium,2,393,24,1
4154,pending_purchases,commerce,medium,2,11,30,1
4155,pending_purchases,account,high,3,571,13,1
4156,duplicate_email,claims,low,1,892,11,1
4157,inactive_spike,commerce,low,1,37,7,0
4158,claim_burst,commerce,high,3,582,27,1
4159,pending_purchases,commerce,low,1,205,26,1
4160,pending_purchases,commerce,low,1,71,23,1
4161,stale_pending_policies,claims,critical,4,76,25,1
4162,lead_spike,commerce,medium,2,261,23,1
4163,pending_purchases,account,critical,4,753,25,1
4164,stale_pending_policies,catalog,critical,4,2,26,1
4165,stale_pending_policies,account,medium,2,81,15,1
4166,inactive_spike,catalog,medium,2,471,9,0
4167,duplicate_email,catalog,medium,2,490,22,1
4168,lead_spike,commerce,high,3,435,17,1
4169,inactive_spike,claims,low,1,711,18,1
4170,lead_spike,commerce,medium,2,834,20,1
4171,stale_pending_policies,claims,high,3,350,9,1
4172,duplicate_email,account,critical,4,274,30,1
4173,pending_purchases,commerce,medium,2,131,22,1
4174,reject_rate,account,medium,2,168,16,1
4175,stale_pending_policies,catalog,high,3,159,25,1
4176,other,account,medium,2,308,12,1
4177,rejected_claims_volume,claims,critical,4,796,24,1
4178,claim_burst,claims,high,3,415,14,1
4179,other,commerce,low,1,709,11,0
4180,lead_spike,catalog,high,3,468,19,1
4181,claim_burst,catalog,medium,2,28,10,1
4182,reject_rate,catalog,high,3,176,22,1
4183,stale_pending_policies,catalog,medium,2,900,4,0
4184,reject_rate,catalog,medium,2,123,14,1
4185,stale_pending_policies,catalog,medium,2,732,17,1
4186,other,claims,critical,4,773,19,0
4187,other,claims,low,1,845,5,0
4188,reject_rate,catalog,low,1,896,6,0
4189,other,claims,high,3,426,27,0
4190,inactive_spike,claims,high,3,27,21,1
4191,claim_burst,commerce,high,3,9,19,1
4192,stale_pending_policies,claims,medium,2,357,17,1
4193,unverified_provider,commerce,medium,2,112,11,0
4194,stale_pending_policies,commerce,medium,2,464,12,1
4195,other,account,low,1,661,9,0
4196,rejected_claims_volume,catalog,high,3,778,29,1
4197,pending_purchases,claims,high,3,900,25,1
4198,claim_burst,claims,high,3,372,11,1
4199,duplicate_email,catalog,critical,4,12,22,1
4200,lead_spike,commerce,high,3,128,24,1
4201,rejected_claims_volume,claims,low,1,20,14,1
4202,stale_pending_policies,claims,medium,2,853,10,1
4203,stale_pending_policies,commerce,low,1,260,17,1
4204,pending_purchases,commerce,critical,4,172,23,1
4205,reject_rate,commerce,medium,2,99,9,0
4206,inactive_spike,account,medium,2,844,15,1
4207,claim_burst,catalog,high,3,381,29,1
4208,rejected_claims_volume,claims,high,3,446,30,1
4209,inactive_spike,account,low,1,111,14,1
4210,claim_burst,account,medium,2,502,14,1
4211,reject_rate,catalog,high,3,35,10,0
4212,claim_burst,account,high,3,161,12,1
4213,rejected_claims_volume,account,critical,4,487,9,0
4214,other,claims,medium,2,33,9,0
4215,lead_spike,commerce,high,3,20,12,1
4216,pending_purchases,account,high,3,716,25,1
4217,duplicate_email,catalog,critical,4,281,19,1
4218,lead_spike,catalog,critical,4,336,26,0
4219,claim_burst,claims,critical,4,10,26,1
4220,lead_spike,commerce,medium,2,422,21,1
4221,inactive_spike,account,high,3,631,9,1
4222,stale_pending_policies,catalog,high,3,454,24,1
4223,unverified_provider,catalog,high,3,29,25,1
4224,lead_spike,catalog,high,3,181,30,1
4225,reject_rate,catalog,low,1,666,15,1
4226,reject_rate,catalog,high,3,654,22,1
4227,inactive_spike,catalog,medium,2,54,6,0
4228,pending_purchases,commerce,medium,2,515,20,1
4229,reject_rate,catalog,medium,2,63,17,1
4230,unverified_provider,claims,high,3,616,29,1
4231,reject_rate,claims,low,1,443,4,0
4232,stale_pending_policies,claims,medium,2,180,5,0
4233,rejected_claims_volume,commerce,medium,2,30,27,1
4234,duplicate_email,catalog,high,3,810,21,1
4235,lead_spike,commerce,critical,4,497,11,1
4236,inactive_spike,account,high,3,225,25,1
4237,duplicate_email,account,medium,2,131,14,1
4238,other,catalog,high,3,818,18,1
4239,pending_purchases,commerce,high,3,10,9,1
4240,duplicate_email,catalog,high,3,8,16,1
4241,unverified_provider,account,critical,4,822,15,1
4242,rejected_claims_volume,account,medium,2,743,19,1
4243,duplicate_email,account,medium,2,830,17,1
4244,stale_pending_policies,claims,critical,4,60,29,1
4245,stale_pending_policies,catalog,critical,4,282,17,1
4246,duplicate_email,account,medium,2,14,28,1
4247,other,commerce,medium,2,636,9,1
4248,lead_spike,claims,critical,4,631,13,1
4249,lead_spike,commerce,high,3,463,8,1
4250,duplicate_email,catalog,critical,4,42,20,1
4251,reject_rate,catalog,high,3,277,22,1
4252,inactive_spike,catalog,high,3,491,20,1
4253,inactive_spike,commerce,low,1,162,18,1
4254,duplicate_email,account,medium,2,152,26,1
4255,lead_spike,commerce,high,3,738,12,1
4256,rejected_claims_volume,claims,low,1,276,23,1
4257,claim_burst,claims,medium,2,900,29,1
4258,pending_purchases,claims,medium,2,484,22,1
4259,pending_purchases,claims,high,3,243,22,1
4260,stale_pending_policies,catalog,medium,2,625,11,0
4261,lead_spike,account,critical,4,600,8,1
4262,stale_pending_policies,catalog,high,3,12,14,1
4263,unverified_provider,catalog,critical,4,655,16,1
4264,unverified_provider,claims,critical,4,520,17,1
4265,inactive_spike,account,medium,2,26,4,0
4266,reject_rate,account,critical,4,223,24,1
4267,stale_pending_policies,catalog,low,1,472,16,1
4268,other,catalog,low,1,281,5,0
4269,pending_purchases,commerce,high,3,16,24,1
4270,other,catalog,low,1,303,11,0
4271,inactive_spike,catalog,medium,2,675,13,1
4272,rejected_claims_volume,claims,high,3,508,14,1
4273,pending_purchases,commerce,critical,4,28,19,1
4274,claim_burst,account,high,3,774,27,1
4275,claim_burst,account,high,3,38,19,1
4276,reject_rate,claims,critical,4,743,20,0
4277,other,claims,high,3,605,15,1
4278,pending_purchases,commerce,medium,2,575,8,0
4279,stale_pending_policies,catalog,high,3,621,27,0
4280,reject_rate,account,high,3,14,19,1
4281,unverified_provider,commerce,critical,4,8,29,1
4282,duplicate_email,account,medium,2,46,15,1
4283,duplicate_email,catalog,high,3,811,9,1
4284,rejected_claims_volume,claims,high,3,182,11,1
4285,claim_burst,commerce,high,3,853,8,1
4286,inactive_spike,commerce,critical,4,184,16,1
4287,reject_rate,catalog,high,3,395,23,1
4288,duplicate_email,account,high,3,124,20,1
4289,unverified_provider,account,low,1,705,6,0
4290,other,account,critical,4,49,20,1
4291,stale_pending_policies,claims,critical,4,479,25,1
4292,unverified_provider,account,low,1,29,8,0
4293,unverified_provider,claims,medium,2,755,9,1
4294,duplicate_email,commerce,critical,4,4,30,1
4295,duplicate_email,claims,medium,2,260,16,1
4296,stale_pending_policies,commerce,critical,4,150,29,0
4297,claim_burst,commerce,medium,2,533,10,1
4298,pending_purchases,account,high,3,421,28,1
4299,duplicate_email,commerce,medium,2,747,9,1
4300,pending_purchases,catalog,critical,4,384,12,1
4301,pending_purchases,commerce,high,3,11,30,1
4302,rejected_claims_volume,claims,high,3,311,28,1
4303,unverified_provider,commerce,low,1,322,9,0
4304,duplicate_email,catalog,medium,2,689,8,1
4305,inactive_spike,account,critical,4,788,30,1
4306,lead_spike,commerce,critical,4,313,30,1
4307,stale_pending_policies,catalog,high,3,896,13,0
4308,claim_burst,account,high,3,2,11,1
4309,lead_spike,commerce,medium,2,513,13,1
4310,claim_burst,commerce,medium,2,487,9,1
4311,duplicate_email,claims,high,3,317,19,1
4312,reject_rate,catalog,low,1,559,9,0
4313,pending_purchases,commerce,medium,2,14,28,1
4314,unverified_provider,commerce,high,3,19,28,1
4315,lead_spike,commerce,high,3,69,21,1
4316,pending_purchases,claims,high,3,299,9,1
4317,lead_spike,commerce,low,1,62,25,1
4318,claim_burst,claims,high,3,562,11,1
4319,reject_rate,commerce,low,1,706,10,0
4320,duplicate_email,account,medium,2,240,11,1
4321,claim_burst,claims,high,3,477,10,1
4322,inactive_spike,account,critical,4,737,30,1
4323,other,claims,high,3,884,19,1
4324,claim_burst,claims,high,3,188,20,1
4325,inactive_spike,commerce,high,3,48,10,0
4326,lead_spike,commerce,high,3,882,19,1
4327,pending_purchases,account,high,3,797,15,1
4328,stale_pending_policies,catalog,critical,4,94,19,1
4329,unverified_provider,account,critical,4,20,20,1
4330,unverified_provider,catalog,high,3,632,30,1
4331,claim_burst,claims,high,3,818,11,0
4332,unverified_provider,account,low,1,201,6,0
4333,unverified_provider,catalog,critical,4,100,16,1
4334,reject_rate,catalog,medium,2,356,8,0
4335,rejected_claims_volume,account,medium,2,521,10,0
4336,inactive_spike,account,medium,2,357,14,0
4337,duplicate_email,commerce,high,3,656,10,1
4338,other,commerce,medium,2,112,1,1
4339,unverified_provider,commerce,low,1,169,4,0
4340,other,commerce,low,1,95,6,0
4341,duplicate_email,claims,critical,4,274,8,1
4342,inactive_spike,account,critical,4,11,18,1
4343,duplicate_email,account,high,3,1,11,1
4344,reject_rate,account,low,1,536,4,0
4345,claim_burst,claims,high,3,781,26,1
4346,claim_burst,claims,high,3,883,14,1
4347,pending_purchases,account,high,3,2,26,1
4348,claim_burst,claims,high,3,230,19,1
4349,lead_spike,commerce,medium,2,216,24,1
4350,inactive_spike,claims,high,3,813,26,1
4351,rejected_claims_volume,claims,high,3,491,18,1
4352,stale_pending_policies,catalog,critical,4,303,13,1
4353,unverified_provider,claims,low,1,7,10,0
4354,reject_rate,claims,high,3,753,22,1
4355,rejected_claims_volume,claims,medium,2,882,14,1
4356,claim_burst,catalog,high,3,652,12,1
4357,duplicate_email,account,medium,2,826,26,1
4358,lead_spike,commerce,critical,4,550,29,1
4359,claim_burst,catalog,medium,2,279,18,1
4360,lead_spike,claims,critical,4,18,25,1
4361,rejected_claims_volume,claims,high,3,206,14,1
4362,pending_purchases,commerce,medium,2,12,19,1
4363,stale_pending_policies,claims,medium,2,61,14,1
4364,pending_purchases,commerce,medium,2,711,29,1
4365,unverified_provider,claims,critical,4,759,19,1
4366,stale_pending_policies,catalog,medium,2,214,17,1
4367,pending_purchases,account,medium,2,35,24,1
4368,inactive_spike,account,low,1,677,9,0
4369,reject_rate,catalog,critical,4,715,10,1
4370,other,account,high,3,579,23,1
4371,reject_rate,catalog,high,3,641,14,1
4372,pending_purchases,catalog,high,3,688,23,1
4373,lead_spike,account,medium,2,600,16,1
4374,stale_pending_policies,commerce,high,3,68,15,1
4375,reject_rate,claims,high,3,578,16,1
4376,reject_rate,claims,low,1,786,13,1
4377,lead_spike,commerce,critical,4,753,28,1
4378,stale_pending_policies,account,low,1,78,16,1
4379,claim_burst,claims,critical,4,305,29,1
4380,rejected_claims_volume,claims,high,3,181,19,1
4381,claim_burst,claims,high,3,216,15,1
4382,lead_spike,commerce,high,3,662,9,1
4383,lead_spike,account,high,3,54,10,1
4384,lead_spike,claims,high,3,101,18,1
4385,pending_purchases,account,high,3,634,11,1
4386,duplicate_email,account,high,3,123,21,1
4387,reject_rate,catalog,medium,2,578,9,0
4388,lead_spike,commerce,medium,2,183,21,1
4389,other,commerce,low,1,22,9,0
4390,duplicate_email,account,medium,2,23,18,1
4391,reject_rate,commerce,medium,2,86,18,1
4392,inactive_spike,claims,medium,2,603,4,0
4393,lead_spike,commerce,low,1,61,29,1
4394,inactive_spike,account,low,1,848,4,0
4395,claim_burst,claims,high,3,3,17,1
4396,unverified_provider,catalog,medium,2,442,10,0
4397,claim_burst,account,high,3,807,9,1
4398,duplicate_email,catalog,critical,4,145,11,1
4399,reject_rate,catalog,critical,4,689,11,1
4400,rejected_claims_volume,catalog,high,3,658,28,1
4401,reject_rate,catalog,low,1,875,7,0
4402,stale_pending_policies,catalog,low,1,341,18,0
4403,claim_burst,account,high,3,51,20,1
4404,unverified_provider,claims,critical,4,297,12,1
4405,inactive_spike,catalog,medium,2,367,12,1
4406,lead_spike,claims,medium,2,400,14,1
4407,inactive_spike,account,low,1,450,13,1
4408,reject_rate,account,medium,2,322,6,0
4409,inactive_spike,catalog,critical,4,255,20,1
4410,stale_pending_policies,catalog,critical,4,893,25,1
4411,inactive_spike,account,low,1,880,13,1
4412,unverified_provider,catalog,critical,4,162,10,1
4413,rejected_claims_volume,commerce,medium,2,645,22,1
4414,pending_purchases,claims,high,3,756,28,1
4415,lead_spike,catalog,low,1,736,17,1
4416,stale_pending_policies,catalog,low,1,33,8,0
4417,other,catalog,low,1,480,1,0
4418,inactive_spike,account,low,1,17,5,0
4419,unverified_provider,account,high,3,119,25,1
4420,rejected_claims_volume,catalog,high,3,235,29,1
4421,claim_burst,claims,high,3,810,24,1
4422,claim_burst,account,high,3,675,20,1
4423,unverified_provider,account,high,3,778,19,1
4424,inactive_spike,claims,low,1,65,6,0
4425,inactive_spike,account,critical,4,72,30,0
4426,unverified_provider,catalog,low,1,873,5,0
4427,rejected_claims_volume,account,high,3,758,26,1
4428,pending_purchases,commerce,medium,2,21,8,1
4429,reject_rate,account,medium,2,103,17,1
4430,pending_purchases,claims,medium,2,325,12,1
4431,lead_spike,commerce,medium,2,352,11,1
4432,inactive_spike,account,medium,2,785,6,0
4433,other,catalog,medium,2,440,3,0
4434,claim_burst,commerce,high,3,208,11,1
4435,inactive_spike,catalog,critical,4,400,23,1
4436,other,account,high,3,739,19,1
4437,lead_spike,account,high,3,145,25,1
4438,rejected_claims_volume,claims,medium,2,629,20,1
4439,claim_burst,catalog,high,3,542,19,1
4440,inactive_spike,commerce,low,1,43,17,1
4441,pending_purchases,account,medium,2,623,10,0
4442,other,catalog,critical,4,218,11,1
4443,lead_spike,commerce,high,3,520,9,1
4444,duplicate_email,account,medium,2,67,26,1
4445,pending_purchases,commerce,critical,4,82,19,1
4446,lead_spike,commerce,medium,2,791,30,1
4447,stale_pending_policies,catalog,medium,2,570,17,0
4448,reject_rate,claims,high,3,598,22,1
4449,duplicate_email,catalog,medium,2,704,23,1
4450,lead_spike,commerce,high,3,712,27,1
4451,claim_burst,claims,high,3,153,18,1
4452,stale_pending_policies,catalog,high,3,898,24,1
4453,claim_burst,commerce,critical,4,855,15,1
4454,claim_burst,claims,low,1,378,15,0
4455,claim_burst,claims,high,3,427,16,1
4456,rejected_claims_volume,claims,critical,4,868,19,1
4457,pending_purchases,commerce,low,1,14,11,0
4458,lead_spike,commerce,high,3,835,26,1
4459,duplicate_email,account,critical,4,395,26,1
4460,inactive_spike,claims,high,3,540,8,1
4461,claim_burst,claims,high,3,653,10,1
4462,inactive_spike,commerce,low,1,70,14,1
4463,reject_rate,commerce,high,3,461,24,1
4464,duplicate_email,account,high,3,669,22,1
4465,rejected_claims_volume,catalog,medium,2,316,23,1
4466,rejected_claims_volume,commerce,high,3,44,28,1
4467,duplicate_email,catalog,medium,2,58,30,1
4468,rejected_claims_volume,claims,high,3,687,16,1
4469,duplicate_email,catalog,medium,2,161,16,1
4470,lead_spike,commerce,high,3,447,24,1
4471,stale_pending_policies,catalog,medium,2,247,10,0
4472,duplicate_email,claims,medium,2,567,11,1
4473,pending_purchases,catalog,critical,4,299,25,1
4474,pending_purchases,commerce,high,3,9,8,1
4475,reject_rate,catalog,medium,2,640,5,0
4476,lead_spike,account,medium,2,42,9,1
4477,unverified_provider,account,medium,2,127,3,0
4478,rejected_claims_volume,claims,critical,4,335,26,1
4479,pending_purchases,claims,high,3,672,26,0
4480,duplicate_email,catalog,critical,4,85,10,1
4481,inactive_spike,account,high,3,81,29,1
4482,claim_burst,catalog,high,3,517,30,1
4483,duplicate_email,claims,high,3,734,8,1
4484,inactive_spike,commerce,high,3,375,25,1
4485,unverified_provider,account,high,3,476,17,1
4486,pending_purchases,commerce,low,1,772,18,1
4487,unverified_provider,claims,high,3,690,22,1
4488,inactive_spike,account,critical,4,559,10,1
4489,unverified_provider,account,high,3,489,9,1
4490,stale_pending_policies,catalog,high,3,301,15,1
4491,claim_burst,claims,medium,2,672,20,1
4492,other,commerce,low,1,249,6,0
4493,unverified_provider,account,critical,4,508,20,1
4494,rejected_claims_volume,claims,high,3,816,26,0
4495,reject_rate,catalog,critical,4,237,23,1
4496,rejected_claims_volume,claims,low,1,182,26,1
4497,unverified_provider,account,medium,2,586,3,0
4498,stale_pending_policies,account,medium,2,20,6,0
4499,stale_pending_policies,catalog,low,1,157,10,0
4500,rejected_claims_volume,account,high,3,173,17,1
4501,duplicate_email,claims,low,1,471,20,1
4502,other,claims,medium,2,348,5,0
4503,reject_rate,commerce,critical,4,3,21,1
4504,lead_spike,commerce,medium,2,326,13,0
4505,reject_rate,catalog,high,3,110,15,1
4506,stale_pending_policies,catalog,medium,2,491,4,0
4507,stale_pending_policies,account,critical,4,15,16,0
4508,lead_spike,claims,medium,2,345,10,1
4509,lead_spike,account,high,3,95,24,1
4510,unverified_provider,account,low,1,427,12,1
4511,pending_purchases,commerce,medium,2,557,24,1
4512,pending_purchases,commerce,medium,2,111,8,0
4513,pending_purchases,commerce,high,3,380,14,1
4514,stale_pending_policies,catalog,critical,4,586,17,1
4515,rejected_claims_volume,commerce,medium,2,675,16,1
4516,inactive_spike,catalog,critical,4,856,16,1
4517,inactive_spike,account,critical,4,669,16,1
4518,reject_rate,catalog,critical,4,544,25,1
4519,pending_purchases,account,high,3,40,10,1
4520,rejected_claims_volume,account,high,3,348,10,1
4521,reject_rate,account,low,1,638,13,1
4522,other,commerce,critical,4,120,18,1
4523,lead_spike,commerce,high,3,149,20,0
4524,claim_burst,claims,high,3,430,14,1
4525,rejected_claims_volume,claims,medium,2,153,15,1
4526,pending_purchases,claims,medium,2,606,18,1
4527,rejected_claims_volume,catalog,medium,2,88,23,1
4528,other,claims,high,3,529,27,1
4529,stale_pending_policies,catalog,critical,4,331,15,1
4530,rejected_claims_volume,claims,high,3,34,25,1
4531,inactive_spike,claims,low,1,428,10,0
4532,claim_burst,commerce,high,3,11,27,1
4533,stale_pending_policies,commerce,critical,4,164,14,1
4534,pending_purchases,catalog,medium,2,746,20,1
4535,claim_burst,claims,high,3,322,11,1
4536,rejected_claims_volume,account,medium,2,526,11,0
4537,stale_pending_policies,account,medium,2,45,18,0
4538,stale_pending_policies,catalog,high,3,606,16,1
4539,rejected_claims_volume,account,high,3,108,28,1
4540,inactive_spike,account,critical,4,41,23,1
4541,lead_spike,account,medium,2,46,30,1
4542,inactive_spike,catalog,medium,2,63,18,1
4543,pending_purchases,claims,high,3,304,28,0
4544,other,claims,high,3,516,10,1
4545,duplicate_email,claims,high,3,193,21,0
4546,claim_burst,claims,medium,2,862,9,1
4547,rejected_claims_volume,account,high,3,12,18,1
4548,rejected_claims_volume,claims,high,3,434,26,1
4549,pending_purchases,commerce,medium,2,267,20,1
4550,inactive_spike,claims,low,1,590,16,1
4551,claim_burst,claims,critical,4,749,26,1
4552,duplicate_email,account,high,3,10,8,1
4553,duplicate_email,account,critical,4,11,28,1
4554,inactive_spike,catalog,low,1,342,10,1
4555,inactive_spike,account,low,1,680,11,0
4556,stale_pending_policies,catalog,critical,4,117,30,1
4557,unverified_provider,claims,medium,2,856,8,0
4558,stale_pending_policies,catalog,low,1,467,7,0
4559,reject_rate,catalog,low,1,504,8,0
4560,rejected_claims_volume,claims,high,3,796,24,1
4561,pending_purchases,commerce,high,3,422,14,1
4562,other,account,critical,4,163,26,1
4563,lead_spike,claims,critical,4,185,23,1
4564,other,catalog,critical,4,230,27,1
4565,duplicate_email,catalog,high,3,187,11,1
4566,stale_pending_policies,account,high,3,231,29,1
4567,stale_pending_policies,catalog,medium,2,492,12,1
4568,reject_rate,catalog,low,1,34,6,0
4569,other,account,critical,4,542,14,1
4570,other,commerce,critical,4,545,28,1
4571,other,claims,medium,2,665,3,0
4572,duplicate_email,account,medium,2,6,27,1
4573,reject_rate,commerce,medium,2,58,11,0
4574,lead_spike,account,low,1,145,9,1
4575,stale_pending_policies,catalog,medium,2,778,10,0
4576,stale_pending_policies,catalog,medium,2,360,13,1
4577,unverified_provider,claims,high,3,727,21,1
4578,pending_purchases,catalog,medium,2,377,28,1
4579,pending_purchases,commerce,critical,4,64,18,1
4580,reject_rate,account,critical,4,73,23,0
4581,stale_pending_policies,account,medium,2,338,17,1
4582,other,account,low,1,3,3,0
4583,unverified_provider,account,high,3,660,23,1
4584,reject_rate,catalog,medium,2,149,7,0
4585,rejected_claims_volume,claims,low,1,144,13,1
4586,other,claims,low,1,324,7,0
4587,rejected_claims_volume,catalog,medium,2,831,24,1
4588,unverified_provider,account,low,1,687,7,0
4589,duplicate_email,commerce,high,3,13,19,1
4590,inactive_spike,account,high,3,830,25,1
4591,claim_burst,catalog,low,1,130,29,1
4592,lead_spike,catalog,high,3,267,27,1
4593,claim_burst,claims,medium,2,133,9,1
4594,reject_rate,catalog,medium,2,16,17,1
4595,unverified_provider,claims,high,3,784,14,1
4596,lead_spike,catalog,high,3,373,12,1
4597,claim_burst,claims,medium,2,504,20,1
4598,lead_spike,claims,low,1,179,17,1
4599,inactive_spike,catalog,medium,2,183,14,1
4600,lead_spike,commerce,high,3,718,28,1
4601,lead_spike,commerce,medium,2,46,29,1
4602,pending_purchases,catalog,low,1,514,30,1
4603,duplicate_email,account,medium,2,563,25,0
4604,stale_pending_policies,commerce,high,3,269,13,1
4605,inactive_spike,commerce,high,3,19,25,1
4606,inactive_spike,account,critical,4,388,28,1
4607,unverified_provider,commerce,medium,2,593,12,1
4608,duplicate_email,account,critical,4,470,10,1
4609,reject_rate,catalog,critical,4,762,24,1
4610,inactive_spike,account,critical,4,43,17,0
4611,other,claims,medium,2,469,8,1
4612,lead_spike,commerce,critical,4,61,17,1
4613,inactive_spike,commerce,critical,4,487,20,1
4614,claim_burst,commerce,medium,2,15,21,1
4615,pending_purchases,claims,low,1,468,20,1
4616,unverified_provider,account,critical,4,329,29,1
4617,claim_burst,claims,high,3,107,8,1
4618,unverified_provider,account,critical,4,78,30,1
4619,reject_rate,claims,critical,4,853,25,1
4620,duplicate_email,account,high,3,257,11,1
4621,lead_spike,catalog,high,3,572,21,1
4622,other,claims,low,1,449,7,0
4623,lead_spike,claims,critical,4,773,16,1
4624,rejected_claims_volume,catalog,high,3,97,29,1
4625,rejected_claims_volume,catalog,critical,4,795,20,1
4626,claim_burst,catalog,high,3,792,24,1
4627,claim_burst,claims,high,3,758,28,1
4628,unverified_provider,account,medium,2,541,7,0
4629,lead_spike,catalog,medium,2,515,17,1
4630,reject_rate,claims,low,1,827,14,1
4631,reject_rate,commerce,high,3,695,13,1
4632,other,catalog,low,1,80,12,1
4633,unverified_provider,commerce,medium,2,120,4,0
4634,pending_purchases,commerce,medium,2,25,18,0
4635,lead_spike,commerce,high,3,36,30,1
4636,pending_purchases,commerce,high,3,88,19,1
4637,stale_pending_policies,catalog,high,3,573,11,1
4638,rejected_claims_volume,claims,critical,4,307,15,1
4639,duplicate_email,catalog,high,3,318,20,1
4640,other,commerce,medium,2,814,9,0
4641,stale_pending_policies,commerce,high,3,705,11,1
4642,claim_burst,claims,high,3,732,12,0
4643,unverified_provider,commerce,high,3,234,16,1
4644,claim_burst,commerce,high,3,8,11,1
4645,rejected_claims_volume,claims,low,1,577,30,1
4646,stale_pending_policies,claims,medium,2,99,8,0
4647,reject_rate,commerce,critical,4,586,26,1
4648,lead_spike,commerce,low,1,200,23,1
4649,inactive_spike,account,high,3,617,20,1
4650,rejected_claims_volume,claims,high,3,78,25,1
4651,other,catalog,medium,2,135,6,0
4652,reject_rate,claims,critical,4,851,18,0
4653,other,catalog,high,3,752,15,1
4654,inactive_spike,catalog,low,1,898,11,0
4655,reject_rate,account,low,1,498,5,0
4656,duplicate_email,account,medium,2,570,24,1
4657,pending_purchases,account,critical,4,434,13,1
4658,duplicate_email,account,high,3,21,16,1
4659,duplicate_email,commerce,low,1,586,9,1
4660,lead_spike,commerce,medium,2,260,26,1
4661,stale_pending_policies,catalog,high,3,237,15,1
4662,claim_burst,account,critical,4,26,17,1
4663,claim_burst,catalog,high,3,617,16,1
4664,lead_spike,commerce,high,3,414,11,1
4665,stale_pending_policies,catalog,low,1,722,18,1
4666,reject_rate,account,medium,2,682,10,0
4667,claim_burst,claims,high,3,229,17,0
4668,pending_purchases,account,high,3,67,12,1
4669,other,claims,low,1,609,2,0
4670,duplicate_email,account,high,3,326,20,1
4671,reject_rate,commerce,medium,2,440,11,1
4672,claim_burst,catalog,high,3,736,23,1
4673,claim_burst,claims,medium,2,374,11,1
4674,unverified_provider,account,high,3,1,30,1
4675,stale_pending_policies,catalog,low,1,809,13,1
4676,unverified_provider,account,low,1,59,7,0
4677,other,catalog,medium,2,247,8,0
4678,unverified_provider,account,critical,4,216,15,1
4679,other,claims,low,1,893,8,0
4680,lead_spike,account,medium,2,219,9,1
4681,other,claims,critical,4,491,12,1
4682,rejected_claims_volume,commerce,critical,4,3,17,1
4683,claim_burst,claims,low,1,790,12,0
4684,lead_spike,catalog,low,1,216,10,1
4685,duplicate_email,account,high,3,376,15,1
4686,pending_purchases,account,medium,2,19,10,0
4687,unverified_provider,claims,low,1,585,5,0
4688,reject_rate,account,high,3,277,11,1
4689,unverified_provider,commerce,high,3,4,22,0
4690,inactive_spike,account,critical,4,665,25,1
4691,stale_pending_policies,catalog,medium,2,225,7,0
4692,inactive_spike,account,high,3,645,17,1
4693,reject_rate,commerce,medium,2,66,10,0
4694,stale_pending_policies,account,critical,4,398,30,1
4695,inactive_spike,account,high,3,164,26,1
4696,rejected_claims_volume,commerce,medium,2,446,29,1
4697,reject_rate,claims,medium,2,275,5,0
4698,unverified_provider,claims,medium,2,522,4,0
4699,unverified_provider,account,low,1,502,11,0
4700,pending_purchases,commerce,high,3,30,14,1
4701,other,claims,high,3,657,18,1
4702,duplicate_email,catalog,medium,2,117,11,1
4703,pending_purchases,account,critical,4,22,17,1
4704,claim_burst,claims,low,1,361,17,1
4705,stale_pending_policies,catalog,low,1,49,15,1
4706,duplicate_email,account,high,3,339,27,1
4707,unverified_provider,account,low,1,377,6,0
4708,lead_spike,account,high,3,60,24,1
4709,rejected_claims_volume,claims,critical,4,524,27,1
4710,unverified_provider,account,high,3,80,9,1
4711,reject_rate,catalog,low,1,842,18,1
4712,other,account,critical,4,42,24,1
4713,lead_spike,commerce,high,3,559,29,1
4714,lead_spike,commerce,high,3,30,26,0
4715,pending_purchases,commerce,critical,4,486,17,1
4716,duplicate_email,account,critical,4,651,27,1
4717,duplicate_email,account,medium,2,115,24,1
4718,duplicate_email,catalog,high,3,196,20,1
4719,claim_burst,account,low,1,29,15,1
4720,lead_spike,commerce,medium,2,665,23,1
4721,lead_spike,commerce,low,1,229,12,1
4722,inactive_spike,claims,high,3,423,23,1
4723,pending_purchases,claims,low,1,574,13,1
4724,lead_spike,claims,critical,4,717,25,1
4725,claim_burst,claims,medium,2,440,19,1
4726,pending_purchases,claims,medium,2,145,25,1
4727,rejected_claims_volume,catalog,medium,2,69,9,0
4728,pending_purchases,claims,high,3,522,29,1
4729,lead_spike,catalog,critical,4,415,9,1
4730,stale_pending_policies,claims,high,3,186,9,1
4731,reject_rate,account,high,3,724,16,0
4732,lead_spike,commerce,low,1,6,15,1
4733,reject_rate,catalog,medium,2,37,17,1
4734,reject_rate,commerce,critical,4,137,23,1
4735,stale_pending_policies,catalog,low,1,231,16,1
4736,reject_rate,account,high,3,424,27,1
4737,stale_pending_policies,catalog,high,3,714,26,1
4738,duplicate_email,commerce,medium,2,24,23,1
4739,stale_pending_policies,catalog,high,3,35,13,1
4740,reject_rate,catalog,high,3,785,13,1
4741,unverified_provider,account,high,3,123,21,1
4742,inactive_spike,claims,high,3,857,14,1
4743,inactive_spike,account,low,1,22,8,0
4744,stale_pending_policies,catalog,high,3,525,30,1
4745,pending_purchases,account,critical,4,42,10,1
4746,rejected_claims_volume,claims,high,3,763,16,1
4747,stale_pending_policies,claims,high,3,261,14,1
4748,claim_burst,claims,low,1,62,29,1
4749,lead_spike,commerce,medium,2,118,25,0
4750,pending_purchases,claims,high,3,132,19,1
4751,reject_rate,catalog,critical,4,31,24,1
4752,lead_spike,account,low,1,846,18,1
4753,rejected_claims_volume,commerce,high,3,345,18,1
4754,unverified_provider,claims,medium,2,712,2,0
4755,inactive_spike,account,critical,4,54,29,1
4756,duplicate_email,account,critical,4,51,11,1
4757,inactive_spike,account,low,1,177,9,0
4758,reject_rate,commerce,critical,4,25,9,1
4759,claim_burst,commerce,medium,2,876,30,1
4760,stale_pending_policies,account,critical,4,202,18,1
4761,lead_spike,commerce,critical,4,156,20,1
4762,claim_burst,account,low,1,26,19,1
4763,other,catalog,high,3,674,23,1
4764,inactive_spike,commerce,critical,4,501,22,1
4765,duplicate_email,claims,critical,4,310,9,1
4766,other,account,high,3,182,23,1
4767,other,catalog,critical,4,300,9,1
4768,stale_pending_policies,claims,critical,4,212,23,1
4769,unverified_provider,account,critical,4,104,28,1
4770,rejected_claims_volume,account,high,3,103,18,1
4771,duplicate_email,commerce,medium,2,114,13,1
4772,inactive_spike,account,low,1,503,9,0
4773,inactive_spike,claims,low,1,716,13,1
4774,duplicate_email,account,high,3,175,12,1
4775,reject_rate,commerce,high,3,5,20,1
4776,unverified_provider,account,low,1,27,5,0
4777,claim_burst,account,high,3,78,28,1
4778,other,catalog,high,3,798,12,1
4779,rejected_claims_volume,catalog,critical,4,755,16,1
4780,lead_spike,catalog,high,3,802,10,1
4781,reject_rate,commerce,critical,4,38,17,1
4782,pending_purchases,catalog,high,3,721,20,1
4783,duplicate_email,account,critical,4,173,30,1
4784,rejected_claims_volume,claims,medium,2,667,8,0
4785,pending_purchases,catalog,critical,4,4,15,0
4786,inactive_spike,account,critical,4,863,19,1
4787,reject_rate,account,medium,2,777,18,1
4788,stale_pending_policies,claims,critical,4,185,29,1
4789,claim_burst,claims,critical,4,648,13,0
4790,lead_spike,catalog,high,3,292,23,1
4791,pending_purchases,commerce,critical,4,9,10,1
4792,rejected_claims_volume,claims,high,3,92,25,1
4793,claim_burst,claims,critical,4,137,9,1
4794,inactive_spike,commerce,medium,2,652,13,1
4795,rejected_claims_volume,claims,critical,4,846,26,0
4796,pending_purchases,account,high,3,9,14,1
4797,lead_spike,account,high,3,713,9,1
4798,reject_rate,catalog,critical,4,759,28,1
4799,other,commerce,critical,4,62,15,0
4800,rejected_claims_volume,commerce,medium,2,135,29,1
4801,lead_spike,claims,medium,2,597,10,1
4802,duplicate_email,account,critical,4,584,15,1
4803,inactive_spike,claims,medium,2,482,16,1
4804,inactive_spike,account,medium,2,131,18,1
4805,unverified_provider,account,high,3,21,19,1
4806,pending_purchases,commerce,high,3,57,15,1
4807,duplicate_email,account,critical,4,437,20,1
4808,reject_rate,catalog,medium,2,575,6,0
4809,reject_rate,commerce,low,1,4,11,1
4810,pending_purchases,commerce,critical,4,45,12,1
4811,rejected_claims_volume,catalog,high,3,827,14,1
4812,stale_pending_policies,catalog,medium,2,104,16,1
4813,pending_purchases,account,high,3,366,20,1
4814,reject_rate,commerce,low,1,414,13,1
4815,claim_burst,claims,medium,2,243,19,1
4816,stale_pending_policies,catalog,high,3,363,27,1
4817,stale_pending_policies,claims,low,1,401,5,0
4818,pending_purchases,commerce,high,3,806,15,1
4819,lead_spike,commerce,medium,2,59,18,1
4820,lead_spike,claims,medium,2,323,29,1
4821,inactive_spike,account,high,3,23,21,1
4822,claim_burst,account,medium,2,109,26,1
4823,claim_burst,commerce,high,3,176,29,1
4824,pending_purchases,commerce,high,3,30,22,1
4825,pending_purchases,commerce,high,3,480,28,1
4826,rejected_claims_volume,catalog,high,3,181,18,0
4827,other,claims,low,1,528,7,0
4828,pending_purchases,commerce,high,3,144,16,1
4829,unverified_provider,catalog,high,3,806,29,1
4830,duplicate_email,catalog,medium,2,250,26,1
4831,unverified_provider,account,high,3,664,26,1
4832,claim_burst,claims,critical,4,711,10,1
4833,reject_rate,claims,medium,2,627,10,1
4834,stale_pending_policies,account,high,3,6,13,1
4835,pending_purchases,commerce,high,3,256,29,1
4836,lead_spike,commerce,critical,4,28,30,0
4837,lead_spike,catalog,medium,2,636,15,1
4838,lead_spike,claims,medium,2,723,18,1
4839,reject_rate,account,low,1,303,17,1
4840,stale_pending_policies,account,low,1,742,15,1
4841,pending_purchases,commerce,high,3,24,20,1
4842,claim_burst,claims,high,3,771,12,1
4843,lead_spike,commerce,high,3,210,14,1
4844,lead_spike,claims,critical,4,54,9,1
4845,reject_rate,commerce,critical,4,350,29,1
4846,claim_burst,account,high,3,562,17,1
4847,duplicate_email,account,high,3,464,13,1
4848,duplicate_email,claims,medium,2,177,13,1
4849,stale_pending_policies,account,critical,4,530,21,1
4850,reject_rate,catalog,low,1,613,10,0
4851,other,commerce,critical,4,755,16,1
4852,other,account,medium,2,374,2,0
4853,stale_pending_policies,catalog,medium,2,687,12,1
4854,inactive_spike,claims,critical,4,76,11,1
4855,other,catalog,low,1,738,8,0
4856,stale_pending_policies,catalog,high,3,245,16,1
4857,lead_spike,account,medium,2,144,29,0
4858,pending_purchases,commerce,critical,4,22,28,1
4859,unverified_provider,account,critical,4,113,14,1
4860,stale_pending_policies,account,low,1,23,9,0
4861,other,commerce,critical,4,407,30,1
4862,unverified_provider,claims,critical,4,198,18,1
4863,reject_rate,claims,high,3,294,19,1
4864,unverified_provider,account,low,1,94,6,0
4865,lead_spike,commerce,critical,4,19,11,1
4866,duplicate_email,account,critical,4,211,25,1
4867,inactive_spike,commerce,medium,2,1,10,0
4868,claim_burst,commerce,high,3,53,17,1
4869,lead_spike,commerce,high,3,12,20,0
4870,claim_burst,catalog,high,3,896,28,1
4871,unverified_provider,claims,critical,4,314,8,1
4872,claim_burst,claims,high,3,104,14,1
4873,inactive_spike,commerce,low,1,24,5,0
4874,duplicate_email,commerce,high,3,100,24,1
4875,claim_burst,claims,low,1,568,17,1
4876,rejected_claims_volume,claims,critical,4,463,16,0
4877,claim_burst,catalog,high,3,839,13,1
4878,inactive_spike,account,critical,4,664,14,1
4879,stale_pending_policies,catalog,low,1,195,18,1
4880,inactive_spike,catalog,medium,2,272,17,1
4881,reject_rate,commerce,high,3,70,21,0
4882,claim_burst,claims,high,3,72,18,1
4883,pending_purchases,catalog,high,3,113,18,1
4884,pending_purchases,commerce,high,3,47,24,1
4885,unverified_provider,commerce,high,3,132,23,1
4886,pending_purchases,account,high,3,802,8,1
4887,stale_pending_policies,claims,medium,2,434,7,0
4888,pending_purchases,catalog,high,3,452,18,1
4889,duplicate_email,commerce,high,3,82,24,1
4890,pending_purchases,commerce,low,1,114,28,1
4891,rejected_claims_volume,claims,medium,2,415,23,1
4892,rejected_claims_volume,claims,medium,2,674,15,0
4893,pending_purchases,commerce,medium,2,328,28,1
4894,unverified_provider,claims,medium,2,444,2,0
4895,rejected_claims_volume,claims,high,3,241,24,1
4896,unverified_provider,claims,medium,2,153,5,0
4897,inactive_spike,account,medium,2,7,14,1
4898,inactive_spike,claims,medium,2,740,6,0
4899,duplicate_email,claims,medium,2,202,27,1
4900,reject_rate,account,high,3,287,9,0
4901,pending_purchases,account,medium,2,74,17,0
4902,reject_rate,catalog,medium,2,487,9,0
4903,pending_purchases,commerce,high,3,695,10,1
4904,inactive_spike,account,medium,2,405,9,0
4905,lead_spike,commerce,medium,2,85,8,1
4906,pending_purchases,catalog,medium,2,66,15,1
4907,pending_purchases,account,critical,4,19,24,1
4908,rejected_claims_volume,claims,medium,2,436,18,1
4909,inactive_spike,claims,low,1,616,10,0
4910,lead_spike,commerce,high,3,2,18,1
4911,unverified_provider,commerce,critical,4,867,20,1
4912,stale_pending_policies,catalog,critical,4,895,18,1
4913,duplicate_email,commerce,high,3,52,8,1
4914,unverified_provider,account,high,3,228,15,1
4915,stale_pending_policies,claims,medium,2,588,12,1
4916,pending_purchases,commerce,critical,4,105,22,1
4917,other,commerce,low,1,877,12,1
4918,unverified_provider,catalog,critical,4,784,25,1
4919,pending_purchases,claims,medium,2,315,28,1
4920,stale_pending_policies,catalog,high,3,463,13,1
4921,inactive_spike,account,low,1,30,7,0
4922,rejected_claims_volume,account,high,3,34,12,1
4923,unverified_provider,account,critical,4,575,18,1
4924,claim_burst,claims,medium,2,586,21,1
4925,reject_rate,commerce,medium,2,7,11,0
4926,pending_purchases,claims,critical,4,27,9,1
4927,claim_burst,claims,critical,4,116,10,1
4928,duplicate_email,commerce,high,3,7,25,1
4929,claim_burst,account,high,3,133,13,1
4930,inactive_spike,catalog,low,1,757,17,1
4931,lead_spike,commerce,medium,2,161,22,1
4932,lead_spike,claims,high,3,143,8,1
4933,lead_spike,catalog,critical,4,634,28,1
4934,other,catalog,medium,2,68,4,0
4935,duplicate_email,claims,high,3,41,25,1
4936,duplicate_email,commerce,medium,2,637,20,1
4937,stale_pending_policies,account,critical,4,225,26,1
4938,inactive_spike,account,medium,2,225,5,0
4939,claim_burst,commerce,high,3,674,20,1
4940,duplicate_email,account,medium,2,854,12,1
4941,rejected_claims_volume,catalog,high,3,55,20,1
4942,unverified_provider,account,low,1,5,2,0
4943,lead_spike,claims,high,3,100,9,1
4944,reject_rate,claims,medium,2,585,7,0
4945,claim_burst,claims,high,3,471,15,1
4946,rejected_claims_volume,claims,medium,2,335,21,1
4947,rejected_claims_volume,account,medium,2,402,11,0
4948,reject_rate,commerce,medium,2,783,16,1
4949,duplicate_email,catalog,critical,4,783,30,1
4950,rejected_claims_volume,commerce,high,3,115,28,1
4951,inactive_spike,claims,medium,2,12,17,1
4952,lead_spike,commerce,critical,4,695,8,1
4953,lead_spike,claims,critical,4,192,24,1
4954,unverified_provider,catalog,critical,4,850,30,1
4955,unverified_provider,commerce,critical,4,16,20,1
4956,duplicate_email,account,high,3,401,10,1
4957,duplicate_email,account,high,3,324,19,1
4958,reject_rate,commerce,medium,2,143,17,0
4959,reject_rate,commerce,high,3,37,12,1
4960,rejected_claims_volume,commerce,high,3,760,10,1
4961,stale_pending_policies,catalog,medium,2,80,9,0
4962,reject_rate,catalog,high,3,130,13,1
4963,duplicate_email,account,high,3,14,17,1
4964,lead_spike,catalog,high,3,367,21,1
4965,reject_rate,commerce,low,1,21,8,0
4966,claim_burst,claims,high,3,476,18,1
4967,rejected_claims_volume,claims,high,3,421,20,1
4968,unverified_provider,account,low,1,165,8,0
4969,stale_pending_policies,commerce,medium,2,766,12,1
4970,unverified_provider,commerce,low,1,604,9,1
4971,claim_burst,commerce,high,3,330,20,1
4972,pending_purchases,commerce,high,3,496,17,1
4973,claim_burst,claims,low,1,803,11,1
4974,duplicate_email,account,high,3,349,28,1
4975,stale_pending_policies,catalog,high,3,324,21,1
4976,duplicate_email,account,high,3,23,11,1
4977,rejected_claims_volume,catalog,high,3,521,14,1
4978,stale_pending_policies,claims,low,1,398,18,1
4979,lead_spike,commerce,high,3,63,20,1
4980,reject_rate,catalog,low,1,90,11,0
4981,claim_burst,claims,medium,2,146,20,1
4982,rejected_claims_volume,commerce,high,3,682,11,1
4983,rejected_claims_volume,commerce,critical,4,88,18,1
4984,inactive_spike,catalog,critical,4,744,8,1
4985,lead_spike,account,critical,4,82,25,1
4986,duplicate_email,account,critical,4,59,17,1
4987,pending_purchases,commerce,medium,2,121,16,1
4988,other,commerce,critical,4,76,8,1
4989,claim_burst,claims,high,3,157,8,1
4990,claim_burst,catalog,medium,2,531,28,1
4991,lead_spike,account,critical,4,615,11,1
4992,rejected_claims_volume,claims,medium,2,345,17,1
4993,lead_spike,commerce,critical,4,311,11,1
4994,claim_burst,account,critical,4,147,27,1
4995,stale_pending_policies,commerce,low,1,12,6,0
4996,other,account,medium,2,15,12,1
4997,other,claims,high,3,57,30,1
4998,rejected_claims_volume,catalog,low,1,452,11,0
4999,lead_spike,account,critical,4,651,10,1
5000,other,catalog,low,1,743,1,0
5001,stale_pending_policies,catalog,medium,2,851,14,1
5002,lead_spike,claims,critical,4,12,24,1
5003,rejected_claims_volume,claims,high,3,171,11,1
5004,claim_burst,claims,critical,4,265,16,1
5005,inactive_spike,account,critical,4,48,8,1
5006,lead_spike,account,critical,4,431,22,1
5007,pending_purchases,commerce,high,3,5,20,1
5008,duplicate_email,catalog,high,3,601,27,1
5009,lead_spike,claims,critical,4,143,26,1
5010,rejected_claims_volume,claims,medium,2,858,26,1
5011,duplicate_email,claims,critical,4,749,15,1
5012,inactive_spike,account,critical,4,642,13,0
5013,reject_rate,account,high,3,893,25,1
5014,other,account,critical,4,67,23,1
5015,inactive_spike,account,low,1,133,15,1
5016,pending_purchases,commerce,low,1,841,12,1
5017,rejected_claims_volume,claims,medium,2,441,18,1
5018,rejected_claims_volume,claims,high,3,340,27,1
5019,reject_rate,catalog,critical,4,823,11,1
5020,inactive_spike,account,low,1,1,12,1
5021,inactive_spike,account,high,3,20,24,1
5022,pending_purchases,claims,medium,2,540,26,1
5023,inactive_spike,commerce,medium,2,86,11,0
5024,stale_pending_policies,claims,high,3,486,27,1
5025,lead_spike,commerce,high,3,111,24,1
5026,stale_pending_policies,catalog,critical,4,627,10,1
5027,reject_rate,commerce,high,3,241,22,1
5028,lead_spike,account,medium,2,198,11,1
5029,inactive_spike,account,medium,2,633,9,0
5030,rejected_claims_volume,claims,medium,2,546,14,1
5031,claim_burst,catalog,low,1,517,30,1
5032,lead_spike,commerce,high,3,575,10,1
5033,claim_burst,claims,high,3,235,18,1
5034,claim_burst,account,low,1,39,10,1
5035,pending_purchases,commerce,critical,4,468,30,1
5036,rejected_claims_volume,catalog,critical,4,441,18,1
5037,inactive_spike,claims,critical,4,736,28,1
5038,inactive_spike,commerce,medium,2,53,6,0
5039,claim_burst,commerce,low,1,863,19,1
5040,stale_pending_policies,account,high,3,554,13,1
5041,pending_purchases,commerce,critical,4,2,26,1
5042,inactive_spike,account,low,1,841,18,1
5043,lead_spike,catalog,high,3,348,13,1
5044,claim_burst,claims,critical,4,197,21,1
5045,unverified_provider,claims,low,1,841,2,0
5046,duplicate_email,account,critical,4,766,14,1
5047,reject_rate,catalog,medium,2,65,18,1
5048,rejected_claims_volume,account,critical,4,30,9,1
5049,lead_spike,catalog,critical,4,501,14,1
5050,stale_pending_policies,catalog,high,3,494,20,1
5051,rejected_claims_volume,claims,medium,2,402,8,0
5052,unverified_provider,account,low,1,702,8,0
5053,reject_rate,catalog,low,1,866,14,1
5054,claim_burst,catalog,critical,4,288,18,1
5055,stale_pending_policies,account,high,3,398,19,1
5056,pending_purchases,commerce,critical,4,170,19,1
5057,unverified_provider,account,medium,2,71,3,0
5058,stale_pending_policies,account,low,1,35,12,1
5059,other,account,high,3,25,30,1
5060,reject_rate,account,high,3,196,19,1
5061,reject_rate,claims,high,3,109,24,1
5062,duplicate_email,account,critical,4,883,14,1
5063,unverified_provider,account,high,3,263,30,1
5064,lead_spike,claims,critical,4,203,12,1
5065,claim_burst,commerce,medium,2,67,21,1
5066,pending_purchases,account,medium,2,458,19,1
5067,lead_spike,commerce,high,3,853,19,1
5068,lead_spike,claims,critical,4,277,13,1
5069,inactive_spike,claims,low,1,162,16,1
5070,claim_burst,commerce,critical,4,13,9,1
5071,claim_burst,account,high,3,260,10,1
5072,inactive_spike,catalog,critical,4,566,27,1
5073,lead_spike,commerce,medium,2,156,10,0
5074,lead_spike,commerce,medium,2,400,25,0
5075,lead_spike,commerce,high,3,669,19,1
5076,lead_spike,claims,high,3,817,13,0
5077,rejected_claims_volume,claims,critical,4,88,23,1
5078,unverified_provider,claims,high,3,803,22,1
5079,lead_spike,catalog,critical,4,368,26,1
5080,pending_purchases,commerce,low,1,70,8,0
5081,claim_burst,catalog,high,3,124,8,0
5082,duplicate_email,claims,high,3,668,26,1
5083,duplicate_email,commerce,low,1,649,8,1
5084,duplicate_email,account,high,3,37,22,1
5085,lead_spike,claims,high,3,194,16,1
5086,rejected_claims_volume,catalog,low,1,713,22,1
5087,inactive_spike,claims,low,1,678,4,0
5088,unverified_provider,commerce,high,3,263,25,1
5089,pending_purchases,account,critical,4,808,29,1
5090,pending_purchases,commerce,high,3,650,26,0
5091,reject_rate,commerce,low,1,50,13,1
5092,inactive_spike,account,high,3,70,28,1
5093,unverified_provider,commerce,critical,4,586,21,1
5094,claim_burst,claims,high,3,698,10,0
5095,lead_spike,catalog,low,1,865,24,1
5096,duplicate_email,claims,high,3,542,19,1
5097,stale_pending_policies,catalog,low,1,588,9,0
5098,reject_rate,claims,medium,2,204,9,0
5099,rejected_claims_volume,claims,high,3,766,16,1
5100,claim_burst,claims,critical,4,89,20,1
5101,unverified_provider,claims,medium,2,802,11,0
5102,claim_burst,claims,high,3,661,27,1
5103,stale_pending_policies,commerce,low,1,5,15,1
5104,stale_pending_policies,commerce,critical,4,96,12,0
5105,rejected_claims_volume,claims,critical,4,336,24,1
5106,claim_burst,catalog,high,3,151,25,1
5107,unverified_provider,account,high,3,99,10,1
5108,other,commerce,medium,2,135,6,0
5109,duplicate_email,commerce,high,3,828,20,1
5110,pending_purchases,catalog,medium,2,510,24,1
5111,inactive_spike,claims,low,1,550,18,1
5112,inactive_spike,commerce,critical,4,170,28,0
5113,reject_rate,catalog,high,3,4,29,1
5114,unverified_provider,catalog,low,1,460,3,1
5115,unverified_provider,account,low,1,323,10,0
5116,rejected_claims_volume,claims,medium,2,715,11,0
5117,claim_burst,catalog,high,3,9,15,1
5118,claim_burst,claims,medium,2,100,30,1
5119,pending_purchases,commerce,medium,2,669,18,1
5120,reject_rate,catalog,medium,2,174,8,0
5121,claim_burst,catalog,high,3,151,26,1
5122,stale_pending_policies,catalog,critical,4,483,25,1
5123,lead_spike,catalog,high,3,706,26,1
5124,rejected_claims_volume,claims,critical,4,578,19,1
5125,lead_spike,catalog,high,3,646,15,1
5126,stale_pending_policies,claims,low,1,286,15,1
5127,reject_rate,commerce,medium,2,420,15,1
5128,inactive_spike,claims,critical,4,828,23,1
5129,pending_purchases,account,low,1,796,22,1
5130,other,catalog,critical,4,334,26,0
5131,lead_spike,claims,critical,4,465,24,1
5132,rejected_claims_volume,claims,critical,4,445,29,1
5133,reject_rate,catalog,low,1,367,15,1
5134,lead_spike,catalog,critical,4,12,27,0
5135,reject_rate,commerce,critical,4,157,22,1
5136,lead_spike,claims,low,1,237,21,1
5137,reject_rate,account,low,1,88,10,0
5138,inactive_spike,claims,high,3,678,8,1
5139,other,claims,medium,2,436,3,0
5140,inactive_spike,account,low,1,161,17,1
5141,pending_purchases,commerce,medium,2,47,29,1
5142,unverified_provider,claims,high,3,490,19,1
5143,inactive_spike,catalog,critical,4,678,17,1
5144,claim_burst,claims,critical,4,568,25,1
5145,stale_pending_policies,claims,critical,4,874,17,1
5146,duplicate_email,account,low,1,55,13,1
5147,inactive_spike,claims,medium,2,690,6,0
5148,lead_spike,catalog,high,3,47,18,1
5149,duplicate_email,account,critical,4,2,12,1
5150,stale_pending_policies,catalog,high,3,280,19,1
5151,lead_spike,account,critical,4,637,19,0
5152,lead_spike,catalog,high,3,120,19,1
5153,duplicate_email,account,high,3,662,17,1
5154,inactive_spike,account,low,1,823,17,1
5155,lead_spike,commerce,critical,4,481,14,0
5156,unverified_provider,claims,low,1,382,5,0
5157,inactive_spike,claims,low,1,208,9,0
5158,claim_burst,catalog,high,3,629,23,1
5159,reject_rate,catalog,medium,2,135,16,1
5160,other,catalog,critical,4,358,15,1
5161,stale_pending_policies,catalog,low,1,159,11,0
5162,rejected_claims_volume,account,critical,4,43,26,1
5163,rejected_claims_volume,claims,medium,2,644,23,1
5164,reject_rate,commerce,medium,2,103,9,0
5165,rejected_claims_volume,account,high,3,324,20,1
5166,inactive_spike,commerce,high,3,36,8,1
5167,lead_spike,catalog,critical,4,729,11,1
5168,duplicate_email,catalog,medium,2,49,14,1
5169,inactive_spike,claims,low,1,445,5,0
5170,reject_rate,claims,low,1,688,6,0
5171,reject_rate,catalog,high,3,97,8,1
5172,rejected_claims_volume,claims,critical,4,70,15,1
5173,inactive_spike,commerce,high,3,728,10,1
5174,reject_rate,catalog,high,3,821,17,1
5175,unverified_provider,claims,high,3,571,18,1
5176,stale_pending_policies,commerce,medium,2,28,6,1
5177,duplicate_email,commerce,critical,4,7,21,1
5178,lead_spike,catalog,high,3,70,24,1
5179,rejected_claims_volume,claims,critical,4,88,11,1
5180,reject_rate,account,critical,4,4,28,1
5181,unverified_provider,account,critical,4,49,28,1
5182,rejected_claims_volume,account,medium,2,597,11,0
5183,lead_spike,claims,medium,2,161,22,1
5184,other,catalog,critical,4,168,30,1
5185,stale_pending_policies,account,high,3,858,16,0
5186,unverified_provider,account,critical,4,47,19,1
5187,duplicate_email,account,high,3,18,19,1
5188,unverified_provider,catalog,high,3,783,13,1
5189,lead_spike,commerce,high,3,707,9,1
5190,rejected_claims_volume,claims,critical,4,9,21,0
5191,reject_rate,commerce,low,1,738,8,0
5192,stale_pending_policies,catalog,high,3,353,9,1
5193,unverified_provider,account,high,3,469,26,1
5194,stale_pending_policies,catalog,high,3,893,11,1
5195,stale_pending_policies,catalog,high,3,211,25,1
5196,lead_spike,account,high,3,136,16,1
5197,inactive_spike,commerce,high,3,128,22,1
5198,rejected_claims_volume,claims,low,1,698,16,1
5199,inactive_spike,account,low,1,271,5,0
5200,duplicate_email,account,high,3,287,27,1
5201,lead_spike,claims,critical,4,254,12,1
5202,unverified_provider,commerce,critical,4,4,21,1
5203,lead_spike,claims,critical,4,879,29,1
5204,claim_burst,claims,medium,2,590,17,1
5205,duplicate_email,account,medium,2,54,10,1
5206,reject_rate,catalog,medium,2,760,9,0
5207,pending_purchases,claims,high,3,884,18,1
5208,other,catalog,high,3,382,16,0
5209,claim_burst,claims,medium,2,561,26,1
5210,claim_burst,catalog,low,1,650,23,1
5211,lead_spike,account,critical,4,696,10,1
5212,reject_rate,commerce,medium,2,467,11,0
5213,lead_spike,commerce,critical,4,2,9,1
5214,stale_pending_policies,commerce,low,1,72,10,0
5215,reject_rate,catalog,low,1,620,11,0
5216,rejected_claims_volume,claims,medium,2,506,16,1
5217,claim_burst,commerce,high,3,37,28,1
5218,unverified_provider,account,high,3,416,17,1
5219,reject_rate,catalog,low,1,195,6,0
5220,inactive_spike,catalog,medium,2,291,7,1
5221,rejected_claims_volume,catalog,critical,4,54,13,1
5222,duplicate_email,claims,high,3,817,21,1
5223,lead_spike,catalog,high,3,233,14,1
5224,duplicate_email,catalog,high,3,285,17,1
5225,claim_burst,claims,high,3,688,25,1
5226,stale_pending_policies,claims,critical,4,274,28,1
5227,reject_rate,catalog,high,3,846,12,1
5228,pending_purchases,claims,high,3,821,8,1
5229,unverified_provider,catalog,medium,2,276,11,0
5230,claim_burst,catalog,high,3,405,20,1
5231,reject_rate,catalog,critical,4,339,9,1
5232,duplicate_email,catalog,medium,2,831,30,1
5233,stale_pending_policies,catalog,medium,2,153,14,1
5234,rejected_claims_volume,catalog,critical,4,870,26,1
5235,other,account,high,3,27,16,1
5236,stale_pending_policies,account,high,3,6,13,1
5237,rejected_claims_volume,catalog,high,3,336,14,1
5238,unverified_provider,catalog,low,1,770,11,1
5239,unverified_provider,claims,critical,4,95,17,0
5240,inactive_spike,account,critical,4,857,25,1
5241,claim_burst,claims,medium,2,155,23,1
5242,claim_burst,claims,high,3,571,12,1
5243,stale_pending_policies,catalog,low,1,762,11,0
5244,duplicate_email,account,critical,4,472,28,1
5245,unverified_provider,account,low,1,515,4,0
5246,rejected_claims_volume,commerce,critical,4,879,30,1
5247,pending_purchases,catalog,high,3,589,16,1
5248,other,account,high,3,12,11,1
5249,stale_pending_policies,catalog,medium,2,845,10,0
5250,claim_burst,account,critical,4,74,9,1
5251,pending_purchases,catalog,low,1,780,30,1
5252,other,catalog,critical,4,868,11,1
5253,other,commerce,medium,2,652,7,0
5254,reject_rate,catalog,high,3,306,17,1
5255,duplicate_email,claims,low,1,400,30,1
5256,stale_pending_policies,catalog,high,3,800,17,1
5257,stale_pending_policies,catalog,medium,2,682,17,1
5258,inactive_spike,catalog,low,1,794,14,1
5259,inactive_spike,catalog,high,3,659,16,1
5260,pending_purchases,account,medium,2,87,16,1
5261,rejected_claims_volume,account,critical,4,852,17,1
5262,pending_purchases,commerce,critical,4,200,23,1
5263,lead_spike,claims,critical,4,171,24,1
5264,lead_spike,account,high,3,755,18,1
5265,claim_burst,claims,critical,4,608,19,1
5266,stale_pending_policies,commerce,high,3,452,25,0
5267,other,claims,high,3,477,27,1
5268,stale_pending_policies,catalog,critical,4,305,15,1
5269,stale_pending_policies,claims,critical,4,681,18,1
5270,lead_spike,commerce,medium,2,758,11,1
5271,stale_pending_policies,claims,medium,2,218,11,0
5272,pending_purchases,claims,medium,2,746,17,1
5273,claim_burst,claims,medium,2,762,19,1
5274,stale_pending_policies,commerce,critical,4,95,14,1
5275,unverified_provider,commerce,low,1,195,9,0
5276,unverified_provider,commerce,critical,4,356,28,1
5277,stale_pending_policies,claims,low,1,894,11,0
5278,inactive_spike,account,low,1,1,13,1
5279,reject_rate,claims,medium,2,377,9,0
5280,rejected_claims_volume,commerce,high,3,106,16,1
5281,stale_pending_policies,commerce,medium,2,173,11,0
5282,pending_purchases,commerce,high,3,74,17,1
5283,pending_purchases,commerce,high,3,35,17,1
5284,claim_burst,commerce,high,3,109,17,1
5285,inactive_spike,account,medium,2,169,8,0
5286,claim_burst,claims,critical,4,786,16,1
5287,claim_burst,catalog,high,3,87,28,1
5288,claim_burst,account,medium,2,252,26,1
5289,duplicate_email,account,medium,2,89,26,1
5290,stale_pending_policies,catalog,low,1,31,16,1
5291,other,claims,high,3,848,16,1
5292,unverified_provider,catalog,high,3,26,29,0
5293,pending_purchases,claims,medium,2,471,14,1
5294,other,claims,critical,4,759,30,1
5295,rejected_claims_volume,account,medium,2,747,8,0
5296,inactive_spike,claims,medium,2,610,5,0
5297,claim_burst,account,high,3,399,11,1
5298,other,claims,low,1,228,4,0
5299,inactive_spike,catalog,high,3,482,27,1
5300,other,catalog,low,1,880,7,0
5301,duplicate_email,account,high,3,99,23,1
5302,duplicate_email,account,critical,4,71,16,1
5303,other,commerce,medium,2,47,12,1
5304,reject_rate,catalog,low,1,167,12,1
5305,reject_rate,commerce,low,1,373,18,1
5306,inactive_spike,claims,medium,2,786,17,1
5307,unverified_provider,account,high,3,457,22,1
5308,other,account,high,3,133,11,1
5309,inactive_spike,account,critical,4,187,13,1
5310,lead_spike,commerce,critical,4,169,26,1
5311,claim_burst,claims,high,3,169,27,1
5312,reject_rate,claims,high,3,485,15,1
5313,stale_pending_policies,catalog,low,1,617,12,1
5314,rejected_claims_volume,claims,high,3,608,19,1
5315,claim_burst,catalog,high,3,653,18,1
5316,pending_purchases,commerce,critical,4,324,10,1
5317,other,account,low,1,2,9,0
5318,stale_pending_policies,account,low,1,13,16,1
5319,reject_rate,claims,medium,2,558,13,1
5320,reject_rate,catalog,medium,2,401,6,0
5321,duplicate_email,account,critical,4,21,15,1
5322,duplicate_email,claims,high,3,207,8,1
5323,stale_pending_policies,commerce,low,1,69,18,1
5324,inactive_spike,claims,high,3,612,20,1
5325,pending_purchases,commerce,critical,4,60,24,1
5326,pending_purchases,account,high,3,741,9,1
5327,duplicate_email,catalog,critical,4,880,17,1
5328,reject_rate,commerce,critical,4,72,22,1
5329,rejected_claims_volume,commerce,critical,4,59,9,1
5330,pending_purchases,catalog,medium,2,716,21,1
5331,other,commerce,low,1,7,2,0
5332,claim_burst,account,medium,2,730,21,1
5333,duplicate_email,catalog,medium,2,255,19,1
5334,reject_rate,account,low,1,455,4,0
5335,lead_spike,catalog,critical,4,361,25,1
5336,inactive_spike,catalog,low,1,823,17,1
5337,duplicate_email,claims,high,3,717,28,1
5338,claim_burst,account,critical,4,39,16,1
5339,reject_rate,claims,low,1,737,12,1
5340,reject_rate,account,critical,4,867,14,1
5341,inactive_spike,commerce,medium,2,674,5,0
5342,rejected_claims_volume,claims,medium,2,591,20,1
5343,lead_spike,claims,critical,4,89,27,1
5344,rejected_claims_volume,claims,high,3,65,17,1
5345,claim_burst,account,high,3,540,28,1
5346,lead_spike,commerce,critical,4,161,12,1
5347,lead_spike,commerce,critical,4,458,24,0
5348,claim_burst,claims,critical,4,602,9,0
5349,pending_purchases,account,high,3,333,8,1
5350,reject_rate,catalog,high,3,620,9,1
5351,claim_burst,claims,critical,4,861,13,1
5352,lead_spike,commerce,high,3,154,16,1
5353,inactive_spike,claims,low,1,192,9,0
5354,rejected_claims_volume,claims,high,3,381,23,1
5355,duplicate_email,catalog,critical,4,335,24,1
5356,claim_burst,claims,critical,4,90,24,1
5357,rejected_claims_volume,catalog,critical,4,329,18,1
5358,other,commerce,low,1,63,6,0
5359,stale_pending_policies,catalog,high,3,658,26,1
5360,lead_spike,commerce,high,3,293,29,1
5361,unverified_provider,account,critical,4,514,12,1
5362,rejected_claims_volume,commerce,high,3,788,28,1
5363,duplicate_email,account,high,3,112,30,1
5364,claim_burst,claims,high,3,736,29,1
5365,reject_rate,catalog,critical,4,898,29,1
5366,lead_spike,commerce,high,3,872,17,1
5367,pending_purchases,catalog,critical,4,773,26,1
5368,reject_rate,claims,high,3,314,14,1
5369,inactive_spike,account,low,1,15,5,0
5370,other,commerce,critical,4,608,25,1
5371,unverified_provider,account,low,1,564,11,0
5372,rejected_claims_volume,claims,high,3,203,8,1
5373,duplicate_email,account,high,3,516,21,1
5374,lead_spike,catalog,low,1,303,18,1
5375,lead_spike,commerce,critical,4,317,16,1
5376,claim_burst,claims,high,3,323,16,1
5377,rejected_claims_volume,account,high,3,262,13,1
5378,rejected_claims_volume,claims,high,3,730,30,1
5379,inactive_spike,account,critical,4,880,21,1
5380,pending_purchases,commerce,low,1,261,17,1
5381,unverified_provider,catalog,critical,4,484,29,1
5382,stale_pending_policies,catalog,critical,4,745,16,1
5383,unverified_provider,account,low,1,801,4,1
5384,other,claims,low,1,486,2,0
5385,pending_purchases,commerce,high,3,185,17,1
5386,duplicate_email,account,low,1,14,26,1
5387,pending_purchases,account,high,3,460,19,1
5388,other,commerce,critical,4,20,15,1
5389,rejected_claims_volume,claims,critical,4,822,12,1
5390,pending_purchases,commerce,high,3,779,15,1
5391,unverified_provider,account,low,1,21,12,1
5392,stale_pending_policies,account,critical,4,748,15,1
5393,other,catalog,critical,4,480,10,1
5394,other,account,medium,2,263,3,0
5395,other,commerce,high,3,649,15,1
5396,unverified_provider,claims,low,1,214,9,0
5397,rejected_claims_volume,account,high,3,13,27,1
5398,reject_rate,claims,high,3,390,20,1
5399,lead_spike,commerce,high,3,136,17,1
5400,pending_purchases,claims,medium,2,876,23,1
5401,duplicate_email,commerce,medium,2,608,24,1
5402,inactive_spike,catalog,high,3,241,29,1
5403,inactive_spike,catalog,low,1,576,8,0
5404,duplicate_email,claims,high,3,868,27,1
5405,stale_pending_policies,claims,medium,2,604,6,0
5406,lead_spike,catalog,high,3,24,21,0
5407,claim_burst,commerce,high,3,309,9,1
5408,other,claims,high,3,422,12,1
5409,inactive_spike,account,low,1,27,5,0
5410,duplicate_email,catalog,high,3,129,28,1
5411,pending_purchases,commerce,high,3,641,10,1
5412,duplicate_email,claims,high,3,809,30,1
5413,inactive_spike,account,high,3,204,16,1
5414,pending_purchases,account,critical,4,234,21,1
5415,duplicate_email,account,critical,4,168,11,1
5416,claim_burst,account,low,1,407,30,0
5417,pending_purchases,commerce,critical,4,66,26,1
5418,claim_burst,claims,high,3,39,27,1
5419,inactive_spike,account,high,3,653,11,1
5420,duplicate_email,catalog,medium,2,525,15,1
5421,rejected_claims_volume,account,medium,2,694,16,1
5422,claim_burst,commerce,medium,2,27,15,1
5423,inactive_spike,commerce,low,1,1,9,0
5424,reject_rate,claims,critical,4,732,21,1
5425,pending_purchases,commerce,high,3,512,16,1
5426,rejected_claims_volume,claims,medium,2,518,14,1
5427,reject_rate,catalog,medium,2,705,5,0
5428,lead_spike,catalog,high,3,567,29,0
5429,unverified_provider,account,critical,4,155,29,1
5430,reject_rate,claims,low,1,139,11,0
5431,inactive_spike,account,critical,4,507,14,1
5432,pending_purchases,claims,critical,4,421,24,1
5433,claim_burst,catalog,medium,2,705,8,1
5434,pending_purchases,catalog,critical,4,220,30,1
5435,inactive_spike,catalog,critical,4,564,26,1
5436,inactive_spike,account,medium,2,675,12,1
5437,unverified_provider,commerce,low,1,692,7,0
5438,duplicate_email,catalog,medium,2,770,14,1
5439,lead_spike,catalog,high,3,433,24,0
5440,stale_pending_policies,account,medium,2,892,13,1
5441,rejected_claims_volume,account,high,3,237,11,1
5442,reject_rate,catalog,low,1,79,10,0
5443,inactive_spike,account,low,1,169,7,0
5444,stale_pending_policies,commerce,medium,2,869,8,0
5445,stale_pending_policies,claims,medium,2,334,6,0
5446,rejected_claims_volume,claims,high,3,682,30,1
5447,pending_purchases,account,high,3,360,12,1
5448,unverified_provider,account,medium,2,54,2,0
5449,claim_burst,commerce,high,3,446,11,1
5450,pending_purchases,account,high,3,80,12,1
5451,lead_spike,claims,medium,2,870,24,1
5452,unverified_provider,commerce,critical,4,674,21,1
5453,unverified_provider,catalog,high,3,615,9,1
5454,duplicate_email,commerce,high,3,543,9,1
5455,reject_rate,catalog,high,3,89,12,1
5456,duplicate_email,claims,critical,4,728,13,1
5457,stale_pending_policies,claims,low,1,192,18,1
5458,stale_pending_policies,account,medium,2,467,7,0
5459,stale_pending_policies,commerce,low,1,783,13,1
5460,duplicate_email,account,critical,4,259,15,1
5461,claim_burst,claims,high,3,433,30,1
5462,claim_burst,claims,medium,2,322,28,1
5463,lead_spike,account,medium,2,39,24,0
5464,inactive_spike,account,critical,4,89,14,1
5465,inactive_spike,catalog,critical,4,520,22,1
5466,rejected_claims_volume,commerce,high,3,277,26,1
5467,inactive_spike,account,critical,4,739,24,1
5468,duplicate_email,account,low,1,434,23,1
5469,stale_pending_policies,account,high,3,165,24,1
5470,claim_burst,account,critical,4,13,17,1
5471,duplicate_email,catalog,low,1,172,24,1
5472,unverified_provider,claims,low,1,496,2,0
5473,lead_spike,account,high,3,628,11,1
5474,reject_rate,catalog,medium,2,18,5,0
5475,lead_spike,commerce,low,1,741,16,1
5476,pending_purchases,account,high,3,538,15,1
5477,unverified_provider,commerce,critical,4,183,21,1
5478,pending_purchases,commerce,high,3,119,8,1
5479,rejected_claims_volume,claims,critical,4,317,16,1
5480,other,account,low,1,409,1,0
5481,stale_pending_policies,catalog,medium,2,520,6,0
5482,inactive_spike,account,high,3,372,10,0
5483,pending_purchases,claims,high,3,717,21,1
5484,stale_pending_policies,account,low,1,176,14,1
5485,unverified_provider,claims,critical,4,234,19,1
5486,duplicate_email,commerce,low,1,30,16,0
5487,lead_spike,catalog,high,3,799,22,1
5488,pending_purchases,catalog,critical,4,152,8,1
5489,lead_spike,catalog,medium,2,581,23,1
5490,inactive_spike,catalog,medium,2,451,7,0
5491,lead_spike,commerce,critical,4,9,30,1
5492,claim_burst,account,critical,4,620,13,1
5493,rejected_claims_volume,claims,medium,2,118,23,1
5494,pending_purchases,commerce,critical,4,491,25,0
5495,inactive_spike,commerce,low,1,37,5,0
5496,duplicate_email,account,high,3,112,22,1
5497,inactive_spike,account,low,1,514,15,1
5498,other,catalog,low,1,375,11,0
5499,unverified_provider,claims,critical,4,657,23,1
5500,claim_burst,claims,low,1,624,15,1
5501,lead_spike,commerce,high,3,221,18,1
5502,rejected_claims_volume,account,medium,2,38,8,0
5503,stale_pending_policies,claims,medium,2,863,14,1
5504,rejected_claims_volume,commerce,medium,2,79,25,1
5505,lead_spike,commerce,low,1,26,27,1
5506,inactive_spike,account,low,1,302,17,1
5507,inactive_spike,account,high,3,12,23,1
5508,pending_purchases,claims,critical,4,539,8,1
5509,stale_pending_policies,claims,low,1,486,12,1
5510,unverified_provider,claims,medium,2,275,1,0
5511,claim_burst,commerce,high,3,508,28,1
5512,claim_burst,account,high,3,19,18,1
5513,rejected_claims_volume,commerce,critical,4,46,16,1
5514,unverified_provider,commerce,medium,2,7,9,0
5515,reject_rate,catalog,medium,2,418,4,1
5516,claim_burst,claims,critical,4,820,29,1
5517,stale_pending_policies,catalog,critical,4,661,8,1
5518,duplicate_email,account,low,1,21,13,1
5519,other,catalog,medium,2,763,10,0
5520,lead_spike,claims,high,3,34,9,1
5521,lead_spike,commerce,medium,2,436,22,1
5522,inactive_spike,account,medium,2,48,13,1
5523,unverified_provider,account,critical,4,83,16,1
5524,unverified_provider,catalog,low,1,837,2,0
5525,inactive_spike,account,medium,2,31,4,0
5526,unverified_provider,claims,high,3,741,22,1
5527,lead_spike,commerce,critical,4,594,21,1
5528,inactive_spike,account,high,3,94,25,1
5529,reject_rate,account,low,1,87,6,0
5530,lead_spike,account,medium,2,353,16,1
5531,other,account,low,1,41,11,0
5532,reject_rate,account,low,1,380,18,0
5533,other,commerce,critical,4,630,13,1
5534,inactive_spike,catalog,medium,2,701,6,0
5535,reject_rate,catalog,low,1,749,6,0
5536,inactive_spike,claims,low,1,160,7,0
5537,pending_purchases,commerce,critical,4,796,24,1
5538,claim_burst,claims,critical,4,827,12,1
5539,unverified_provider,catalog,medium,2,76,6,0
5540,lead_spike,account,medium,2,101,16,1
5541,stale_pending_policies,commerce,critical,4,25,14,1
5542,claim_burst,claims,critical,4,149,9,1
5543,rejected_claims_volume,account,high,3,878,18,1
5544,duplicate_email,account,high,3,107,30,1
5545,inactive_spike,catalog,low,1,893,12,1
5546,stale_pending_policies,account,critical,4,9,29,1
5547,duplicate_email,claims,high,3,176,27,0
5548,rejected_claims_volume,account,critical,4,122,21,1
5549,unverified_provider,claims,high,3,369,21,1
5550,rejected_claims_volume,claims,high,3,766,23,1
5551,rejected_claims_volume,claims,medium,2,652,8,0
5552,stale_pending_policies,claims,medium,2,406,16,1
5553,unverified_provider,claims,high,3,740,19,1
5554,inactive_spike,catalog,low,1,168,6,0
5555,pending_purchases,claims,high,3,879,23,1
5556,reject_rate,catalog,high,3,852,21,1
5557,unverified_provider,account,medium,2,744,8,0
5558,stale_pending_policies,claims,critical,4,21,8,1
5559,inactive_spike,claims,low,1,771,17,1
5560,duplicate_email,catalog,high,3,349,11,1
5561,other,commerce,low,1,233,1,0
5562,claim_burst,claims,high,3,70,27,1
5563,claim_burst,claims,high,3,696,16,1
5564,inactive_spike,account,low,1,85,8,0
5565,stale_pending_policies,catalog,low,1,78,6,0
5566,reject_rate,account,low,1,736,10,0
5567,reject_rate,catalog,high,3,684,13,1
5568,duplicate_email,claims,high,3,443,20,1
5569,other,commerce,low,1,137,11,0
5570,duplicate_email,account,high,3,58,11,1
5571,lead_spike,catalog,high,3,560,12,1
5572,stale_pending_policies,catalog,high,3,101,25,0
5573,unverified_provider,account,low,1,10,8,0
5574,stale_pending_policies,catalog,medium,2,161,16,1
5575,pending_purchases,commerce,medium,2,186,27,1
5576,lead_spike,claims,low,1,862,9,1
5577,reject_rate,commerce,high,3,2,30,1
5578,stale_pending_policies,catalog,critical,4,476,26,1
5579,unverified_provider,account,medium,2,93,7,0
5580,reject_rate,commerce,medium,2,19,15,1
5581,pending_purchases,catalog,medium,2,591,8,0
5582,inactive_spike,commerce,critical,4,773,15,1
5583,pending_purchases,commerce,high,3,530,15,1
5584,unverified_provider,claims,high,3,713,21,1
5585,inactive_spike,catalog,low,1,861,14,1
5586,lead_spike,commerce,high,3,603,9,1
5587,pending_purchases,commerce,high,3,667,17,1
5588,inactive_spike,account,medium,2,27,7,0
5589,duplicate_email,commerce,medium,2,212,27,1
5590,lead_spike,commerce,high,3,70,21,0
5591,duplicate_email,account,high,3,59,13,1
5592,lead_spike,commerce,high,3,635,18,1
5593,stale_pending_policies,catalog,low,1,872,13,1
5594,reject_rate,commerce,high,3,514,12,1
5595,claim_burst,claims,low,1,143,12,1
5596,stale_pending_policies,catalog,medium,2,706,13,1
5597,stale_pending_policies,catalog,critical,4,892,22,1
5598,duplicate_email,catalog,high,3,62,12,1
5599,stale_pending_policies,catalog,medium,2,622,8,0
5600,rejected_claims_volume,claims,critical,4,64,29,1
5601,rejected_claims_volume,claims,high,3,486,13,1
5602,stale_pending_policies,account,low,1,349,10,0
5603,duplicate_email,catalog,high,3,203,28,1
5604,inactive_spike,claims,medium,2,812,11,0
5605,unverified_provider,commerce,critical,4,798,30,1
5606,claim_burst,claims,high,3,34,27,1
5607,unverified_provider,catalog,critical,4,453,10,1
5608,inactive_spike,account,critical,4,21,23,1
5609,claim_burst,commerce,critical,4,160,17,1
5610,duplicate_email,claims,low,1,393,14,1
5611,lead_spike,commerce,low,1,235,20,1
5612,stale_pending_policies,catalog,critical,4,79,17,1
5613,other,claims,critical,4,836,30,0
5614,unverified_provider,account,high,3,49,24,1
5615,rejected_claims_volume,commerce,critical,4,45,13,1
5616,other,account,high,3,699,14,1
5617,inactive_spike,catalog,high,3,315,16,1
5618,reject_rate,account,critical,4,281,29,0
5619,pending_purchases,commerce,high,3,765,19,1
5620,claim_burst,commerce,high,3,59,25,0
5621,duplicate_email,claims,medium,2,487,9,1
5622,claim_burst,claims,low,1,570,30,1
5623,stale_pending_policies,commerce,medium,2,872,10,0
5624,stale_pending_policies,account,critical,4,277,9,0
5625,other,commerce,high,3,288,26,1
5626,pending_purchases,account,medium,2,542,11,0
5627,rejected_claims_volume,claims,low,1,166,18,1
5628,lead_spike,catalog,high,3,273,27,1
5629,lead_spike,commerce,critical,4,224,18,1
5630,duplicate_email,catalog,high,3,763,9,1
5631,inactive_spike,catalog,medium,2,759,17,1
5632,unverified_provider,commerce,low,1,682,7,0
5633,inactive_spike,commerce,low,1,7,7,1
5634,pending_purchases,commerce,medium,2,821,14,1
5635,stale_pending_policies,claims,high,3,146,22,1
5636,rejected_claims_volume,claims,critical,4,153,16,1
5637,claim_burst,catalog,critical,4,888,13,1
5638,duplicate_email,account,medium,2,421,22,1
5639,inactive_spike,commerce,low,1,69,4,0
5640,rejected_claims_volume,claims,high,3,186,17,1
5641,unverified_provider,account,critical,4,81,19,1
5642,pending_purchases,catalog,critical,4,595,14,1
5643,stale_pending_policies,claims,high,3,472,30,1
5644,rejected_claims_volume,claims,critical,4,752,28,0
5645,other,commerce,low,1,113,7,0
5646,pending_purchases,claims,low,1,530,19,1
5647,pending_purchases,account,high,3,56,10,1
5648,claim_burst,claims,high,3,558,15,1
5649,claim_burst,account,high,3,52,26,0
5650,reject_rate,commerce,medium,2,20,12,1
5651,unverified_provider,account,high,3,259,25,1
5652,stale_pending_policies,catalog,critical,4,232,22,1
5653,stale_pending_policies,claims,critical,4,45,23,0
5654,stale_pending_policies,catalog,low,1,202,11,0
5655,lead_spike,commerce,high,3,352,13,1
5656,unverified_provider,commerce,medium,2,82,7,0
5657,other,commerce,high,3,116,23,1
5658,inactive_spike,claims,low,1,307,4,0
5659,unverified_provider,account,low,1,782,1,0
5660,stale_pending_policies,claims,low,1,744,15,1
5661,stale_pending_policies,claims,medium,2,764,5,0
5662,lead_spike,commerce,low,1,31,28,1
5663,inactive_spike,claims,critical,4,214,26,1
5664,lead_spike,commerce,high,3,575,17,1
5665,duplicate_email,catalog,critical,4,245,30,1
5666,reject_rate,catalog,low,1,897,16,1
5667,inactive_spike,commerce,critical,4,811,23,1
5668,lead_spike,commerce,medium,2,177,28,1
5669,reject_rate,catalog,low,1,350,9,0
5670,stale_pending_policies,claims,medium,2,900,7,0
5671,reject_rate,account,medium,2,24,10,0
5672,unverified_provider,catalog,high,3,288,29,1
5673,duplicate_email,commerce,critical,4,594,18,1
5674,pending_purchases,commerce,low,1,140,22,1
5675,reject_rate,commerce,medium,2,6,17,1
5676,inactive_spike,account,critical,4,69,26,1
5677,duplicate_email,catalog,medium,2,478,24,1
5678,pending_purchases,commerce,high,3,325,23,1
5679,pending_purchases,claims,low,1,323,27,1
5680,reject_rate,catalog,critical,4,620,30,1
5681,unverified_provider,account,medium,2,136,9,0
5682,reject_rate,catalog,critical,4,266,14,1
5683,rejected_claims_volume,commerce,low,1,386,15,1
5684,claim_burst,account,critical,4,465,22,1
5685,unverified_provider,catalog,critical,4,523,23,1
5686,duplicate_email,account,medium,2,101,10,1
5687,unverified_provider,account,low,1,227,4,0
5688,inactive_spike,commerce,high,3,708,9,1
5689,pending_purchases,commerce,medium,2,12,19,1
5690,rejected_claims_volume,commerce,high,3,100,26,1
5691,claim_burst,account,high,3,554,8,1
5692,lead_spike,catalog,medium,2,181,22,1
5693,inactive_spike,catalog,high,3,343,17,1
5694,other,commerce,critical,4,519,9,0
5695,stale_pending_policies,account,high,3,775,21,1
5696,claim_burst,catalog,high,3,788,30,1
5697,inactive_spike,claims,high,3,516,30,1
5698,lead_spike,commerce,low,1,490,30,1
5699,stale_pending_policies,claims,high,3,734,9,1
5700,reject_rate,claims,medium,2,216,6,0
5701,rejected_claims_volume,claims,high,3,198,14,1
5702,duplicate_email,claims,high,3,430,11,1
5703,other,account,high,3,80,26,1
5704,pending_purchases,catalog,medium,2,341,18,1
5705,duplicate_email,account,high,3,59,26,1
5706,unverified_provider,account,low,1,43,8,0
5707,stale_pending_policies,account,medium,2,347,15,1
5708,reject_rate,claims,critical,4,623,13,1
5709,stale_pending_policies,catalog,critical,4,561,30,1
5710,lead_spike,commerce,low,1,846,13,1
5711,lead_spike,commerce,medium,2,16,19,1
5712,pending_purchases,commerce,critical,4,5,9,1
5713,stale_pending_policies,commerce,medium,2,28,14,1
5714,stale_pending_policies,commerce,low,1,40,4,0
5715,claim_burst,catalog,high,3,66,23,1
5716,claim_burst,claims,medium,2,624,8,1
5717,reject_rate,account,medium,2,691,17,1
5718,reject_rate,catalog,high,3,112,28,1
5719,rejected_claims_volume,claims,low,1,13,26,1
5720,reject_rate,catalog,critical,4,251,10,1
5721,inactive_spike,commerce,medium,2,236,12,1
5722,duplicate_email,catalog,high,3,144,25,1
5723,unverified_provider,claims,critical,4,124,8,1
5724,unverified_provider,account,low,1,473,2,0
5725,stale_pending_policies,claims,low,1,683,18,1
5726,unverified_provider,claims,medium,2,251,8,0
5727,lead_spike,catalog,high,3,307,19,1
5728,inactive_spike,account,medium,2,175,6,0
5729,stale_pending_policies,account,high,3,752,24,1
5730,duplicate_email,account,high,3,495,16,1
5731,lead_spike,commerce,critical,4,10,26,1
5732,pending_purchases,catalog,critical,4,729,18,1
5733,claim_burst,claims,critical,4,510,8,1
5734,pending_purchases,catalog,high,3,326,26,1
5735,rejected_claims_volume,claims,high,3,229,17,1
5736,unverified_provider,account,low,1,113,9,0
5737,claim_burst,account,medium,2,269,13,1
5738,claim_burst,claims,high,3,351,10,1
5739,rejected_claims_volume,claims,high,3,573,24,1
5740,claim_burst,account,medium,2,37,30,0
5741,reject_rate,catalog,low,1,767,15,1
5742,other,catalog,low,1,488,1,0
5743,other,account,medium,2,114,6,0
5744,claim_burst,claims,medium,2,216,20,1
5745,other,catalog,critical,4,49,22,1
5746,lead_spike,account,high,3,30,24,1
5747,duplicate_email,commerce,critical,4,650,13,1
5748,rejected_claims_volume,claims,high,3,882,24,1
5749,stale_pending_policies,account,medium,2,456,14,1
5750,pending_purchases,commerce,low,1,703,28,0
5751,pending_purchases,catalog,high,3,216,30,1
5752,lead_spike,commerce,high,3,18,10,1
5753,unverified_provider,account,medium,2,501,3,0
5754,unverified_provider,account,high,3,5,9,1
5755,rejected_claims_volume,claims,critical,4,879,12,1
5756,unverified_provider,claims,high,3,613,25,1
5757,other,account,low,1,607,6,0
5758,reject_rate,catalog,medium,2,867,8,1
5759,lead_spike,claims,medium,2,101,17,1
5760,unverified_provider,catalog,medium,2,145,9,0
5761,unverified_provider,claims,medium,2,303,9,0
5762,lead_spike,catalog,medium,2,778,24,1
5763,unverified_provider,account,critical,4,11,22,0
5764,pending_purchases,commerce,high,3,33,12,1
5765,duplicate_email,account,critical,4,21,21,0
5766,lead_spike,claims,medium,2,805,22,1
5767,duplicate_email,account,high,3,175,21,1
5768,pending_purchases,commerce,low,1,15,11,0
5769,rejected_claims_volume,commerce,medium,2,308,23,1
5770,claim_burst,claims,medium,2,728,23,1
5771,unverified_provider,claims,medium,2,37,12,1
5772,lead_spike,catalog,medium,2,839,11,1
5773,reject_rate,commerce,medium,2,736,6,1
5774,stale_pending_policies,claims,critical,4,68,26,1
5775,claim_burst,commerce,critical,4,625,8,1
5776,claim_burst,claims,medium,2,819,25,1
5777,duplicate_email,account,high,3,470,28,0
5778,lead_spike,commerce,critical,4,27,25,1
5779,stale_pending_policies,catalog,medium,2,154,11,0
5780,inactive_spike,catalog,high,3,534,15,1
5781,stale_pending_policies,catalog,high,3,44,19,1
5782,reject_rate,claims,low,1,222,16,0
5783,pending_purchases,account,critical,4,229,30,1
5784,rejected_claims_volume,claims,high,3,600,15,1
5785,lead_spike,commerce,high,3,405,30,1
5786,pending_purchases,commerce,critical,4,137,29,1
5787,inactive_spike,account,high,3,500,9,1
5788,rejected_claims_volume,catalog,high,3,597,27,1
5789,duplicate_email,catalog,medium,2,531,22,1
5790,reject_rate,commerce,high,3,437,18,1
5791,inactive_spike,commerce,low,1,197,12,1
5792,duplicate_email,account,critical,4,653,16,1
5793,reject_rate,claims,high,3,830,20,0
5794,rejected_claims_volume,claims,critical,4,179,27,1
5795,inactive_spike,claims,medium,2,813,18,1
5796,pending_purchases,claims,medium,2,56,26,1
5797,lead_spike,claims,high,3,791,8,1
5798,unverified_provider,account,critical,4,44,18,1
5799,reject_rate,catalog,medium,2,364,18,1
5800,stale_pending_policies,catalog,critical,4,363,19,1
5801,lead_spike,catalog,critical,4,163,25,1
5802,other,catalog,high,3,330,28,1
5803,rejected_claims_volume,commerce,high,3,302,16,1
5804,reject_rate,account,low,1,471,9,0
5805,unverified_provider,account,critical,4,540,17,1
5806,reject_rate,catalog,critical,4,580,26,1
5807,unverified_provider,claims,high,3,599,25,1
5808,lead_spike,commerce,critical,4,14,30,1
5809,lead_spike,claims,high,3,373,14,0
5810,reject_rate,claims,low,1,320,8,0
5811,reject_rate,catalog,medium,2,854,14,1
5812,lead_spike,account,critical,4,111,13,1
5813,inactive_spike,commerce,low,1,561,14,0
5814,rejected_claims_volume,claims,medium,2,252,27,1
5815,unverified_provider,account,low,1,581,10,0
5816,pending_purchases,claims,high,3,357,17,1
5817,unverified_provider,claims,high,3,745,14,1
5818,pending_purchases,commerce,medium,2,143,14,1
5819,claim_burst,catalog,medium,2,518,11,1
5820,other,claims,high,3,211,21,1
5821,reject_rate,catalog,critical,4,873,20,1
5822,unverified_provider,account,high,3,124,14,1
5823,rejected_claims_volume,claims,high,3,692,13,1
5824,claim_burst,claims,high,3,540,24,1
5825,other,account,high,3,804,23,1
5826,claim_burst,claims,high,3,896,26,1
5827,stale_pending_policies,claims,medium,2,729,14,1
5828,rejected_claims_volume,account,high,3,509,12,0
5829,pending_purchases,commerce,medium,2,710,17,0
5830,rejected_claims_volume,claims,low,1,202,13,1
5831,lead_spike,account,medium,2,268,24,1
5832,rejected_claims_volume,commerce,low,1,37,28,1
5833,unverified_provider,account,high,3,503,18,0
5834,other,claims,high,3,86,24,0
5835,unverified_provider,commerce,high,3,229,23,1
5836,stale_pending_policies,catalog,critical,4,845,30,1
5837,claim_burst,commerce,medium,2,384,29,1
5838,stale_pending_policies,catalog,medium,2,447,16,1
5839,lead_spike,account,high,3,519,12,1
5840,unverified_provider,account,high,3,53,16,1
5841,inactive_spike,account,medium,2,198,13,1
5842,rejected_claims_volume,claims,critical,4,302,30,1
5843,unverified_provider,commerce,high,3,6,18,1
5844,claim_burst,account,low,1,60,14,1
5845,rejected_claims_volume,catalog,high,3,881,26,1
5846,claim_burst,claims,low,1,126,29,1
5847,lead_spike,commerce,medium,2,57,25,1
5848,lead_spike,catalog,medium,2,851,26,1
5849,unverified_provider,claims,high,3,771,25,1
5850,reject_rate,commerce,medium,2,852,18,0
5851,rejected_claims_volume,commerce,critical,4,25,19,1
5852,stale_pending_policies,claims,medium,2,835,4,0
5853,rejected_claims_volume,catalog,medium,2,34,11,0
5854,stale_pending_policies,catalog,low,1,469,14,1
5855,lead_spike,account,high,3,836,25,1
5856,stale_pending_policies,catalog,medium,2,541,16,1
5857,lead_spike,commerce,low,1,110,10,1
5858,other,catalog,medium,2,219,12,1
5859,duplicate_email,claims,medium,2,883,23,1
5860,inactive_spike,catalog,low,1,232,16,1
5861,inactive_spike,claims,critical,4,848,29,1
5862,other,claims,medium,2,480,7,0
5863,duplicate_email,catalog,medium,2,631,12,1
5864,reject_rate,claims,medium,2,772,13,1
5865,other,commerce,medium,2,632,6,1
5866,inactive_spike,commerce,medium,2,302,5,0
5867,lead_spike,commerce,high,3,879,30,1
5868,lead_spike,account,medium,2,265,20,1
5869,pending_purchases,commerce,high,3,137,19,1
5870,duplicate_email,claims,critical,4,12,19,1
5871,pending_purchases,commerce,high,3,900,12,1
5872,claim_burst,claims,high,3,194,13,1
5873,duplicate_email,catalog,medium,2,390,19,1
5874,other,commerce,high,3,391,25,1
5875,rejected_claims_volume,claims,high,3,882,16,1
5876,rejected_claims_volume,catalog,high,3,310,12,1
5877,lead_spike,claims,high,3,69,18,1
5878,pending_purchases,account,critical,4,439,24,1
5879,claim_burst,claims,high,3,610,20,1
5880,other,account,medium,2,10,7,0
5881,duplicate_email,claims,high,3,268,21,1
5882,pending_purchases,claims,critical,4,97,11,1
5883,duplicate_email,account,high,3,559,8,1
5884,other,commerce,high,3,12,15,1
5885,reject_rate,account,medium,2,879,7,0
5886,reject_rate,account,medium,2,206,16,1
5887,reject_rate,account,medium,2,333,6,0
5888,claim_burst,claims,critical,4,747,11,1
5889,rejected_claims_volume,catalog,critical,4,45,8,1
5890,pending_purchases,commerce,medium,2,569,29,1
5891,rejected_claims_volume,account,high,3,32,23,1
5892,duplicate_email,commerce,critical,4,882,20,1
5893,rejected_claims_volume,claims,medium,2,69,18,0
5894,reject_rate,catalog,medium,2,471,17,1
5895,stale_pending_policies,catalog,medium,2,155,10,0
5896,inactive_spike,claims,low,1,867,10,0
5897,duplicate_email,commerce,low,1,8,24,1
5898,inactive_spike,claims,medium,2,362,4,0
5899,inactive_spike,claims,critical,4,539,15,1
5900,rejected_claims_volume,account,high,3,361,22,1
5901,pending_purchases,claims,high,3,893,23,1
5902,unverified_provider,catalog,medium,2,291,8,0
5903,other,account,medium,2,464,6,0
5904,reject_rate,claims,low,1,588,16,1
5905,rejected_claims_volume,catalog,medium,2,866,13,1
5906,inactive_spike,claims,medium,2,863,16,1
5907,rejected_claims_volume,commerce,medium,2,112,9,0
5908,pending_purchases,commerce,medium,2,450,11,0
5909,rejected_claims_volume,account,medium,2,14,26,1
5910,stale_pending_policies,catalog,medium,2,779,13,1
5911,stale_pending_policies,catalog,medium,2,870,7,0
5912,lead_spike,commerce,medium,2,881,18,1
5913,rejected_claims_volume,claims,high,3,343,15,1
5914,claim_burst,claims,high,3,560,11,1
5915,claim_burst,catalog,medium,2,593,24,1
5916,inactive_spike,account,medium,2,331,7,1
5917,other,catalog,low,1,281,1,1
5918,inactive_spike,account,low,1,146,11,0
5919,pending_purchases,commerce,medium,2,56,14,1
5920,lead_spike,account,medium,2,4,22,1
5921,pending_purchases,commerce,medium,2,346,20,1
5922,stale_pending_policies,catalog,low,1,318,6,0
5923,pending_purchases,commerce,medium,2,45,8,0
5924,rejected_claims_volume,claims,medium,2,397,24,1
5925,stale_pending_policies,catalog,critical,4,106,22,1
5926,other,catalog,critical,4,897,28,1
5927,lead_spike,commerce,critical,4,6,27,1
5928,lead_spike,commerce,medium,2,366,25,1
5929,other,account,low,1,522,2,0
5930,reject_rate,catalog,high,3,86,19,1
5931,other,claims,high,3,137,21,1
5932,rejected_claims_volume,commerce,high,3,708,8,1
5933,lead_spike,catalog,critical,4,839,26,1
5934,pending_purchases,commerce,low,1,517,21,1
5935,rejected_claims_volume,claims,high,3,190,19,1
5936,lead_spike,commerce,critical,4,846,20,1
5937,claim_burst,commerce,high,3,311,29,1
5938,unverified_provider,account,high,3,88,11,1
5939,rejected_claims_volume,account,high,3,56,16,1
5940,lead_spike,commerce,critical,4,118,29,1
5941,inactive_spike,catalog,medium,2,864,10,0
5942,inactive_spike,account,medium,2,777,4,0
5943,pending_purchases,commerce,high,3,853,8,1
5944,unverified_provider,account,high,3,168,16,0
5945,inactive_spike,account,low,1,11,4,1
5946,rejected_claims_volume,commerce,low,1,72,14,1
5947,rejected_claims_volume,catalog,medium,2,713,26,1
5948,stale_pending_policies,catalog,critical,4,473,17,1
5949,stale_pending_policies,catalog,medium,2,781,14,1
5950,duplicate_email,account,critical,4,423,12,1
5951,stale_pending_policies,catalog,low,1,28,13,1
5952,other,claims,low,1,313,9,0
5953,reject_rate,claims,low,1,108,7,0
5954,unverified_provider,commerce,low,1,44,8,0
5955,rejected_claims_volume,claims,critical,4,161,9,1
5956,inactive_spike,commerce,low,1,86,11,0
5957,duplicate_email,claims,medium,2,554,13,1
5958,other,claims,low,1,437,2,0
5959,claim_burst,claims,high,3,215,15,1
5960,rejected_claims_volume,claims,high,3,93,28,1
5961,pending_purchases,commerce,medium,2,690,11,1
5962,unverified_provider,catalog,critical,4,104,11,1
5963,rejected_claims_volume,claims,medium,2,24,9,0
5964,pending_purchases,account,critical,4,620,8,1
5965,duplicate_email,commerce,medium,2,203,10,1
5966,inactive_spike,account,low,1,154,5,0
5967,lead_spike,commerce,high,3,761,8,1
5968,duplicate_email,account,high,3,63,11,1
5969,unverified_provider,claims,medium,2,410,5,0
5970,claim_burst,commerce,high,3,25,10,1
5971,inactive_spike,account,medium,2,319,18,0
5972,pending_purchases,claims,medium,2,14,26,0
5973,pending_purchases,claims,high,3,456,19,1
5974,unverified_provider,account,medium,2,19,1,0
5975,pending_purchases,catalog,high,3,229,13,1
5976,reject_rate,catalog,high,3,31,27,1
5977,reject_rate,claims,high,3,456,16,1
5978,duplicate_email,catalog,critical,4,430,24,1
5979,stale_pending_policies,catalog,high,3,583,22,1
5980,unverified_provider,commerce,low,1,329,11,0
5981,claim_burst,claims,medium,2,883,18,1
5982,stale_pending_policies,catalog,critical,4,52,22,1
5983,lead_spike,commerce,high,3,61,15,0
5984,unverified_provider,claims,high,3,790,10,1
5985,pending_purchases,claims,medium,2,656,18,0
5986,claim_burst,claims,critical,4,445,30,1
5987,claim_burst,claims,low,1,160,28,1
5988,lead_spike,commerce,high,3,898,22,1
5989,claim_burst,catalog,medium,2,262,15,1
5990,rejected_claims_volume,claims,low,1,34,27,1
5991,unverified_provider,commerce,medium,2,52,1,0
5992,rejected_claims_volume,claims,critical,4,592,10,1
5993,other,catalog,medium,2,163,9,0
5994,stale_pending_policies,claims,high,3,590,22,1
5995,inactive_spike,account,critical,4,75,14,0
5996,unverified_provider,catalog,critical,4,797,17,1
5997,reject_rate,catalog,low,1,70,11,0
5998,stale_pending_policies,catalog,high,3,423,23,1
5999,inactive_spike,commerce,critical,4,399,22,1
6000,duplicate_email,claims,high,3,44,16,1
6001,stale_pending_policies,account,low,1,501,4,0
6002,rejected_claims_volume,claims,high,3,709,13,1
6003,stale_pending_policies,catalog,high,3,187,24,1
6004,inactive_spike,account,low,1,748,6,0
6005,stale_pending_policies,commerce,critical,4,162,11,1
6006,pending_purchases,catalog,critical,4,305,30,1
6007,duplicate_email,claims,medium,2,367,24,1
6008,duplicate_email,commerce,critical,4,642,25,1
6009,unverified_provider,account,high,3,7,13,1
6010,lead_spike,claims,medium,2,105,26,1
6011,claim_burst,claims,critical,4,359,22,1
6012,lead_spike,account,critical,4,346,23,1
6013,pending_purchases,commerce,critical,4,90,27,1
6014,inactive_spike,commerce,high,3,20,14,1
6015,reject_rate,catalog,low,1,688,9,0
6016,reject_rate,catalog,high,3,87,27,1
6017,stale_pending_policies,catalog,medium,2,853,12,1
6018,other,commerce,low,1,117,5,0
6019,claim_burst,claims,high,3,153,27,1
6020,claim_burst,claims,critical,4,57,23,1
6021,claim_burst,claims,medium,2,570,26,1
6022,lead_spike,commerce,critical,4,527,30,0
6023,lead_spike,account,critical,4,265,12,1
6024,unverified_provider,catalog,critical,4,242,23,1
6025,lead_spike,commerce,low,1,95,24,0
6026,lead_spike,catalog,low,1,842,14,1
6027,lead_spike,claims,high,3,419,11,1
6028,rejected_claims_volume,catalog,high,3,162,19,1
6029,rejected_claims_volume,claims,high,3,732,16,1
6030,inactive_spike,claims,low,1,72,18,0
6031,other,catalog,medium,2,425,1,0
6032,reject_rate,catalog,medium,2,286,9,1
6033,unverified_provider,catalog,critical,4,57,27,0
6034,duplicate_email,commerce,low,1,120,17,1
6035,unverified_provider,account,critical,4,135,20,1
6036,rejected_claims_volume,commerce,critical,4,9,22,0
6037,stale_pending_policies,catalog,medium,2,5,18,1
6038,rejected_claims_volume,catalog,medium,2,121,29,1
6039,reject_rate,claims,low,1,811,7,0
6040,duplicate_email,account,medium,2,81,10,1
6041,stale_pending_policies,commerce,low,1,680,17,1
6042,duplicate_email,account,critical,4,2,18,1
6043,stale_pending_policies,claims,high,3,774,12,1
6044,other,commerce,medium,2,64,6,0
6045,unverified_provider,commerce,high,3,99,28,1
6046,unverified_provider,claims,low,1,490,11,0
6047,rejected_claims_volume,claims,high,3,339,24,1
6048,pending_purchases,claims,medium,2,532,29,1
6049,inactive_spike,account,low,1,108,4,0
6050,inactive_spike,account,critical,4,468,28,1
6051,lead_spike,claims,critical,4,848,9,1
6052,unverified_provider,claims,medium,2,526,2,0
6053,claim_burst,claims,critical,4,579,24,1
6054,lead_spike,claims,medium,2,75,11,1
6055,rejected_claims_volume,claims,medium,2,390,9,0
6056,unverified_provider,claims,medium,2,147,12,1
6057,rejected_claims_volume,commerce,high,3,27,30,1
6058,rejected_claims_volume,claims,medium,2,14,15,1
6059,rejected_claims_volume,claims,medium,2,494,16,1
6060,other,commerce,medium,2,87,5,0
6061,unverified_provider,account,medium,2,514,1,0
6062,inactive_spike,account,medium,2,894,4,0
6063,stale_pending_policies,catalog,high,3,877,20,1
6064,other,account,low,1,43,10,0
6065,rejected_claims_volume,claims,medium,2,325,14,1
6066,lead_spike,commerce,medium,2,151,23,1
6067,pending_purchases,catalog,medium,2,642,21,1
6068,other,catalog,high,3,190,13,1
6069,stale_pending_policies,catalog,high,3,597,30,1
6070,reject_rate,catalog,critical,4,751,8,1
6071,pending_purchases,commerce,critical,4,353,16,0
6072,rejected_claims_volume,claims,high,3,710,28,1
6073,inactive_spike,claims,high,3,514,20,1
6074,pending_purchases,commerce,high,3,88,20,1
6075,duplicate_email,commerce,high,3,282,18,1
6076,rejected_claims_volume,claims,critical,4,132,23,1
6077,pending_purchases,account,high,3,163,8,1
6078,rejected_claims_volume,claims,low,1,48,26,1
6079,stale_pending_policies,catalog,low,1,338,11,0
6080,pending_purchases,account,high,3,90,28,1
6081,unverified_provider,commerce,high,3,13,29,1
6082,pending_purchases,commerce,high,3,305,15,1
6083,claim_burst,catalog,high,3,465,23,1
6084,rejected_claims_volume,claims,medium,2,637,25,1
6085,stale_pending_policies,catalog,critical,4,447,22,1
6086,duplicate_email,commerce,critical,4,60,10,1
6087,claim_burst,claims,medium,2,35,27,1
6088,claim_burst,claims,high,3,734,22,1
6089,lead_spike,commerce,high,3,67,10,1
6090,duplicate_email,commerce,medium,2,150,20,1
6091,duplicate_email,catalog,low,1,867,30,1
6092,duplicate_email,account,critical,4,543,11,1
6093,pending_purchases,claims,low,1,517,25,1
6094,unverified_provider,account,high,3,5,10,1
6095,other,catalog,critical,4,865,12,1
6096,rejected_claims_volume,catalog,critical,4,896,16,1
6097,unverified_provider,catalog,high,3,845,16,1
6098,rejected_claims_volume,claims,critical,4,202,29,1
6099,pending_purchases,commerce,medium,2,379,12,1
6100,unverified_provider,account,high,3,898,12,1
6101,reject_rate,catalog,low,1,467,16,1
6102,duplicate_email,account,critical,4,122,29,1
6103,rejected_claims_volume,claims,high,3,327,22,1
6104,claim_burst,account,high,3,796,9,1
6105,pending_purchases,catalog,critical,4,257,30,1
6106,pending_purchases,account,medium,2,40,15,1
6107,duplicate_email,commerce,medium,2,559,15,1
6108,lead_spike,commerce,high,3,172,29,1
6109,pending_purchases,commerce,critical,4,31,22,1
6110,pending_purchases,commerce,critical,4,244,29,1
6111,stale_pending_policies,catalog,high,3,152,24,0
6112,claim_burst,commerce,high,3,653,23,1
6113,stale_pending_policies,commerce,low,1,872,7,0
6114,claim_burst,commerce,high,3,47,11,1
6115,claim_burst,claims,high,3,292,24,1
6116,pending_purchases,claims,high,3,518,18,1
6117,other,commerce,medium,2,696,8,0
6118,stale_pending_policies,catalog,medium,2,61,6,0
6119,inactive_spike,catalog,medium,2,99,5,0
6120,unverified_provider,commerce,high,3,527,23,1
6121,duplicate_email,claims,high,3,36,29,0
6122,rejected_claims_volume,claims,critical,4,732,16,1
6123,rejected_claims_volume,catalog,high,3,633,12,1
6124,unverified_provider,commerce,critical,4,58,21,0
6125,inactive_spike,catalog,critical,4,69,21,1
6126,pending_purchases,commerce,medium,2,12,24,1
6127,pending_purchases,catalog,high,3,786,18,1
6128,claim_burst,commerce,high,3,735,25,1
6129,duplicate_email,commerce,high,3,788,24,0
6130,pending_purchases,commerce,medium,2,15,21,1
6131,duplicate_email,claims,high,3,578,21,1
6132,reject_rate,claims,medium,2,199,13,1
6133,duplicate_email,catalog,critical,4,883,18,1
6134,unverified_provider,catalog,low,1,226,2,0
6135,lead_spike,claims,critical,4,781,12,1
6136,other,commerce,critical,4,510,9,1
6137,pending_purchases,commerce,critical,4,413,26,1
6138,rejected_claims_volume,claims,medium,2,279,21,0
6139,stale_pending_policies,claims,critical,4,542,24,1
6140,stale_pending_policies,claims,high,3,734,25,1
6141,lead_spike,catalog,medium,2,377,10,1
6142,pending_purchases,catalog,high,3,538,16,0
6143,reject_rate,catalog,low,1,668,10,0
6144,stale_pending_policies,claims,medium,2,10,16,1
6145,lead_spike,claims,high,3,449,22,1
6146,reject_rate,claims,medium,2,331,4,0
6147,pending_purchases,catalog,high,3,283,11,1
6148,unverified_provider,catalog,critical,4,470,20,1
6149,unverified_provider,account,medium,2,755,2,0
6150,rejected_claims_volume,catalog,high,3,815,23,1
6151,unverified_provider,commerce,critical,4,782,8,1
6152,duplicate_email,claims,critical,4,243,16,1
6153,inactive_spike,account,low,1,31,13,1
6154,reject_rate,commerce,critical,4,709,22,1
6155,pending_purchases,commerce,high,3,66,24,1
6156,stale_pending_policies,catalog,low,1,262,11,0
6157,rejected_claims_volume,catalog,low,1,516,23,1
6158,lead_spike,claims,high,3,212,24,1
6159,lead_spike,commerce,critical,4,878,12,1
6160,stale_pending_policies,catalog,medium,2,530,6,0
6161,unverified_provider,commerce,medium,2,899,6,1
6162,duplicate_email,catalog,critical,4,868,18,1
6163,duplicate_email,account,high,3,370,17,1
6164,lead_spike,claims,medium,2,147,26,1
6165,inactive_spike,account,medium,2,778,6,0
6166,lead_spike,commerce,critical,4,11,19,1
6167,duplicate_email,account,medium,2,16,29,1
6168,stale_pending_policies,catalog,medium,2,343,4,0
6169,inactive_spike,account,medium,2,33,17,0
6170,pending_purchases,commerce,critical,4,37,15,1
6171,claim_burst,claims,medium,2,26,15,1
6172,rejected_claims_volume,catalog,medium,2,787,13,1
6173,stale_pending_policies,catalog,high,3,615,29,1
6174,stale_pending_policies,catalog,medium,2,686,5,0
6175,pending_purchases,commerce,high,3,175,24,1
6176,lead_spike,commerce,medium,2,796,16,1
6177,inactive_spike,account,critical,4,204,12,1
6178,pending_purchases,claims,medium,2,616,13,1
6179,claim_burst,catalog,critical,4,560,16,1
6180,reject_rate,catalog,high,3,623,8,1
6181,reject_rate,catalog,medium,2,269,5,0
6182,reject_rate,catalog,high,3,340,21,1
6183,pending_purchases,commerce,medium,2,2,11,0
6184,lead_spike,commerce,critical,4,20,19,1
6185,claim_burst,claims,high,3,271,26,1
6186,lead_spike,account,high,3,862,24,1
6187,pending_purchases,commerce,high,3,303,9,1
6188,unverified_provider,claims,high,3,628,26,1
6189,lead_spike,catalog,high,3,505,19,0
6190,inactive_spike,account,low,1,191,9,0
6191,rejected_claims_volume,claims,low,1,634,21,1
6192,unverified_provider,claims,medium,2,503,8,0
6193,reject_rate,account,low,1,339,5,0
6194,unverified_provider,claims,high,3,723,22,1
6195,claim_burst,claims,critical,4,607,17,1
6196,reject_rate,account,high,3,791,16,1
6197,lead_spike,commerce,high,3,371,13,1
6198,reject_rate,catalog,medium,2,604,18,1
6199,stale_pending_policies,commerce,medium,2,686,6,0
6200,rejected_claims_volume,claims,high,3,492,12,1
6201,claim_burst,account,critical,4,9,8,1
6202,unverified_provider,account,low,1,739,1,0
6203,inactive_spike,commerce,low,1,93,6,0
6204,duplicate_email,claims,high,3,273,20,1
6205,lead_spike,claims,high,3,281,8,1
6206,pending_purchases,commerce,high,3,701,9,1
6207,pending_purchases,commerce,high,3,314,10,0
6208,pending_purchases,commerce,low,1,95,12,1
6209,lead_spike,account,high,3,897,27,1
6210,lead_spike,commerce,high,3,134,29,1
6211,pending_purchases,commerce,high,3,186,8,1
6212,pending_purchases,commerce,medium,2,477,30,1
6213,rejected_claims_volume,claims,medium,2,796,11,0
6214,duplicate_email,account,critical,4,173,14,1
6215,reject_rate,catalog,high,3,535,30,1
6216,claim_burst,claims,medium,2,339,11,1
6217,inactive_spike,commerce,critical,4,14,29,1
6218,pending_purchases,catalog,high,3,466,16,1
6219,other,account,critical,4,58,17,1
6220,duplicate_email,catalog,critical,4,517,21,1
6221,stale_pending_policies,catalog,low,1,39,14,1
6222,pending_purchases,claims,critical,4,110,29,1
6223,pending_purchases,catalog,high,3,331,20,1
6224,claim_burst,catalog,high,3,335,13,1
6225,rejected_claims_volume,claims,medium,2,57,8,0
6226,rejected_claims_volume,catalog,critical,4,545,21,0
6227,duplicate_email,catalog,low,1,159,13,1
6228,lead_spike,claims,high,3,319,9,1
6229,reject_rate,account,medium,2,794,9,0
6230,stale_pending_policies,catalog,low,1,659,16,1
6231,unverified_provider,claims,low,1,682,5,0
6232,pending_purchases,claims,critical,4,895,9,1
6233,rejected_claims_volume,catalog,high,3,105,14,1
6234,other,claims,medium,2,659,10,0
6235,reject_rate,catalog,medium,2,821,6,0
6236,rejected_claims_volume,catalog,critical,4,705,12,1
6237,lead_spike,commerce,medium,2,5,20,1
6238,inactive_spike,claims,low,1,13,9,0
6239,duplicate_email,claims,medium,2,462,8,1
6240,inactive_spike,claims,critical,4,725,20,1
6241,lead_spike,claims,critical,4,297,10,1
6242,pending_purchases,commerce,low,1,363,26,0
6243,duplicate_email,commerce,medium,2,64,12,1
6244,rejected_claims_volume,claims,high,3,229,9,1
6245,claim_burst,account,critical,4,300,12,1
6246,unverified_provider,claims,critical,4,704,28,1
6247,duplicate_email,catalog,critical,4,429,19,1
6248,stale_pending_policies,claims,low,1,469,4,0
6249,duplicate_email,account,low,1,18,8,1
6250,claim_burst,claims,medium,2,261,12,1
6251,lead_spike,catalog,high,3,187,25,1
6252,duplicate_email,account,high,3,15,25,1
6253,reject_rate,claims,low,1,499,17,1
6254,unverified_provider,account,low,1,780,4,0
6255,other,catalog,critical,4,75,19,1
6256,reject_rate,commerce,critical,4,244,19,0
6257,lead_spike,commerce,low,1,870,21,1
6258,pending_purchases,commerce,high,3,110,21,1
6259,lead_spike,claims,critical,4,300,12,1
6260,other,account,medium,2,592,8,0
6261,duplicate_email,claims,high,3,617,21,1
6262,unverified_provider,catalog,high,3,166,15,1
6263,pending_purchases,catalog,medium,2,826,28,0
6264,stale_pending_policies,catalog,high,3,88,18,1
6265,claim_burst,claims,high,3,505,8,1
6266,lead_spike,commerce,critical,4,11,28,1
6267,duplicate_email,account,medium,2,27,21,1
6268,inactive_spike,catalog,critical,4,77,26,1
6269,duplicate_email,commerce,low,1,627,15,1
6270,lead_spike,commerce,high,3,25,11,1
6271,reject_rate,commerce,critical,4,50,8,1
6272,pending_purchases,account,medium,2,74,20,0
6273,unverified_provider,account,medium,2,337,7,0
6274,reject_rate,account,low,1,11,9,0
6275,duplicate_email,account,low,1,553,15,1
6276,pending_purchases,commerce,critical,4,62,12,1
6277,lead_spike,commerce,low,1,496,8,1
6278,duplicate_email,account,medium,2,480,15,1
6279,inactive_spike,account,low,1,700,16,1
6280,unverified_provider,account,critical,4,650,26,1
6281,unverified_provider,claims,high,3,53,15,1
6282,stale_pending_policies,catalog,low,1,672,15,1
6283,claim_burst,claims,high,3,618,10,1
6284,unverified_provider,catalog,high,3,210,18,1
6285,duplicate_email,account,critical,4,424,9,0
6286,claim_burst,claims,high,3,192,24,1
6287,stale_pending_policies,account,medium,2,86,16,1
6288,pending_purchases,catalog,critical,4,457,14,1
6289,other,catalog,low,1,632,11,0
6290,pending_purchases,claims,low,1,681,11,0
6291,claim_burst,catalog,high,3,225,27,1
6292,lead_spike,commerce,low,1,624,15,1
6293,unverified_provider,catalog,critical,4,161,30,1
6294,reject_rate,catalog,high,3,387,25,1
6295,stale_pending_policies,claims,critical,4,518,17,1
6296,reject_rate,catalog,medium,2,877,13,1
6297,lead_spike,commerce,critical,4,105,23,1
6298,duplicate_email,account,medium,2,86,11,1
6299,stale_pending_policies,commerce,low,1,255,8,0
6300,unverified_provider,claims,medium,2,450,12,1
6301,unverified_provider,account,medium,2,25,10,0
6302,pending_purchases,commerce,high,3,765,17,0
6303,other,commerce,medium,2,54,5,0
6304,reject_rate,catalog,critical,4,496,8,1
6305,rejected_claims_volume,claims,high,3,393,17,1
6306,lead_spike,commerce,critical,4,654,17,1
6307,other,account,medium,2,39,8,1
6308,pending_purchases,claims,high,3,311,19,1
6309,reject_rate,catalog,medium,2,852,14,1
6310,unverified_provider,account,high,3,241,30,1
6311,unverified_provider,account,low,1,510,11,0
6312,reject_rate,catalog,medium,2,362,14,1
6313,other,commerce,critical,4,185,23,1
6314,inactive_spike,catalog,high,3,599,11,1
6315,rejected_claims_volume,claims,critical,4,79,23,1
6316,claim_burst,claims,high,3,725,8,1
6317,duplicate_email,account,medium,2,105,21,1
6318,reject_rate,catalog,high,3,756,22,1
6319,lead_spike,commerce,medium,2,504,27,1
6320,stale_pending_policies,claims,critical,4,633,21,0
6321,inactive_spike,account,critical,4,273,12,1
6322,pending_purchases,commerce,critical,4,28,11,1
6323,stale_pending_policies,account,critical,4,124,25,1
6324,rejected_claims_volume,claims,critical,4,749,27,0
6325,inactive_spike,account,critical,4,53,24,1
6326,claim_burst,claims,medium,2,693,18,1
6327,inactive_spike,account,medium,2,4,15,1
6328,lead_spike,commerce,low,1,140,27,1
6329,stale_pending_policies,catalog,critical,4,209,20,1
6330,rejected_claims_volume,commerce,low,1,157,27,1
6331,stale_pending_policies,catalog,medium,2,339,13,1
6332,unverified_provider,account,low,1,26,12,1
6333,other,account,medium,2,746,1,0
6334,inactive_spike,catalog,critical,4,367,15,1
6335,inactive_spike,catalog,critical,4,472,17,1
6336,other,catalog,high,3,112,25,1
6337,claim_burst,catalog,high,3,190,9,1
6338,claim_burst,account,medium,2,176,9,1
6339,unverified_provider,account,low,1,162,9,0
6340,pending_purchases,catalog,high,3,893,29,1
6341,unverified_provider,catalog,high,3,779,29,1
6342,rejected_claims_volume,catalog,critical,4,669,13,1
6343,rejected_claims_volume,claims,critical,4,196,30,1
6344,inactive_spike,commerce,high,3,402,27,1
6345,rejected_claims_volume,catalog,high,3,48,18,0
6346,inactive_spike,account,low,1,690,7,0
6347,stale_pending_policies,catalog,medium,2,867,12,1
6348,claim_burst,claims,critical,4,52,9,1
6349,claim_burst,catalog,medium,2,520,26,1
6350,lead_spike,commerce,high,3,103,24,1
6351,stale_pending_policies,catalog,low,1,457,8,0
6352,reject_rate,catalog,medium,2,526,9,0
6353,stale_pending_policies,catalog,high,3,364,24,1
6354,reject_rate,catalog,high,3,554,17,1
6355,claim_burst,claims,high,3,796,10,1
6356,rejected_claims_volume,account,low,1,94,30,1
6357,inactive_spike,commerce,low,1,778,15,1
6358,pending_purchases,commerce,high,3,8,29,1
6359,reject_rate,catalog,high,3,287,14,1
6360,inactive_spike,account,low,1,231,9,0
6361,inactive_spike,catalog,high,3,585,11,1
6362,pending_purchases,catalog,high,3,543,8,1
6363,other,claims,high,3,827,21,1
6364,stale_pending_policies,commerce,medium,2,42,12,0
6365,claim_burst,catalog,critical,4,486,10,1
6366,claim_burst,claims,high,3,191,27,1
6367,stale_pending_policies,catalog,medium,2,224,10,0
6368,lead_spike,commerce,high,3,895,8,1
6369,pending_purchases,catalog,medium,2,249,8,0
6370,stale_pending_policies,catalog,medium,2,457,16,1
6371,unverified_provider,commerce,critical,4,405,24,0
6372,claim_burst,claims,medium,2,525,29,1
6373,stale_pending_policies,catalog,low,1,328,15,1
6374,unverified_provider,claims,low,1,196,5,0
6375,stale_pending_policies,catalog,high,3,459,8,1
6376,other,catalog,high,3,767,24,1
6377,lead_spike,claims,medium,2,205,21,1
6378,unverified_provider,catalog,critical,4,629,16,1
6379,reject_rate,account,low,1,7,16,1
6380,reject_rate,claims,low,1,629,9,0
6381,pending_purchases,account,medium,2,195,21,1
6382,pending_purchases,account,high,3,68,20,1
6383,other,catalog,critical,4,771,23,1
6384,rejected_claims_volume,claims,critical,4,692,21,1
6385,rejected_claims_volume,claims,high,3,674,12,1
6386,claim_burst,claims,medium,2,323,24,1
6387,inactive_spike,catalog,critical,4,663,26,1
6388,stale_pending_policies,claims,medium,2,186,15,1
6389,lead_spike,commerce,medium,2,171,16,1
6390,claim_burst,commerce,critical,4,293,13,1
6391,pending_purchases,commerce,high,3,9,20,1
6392,claim_burst,account,high,3,58,20,1
6393,rejected_claims_volume,claims,critical,4,872,16,1
6394,inactive_spike,account,low,1,71,5,0
6395,pending_purchases,claims,medium,2,196,18,1
6396,pending_purchases,claims,high,3,129,8,1
6397,lead_spike,claims,high,3,211,16,1
6398,lead_spike,commerce,medium,2,83,17,1
6399,lead_spike,commerce,high,3,14,8,1
6400,other,claims,critical,4,301,11,1
6401,inactive_spike,commerce,low,1,74,9,0
6402,duplicate_email,account,critical,4,82,29,1
6403,other,account,medium,2,194,11,0
6404,other,claims,low,1,734,10,0
6405,claim_burst,claims,medium,2,572,18,1
6406,stale_pending_policies,claims,medium,2,312,18,1
6407,stale_pending_policies,catalog,low,1,462,9,0
6408,inactive_spike,catalog,critical,4,76,8,1
6409,claim_burst,account,critical,4,178,18,1
6410,unverified_provider,catalog,low,1,236,3,0
6411,rejected_claims_volume,claims,critical,4,438,21,1
6412,reject_rate,account,high,3,834,16,1
6413,lead_spike,commerce,medium,2,68,15,1
6414,duplicate_email,account,medium,2,13,11,1
6415,rejected_claims_volume,claims,high,3,89,25,1
6416,lead_spike,account,medium,2,410,21,1
6417,other,catalog,critical,4,304,10,1
6418,other,commerce,medium,2,88,7,0
6419,reject_rate,catalog,medium,2,484,4,0
6420,reject_rate,catalog,low,1,537,16,1
6421,stale_pending_policies,catalog,high,3,878,16,1
6422,unverified_provider,commerce,critical,4,23,10,1
6423,rejected_claims_volume,account,critical,4,279,10,1
6424,stale_pending_policies,catalog,critical,4,847,22,1
6425,other,catalog,medium,2,709,6,0
6426,duplicate_email,account,high,3,569,20,1
6427,reject_rate,account,medium,2,1,13,1
6428,reject_rate,catalog,low,1,701,15,1
6429,reject_rate,catalog,medium,2,481,13,1
6430,claim_burst,claims,critical,4,344,25,1
6431,stale_pending_policies,catalog,low,1,475,15,1
6432,other,claims,critical,4,116,14,1
6433,unverified_provider,account,critical,4,836,21,1
6434,rejected_claims_volume,account,critical,4,534,18,0
6435,reject_rate,claims,medium,2,593,8,0
6436,claim_burst,account,high,3,303,18,1
6437,lead_spike,claims,high,3,314,9,1
6438,unverified_provider,commerce,critical,4,48,22,1
6439,inactive_spike,commerce,low,1,42,10,0
6440,lead_spike,claims,critical,4,216,25,1
6441,stale_pending_policies,account,medium,2,203,4,0
6442,reject_rate,claims,medium,2,578,10,0
6443,duplicate_email,catalog,high,3,816,18,1
6444,stale_pending_policies,catalog,low,1,647,9,0
6445,lead_spike,claims,critical,4,793,11,0
6446,lead_spike,commerce,high,3,428,26,1
6447,inactive_spike,claims,medium,2,557,17,1
6448,unverified_provider,account,critical,4,178,16,1
6449,unverified_provider,account,high,3,142,27,1
6450,reject_rate,commerce,medium,2,589,4,0
6451,lead_spike,commerce,critical,4,552,15,1
6452,pending_purchases,commerce,high,3,80,14,1
6453,inactive_spike,claims,critical,4,539,14,0
6454,inactive_spike,account,high,3,18,15,1
6455,rejected_claims_volume,commerce,high,3,552,12,1
6456,reject_rate,claims,low,1,202,4,0
6457,lead_spike,catalog,high,3,26,29,1
6458,lead_spike,claims,high,3,248,11,1
6459,reject_rate,claims,low,1,779,8,0
6460,reject_rate,commerce,critical,4,196,16,1
6461,inactive_spike,account,medium,2,262,17,1
6462,unverified_provider,account,critical,4,53,27,1
6463,claim_burst,claims,high,3,277,12,1
6464,claim_burst,account,high,3,40,14,1
6465,claim_burst,claims,high,3,872,17,0
6466,inactive_spike,commerce,critical,4,560,14,1
6467,rejected_claims_volume,account,high,3,728,28,1
6468,inactive_spike,catalog,medium,2,16,4,0
6469,stale_pending_policies,catalog,low,1,304,12,1
6470,stale_pending_policies,account,critical,4,87,12,1
6471,lead_spike,commerce,high,3,1,30,1
6472,rejected_claims_volume,claims,high,3,436,29,1
6473,other,account,high,3,74,30,1
6474,rejected_claims_volume,catalog,high,3,81,9,1
6475,pending_purchases,commerce,high,3,296,18,1
6476,pending_purchases,commerce,critical,4,343,23,1
6477,duplicate_email,commerce,high,3,9,19,1
6478,rejected_claims_volume,catalog,medium,2,608,26,0
6479,duplicate_email,account,high,3,105,20,1
6480,pending_purchases,claims,high,3,745,25,1
6481,reject_rate,catalog,medium,2,717,12,0
6482,reject_rate,catalog,critical,4,630,20,1
6483,unverified_provider,catalog,medium,2,690,8,1
6484,reject_rate,catalog,medium,2,423,10,0
6485,duplicate_email,claims,medium,2,512,29,1
6486,unverified_provider,account,medium,2,310,12,1
6487,inactive_spike,account,low,1,792,15,0
6488,stale_pending_policies,catalog,critical,4,311,21,1
6489,stale_pending_policies,catalog,high,3,652,22,1
6490,duplicate_email,account,critical,4,394,20,1
6491,pending_purchases,commerce,critical,4,557,27,1
6492,lead_spike,commerce,medium,2,80,10,1
6493,unverified_provider,catalog,critical,4,504,25,1
6494,duplicate_email,account,medium,2,353,28,1
6495,duplicate_email,catalog,high,3,5,27,1
6496,other,catalog,critical,4,355,13,1
6497,reject_rate,catalog,medium,2,238,8,0
6498,rejected_claims_volume,claims,critical,4,6,20,0
6499,claim_burst,catalog,high,3,888,26,0
6500,claim_burst,claims,medium,2,593,25,1
6501,pending_purchases,commerce,critical,4,396,28,0
6502,inactive_spike,claims,critical,4,786,16,1
6503,duplicate_email,account,critical,4,185,11,1
6504,rejected_claims_volume,catalog,critical,4,872,26,1
6505,inactive_spike,account,high,3,397,18,1
6506,pending_purchases,commerce,critical,4,383,9,1
6507,duplicate_email,commerce,medium,2,27,25,1
6508,duplicate_email,account,high,3,2,20,1
6509,unverified_provider,account,high,3,38,24,1
6510,pending_purchases,claims,high,3,553,30,1
6511,lead_spike,claims,medium,2,666,12,1
6512,rejected_claims_volume,claims,high,3,754,26,1
6513,pending_purchases,commerce,critical,4,721,22,1
6514,stale_pending_policies,catalog,critical,4,312,26,1
6515,pending_purchases,catalog,high,3,69,11,1
6516,stale_pending_policies,catalog,high,3,179,10,1
6517,unverified_provider,account,critical,4,422,8,1
6518,reject_rate,catalog,low,1,408,12,1
6519,stale_pending_policies,claims,high,3,693,17,1
6520,unverified_provider,account,medium,2,817,10,0
6521,stale_pending_policies,claims,critical,4,695,19,1
6522,inactive_spike,account,low,1,85,15,1
6523,unverified_provider,catalog,high,3,360,11,1
6524,duplicate_email,account,high,3,627,18,1
6525,duplicate_email,account,high,3,889,28,0
6526,reject_rate,catalog,high,3,808,16,1
6527,pending_purchases,claims,high,3,552,26,1
6528,stale_pending_policies,claims,critical,4,621,10,1
6529,lead_spike,commerce,critical,4,874,10,1
6530,stale_pending_policies,catalog,high,3,76,21,1
6531,lead_spike,claims,critical,4,448,13,1
6532,reject_rate,claims,high,3,71,29,1
6533,pending_purchases,commerce,high,3,174,15,0
6534,reject_rate,account,low,1,36,5,1
6535,other,claims,high,3,637,20,1
6536,duplicate_email,account,critical,4,466,30,1
6537,reject_rate,catalog,low,1,465,8,0
6538,other,catalog,low,1,706,10,0
6539,pending_purchases,claims,medium,2,373,15,1
6540,other,claims,high,3,768,23,1
6541,unverified_provider,commerce,high,3,23,23,1
6542,duplicate_email,commerce,critical,4,21,24,1
6543,pending_purchases,commerce,high,3,4,14,1
6544,reject_rate,catalog,medium,2,624,16,1
6545,reject_rate,catalog,high,3,573,24,1
6546,claim_burst,claims,medium,2,346,19,1
6547,pending_purchases,claims,high,3,524,17,1
6548,claim_burst,claims,critical,4,751,19,1
6549,lead_spike,claims,medium,2,832,14,1
6550,rejected_claims_volume,commerce,medium,2,120,26,1
6551,pending_purchases,commerce,low,1,730,15,1
6552,lead_spike,account,critical,4,454,10,1
6553,stale_pending_policies,account,high,3,97,28,1
6554,duplicate_email,catalog,low,1,755,24,1
6555,rejected_claims_volume,claims,high,3,551,14,1
6556,other,commerce,medium,2,267,12,1
6557,claim_burst,account,high,3,97,12,1
6558,other,catalog,low,1,402,9,1
6559,reject_rate,claims,low,1,383,17,1
6560,unverified_provider,catalog,high,3,36,29,1
6561,lead_spike,commerce,high,3,141,24,1
6562,stale_pending_policies,catalog,high,3,540,13,1
6563,unverified_provider,claims,medium,2,189,10,0
6564,unverified_provider,commerce,high,3,134,12,1
6565,duplicate_email,account,high,3,849,8,1
6566,lead_spike,commerce,medium,2,68,17,1
6567,inactive_spike,account,critical,4,776,14,1
6568,claim_burst,account,high,3,742,8,1
6569,inactive_spike,claims,high,3,870,25,1
6570,stale_pending_policies,commerce,high,3,722,24,1
6571,duplicate_email,account,medium,2,14,10,1
6572,lead_spike,catalog,critical,4,609,22,1
6573,unverified_provider,claims,high,3,169,24,1
6574,inactive_spike,account,critical,4,37,27,1
6575,reject_rate,account,medium,2,29,11,1
6576,inactive_spike,account,low,1,879,9,0
6577,reject_rate,catalog,critical,4,549,17,1
6578,rejected_claims_volume,catalog,low,1,28,22,1
6579,lead_spike,commerce,high,3,357,10,1
6580,other,claims,critical,4,784,19,1
6581,rejected_claims_volume,claims,critical,4,26,11,1
6582,duplicate_email,claims,high,3,166,29,1
6583,lead_spike,commerce,high,3,33,21,1
6584,lead_spike,claims,high,3,26,16,0
6585,rejected_claims_volume,claims,critical,4,19,26,1
6586,reject_rate,catalog,low,1,855,14,1
6587,unverified_provider,claims,critical,4,717,19,1
6588,claim_burst,account,medium,2,750,21,1
6589,unverified_provider,account,high,3,168,9,1
6590,duplicate_email,account,high,3,193,9,1
6591,duplicate_email,catalog,high,3,623,29,1
6592,unverified_provider,claims,medium,2,347,4,0
6593,inactive_spike,account,medium,2,375,10,0
6594,duplicate_email,account,high,3,714,10,0
6595,claim_burst,account,high,3,899,27,1
6596,inactive_spike,commerce,high,3,779,19,1
6597,reject_rate,claims,high,3,243,28,1
6598,unverified_provider,claims,critical,4,190,17,1
6599,other,account,low,1,42,4,0
6600,duplicate_email,commerce,medium,2,491,14,1
6601,unverified_provider,claims,high,3,722,11,1
6602,rejected_claims_volume,catalog,medium,2,24,29,1
6603,lead_spike,account,critical,4,433,23,1
6604,duplicate_email,commerce,critical,4,76,14,1
6605,rejected_claims_volume,commerce,high,3,4,28,1
6606,inactive_spike,claims,high,3,415,8,1
6607,reject_rate,account,low,1,465,7,0
6608,claim_burst,commerce,medium,2,84,23,1
6609,lead_spike,commerce,high,3,230,25,1
6610,lead_spike,claims,medium,2,619,22,1
6611,rejected_claims_volume,commerce,critical,4,156,8,1
6612,reject_rate,catalog,critical,4,764,12,1
6613,reject_rate,catalog,low,1,496,10,0
6614,lead_spike,claims,high,3,227,28,1
6615,reject_rate,catalog,low,1,254,14,1
6616,pending_purchases,catalog,medium,2,671,12,1
6617,inactive_spike,account,high,3,428,25,1
6618,duplicate_email,account,critical,4,15,12,1
6619,lead_spike,commerce,low,1,768,8,1
6620,claim_burst,claims,high,3,526,25,1
6621,reject_rate,account,high,3,14,10,1
6622,other,catalog,high,3,557,14,1
6623,unverified_provider,catalog,critical,4,675,19,1
6624,claim_burst,catalog,high,3,590,23,1
6625,claim_burst,account,high,3,504,10,1
6626,inactive_spike,catalog,high,3,774,11,1
6627,rejected_claims_volume,claims,medium,2,547,9,0
6628,lead_spike,account,high,3,299,25,1
6629,duplicate_email,account,high,3,888,28,1
6630,inactive_spike,catalog,critical,4,179,8,1
6631,pending_purchases,commerce,high,3,492,19,1
6632,other,catalog,critical,4,834,11,1
6633,stale_pending_policies,commerce,medium,2,48,16,1
6634,stale_pending_policies,account,medium,2,743,8,0
6635,unverified_provider,commerce,high,3,117,14,1
6636,inactive_spike,commerce,low,1,213,17,1
6637,unverified_provider,account,medium,2,138,7,0
6638,duplicate_email,account,high,3,21,19,1
6639,unverified_provider,account,medium,2,434,7,0
6640,stale_pending_policies,account,high,3,540,17,1
6641,pending_purchases,commerce,high,3,843,16,1
6642,duplicate_email,claims,high,3,343,10,1
6643,claim_burst,claims,high,3,13,9,1
6644,pending_purchases,account,high,3,374,15,1
6645,duplicate_email,account,critical,4,120,17,1
6646,rejected_claims_volume,account,low,1,642,17,1
6647,inactive_spike,account,low,1,101,6,0
6648,stale_pending_policies,catalog,critical,4,262,28,1
6649,unverified_provider,claims,high,3,605,17,1
6650,reject_rate,catalog,critical,4,455,24,1
6651,pending_purchases,commerce,low,1,4,8,0
6652,inactive_spike,catalog,medium,2,535,6,0
6653,other,account,low,1,316,10,0
6654,inactive_spike,account,low,1,220,14,1
6655,claim_burst,claims,low,1,476,15,1
6656,rejected_claims_volume,account,critical,4,479,23,1
6657,lead_spike,commerce,medium,2,816,13,1
6658,rejected_claims_volume,commerce,high,3,156,14,1
6659,unverified_provider,claims,low,1,71,2,0
6660,lead_spike,claims,low,1,245,30,1
6661,rejected_claims_volume,claims,critical,4,441,23,1
6662,stale_pending_policies,claims,low,1,237,18,1
6663,reject_rate,catalog,low,1,8,15,1
6664,pending_purchases,commerce,critical,4,168,25,0
6665,other,commerce,medium,2,11,10,1
6666,unverified_provider,account,critical,4,274,17,1
6667,claim_burst,catalog,medium,2,524,21,1
6668,unverified_provider,catalog,critical,4,294,19,1
6669,claim_burst,claims,high,3,6,18,1
6670,reject_rate,catalog,medium,2,37,5,0
6671,lead_spike,catalog,low,1,416,24,1
6672,claim_burst,account,high,3,125,15,1
6673,lead_spike,commerce,medium,2,5,13,1
6674,pending_purchases,claims,critical,4,410,17,1
6675,duplicate_email,claims,high,3,398,18,0
6676,claim_burst,commerce,high,3,40,25,1
6677,unverified_provider,catalog,low,1,644,9,1
6678,inactive_spike,account,medium,2,367,18,1
6679,unverified_provider,commerce,critical,4,518,26,1
6680,other,catalog,medium,2,171,6,0
6681,rejected_claims_volume,claims,medium,2,26,11,0
6682,reject_rate,commerce,high,3,8,11,1
6683,other,claims,critical,4,349,24,1
6684,other,catalog,medium,2,712,9,0
6685,lead_spike,claims,high,3,5,29,1
6686,unverified_provider,account,low,1,631,6,0
6687,reject_rate,catalog,high,3,819,23,1
6688,rejected_claims_volume,catalog,high,3,334,20,1
6689,lead_spike,commerce,medium,2,538,28,1
6690,rejected_claims_volume,claims,critical,4,652,22,1
6691,unverified_provider,claims,low,1,54,5,0
6692,rejected_claims_volume,catalog,medium,2,338,30,0
6693,lead_spike,account,medium,2,79,17,1
6694,duplicate_email,catalog,critical,4,418,26,1
6695,claim_burst,claims,high,3,278,25,1
6696,rejected_claims_volume,claims,high,3,303,21,1
6697,other,claims,critical,4,530,18,1
6698,reject_rate,account,low,1,862,15,1
6699,reject_rate,account,low,1,82,11,0
6700,reject_rate,catalog,low,1,144,15,1
6701,stale_pending_policies,catalog,medium,2,245,10,0
6702,duplicate_email,catalog,critical,4,173,12,1
6703,rejected_claims_volume,account,critical,4,111,17,1
6704,lead_spike,commerce,low,1,327,27,1
6705,rejected_claims_volume,claims,medium,2,860,28,1
6706,duplicate_email,account,critical,4,716,18,1
6707,unverified_provider,catalog,medium,2,382,2,0
6708,lead_spike,commerce,high,3,456,10,1
6709,stale_pending_policies,commerce,high,3,101,9,1
6710,lead_spike,claims,high,3,878,22,1
6711,stale_pending_policies,account,critical,4,196,8,1
6712,claim_burst,claims,high,3,864,20,1
6713,lead_spike,claims,low,1,740,9,1
6714,stale_pending_policies,catalog,critical,4,495,25,1
6715,inactive_spike,account,medium,2,23,16,1
6716,stale_pending_policies,catalog,low,1,57,18,1
6717,reject_rate,catalog,high,3,508,24,1
6718,lead_spike,catalog,high,3,138,28,1
6719,rejected_claims_volume,claims,medium,2,724,19,1
6720,unverified_provider,commerce,medium,2,98,2,0
6721,inactive_spike,account,low,1,83,9,0
6722,other,commerce,high,3,210,12,1
6723,reject_rate,catalog,critical,4,460,20,1
6724,duplicate_email,account,high,3,497,18,1
6725,rejected_claims_volume,claims,high,3,810,30,1
6726,stale_pending_policies,account,critical,4,25,18,1
6727,stale_pending_policies,commerce,critical,4,125,12,1
6728,claim_burst,claims,critical,4,220,24,1
6729,lead_spike,commerce,critical,4,95,25,1
6730,stale_pending_policies,account,low,1,57,16,1
6731,other,catalog,medium,2,404,1,0
6732,claim_burst,claims,critical,4,87,8,0
6733,inactive_spike,account,high,3,44,17,1
6734,rejected_claims_volume,claims,high,3,150,18,1
6735,stale_pending_policies,catalog,critical,4,6,19,1
6736,rejected_claims_volume,account,medium,2,364,14,1
6737,lead_spike,account,medium,2,637,30,1
6738,pending_purchases,commerce,critical,4,206,25,1
6739,reject_rate,catalog,high,3,616,17,1
6740,duplicate_email,account,medium,2,76,26,1
6741,unverified_provider,account,medium,2,253,7,1
6742,unverified_provider,commerce,medium,2,469,9,0
6743,unverified_provider,catalog,low,1,407,12,1
6744,rejected_claims_volume,claims,low,1,569,26,1
6745,stale_pending_policies,commerce,critical,4,497,15,1
6746,reject_rate,commerce,medium,2,250,4,0
6747,pending_purchases,account,high,3,358,10,1
6748,pending_purchases,commerce,medium,2,226,30,1
6749,unverified_provider,catalog,medium,2,317,4,0
6750,rejected_claims_volume,claims,high,3,813,29,1
6751,stale_pending_policies,catalog,high,3,173,28,1
6752,stale_pending_policies,catalog,medium,2,411,4,0
6753,pending_purchases,commerce,critical,4,258,19,1
6754,reject_rate,commerce,medium,2,215,14,1
6755,claim_burst,claims,critical,4,445,24,1
6756,inactive_spike,catalog,critical,4,445,22,1
6757,other,commerce,medium,2,71,11,0
6758,duplicate_email,account,high,3,705,26,1
6759,stale_pending_policies,catalog,medium,2,623,6,0
6760,stale_pending_policies,commerce,low,1,320,12,1
6761,reject_rate,catalog,high,3,361,19,1
6762,inactive_spike,commerce,high,3,97,25,1
6763,claim_burst,commerce,high,3,608,13,1
6764,reject_rate,catalog,medium,2,71,13,1
6765,duplicate_email,account,high,3,698,28,1
6766,reject_rate,account,high,3,103,18,1
6767,lead_spike,claims,high,3,98,10,1
6768,duplicate_email,account,high,3,1,11,1
6769,reject_rate,catalog,critical,4,854,13,1
6770,other,catalog,critical,4,262,30,1
6771,claim_burst,claims,low,1,497,12,1
6772,stale_pending_policies,catalog,low,1,857,12,1
6773,duplicate_email,account,high,3,718,21,1
6774,pending_purchases,commerce,critical,4,411,9,1
6775,unverified_provider,claims,critical,4,852,14,1
6776,claim_burst,account,medium,2,24,17,1
6777,duplicate_email,account,high,3,161,10,1
6778,inactive_spike,account,high,3,873,15,1
6779,other,claims,high,3,508,19,1
6780,pending_purchases,claims,medium,2,561,24,1
6781,claim_burst,account,medium,2,199,15,1
6782,lead_spike,commerce,high,3,551,29,1
6783,pending_purchases,commerce,critical,4,468,12,0
6784,duplicate_email,commerce,medium,2,305,22,1
6785,stale_pending_policies,catalog,critical,4,490,11,0
6786,lead_spike,claims,medium,2,339,29,1
6787,rejected_claims_volume,account,critical,4,83,26,1
6788,stale_pending_policies,commerce,low,1,604,14,1
6789,other,account,low,1,24,1,1
6790,lead_spike,claims,high,3,202,26,1
6791,reject_rate,claims,medium,2,893,10,0
6792,reject_rate,catalog,medium,2,293,18,1
6793,pending_purchases,account,critical,4,389,30,1
6794,duplicate_email,account,critical,4,300,21,1
6795,reject_rate,account,low,1,557,9,0
6796,inactive_spike,commerce,critical,4,350,8,1
6797,duplicate_email,account,low,1,18,10,1
6798,duplicate_email,account,high,3,873,10,1
6799,inactive_spike,commerce,high,3,393,20,1
6800,other,claims,medium,2,285,9,0
6801,unverified_provider,account,low,1,41,8,0
6802,stale_pending_policies,catalog,high,3,222,20,0
6803,claim_burst,commerce,medium,2,16,13,1
6804,claim_burst,claims,high,3,679,21,1
6805,unverified_provider,commerce,critical,4,275,29,1
6806,reject_rate,catalog,medium,2,523,8,1
6807,inactive_spike,account,critical,4,592,16,0
6808,claim_burst,claims,medium,2,187,24,1
6809,duplicate_email,commerce,medium,2,698,17,1
6810,unverified_provider,commerce,high,3,123,30,1
6811,claim_burst,claims,high,3,873,21,1
6812,other,commerce,critical,4,36,28,1
6813,duplicate_email,account,medium,2,4,12,1
6814,claim_burst,claims,critical,4,300,16,1
6815,claim_burst,claims,high,3,28,16,1
6816,duplicate_email,catalog,critical,4,843,18,1
6817,rejected_claims_volume,claims,high,3,893,21,1
6818,other,claims,medium,2,316,8,0
6819,unverified_provider,account,medium,2,762,1,0
6820,claim_burst,claims,critical,4,655,27,1
6821,claim_burst,claims,critical,4,92,27,1
6822,inactive_spike,claims,medium,2,469,8,0
6823,unverified_provider,account,medium,2,881,7,0
6824,rejected_claims_volume,account,high,3,20,10,0
6825,reject_rate,catalog,high,3,30,14,1
6826,claim_burst,claims,medium,2,89,12,1
6827,stale_pending_policies,catalog,low,1,120,11,0
6828,stale_pending_policies,catalog,critical,4,197,14,1
6829,pending_purchases,commerce,critical,4,51,9,1
6830,unverified_provider,claims,high,3,686,27,1
6831,inactive_spike,claims,high,3,689,20,1
6832,stale_pending_policies,catalog,critical,4,37,10,1
6833,stale_pending_policies,claims,low,1,445,7,0
6834,stale_pending_policies,catalog,critical,4,222,19,1
6835,reject_rate,account,medium,2,29,12,1
6836,pending_purchases,catalog,high,3,820,13,1
6837,pending_purchases,claims,medium,2,642,21,1
6838,duplicate_email,catalog,high,3,700,29,1
6839,lead_spike,commerce,high,3,767,23,1
6840,reject_rate,account,medium,2,6,15,0
6841,unverified_provider,claims,medium,2,354,12,1
6842,lead_spike,commerce,high,3,611,12,1
6843,stale_pending_policies,claims,low,1,725,12,1
6844,pending_purchases,account,medium,2,116,27,1
6845,inactive_spike,account,medium,2,602,16,1
6846,rejected_claims_volume,catalog,high,3,453,22,1
6847,other,commerce,medium,2,21,3,0
6848,unverified_provider,account,medium,2,167,8,0
6849,claim_burst,catalog,high,3,868,23,1
6850,reject_rate,commerce,medium,2,81,8,0
6851,lead_spike,commerce,high,3,185,24,1
6852,lead_spike,catalog,high,3,358,22,0
6853,duplicate_email,commerce,critical,4,125,15,1
6854,inactive_spike,account,medium,2,812,17,0
6855,duplicate_email,account,critical,4,788,13,1
6856,unverified_provider,claims,medium,2,115,12,1
6857,rejected_claims_volume,account,high,3,195,26,1
6858,duplicate_email,account,high,3,751,29,0
6859,rejected_claims_volume,claims,high,3,569,14,1
6860,reject_rate,commerce,high,3,275,22,1
6861,pending_purchases,catalog,medium,2,856,8,0
6862,duplicate_email,claims,high,3,137,22,0
6863,rejected_claims_volume,claims,critical,4,895,29,1
6864,rejected_claims_volume,claims,high,3,420,25,1
6865,other,claims,medium,2,456,8,0
6866,unverified_provider,account,high,3,30,27,1
6867,reject_rate,catalog,low,1,326,14,1
6868,pending_purchases,commerce,critical,4,276,10,1
6869,inactive_spike,account,critical,4,152,24,1
6870,lead_spike,account,critical,4,104,8,1
6871,lead_spike,commerce,critical,4,472,27,1
6872,reject_rate,catalog,low,1,230,13,1
6873,other,claims,medium,2,752,11,0
6874,inactive_spike,account,critical,4,445,17,1
6875,unverified_provider,claims,low,1,6,5,0
6876,unverified_provider,account,critical,4,79,22,1
6877,claim_burst,claims,low,1,272,19,1
6878,other,account,high,3,15,30,0
6879,claim_burst,claims,medium,2,37,13,1
6880,inactive_spike,catalog,low,1,408,11,1
6881,rejected_claims_volume,catalog,high,3,579,22,0
6882,other,claims,low,1,198,10,0
6883,duplicate_email,account,medium,2,37,20,1
6884,lead_spike,claims,critical,4,496,26,1
6885,rejected_claims_volume,account,high,3,136,20,1
6886,other,account,medium,2,173,9,1
6887,claim_burst,claims,high,3,161,21,1
6888,duplicate_email,claims,high,3,769,10,1
6889,rejected_claims_volume,commerce,low,1,679,20,1
6890,duplicate_email,account,critical,4,712,11,1
6891,inactive_spike,claims,critical,4,783,12,1
6892,unverified_provider,commerce,critical,4,151,17,1
6893,pending_purchases,commerce,high,3,250,16,1
6894,duplicate_email,catalog,critical,4,247,15,1
6895,duplicate_email,commerce,critical,4,467,16,0
6896,duplicate_email,catalog,low,1,492,20,1
6897,lead_spike,claims,high,3,713,29,1
6898,reject_rate,account,high,3,853,13,1
6899,inactive_spike,claims,critical,4,288,28,1
6900,claim_burst,claims,critical,4,316,13,1
6901,lead_spike,catalog,high,3,834,21,1
6902,pending_purchases,account,critical,4,780,24,1
6903,reject_rate,claims,low,1,874,9,1
6904,rejected_claims_volume,claims,high,3,106,29,1
6905,claim_burst,commerce,medium,2,37,18,1
6906,other,claims,high,3,734,28,1
6907,claim_burst,claims,high,3,444,29,1
6908,reject_rate,catalog,medium,2,348,14,1
6909,stale_pending_policies,catalog,high,3,276,24,1
6910,pending_purchases,claims,high,3,392,21,1
6911,rejected_claims_volume,claims,low,1,730,21,1
6912,claim_burst,claims,critical,4,477,30,1
6913,stale_pending_policies,catalog,medium,2,90,17,1
6914,inactive_spike,account,critical,4,702,16,1
6915,duplicate_email,account,medium,2,53,10,1
6916,stale_pending_policies,commerce,low,1,488,7,0
6917,claim_burst,catalog,critical,4,579,20,1
6918,lead_spike,commerce,medium,2,24,30,1
6919,stale_pending_policies,commerce,medium,2,69,7,1
6920,inactive_spike,account,critical,4,24,14,1
6921,rejected_claims_volume,claims,medium,2,342,11,0
6922,stale_pending_policies,catalog,low,1,113,5,0
6923,reject_rate,account,high,3,29,19,1
6924,reject_rate,commerce,high,3,43,15,1
6925,stale_pending_policies,commerce,critical,4,189,14,1
6926,other,catalog,high,3,295,17,1
6927,claim_burst,catalog,critical,4,211,27,1
6928,pending_purchases,claims,high,3,825,20,1
6929,reject_rate,catalog,high,3,61,21,1
6930,lead_spike,catalog,critical,4,605,30,1
6931,rejected_claims_volume,catalog,medium,2,62,23,0
6932,pending_purchases,account,low,1,539,28,1
6933,other,claims,critical,4,449,27,1
6934,stale_pending_policies,catalog,critical,4,43,22,1
6935,other,account,critical,4,834,11,1
6936,lead_spike,commerce,critical,4,516,28,1
6937,stale_pending_policies,catalog,high,3,694,16,1
6938,pending_purchases,claims,high,3,614,20,1
6939,unverified_provider,account,low,1,503,1,0
6940,inactive_spike,account,high,3,399,25,1
6941,lead_spike,catalog,high,3,565,23,0
6942,duplicate_email,account,critical,4,116,23,1
6943,stale_pending_policies,catalog,high,3,176,16,1
6944,stale_pending_policies,catalog,critical,4,899,26,1
6945,unverified_provider,commerce,medium,2,341,5,0
6946,pending_purchases,catalog,high,3,124,16,1
6947,lead_spike,claims,critical,4,671,21,0
6948,duplicate_email,commerce,critical,4,455,30,1
6949,claim_burst,claims,medium,2,418,23,1
6950,unverified_provider,account,critical,4,417,18,1
6951,unverified_provider,account,medium,2,253,9,0
6952,duplicate_email,commerce,critical,4,5,17,1
6953,inactive_spike,account,high,3,52,15,1
6954,unverified_provider,account,medium,2,3,9,0
6955,unverified_provider,commerce,low,1,12,4,0
6956,rejected_claims_volume,account,low,1,470,15,1
6957,lead_spike,account,low,1,81,17,1
6958,other,commerce,low,1,50,12,1
6959,inactive_spike,account,medium,2,32,10,0
6960,other,commerce,high,3,347,21,1
6961,pending_purchases,commerce,high,3,344,15,1
6962,stale_pending_policies,commerce,high,3,16,22,0
6963,unverified_provider,commerce,medium,2,281,2,0
6964,inactive_spike,catalog,low,1,841,10,0
6965,inactive_spike,commerce,low,1,73,10,0
6966,pending_purchases,claims,critical,4,868,17,1
6967,claim_burst,claims,high,3,898,30,1
6968,stale_pending_policies,claims,high,3,443,27,1
6969,reject_rate,account,high,3,55,13,1
6970,pending_purchases,account,critical,4,250,9,1
6971,lead_spike,commerce,critical,4,846,27,1
6972,reject_rate,claims,critical,4,330,30,1
6973,other,commerce,critical,4,10,13,1
6974,inactive_spike,catalog,critical,4,664,25,1
6975,pending_purchases,catalog,high,3,450,24,0
6976,reject_rate,account,critical,4,99,26,1
6977,stale_pending_policies,catalog,high,3,519,19,1
6978,pending_purchases,claims,high,3,7,16,1
6979,claim_burst,claims,high,3,436,25,1
6980,rejected_claims_volume,account,critical,4,90,22,1
6981,inactive_spike,account,low,1,20,8,0
6982,stale_pending_policies,catalog,low,1,687,13,1
6983,claim_burst,claims,low,1,209,29,1
6984,claim_burst,claims,critical,4,762,19,1
6985,claim_burst,claims,medium,2,364,19,1
6986,unverified_provider,account,low,1,119,3,0
6987,unverified_provider,account,critical,4,1,26,1
6988,other,claims,critical,4,301,29,1
6989,lead_spike,commerce,medium,2,46,16,1
6990,unverified_provider,catalog,medium,2,56,4,0
6991,duplicate_email,account,medium,2,601,16,1
6992,lead_spike,claims,critical,4,44,14,1
6993,lead_spike,account,low,1,165,20,1
6994,duplicate_email,account,high,3,6,25,1
6995,inactive_spike,account,high,3,814,10,1
6996,unverified_provider,commerce,medium,2,139,8,0
6997,inactive_spike,commerce,high,3,42,29,1
6998,duplicate_email,account,critical,4,285,15,1
6999,other,commerce,low,1,880,3,0
7000,pending_purchases,catalog,critical,4,469,28,1
7001,unverified_provider,catalog,medium,2,471,9,0
7002,other,commerce,medium,2,213,11,0
7003,stale_pending_policies,catalog,medium,2,721,18,1
7004,stale_pending_policies,catalog,critical,4,232,26,1
7005,inactive_spike,catalog,high,3,759,27,1
7006,inactive_spike,account,low,1,608,6,0
7007,stale_pending_policies,catalog,low,1,329,4,0
7008,claim_burst,claims,medium,2,388,28,1
7009,lead_spike,catalog,critical,4,17,13,1
7010,lead_spike,catalog,critical,4,65,18,1
7011,rejected_claims_volume,claims,critical,4,348,21,1
7012,reject_rate,account,medium,2,29,16,1
7013,unverified_provider,account,low,1,51,2,0
7014,unverified_provider,catalog,high,3,673,11,1
7015,pending_purchases,claims,critical,4,236,15,1
7016,stale_pending_policies,claims,critical,4,378,19,1
7017,reject_rate,claims,critical,4,623,30,1
7018,other,claims,high,3,353,12,1
7019,claim_burst,commerce,medium,2,419,24,1
7020,unverified_provider,account,medium,2,36,8,1
7021,pending_purchases,commerce,critical,4,509,13,1
7022,stale_pending_policies,catalog,high,3,760,21,0
7023,lead_spike,commerce,critical,4,389,14,1
7024,duplicate_email,commerce,low,1,149,19,1
7025,unverified_provider,claims,critical,4,107,21,1
7026,claim_burst,catalog,high,3,43,22,1
7027,stale_pending_policies,catalog,medium,2,709,7,0
7028,reject_rate,commerce,medium,2,644,4,0
7029,rejected_claims_volume,claims,critical,4,639,30,1
7030,reject_rate,account,medium,2,356,17,1
7031,other,catalog,high,3,373,25,1
7032,other,catalog,high,3,806,26,1
7033,unverified_provider,catalog,high,3,684,23,1
7034,pending_purchases,commerce,low,1,18,9,1
7035,claim_burst,claims,high,3,455,30,1
7036,reject_rate,catalog,low,1,758,14,1
7037,unverified_provider,commerce,high,3,314,17,1
7038,rejected_claims_volume,claims,high,3,267,21,1
7039,duplicate_email,account,high,3,514,29,1
7040,lead_spike,commerce,low,1,108,9,1
7041,pending_purchases,commerce,critical,4,732,18,1
7042,duplicate_email,claims,critical,4,430,16,1
7043,claim_burst,commerce,low,1,19,10,1
7044,rejected_claims_volume,claims,high,3,808,23,1
7045,inactive_spike,catalog,medium,2,866,16,1
7046,stale_pending_policies,claims,low,1,711,12,1
7047,other,account,low,1,622,2,0
7048,rejected_claims_volume,account,high,3,212,26,1
7049,other,commerce,critical,4,235,14,0
7050,unverified_provider,account,high,3,47,23,1
7051,other,commerce,low,1,28,4,0
7052,stale_pending_policies,catalog,high,3,174,16,1
7053,lead_spike,claims,medium,2,174,26,1
7054,inactive_spike,claims,high,3,796,11,1
7055,rejected_claims_volume,claims,low,1,644,19,1
7056,rejected_claims_volume,claims,medium,2,525,11,0
7057,unverified_provider,commerce,high,3,794,15,1
7058,other,claims,medium,2,365,8,0
7059,pending_purchases,commerce,high,3,721,19,1
7060,reject_rate,account,medium,2,20,6,0
7061,inactive_spike,claims,low,1,410,4,0
7062,inactive_spike,account,low,1,715,8,0
7063,stale_pending_policies,claims,medium,2,833,13,1
7064,unverified_provider,commerce,critical,4,82,25,1
7065,lead_spike,catalog,critical,4,53,9,1
7066,duplicate_email,account,high,3,47,20,1
7067,claim_burst,claims,medium,2,36,25,1
7068,inactive_spike,account,high,3,633,21,1
7069,reject_rate,commerce,critical,4,866,22,1
7070,lead_spike,commerce,critical,4,149,24,1
7071,stale_pending_policies,catalog,high,3,173,9,1
7072,unverified_provider,commerce,high,3,852,8,1
7073,duplicate_email,claims,medium,2,214,17,1
7074,stale_pending_policies,catalog,medium,2,622,7,0
7075,reject_rate,commerce,high,3,670,26,0
7076,pending_purchases,account,medium,2,71,14,1
7077,rejected_claims_volume,claims,high,3,882,30,0
7078,inactive_spike,account,medium,2,31,5,0
7079,lead_spike,commerce,medium,2,848,14,0
7080,pending_purchases,commerce,high,3,13,14,1
7081,lead_spike,commerce,low,1,400,10,1
7082,pending_purchases,account,high,3,337,18,1
7083,reject_rate,account,medium,2,81,12,1
7084,inactive_spike,account,high,3,404,13,1
7085,duplicate_email,account,high,3,55,21,1
7086,duplicate_email,account,medium,2,20,8,1
7087,unverified_provider,commerce,low,1,373,3,0
7088,inactive_spike,account,high,3,10,21,1
7089,reject_rate,catalog,critical,4,18,8,1
7090,claim_burst,claims,low,1,22,25,1
7091,rejected_claims_volume,account,low,1,667,10,0
7092,rejected_claims_volume,catalog,high,3,420,20,1
7093,rejected_claims_volume,commerce,medium,2,59,29,1
7094,pending_purchases,catalog,critical,4,332,25,1
7095,lead_spike,catalog,high,3,466,27,1
7096,other,account,critical,4,576,30,1
7097,duplicate_email,account,critical,4,417,17,1
7098,inactive_spike,account,high,3,5,30,1
7099,other,claims,medium,2,805,12,1
7100,duplicate_email,account,critical,4,566,17,1
7101,lead_spike,commerce,high,3,429,17,1
7102,rejected_claims_volume,catalog,low,1,620,23,1
7103,other,commerce,critical,4,704,12,1
7104,duplicate_email,claims,critical,4,183,26,0
7105,unverified_provider,account,high,3,475,20,1
7106,unverified_provider,claims,high,3,252,13,1
7107,other,commerce,medium,2,533,10,0
7108,duplicate_email,account,medium,2,53,15,1
7109,unverified_provider,commerce,low,1,343,12,1
7110,unverified_provider,claims,critical,4,41,24,1
7111,inactive_spike,account,high,3,9,30,1
7112,pending_purchases,commerce,critical,4,785,20,1
7113,rejected_claims_volume,account,high,3,218,14,1
7114,unverified_provider,catalog,high,3,584,29,1
7115,stale_pending_policies,catalog,critical,4,742,30,1
7116,stale_pending_policies,commerce,low,1,629,18,1
7117,stale_pending_policies,claims,medium,2,333,15,1
7118,claim_burst,claims,medium,2,87,29,1
7119,claim_burst,claims,medium,2,67,12,1
7120,lead_spike,commerce,critical,4,56,9,1
7121,unverified_provider,account,critical,4,59,17,1
7122,stale_pending_policies,claims,critical,4,667,16,1
7123,inactive_spike,claims,low,1,695,17,1
7124,pending_purchases,claims,critical,4,530,26,1
7125,rejected_claims_volume,commerce,high,3,135,12,0
7126,reject_rate,account,low,1,59,9,0
7127,duplicate_email,account,high,3,190,21,0
7128,duplicate_email,account,medium,2,165,10,0
7129,unverified_provider,commerce,critical,4,201,13,1
7130,stale_pending_policies,catalog,medium,2,434,6,0
7131,claim_burst,account,high,3,16,17,1
7132,lead_spike,commerce,high,3,880,20,1
7133,duplicate_email,commerce,critical,4,195,21,1
7134,unverified_provider,account,low,1,384,9,0
7135,other,catalog,medium,2,303,8,0
7136,rejected_claims_volume,commerce,medium,2,13,17,0
7137,pending_purchases,commerce,high,3,122,30,1
7138,rejected_claims_volume,commerce,medium,2,883,29,1
7139,claim_burst,claims,high,3,203,22,1
7140,rejected_claims_volume,claims,medium,2,592,12,1
7141,claim_burst,account,critical,4,743,9,1
7142,pending_purchases,commerce,high,3,337,9,1
7143,unverified_provider,account,low,1,163,2,0
7144,claim_burst,account,high,3,5,8,1
7145,other,catalog,high,3,822,29,0
7146,stale_pending_policies,commerce,medium,2,261,9,0
7147,unverified_provider,account,low,1,849,10,1
7148,duplicate_email,account,high,3,18,21,1
7149,inactive_spike,claims,low,1,787,4,0
7150,rejected_claims_volume,commerce,low,1,450,13,0
7151,claim_burst,claims,high,3,829,23,1
7152,pending_purchases,commerce,critical,4,649,30,1
7153,reject_rate,commerce,critical,4,554,21,1
7154,duplicate_email,catalog,medium,2,782,29,1
7155,duplicate_email,account,critical,4,812,23,1
7156,reject_rate,catalog,critical,4,45,15,1
7157,lead_spike,claims,critical,4,586,29,1
7158,unverified_provider,claims,low,1,351,9,0
7159,unverified_provider,account,low,1,718,9,0
7160,unverified_provider,commerce,critical,4,777,8,1
7161,lead_spike,commerce,high,3,629,11,1
7162,claim_burst,claims,high,3,607,8,1
7163,rejected_claims_volume,claims,critical,4,87,14,1
7164,pending_purchases,catalog,low,1,452,30,1
7165,claim_burst,claims,low,1,264,23,1
7166,claim_burst,account,critical,4,221,13,1
7167,reject_rate,commerce,high,3,86,26,1
7168,duplicate_email,catalog,high,3,533,9,0
7169,reject_rate,claims,low,1,20,10,0
7170,lead_spike,commerce,medium,2,751,15,1
7171,reject_rate,catalog,low,1,900,15,1
7172,claim_burst,account,medium,2,651,9,1
7173,pending_purchases,commerce,high,3,172,20,1
7174,inactive_spike,account,critical,4,108,22,1
7175,stale_pending_policies,commerce,medium,2,802,4,0
7176,reject_rate,catalog,high,3,655,23,0
7177,stale_pending_policies,catalog,critical,4,679,13,1
7178,pending_purchases,account,low,1,498,28,1
7179,rejected_claims_volume,claims,low,1,183,20,1
7180,inactive_spike,commerce,medium,2,169,18,1
7181,inactive_spike,commerce,critical,4,83,28,1
7182,reject_rate,commerce,medium,2,113,12,1
7183,claim_burst,claims,critical,4,434,13,1
7184,inactive_spike,account,high,3,148,12,1
7185,pending_purchases,claims,high,3,238,25,1
7186,stale_pending_policies,commerce,medium,2,10,10,0
7187,duplicate_email,commerce,high,3,490,14,1
7188,unverified_provider,commerce,medium,2,535,4,0
7189,duplicate_email,account,medium,2,713,9,1
7190,unverified_provider,account,medium,2,425,8,1
7191,claim_burst,claims,medium,2,645,30,1
7192,claim_burst,claims,critical,4,177,26,1
7193,duplicate_email,account,high,3,429,26,1
7194,duplicate_email,claims,medium,2,880,9,1
7195,pending_purchases,commerce,critical,4,222,29,1
7196,inactive_spike,claims,medium,2,125,11,0
7197,duplicate_email,catalog,high,3,461,30,1
7198,inactive_spike,account,high,3,720,16,1
7199,unverified_provider,commerce,high,3,723,27,0
7200,duplicate_email,commerce,medium,2,370,10,1
7201,inactive_spike,catalog,low,1,724,5,0
7202,rejected_claims_volume,account,critical,4,143,16,1
7203,other,commerce,critical,4,535,20,1
7204,duplicate_email,account,medium,2,70,8,1
7205,rejected_claims_volume,claims,low,1,177,16,0
7206,pending_purchases,catalog,high,3,537,13,1
7207,claim_burst,account,low,1,803,9,1
7208,rejected_claims_volume,catalog,high,3,848,15,1
7209,duplicate_email,account,medium,2,480,13,1
7210,stale_pending_policies,account,medium,2,89,8,0
7211,claim_burst,claims,high,3,382,23,1
7212,stale_pending_policies,catalog,critical,4,397,27,1
7213,reject_rate,catalog,high,3,708,12,1
7214,pending_purchases,commerce,critical,4,845,14,1
7215,unverified_provider,catalog,low,1,206,1,0
7216,rejected_claims_volume,claims,critical,4,690,19,1
7217,stale_pending_policies,catalog,medium,2,316,6,0
7218,duplicate_email,commerce,medium,2,517,13,1
7219,unverified_provider,account,medium,2,147,3,0
7220,lead_spike,catalog,critical,4,122,21,1
7221,lead_spike,account,high,3,694,12,1
7222,reject_rate,catalog,low,1,481,9,0
7223,unverified_provider,account,high,3,692,14,1
7224,rejected_claims_volume,commerce,critical,4,212,22,1
7225,unverified_provider,claims,critical,4,411,12,1
7226,lead_spike,commerce,critical,4,746,28,1
7227,rejected_claims_volume,claims,medium,2,742,17,1
7228,stale_pending_policies,catalog,medium,2,758,8,0
7229,lead_spike,commerce,medium,2,578,21,0
7230,duplicate_email,account,high,3,472,10,1
7231,duplicate_email,account,low,1,882,29,1
7232,rejected_claims_volume,catalog,medium,2,758,29,1
7233,claim_burst,claims,high,3,429,15,1
7234,lead_spike,account,low,1,860,30,1
7235,claim_burst,claims,high,3,683,21,1
7236,duplicate_email,catalog,high,3,567,18,1
7237,lead_spike,commerce,high,3,285,18,1
7238,reject_rate,catalog,medium,2,612,11,1
7239,inactive_spike,account,medium,2,894,17,1
7240,unverified_provider,account,high,3,786,30,1
7241,other,account,low,1,15,4,0
7242,lead_spike,claims,critical,4,900,18,1
7243,unverified_provider,catalog,high,3,178,8,1
7244,stale_pending_policies,commerce,high,3,677,11,1
7245,pending_purchases,claims,high,3,529,20,1
7246,reject_rate,account,critical,4,46,14,1
7247,pending_purchases,commerce,medium,2,209,11,0
7248,reject_rate,claims,critical,4,564,8,1
7249,other,account,high,3,357,26,1
7250,unverified_provider,account,low,1,116,6,0
7251,inactive_spike,claims,critical,4,380,21,1
7252,rejected_claims_volume,claims,medium,2,491,23,1
7253,pending_purchases,account,critical,4,899,23,1
7254,lead_spike,commerce,low,1,98,28,1
7255,rejected_claims_volume,claims,critical,4,770,21,1
7256,reject_rate,account,critical,4,11,25,1
7257,stale_pending_policies,catalog,critical,4,763,15,0
7258,claim_burst,claims,medium,2,661,21,1
7259,stale_pending_policies,claims,critical,4,763,15,1
7260,rejected_claims_volume,catalog,high,3,73,13,1
7261,other,catalog,high,3,780,17,1
7262,duplicate_email,claims,high,3,243,16,1
7263,claim_burst,catalog,medium,2,162,15,1
7264,other,catalog,low,1,124,2,1
7265,reject_rate,commerce,critical,4,836,25,1
7266,lead_spike,commerce,critical,4,420,29,1
7267,unverified_provider,commerce,high,3,24,14,1
7268,claim_burst,catalog,critical,4,440,28,1
7269,other,catalog,critical,4,423,29,1
7270,rejected_claims_volume,claims,high,3,282,30,1
7271,inactive_spike,commerce,high,3,850,11,0
7272,stale_pending_policies,catalog,high,3,392,22,1
7273,lead_spike,commerce,high,3,74,11,1
7274,claim_burst,claims,critical,4,110,21,0
7275,unverified_provider,catalog,critical,4,261,29,1
7276,pending_purchases,commerce,medium,2,229,22,1
7277,duplicate_email,catalog,low,1,490,30,1
7278,claim_burst,claims,high,3,562,12,1
7279,unverified_provider,commerce,medium,2,583,7,0
7280,pending_purchases,claims,high,3,850,18,1
7281,rejected_claims_volume,claims,medium,2,669,27,1
7282,stale_pending_policies,catalog,high,3,110,15,1
7283,unverified_provider,account,critical,4,113,20,1
7284,reject_rate,account,medium,2,122,14,1
7285,reject_rate,catalog,low,1,694,8,0
7286,unverified_provider,account,high,3,21,19,1
7287,claim_burst,account,high,3,659,27,1
7288,inactive_spike,commerce,critical,4,252,18,1
7289,unverified_provider,catalog,critical,4,54,22,1
7290,stale_pending_policies,claims,medium,2,478,4,0
7291,duplicate_email,commerce,medium,2,77,30,1
7292,reject_rate,commerce,critical,4,83,16,1
7293,duplicate_email,account,critical,4,729,11,0
7294,duplicate_email,commerce,critical,4,16,30,1
7295,claim_burst,account,medium,2,28,14,1
7296,unverified_provider,account,high,3,167,20,1
7297,stale_pending_policies,account,high,3,424,9,1
7298,claim_burst,claims,low,1,103,11,1
7299,inactive_spike,catalog,high,3,410,24,1
7300,claim_burst,claims,low,1,301,12,0
7301,claim_burst,claims,critical,4,535,9,1
7302,inactive_spike,commerce,low,1,22,10,0
7303,rejected_claims_volume,claims,medium,2,28,10,0
7304,other,catalog,low,1,152,8,0
7305,unverified_provider,account,low,1,59,7,0
7306,inactive_spike,claims,critical,4,233,21,1
7307,duplicate_email,account,low,1,169,24,1
7308,lead_spike,commerce,high,3,15,22,1
7309,duplicate_email,account,medium,2,867,18,1
7310,other,catalog,low,1,552,7,0
7311,rejected_claims_volume,claims,high,3,73,28,1
7312,inactive_spike,commerce,low,1,27,8,0
7313,other,catalog,critical,4,184,13,1
7314,inactive_spike,account,medium,2,443,9,1
7315,lead_spike,catalog,high,3,254,28,1
7316,claim_burst,catalog,medium,2,835,12,0
7317,rejected_claims_volume,claims,high,3,502,27,1
7318,pending_purchases,catalog,low,1,755,23,1
7319,lead_spike,commerce,high,3,27,8,0
7320,unverified_provider,catalog,low,1,288,3,0
7321,pending_purchases,claims,medium,2,135,12,1
7322,inactive_spike,claims,high,3,802,24,1
7323,inactive_spike,commerce,high,3,30,9,1
7324,stale_pending_policies,catalog,critical,4,259,10,1
7325,rejected_claims_volume,commerce,high,3,890,13,1
7326,pending_purchases,catalog,medium,2,65,9,0
7327,pending_purchases,claims,high,3,624,12,0
7328,duplicate_email,catalog,critical,4,727,29,0
7329,pending_purchases,commerce,critical,4,655,19,1
7330,pending_purchases,account,critical,4,359,28,0
7331,rejected_claims_volume,commerce,medium,2,360,17,0
7332,claim_burst,claims,high,3,11,23,1
7333,pending_purchases,commerce,high,3,66,8,1
7334,pending_purchases,catalog,medium,2,729,29,1
7335,reject_rate,claims,critical,4,226,14,1
7336,inactive_spike,account,high,3,401,21,1
7337,rejected_claims_volume,claims,high,3,478,29,1
7338,inactive_spike,account,high,3,8,25,1
7339,inactive_spike,account,high,3,435,9,1
7340,other,catalog,critical,4,490,25,1
7341,lead_spike,catalog,low,1,894,19,1
7342,reject_rate,catalog,medium,2,261,10,0
7343,lead_spike,commerce,high,3,399,27,1
7344,duplicate_email,claims,high,3,560,15,1
7345,reject_rate,catalog,low,1,100,11,1
7346,reject_rate,account,critical,4,114,12,1
7347,claim_burst,catalog,critical,4,144,27,1
7348,stale_pending_policies,catalog,low,1,841,18,1
7349,pending_purchases,commerce,medium,2,171,28,0
7350,unverified_provider,commerce,medium,2,508,5,0
7351,duplicate_email,claims,low,1,188,23,1
7352,duplicate_email,claims,high,3,366,21,0
7353,unverified_provider,claims,critical,4,862,18,0
7354,stale_pending_policies,catalog,low,1,221,12,1
7355,reject_rate,catalog,critical,4,752,9,1
7356,duplicate_email,claims,high,3,688,19,1
7357,rejected_claims_volume,claims,medium,2,515,29,1
7358,pending_purchases,claims,critical,4,241,23,1
7359,reject_rate,catalog,medium,2,129,4,0
7360,pending_purchases,commerce,critical,4,887,21,1
7361,stale_pending_policies,catalog,low,1,18,15,1
7362,unverified_provider,account,critical,4,163,12,1
7363,pending_purchases,claims,medium,2,43,27,1
7364,pending_purchases,account,critical,4,58,21,1
7365,lead_spike,claims,medium,2,859,10,1
7366,inactive_spike,commerce,critical,4,258,27,1
7367,lead_spike,commerce,high,3,367,30,1
7368,pending_purchases,commerce,medium,2,62,10,0
7369,rejected_claims_volume,account,high,3,119,26,1
7370,duplicate_email,catalog,high,3,134,21,1
7371,pending_purchases,commerce,high,3,846,23,1
7372,claim_burst,claims,high,3,619,28,1
7373,reject_rate,account,high,3,589,10,1
7374,unverified_provider,account,critical,4,583,18,1
7375,claim_burst,catalog,high,3,838,22,1
7376,claim_burst,claims,medium,2,498,26,0
7377,pending_purchases,commerce,high,3,14,29,1
7378,stale_pending_policies,account,medium,2,797,4,0
7379,unverified_provider,account,low,1,70,4,0
7380,stale_pending_policies,claims,critical,4,244,15,1
7381,reject_rate,commerce,low,1,41,7,0
7382,lead_spike,commerce,medium,2,558,29,1
7383,claim_burst,claims,low,1,92,11,1
7384,duplicate_email,account,medium,2,9,14,1
7385,reject_rate,catalog,critical,4,603,18,1
7386,stale_pending_policies,claims,critical,4,659,9,1
7387,pending_purchases,claims,high,3,776,29,1
7388,duplicate_email,commerce,medium,2,129,30,1
7389,other,commerce,critical,4,15,18,1
7390,stale_pending_policies,catalog,critical,4,882,17,1
7391,stale_pending_policies,claims,high,3,153,17,0
7392,pending_purchases,claims,medium,2,318,21,1
7393,lead_spike,claims,critical,4,8,18,1
7394,rejected_claims_volume,commerce,high,3,573,9,1
7395,stale_pending_policies,claims,medium,2,293,9,0
7396,unverified_provider,account,high,3,52,27,1
7397,lead_spike,commerce,high,3,51,26,1
7398,lead_spike,commerce,high,3,263,21,1
7399,claim_burst,account,high,3,530,30,1
7400,reject_rate,catalog,low,1,130,9,0
7401,unverified_provider,commerce,high,3,508,20,1
7402,inactive_spike,commerce,critical,4,80,30,1
7403,claim_burst,catalog,critical,4,850,20,1
7404,lead_spike,commerce,low,1,92,16,1
7405,claim_burst,catalog,high,3,430,19,1
7406,lead_spike,commerce,high,3,422,14,1
7407,reject_rate,claims,medium,2,871,15,1
7408,unverified_provider,account,critical,4,19,16,1
7409,pending_purchases,commerce,critical,4,654,9,1
7410,inactive_spike,account,medium,2,897,12,1
7411,duplicate_email,account,low,1,585,25,1
7412,rejected_claims_volume,claims,high,3,307,23,1
7413,rejected_claims_volume,claims,high,3,199,12,1
7414,unverified_provider,account,medium,2,250,4,0
7415,pending_purchases,catalog,medium,2,389,24,0
7416,stale_pending_policies,account,critical,4,274,12,1
7417,reject_rate,catalog,critical,4,83,13,1
7418,inactive_spike,catalog,high,3,763,21,1
7419,pending_purchases,commerce,medium,2,35,18,1
7420,stale_pending_policies,catalog,low,1,861,15,1
7421,pending_purchases,catalog,medium,2,280,12,1
7422,claim_burst,catalog,critical,4,205,15,1
7423,reject_rate,claims,low,1,230,11,0
7424,pending_purchases,commerce,high,3,347,26,1
7425,inactive_spike,commerce,high,3,682,9,1
7426,unverified_provider,catalog,critical,4,275,21,1
7427,inactive_spike,commerce,medium,2,22,12,1
7428,unverified_provider,account,medium,2,27,8,1
7429,duplicate_email,account,critical,4,122,24,1
7430,claim_burst,catalog,high,3,153,9,1
7431,unverified_provider,claims,medium,2,503,2,0
7432,rejected_claims_volume,account,high,3,681,30,0
7433,reject_rate,catalog,high,3,366,13,1
7434,reject_rate,commerce,high,3,423,13,1
7435,claim_burst,claims,high,3,656,19,1
7436,duplicate_email,catalog,critical,4,398,22,1
7437,lead_spike,catalog,high,3,54,12,1
7438,unverified_provider,account,low,1,345,5,0
7439,reject_rate,catalog,high,3,75,28,1
7440,other,account,high,3,9,16,1
7441,pending_purchases,catalog,critical,4,703,14,1
7442,reject_rate,commerce,low,1,593,17,1
7443,reject_rate,catalog,medium,2,487,14,1
7444,rejected_claims_volume,claims,critical,4,300,24,1
7445,duplicate_email,claims,low,1,607,17,1
7446,reject_rate,account,critical,4,55,30,0
7447,unverified_provider,catalog,medium,2,443,9,0
7448,reject_rate,catalog,medium,2,69,9,1
7449,inactive_spike,account,low,1,111,4,0
7450,claim_burst,claims,medium,2,94,20,1
7451,lead_spike,commerce,medium,2,674,23,1
7452,lead_spike,account,medium,2,2,25,1
7453,unverified_provider,account,low,1,47,6,0
7454,inactive_spike,account,high,3,81,11,1
7455,inactive_spike,claims,critical,4,587,10,1
7456,claim_burst,claims,high,3,749,25,1
7457,other,claims,high,3,219,10,1
7458,reject_rate,account,medium,2,459,6,0
7459,inactive_spike,account,medium,2,198,5,0
7460,stale_pending_policies,account,medium,2,695,4,0
7461,unverified_provider,claims,critical,4,524,10,1
7462,claim_burst,claims,high,3,445,9,1
7463,stale_pending_policies,commerce,medium,2,62,7,0
7464,lead_spike,claims,critical,4,411,15,1
7465,pending_purchases,commerce,critical,4,766,22,1
7466,rejected_claims_volume,catalog,high,3,432,10,1
7467,rejected_claims_volume,claims,high,3,543,28,1
7468,rejected_claims_volume,catalog,high,3,341,16,1
7469,stale_pending_policies,catalog,high,3,103,17,1
7470,inactive_spike,commerce,critical,4,76,15,1
7471,duplicate_email,claims,high,3,413,29,1
7472,rejected_claims_volume,claims,medium,2,420,13,1
7473,inactive_spike,catalog,medium,2,334,10,0
7474,unverified_provider,account,critical,4,755,23,1
7475,stale_pending_policies,catalog,low,1,497,5,0
7476,lead_spike,account,high,3,66,21,1
7477,inactive_spike,account,high,3,34,27,0
7478,inactive_spike,catalog,medium,2,191,7,0
7479,lead_spike,commerce,critical,4,133,11,0
7480,duplicate_email,catalog,critical,4,341,27,1
7481,reject_rate,catalog,critical,4,93,29,1
7482,unverified_provider,account,critical,4,276,22,0
7483,other,catalog,high,3,893,13,0
7484,inactive_spike,account,low,1,54,6,0
7485,pending_purchases,commerce,high,3,844,29,1
7486,inactive_spike,account,critical,4,296,29,1
7487,rejected_claims_volume,claims,high,3,148,9,1
7488,stale_pending_policies,catalog,medium,2,477,7,0
7489,stale_pending_policies,commerce,critical,4,232,22,1
7490,rejected_claims_volume,claims,low,1,746,26,1
7491,stale_pending_policies,catalog,medium,2,872,10,0
7492,rejected_claims_volume,catalog,medium,2,413,19,1
7493,inactive_spike,catalog,high,3,335,29,1
7494,reject_rate,catalog,high,3,481,28,1
7495,inactive_spike,claims,critical,4,579,10,1
7496,stale_pending_policies,catalog,high,3,829,18,1
7497,unverified_provider,account,low,1,674,12,1
7498,pending_purchases,commerce,medium,2,420,14,1
7499,claim_burst,claims,critical,4,735,15,1
7500,duplicate_email,commerce,high,3,36,27,1
7501,rejected_claims_volume,claims,medium,2,819,10,0
7502,rejected_claims_volume,claims,high,3,619,21,1
7503,inactive_spike,claims,high,3,697,16,1
7504,other,account,high,3,18,14,1
7505,stale_pending_policies,commerce,medium,2,25,12,1
7506,lead_spike,account,medium,2,352,21,1
7507,unverified_provider,commerce,medium,2,847,4,0
7508,pending_purchases,commerce,high,3,45,10,1
7509,other,claims,critical,4,298,14,1
7510,reject_rate,claims,critical,4,169,27,1
7511,inactive_spike,account,low,1,687,11,0
7512,lead_spike,commerce,medium,2,85,10,1
7513,rejected_claims_volume,claims,critical,4,852,18,1
7514,unverified_provider,claims,critical,4,881,28,1
7515,claim_burst,account,medium,2,57,9,1
7516,pending_purchases,account,high,3,719,15,1
7517,stale_pending_policies,catalog,high,3,645,24,1
7518,lead_spike,account,medium,2,37,12,1
7519,unverified_provider,commerce,critical,4,444,16,1
7520,stale_pending_policies,catalog,low,1,794,8,0
7521,reject_rate,commerce,critical,4,253,9,1
7522,stale_pending_policies,catalog,high,3,395,16,1
7523,duplicate_email,account,medium,2,76,25,1
7524,reject_rate,commerce,critical,4,21,10,0
7525,unverified_provider,account,high,3,630,10,0
7526,inactive_spike,account,medium,2,27,11,0
7527,reject_rate,commerce,medium,2,42,15,1
7528,rejected_claims_volume,catalog,high,3,405,26,1
7529,claim_burst,commerce,high,3,187,19,1
7530,claim_burst,catalog,high,3,680,16,1
7531,claim_burst,commerce,critical,4,641,13,0
7532,inactive_spike,catalog,medium,2,732,16,0
7533,lead_spike,commerce,high,3,245,21,1
7534,claim_burst,account,high,3,128,11,1
7535,lead_spike,account,medium,2,297,8,1
7536,pending_purchases,commerce,high,3,45,12,1
7537,stale_pending_policies,catalog,high,3,15,26,1
7538,reject_rate,catalog,high,3,767,27,1
7539,pending_purchases,commerce,high,3,286,14,1
7540,duplicate_email,account,high,3,104,30,1
7541,pending_purchases,claims,high,3,79,18,1
7542,reject_rate,commerce,medium,2,735,10,0
7543,lead_spike,account,critical,4,30,29,1
7544,claim_burst,commerce,low,1,113,14,1
7545,unverified_provider,catalog,high,3,258,15,1
7546,stale_pending_policies,commerce,medium,2,507,6,0
7547,rejected_claims_volume,commerce,high,3,768,23,1
7548,reject_rate,catalog,critical,4,403,28,1
7549,duplicate_email,commerce,low,1,670,27,1
7550,lead_spike,commerce,medium,2,2,17,1
7551,duplicate_email,catalog,medium,2,233,25,1
7552,lead_spike,catalog,high,3,155,10,1
7553,pending_purchases,commerce,high,3,383,18,1
7554,inactive_spike,account,high,3,129,30,1
7555,inactive_spike,account,low,1,561,9,0
7556,reject_rate,catalog,critical,4,332,27,1
7557,unverified_provider,commerce,critical,4,15,14,1
7558,pending_purchases,commerce,critical,4,614,16,1
7559,lead_spike,catalog,high,3,839,10,0
7560,other,account,high,3,1,28,1
7561,stale_pending_policies,claims,critical,4,607,20,1
7562,duplicate_email,catalog,high,3,291,9,1
7563,pending_purchases,commerce,high,3,407,8,1
7564,pending_purchases,catalog,high,3,614,27,1
7565,duplicate_email,catalog,high,3,284,30,1
7566,other,claims,high,3,608,24,1
7567,unverified_provider,account,low,1,681,2,1
7568,pending_purchases,commerce,critical,4,56,14,1
7569,inactive_spike,claims,low,1,808,11,0
7570,stale_pending_policies,catalog,medium,2,888,5,0
7571,claim_burst,commerce,critical,4,493,21,1
7572,unverified_provider,account,high,3,62,22,1
7573,duplicate_email,claims,medium,2,531,19,1
7574,reject_rate,account,medium,2,898,4,0
7575,stale_pending_policies,catalog,medium,2,583,9,0
7576,rejected_claims_volume,commerce,medium,2,889,20,1
7577,other,commerce,critical,4,27,9,1
7578,claim_burst,claims,high,3,347,9,1
7579,stale_pending_policies,catalog,high,3,641,17,1
7580,unverified_provider,catalog,critical,4,20,9,1
7581,inactive_spike,commerce,critical,4,37,24,1
7582,stale_pending_policies,claims,critical,4,568,20,1
7583,lead_spike,commerce,critical,4,325,23,1
7584,claim_burst,commerce,high,3,15,14,1
7585,reject_rate,account,medium,2,15,12,1
7586,rejected_claims_volume,claims,critical,4,872,11,1
7587,duplicate_email,commerce,high,3,22,24,1
7588,reject_rate,claims,high,3,853,12,1
7589,rejected_claims_volume,catalog,medium,2,223,30,1
7590,rejected_claims_volume,claims,medium,2,71,18,1
7591,lead_spike,commerce,medium,2,858,17,1
7592,inactive_spike,account,low,1,12,18,1
7593,inactive_spike,account,low,1,391,16,0
7594,inactive_spike,account,medium,2,673,10,0
7595,duplicate_email,commerce,high,3,631,17,1
7596,claim_burst,claims,high,3,99,10,1
7597,duplicate_email,account,critical,4,881,23,1
7598,unverified_provider,account,medium,2,23,10,0
7599,pending_purchases,account,medium,2,9,9,0
7600,reject_rate,commerce,low,1,400,7,0
7601,rejected_claims_volume,claims,high,3,665,28,1
7602,claim_burst,claims,high,3,699,11,1
7603,inactive_spike,catalog,high,3,585,11,0
7604,claim_burst,claims,medium,2,7,10,1
7605,lead_spike,commerce,high,3,152,16,1
7606,inactive_spike,claims,critical,4,118,9,1
7607,reject_rate,commerce,medium,2,330,9,0
7608,lead_spike,catalog,low,1,658,25,1
7609,reject_rate,catalog,medium,2,828,7,0
7610,claim_burst,claims,high,3,223,25,0
7611,lead_spike,commerce,critical,4,61,27,1
7612,pending_purchases,account,high,3,320,9,1
7613,claim_burst,account,medium,2,153,26,1
7614,other,commerce,high,3,512,9,1
7615,pending_purchases,claims,high,3,770,29,1
7616,unverified_provider,commerce,high,3,408,17,1
7617,claim_burst,claims,high,3,302,18,1
7618,duplicate_email,commerce,high,3,756,15,1
7619,lead_spike,commerce,high,3,214,11,1
7620,pending_purchases,commerce,critical,4,566,22,1
7621,duplicate_email,claims,low,1,371,18,1
7622,duplicate_email,account,critical,4,169,12,1
7623,duplicate_email,account,critical,4,47,17,0
7624,stale_pending_policies,catalog,medium,2,386,18,1
7625,reject_rate,catalog,high,3,577,19,1
7626,inactive_spike,account,critical,4,781,22,1
7627,stale_pending_policies,claims,low,1,337,12,1
7628,reject_rate,commerce,critical,4,41,17,1
7629,pending_purchases,catalog,high,3,330,30,1
7630,unverified_provider,account,critical,4,42,16,1
7631,other,claims,low,1,702,5,1
7632,duplicate_email,commerce,high,3,506,11,1
7633,duplicate_email,commerce,medium,2,2,8,1
7634,reject_rate,commerce,critical,4,776,22,1
7635,inactive_spike,catalog,low,1,457,12,1
7636,claim_burst,commerce,critical,4,276,9,1
7637,other,commerce,medium,2,503,4,0
7638,rejected_claims_volume,claims,low,1,820,19,1
7639,other,commerce,high,3,900,13,1
7640,lead_spike,account,high,3,291,29,1
7641,claim_burst,claims,high,3,29,23,1
7642,reject_rate,claims,critical,4,768,18,1
7643,duplicate_email,account,high,3,329,14,1
7644,stale_pending_policies,claims,high,3,478,12,1
7645,pending_purchases,commerce,high,3,593,27,1
7646,reject_rate,catalog,high,3,274,18,1
7647,other,catalog,high,3,820,26,1
7648,pending_purchases,claims,low,1,270,15,1
7649,claim_burst,claims,high,3,835,22,1
7650,unverified_provider,account,high,3,86,13,1
7651,pending_purchases,catalog,critical,4,28,18,1
7652,rejected_claims_volume,claims,medium,2,764,13,1
7653,reject_rate,catalog,medium,2,54,13,1
7654,rejected_claims_volume,claims,medium,2,856,20,1
7655,claim_burst,claims,critical,4,846,21,1
7656,rejected_claims_volume,claims,low,1,408,15,1
7657,duplicate_email,commerce,medium,2,134,29,1
7658,claim_burst,account,high,3,645,24,0
7659,unverified_provider,claims,medium,2,380,3,0
7660,rejected_claims_volume,claims,medium,2,446,21,1
7661,rejected_claims_volume,account,medium,2,57,18,1
7662,other,claims,high,3,79,9,1
7663,duplicate_email,commerce,high,3,684,17,1
7664,lead_spike,claims,low,1,170,14,1
7665,lead_spike,commerce,high,3,14,30,1
7666,rejected_claims_volume,catalog,high,3,68,14,1
7667,inactive_spike,catalog,critical,4,873,24,1
7668,reject_rate,catalog,high,3,71,8,1
7669,claim_burst,catalog,critical,4,710,9,0
7670,reject_rate,account,high,3,868,27,1
7671,lead_spike,account,high,3,462,18,1
7672,duplicate_email,account,medium,2,317,16,1
7673,reject_rate,claims,high,3,631,17,1
7674,pending_purchases,commerce,critical,4,3,20,1
7675,inactive_spike,commerce,low,1,725,4,0
7676,claim_burst,claims,critical,4,626,27,1
7677,rejected_claims_volume,claims,high,3,94,29,0
7678,lead_spike,catalog,high,3,257,26,1
7679,lead_spike,claims,medium,2,887,21,1
7680,pending_purchases,claims,medium,2,869,19,1
7681,lead_spike,commerce,critical,4,279,13,1
7682,unverified_provider,commerce,high,3,899,18,1
7683,lead_spike,claims,critical,4,399,26,1
7684,rejected_claims_volume,claims,high,3,461,30,1
7685,rejected_claims_volume,account,medium,2,243,20,1
7686,other,account,low,1,495,11,0
7687,stale_pending_policies,claims,medium,2,531,9,0
7688,unverified_provider,account,critical,4,418,27,1
7689,lead_spike,commerce,low,1,499,19,1
7690,rejected_claims_volume,commerce,critical,4,39,16,0
7691,unverified_provider,commerce,critical,4,81,9,1
7692,rejected_claims_volume,account,critical,4,580,15,1
7693,inactive_spike,claims,medium,2,121,14,1
7694,unverified_provider,commerce,high,3,642,16,1
7695,duplicate_email,claims,high,3,690,22,1
7696,duplicate_email,account,medium,2,15,16,0
7697,duplicate_email,account,high,3,134,24,1
7698,stale_pending_policies,commerce,medium,2,32,14,1
7699,claim_burst,claims,critical,4,655,11,1
7700,reject_rate,catalog,medium,2,148,5,0
7701,lead_spike,commerce,medium,2,152,25,1
7702,stale_pending_policies,account,high,3,343,23,1
7703,duplicate_email,catalog,critical,4,834,18,1
7704,inactive_spike,commerce,high,3,617,17,0
7705,lead_spike,commerce,medium,2,211,30,1
7706,inactive_spike,claims,low,1,739,9,0
7707,claim_burst,claims,critical,4,453,17,1
7708,pending_purchases,commerce,high,3,140,22,1
7709,claim_burst,claims,critical,4,427,10,1
7710,duplicate_email,account,high,3,691,30,1
7711,inactive_spike,catalog,critical,4,887,17,1
7712,rejected_claims_volume,claims,critical,4,305,15,1
7713,reject_rate,claims,critical,4,163,30,1
7714,unverified_provider,account,medium,2,613,7,0
7715,reject_rate,account,high,3,744,10,1
7716,claim_burst,commerce,high,3,481,17,1
7717,claim_burst,claims,high,3,260,19,1
7718,duplicate_email,commerce,critical,4,802,30,1
7719,pending_purchases,claims,medium,2,425,25,1
7720,reject_rate,catalog,high,3,704,8,1
7721,pending_purchases,commerce,critical,4,882,21,0
7722,pending_purchases,commerce,low,1,48,27,1
7723,other,claims,high,3,399,16,1
7724,rejected_claims_volume,claims,medium,2,703,21,1
7725,unverified_provider,account,low,1,52,1,0
7726,lead_spike,commerce,high,3,140,14,1
7727,inactive_spike,account,low,1,395,16,1
7728,reject_rate,commerce,medium,2,2,8,0
7729,pending_purchases,commerce,medium,2,231,13,1
7730,rejected_claims_volume,claims,critical,4,10,9,0
7731,reject_rate,claims,low,1,149,12,0
7732,rejected_claims_volume,claims,critical,4,147,10,0
7733,unverified_provider,account,critical,4,795,13,1
7734,duplicate_email,commerce,high,3,72,23,1
7735,unverified_provider,claims,critical,4,842,16,1
7736,inactive_spike,claims,low,1,818,6,0
7737,lead_spike,commerce,medium,2,677,21,1
7738,inactive_spike,commerce,high,3,165,16,1
7739,duplicate_email,account,high,3,254,14,1
7740,rejected_claims_volume,catalog,high,3,711,14,1
7741,unverified_provider,catalog,medium,2,37,4,0
7742,duplicate_email,commerce,high,3,850,18,0
7743,reject_rate,account,high,3,1,14,1
7744,unverified_provider,catalog,medium,2,240,12,1
7745,unverified_provider,claims,medium,2,608,4,0
7746,reject_rate,commerce,medium,2,439,10,0
7747,inactive_spike,claims,medium,2,344,18,1
7748,stale_pending_policies,catalog,high,3,614,10,1
7749,reject_rate,catalog,high,3,518,11,1
7750,duplicate_email,claims,medium,2,495,24,1
7751,rejected_claims_volume,catalog,high,3,302,15,1
7752,unverified_provider,account,medium,2,799,12,0
7753,rejected_claims_volume,catalog,high,3,293,8,1
7754,unverified_provider,catalog,low,1,221,4,0
7755,stale_pending_policies,account,high,3,328,21,1
7756,claim_burst,account,medium,2,32,21,1
7757,claim_burst,claims,critical,4,33,10,1
7758,stale_pending_policies,catalog,medium,2,465,10,0
7759,other,claims,critical,4,32,18,1
7760,stale_pending_policies,catalog,high,3,415,30,1
7761,other,commerce,critical,4,397,14,1
7762,unverified_provider,account,critical,4,161,20,1
7763,claim_burst,commerce,high,3,73,19,1
7764,inactive_spike,account,critical,4,18,16,1
7765,unverified_provider,account,medium,2,40,1,0
7766,duplicate_email,claims,low,1,274,15,0
7767,rejected_claims_volume,catalog,high,3,414,9,1
7768,pending_purchases,claims,critical,4,752,17,1
7769,stale_pending_policies,catalog,low,1,681,15,1
7770,duplicate_email,account,high,3,59,22,1
7771,reject_rate,catalog,critical,4,84,8,1
7772,duplicate_email,commerce,high,3,140,12,1
7773,pending_purchases,account,high,3,325,24,1
7774,claim_burst,claims,critical,4,814,22,1
7775,claim_burst,claims,medium,2,470,12,1
7776,duplicate_email,commerce,medium,2,332,23,1
7777,reject_rate,claims,high,3,341,17,1
7778,unverified_provider,account,high,3,50,9,0
7779,rejected_claims_volume,claims,medium,2,676,13,1
7780,stale_pending_policies,catalog,critical,4,441,8,0
7781,claim_burst,commerce,low,1,166,25,1
7782,other,commerce,critical,4,74,12,1
7783,rejected_claims_volume,claims,high,3,453,23,1
7784,rejected_claims_volume,commerce,high,3,18,17,1
7785,other,catalog,high,3,845,27,1
7786,lead_spike,claims,critical,4,785,30,1
7787,claim_burst,claims,high,3,529,28,1
7788,rejected_claims_volume,claims,high,3,68,19,1
7789,other,catalog,critical,4,880,14,1
7790,pending_purchases,commerce,critical,4,102,10,1
7791,inactive_spike,account,critical,4,132,12,1
7792,unverified_provider,account,low,1,819,2,0
7793,rejected_claims_volume,catalog,medium,2,465,8,0
7794,rejected_claims_volume,catalog,critical,4,177,28,1
7795,inactive_spike,account,low,1,607,10,0
7796,claim_burst,commerce,medium,2,687,18,1
7797,claim_burst,commerce,critical,4,789,14,1
7798,other,catalog,low,1,830,11,0
7799,reject_rate,account,medium,2,338,16,1
7800,rejected_claims_volume,account,high,3,313,14,0
7801,rejected_claims_volume,catalog,high,3,878,8,1
7802,other,account,low,1,649,9,0
7803,lead_spike,commerce,high,3,759,22,1
7804,reject_rate,catalog,high,3,654,27,1
7805,unverified_provider,account,high,3,15,13,1
7806,other,commerce,critical,4,133,14,1
7807,unverified_provider,commerce,critical,4,625,28,1
7808,pending_purchases,claims,critical,4,54,25,1
7809,inactive_spike,account,low,1,356,16,1
7810,duplicate_email,claims,critical,4,129,11,1
7811,rejected_claims_volume,commerce,critical,4,182,8,1
7812,reject_rate,catalog,high,3,396,13,1
7813,duplicate_email,claims,medium,2,82,17,1
7814,inactive_spike,commerce,medium,2,292,14,1
7815,rejected_claims_volume,claims,high,3,528,9,1
7816,stale_pending_policies,account,high,3,153,9,1
7817,unverified_provider,account,critical,4,830,13,1
7818,reject_rate,catalog,high,3,91,15,1
7819,claim_burst,claims,critical,4,37,9,1
7820,claim_burst,claims,medium,2,456,26,1
7821,lead_spike,commerce,high,3,786,16,1
7822,claim_burst,commerce,high,3,268,14,0
7823,reject_rate,claims,medium,2,516,17,1
7824,duplicate_email,claims,high,3,513,13,1
7825,rejected_claims_volume,catalog,high,3,833,25,1
7826,stale_pending_policies,catalog,low,1,827,6,0
7827,other,commerce,critical,4,150,11,1
7828,duplicate_email,commerce,medium,2,614,11,1
7829,unverified_provider,catalog,high,3,553,9,1
7830,lead_spike,claims,high,3,292,27,1
7831,lead_spike,account,high,3,618,28,1
7832,other,account,medium,2,6,4,0
7833,unverified_provider,account,low,1,337,4,0
7834,stale_pending_policies,catalog,medium,2,112,9,0
7835,claim_burst,commerce,high,3,25,19,1
7836,pending_purchases,account,high,3,888,11,1
7837,lead_spike,commerce,high,3,17,30,1
7838,pending_purchases,commerce,high,3,447,24,1
7839,claim_burst,claims,medium,2,287,19,1
7840,claim_burst,claims,high,3,625,19,1
7841,inactive_spike,account,critical,4,478,14,1
7842,other,claims,critical,4,665,12,1
7843,reject_rate,catalog,critical,4,247,9,1
7844,duplicate_email,account,high,3,79,19,1
7845,pending_purchases,commerce,high,3,830,14,1
7846,inactive_spike,account,low,1,713,4,0
7847,unverified_provider,account,high,3,167,25,0
7848,unverified_provider,account,low,1,511,9,0
7849,unverified_provider,catalog,medium,2,522,8,0
7850,rejected_claims_volume,claims,high,3,823,8,1
7851,reject_rate,catalog,critical,4,102,21,1
7852,rejected_claims_volume,claims,critical,4,719,15,1
7853,pending_purchases,claims,high,3,875,15,1
7854,claim_burst,commerce,critical,4,78,24,1
7855,duplicate_email,account,medium,2,77,26,1
7856,lead_spike,claims,high,3,463,30,1
7857,unverified_provider,account,low,1,231,8,0
7858,unverified_provider,commerce,low,1,27,4,0
7859,reject_rate,catalog,low,1,540,10,0
7860,reject_rate,catalog,high,3,709,28,1
7861,claim_burst,claims,high,3,105,22,1
7862,duplicate_email,commerce,high,3,432,14,1
7863,inactive_spike,claims,critical,4,210,24,1
7864,pending_purchases,catalog,critical,4,415,25,1
7865,claim_burst,commerce,medium,2,16,8,1
7866,unverified_provider,account,critical,4,68,16,1
7867,pending_purchases,commerce,critical,4,92,21,1
7868,claim_burst,claims,medium,2,797,28,1
7869,unverified_provider,account,high,3,78,25,1
7870,claim_burst,claims,medium,2,299,15,0
7871,reject_rate,catalog,medium,2,547,11,0
7872,other,claims,medium,2,645,4,0
7873,inactive_spike,commerce,critical,4,70,28,1
7874,inactive_spike,commerce,high,3,79,26,0
7875,unverified_provider,account,high,3,80,10,1
7876,inactive_spike,account,critical,4,317,24,1
7877,pending_purchases,commerce,high,3,39,30,0
7878,unverified_provider,catalog,medium,2,171,12,1
7879,rejected_claims_volume,commerce,high,3,62,27,1
7880,lead_spike,commerce,high,3,475,20,0
7881,inactive_spike,catalog,critical,4,42,17,1
7882,stale_pending_policies,catalog,medium,2,678,4,0
7883,pending_purchases,account,medium,2,67,17,1
7884,other,claims,critical,4,620,9,1
7885,lead_spike,catalog,critical,4,797,25,1
7886,stale_pending_policies,catalog,critical,4,406,10,0
7887,pending_purchases,account,high,3,14,27,1
7888,pending_purchases,catalog,critical,4,845,21,1
7889,duplicate_email,catalog,high,3,187,10,1
7890,unverified_provider,claims,high,3,244,16,1
7891,unverified_provider,claims,high,3,858,15,1
7892,lead_spike,commerce,high,3,518,8,1
7893,pending_purchases,commerce,critical,4,561,22,1
7894,stale_pending_policies,catalog,medium,2,157,11,0
7895,reject_rate,catalog,critical,4,748,8,1
7896,pending_purchases,catalog,critical,4,748,8,0
7897,rejected_claims_volume,catalog,high,3,685,25,0
7898,duplicate_email,commerce,high,3,626,10,1
7899,claim_burst,claims,critical,4,742,29,1
7900,lead_spike,account,critical,4,95,27,1
7901,lead_spike,commerce,critical,4,767,30,1
7902,inactive_spike,commerce,high,3,583,17,1
7903,lead_spike,commerce,high,3,8,12,0
7904,lead_spike,commerce,high,3,727,18,1
7905,lead_spike,commerce,medium,2,707,22,1
7906,inactive_spike,catalog,medium,2,665,8,0
7907,lead_spike,commerce,medium,2,34,14,1
7908,unverified_provider,account,medium,2,86,8,0
7909,duplicate_email,account,medium,2,238,22,1
7910,lead_spike,commerce,high,3,261,24,1
7911,inactive_spike,account,high,3,110,19,1
7912,unverified_provider,account,critical,4,181,16,1
7913,stale_pending_policies,account,high,3,12,30,1
7914,other,account,medium,2,883,6,0
7915,stale_pending_policies,account,medium,2,500,10,0
7916,inactive_spike,account,critical,4,807,11,1
7917,reject_rate,account,low,1,125,7,0
7918,inactive_spike,account,high,3,19,25,1
7919,reject_rate,catalog,low,1,196,15,1
7920,lead_spike,commerce,low,1,657,20,1
7921,inactive_spike,claims,high,3,483,19,1
7922,claim_burst,account,critical,4,97,26,1
7923,pending_purchases,commerce,critical,4,591,26,1
7924,duplicate_email,commerce,high,3,479,24,1
7925,stale_pending_policies,catalog,medium,2,544,13,1
7926,pending_purchases,commerce,high,3,1,11,1
7927,reject_rate,claims,low,1,447,8,1
7928,lead_spike,commerce,high,3,46,27,1
7929,reject_rate,account,low,1,861,13,1
7930,stale_pending_policies,commerce,medium,2,236,12,1
7931,stale_pending_policies,commerce,critical,4,843,18,1
7932,stale_pending_policies,claims,critical,4,227,10,1
7933,rejected_claims_volume,claims,high,3,442,17,1
7934,reject_rate,catalog,high,3,874,28,1
7935,inactive_spike,account,low,1,237,12,1
7936,stale_pending_policies,account,low,1,847,10,0
7937,other,account,high,3,282,23,1
7938,lead_spike,account,critical,4,629,25,1
7939,reject_rate,catalog,high,3,715,20,1
7940,other,catalog,critical,4,149,23,1
7941,stale_pending_policies,catalog,medium,2,589,6,0
7942,reject_rate,commerce,medium,2,579,9,0
7943,rejected_claims_volume,catalog,low,1,383,29,1
7944,lead_spike,catalog,high,3,447,9,1
7945,stale_pending_policies,catalog,low,1,392,13,1
7946,rejected_claims_volume,claims,high,3,573,20,1
7947,pending_purchases,account,medium,2,667,11,0
7948,stale_pending_policies,account,medium,2,269,14,1
7949,pending_purchases,claims,high,3,333,29,0
7950,duplicate_email,catalog,high,3,250,26,1
7951,lead_spike,commerce,medium,2,370,29,1
7952,reject_rate,account,medium,2,137,12,0
7953,pending_purchases,account,medium,2,768,9,0
7954,duplicate_email,account,medium,2,801,13,0
7955,pending_purchases,claims,high,3,52,14,1
7956,inactive_spike,account,low,1,11,13,1
7957,inactive_spike,account,low,1,188,5,0
7958,rejected_claims_volume,account,high,3,6,8,1
7959,stale_pending_policies,claims,low,1,140,11,0
7960,rejected_claims_volume,account,high,3,382,15,1
7961,reject_rate,claims,medium,2,18,17,1
7962,lead_spike,account,medium,2,169,8,1
7963,claim_burst,account,critical,4,28,18,1
7964,lead_spike,catalog,high,3,1,9,1
7965,lead_spike,commerce,high,3,9,17,1
7966,other,account,critical,4,62,9,1
7967,lead_spike,commerce,low,1,306,15,1
7968,duplicate_email,catalog,low,1,114,9,1
7969,duplicate_email,commerce,medium,2,230,8,1
7970,duplicate_email,commerce,critical,4,680,9,1
7971,duplicate_email,account,critical,4,60,18,1
7972,pending_purchases,claims,critical,4,422,21,1
7973,rejected_claims_volume,commerce,high,3,138,11,1
7974,reject_rate,catalog,medium,2,312,10,0
7975,duplicate_email,account,critical,4,66,16,1
7976,rejected_claims_volume,claims,medium,2,22,28,0
7977,stale_pending_policies,commerce,critical,4,171,16,1
7978,unverified_provider,account,low,1,16,2,0
7979,duplicate_email,commerce,low,1,79,19,1
7980,duplicate_email,account,high,3,122,27,1
7981,duplicate_email,claims,critical,4,503,15,1
7982,duplicate_email,account,critical,4,46,15,1
7983,unverified_provider,catalog,low,1,438,2,0
7984,lead_spike,commerce,high,3,647,25,1
7985,reject_rate,claims,low,1,586,4,0
7986,duplicate_email,catalog,high,3,486,29,1
7987,stale_pending_policies,catalog,high,3,364,9,1
7988,duplicate_email,claims,high,3,692,17,1
7989,inactive_spike,commerce,medium,2,21,13,1
7990,stale_pending_policies,catalog,critical,4,266,23,1
7991,inactive_spike,commerce,medium,2,628,15,1
7992,pending_purchases,commerce,critical,4,396,30,1
7993,unverified_provider,account,high,3,270,13,1
7994,stale_pending_policies,catalog,high,3,187,16,1
7995,lead_spike,commerce,high,3,615,14,1
7996,rejected_claims_volume,claims,high,3,165,18,1
7997,other,catalog,high,3,316,28,1
7998,unverified_provider,account,critical,4,855,20,1
7999,rejected_claims_volume,claims,critical,4,311,18,1
8000,inactive_spike,claims,low,1,894,18,1
8001,claim_burst,claims,high,3,874,20,1
8002,duplicate_email,catalog,medium,2,270,20,1
8003,rejected_claims_volume,claims,medium,2,4,26,1
8004,rejected_claims_volume,catalog,high,3,892,19,1
8005,claim_burst,account,critical,4,713,18,1
8006,unverified_provider,commerce,high,3,41,18,1
8007,pending_purchases,claims,high,3,123,23,1
8008,reject_rate,catalog,low,1,15,7,0
8009,lead_spike,catalog,critical,4,686,18,0
8010,lead_spike,account,low,1,591,19,1
8011,pending_purchases,commerce,medium,2,296,15,0
8012,claim_burst,claims,high,3,400,11,1
8013,reject_rate,catalog,low,1,491,13,0
8014,reject_rate,catalog,low,1,380,4,0
8015,other,catalog,critical,4,715,20,1
8016,duplicate_email,account,medium,2,853,30,1
8017,claim_burst,claims,critical,4,443,8,1
8018,pending_purchases,commerce,critical,4,374,24,1
8019,rejected_claims_volume,claims,critical,4,622,29,1
8020,stale_pending_policies,catalog,high,3,262,25,1
8021,pending_purchases,account,critical,4,15,17,1
8022,lead_spike,commerce,high,3,78,27,1
8023,inactive_spike,account,medium,2,400,10,0
8024,pending_purchases,account,low,1,557,22,1
8025,other,commerce,critical,4,171,16,1
8026,reject_rate,catalog,medium,2,804,9,0
8027,unverified_provider,account,critical,4,82,30,1
8028,inactive_spike,claims,critical,4,613,24,1
8029,rejected_claims_volume,catalog,high,3,457,23,1
8030,lead_spike,account,high,3,865,29,1
8031,inactive_spike,commerce,high,3,197,21,1
8032,lead_spike,claims,high,3,616,16,1
8033,rejected_claims_volume,catalog,low,1,178,16,0
8034,duplicate_email,account,medium,2,139,16,1
8035,claim_burst,commerce,high,3,402,25,1
8036,inactive_spike,account,medium,2,783,14,1
8037,rejected_claims_volume,claims,critical,4,745,11,1
8038,duplicate_email,catalog,critical,4,4,14,1
8039,duplicate_email,account,critical,4,100,25,1
8040,rejected_claims_volume,commerce,high,3,307,22,1
8041,rejected_claims_volume,commerce,high,3,141,27,1
8042,unverified_provider,account,medium,2,14,1,0
8043,unverified_provider,commerce,low,1,121,3,0
8044,other,catalog,high,3,629,18,0
8045,stale_pending_policies,commerce,high,3,27,16,1
8046,lead_spike,commerce,high,3,332,24,1
8047,unverified_provider,account,low,1,12,11,0
8048,rejected_claims_volume,claims,critical,4,573,23,1
8049,unverified_provider,account,medium,2,643,4,0
8050,stale_pending_policies,claims,low,1,551,9,0
8051,stale_pending_policies,catalog,medium,2,644,6,0
8052,rejected_claims_volume,claims,low,1,249,29,1
8053,claim_burst,account,medium,2,789,26,1
8054,reject_rate,catalog,medium,2,741,11,0
8055,pending_purchases,claims,high,3,42,22,1
8056,lead_spike,account,medium,2,47,22,1
8057,reject_rate,claims,low,1,413,7,0
8058,claim_burst,claims,high,3,489,22,1
8059,other,commerce,medium,2,67,2,0
8060,lead_spike,claims,critical,4,429,9,1
8061,stale_pending_policies,catalog,low,1,270,8,0
8062,inactive_spike,catalog,medium,2,682,8,0
8063,pending_purchases,commerce,critical,4,346,21,1
8064,other,account,low,1,4,9,0
8065,pending_purchases,commerce,high,3,199,15,1
8066,rejected_claims_volume,commerce,critical,4,83,21,1
8067,unverified_provider,catalog,medium,2,742,4,0
8068,lead_spike,commerce,high,3,481,27,1
8069,inactive_spike,account,medium,2,59,13,1
8070,stale_pending_policies,catalog,low,1,566,17,1
8071,inactive_spike,account,high,3,26,13,1
8072,pending_purchases,commerce,critical,4,266,10,1
8073,unverified_provider,account,medium,2,814,9,0
8074,claim_burst,claims,critical,4,868,28,1
8075,unverified_provider,commerce,high,3,30,24,1
8076,other,commerce,low,1,217,12,1
8077,rejected_claims_volume,claims,critical,4,269,24,1
8078,duplicate_email,account,critical,4,33,13,1
8079,inactive_spike,commerce,high,3,765,9,1
8080,duplicate_email,claims,medium,2,763,11,1
8081,claim_burst,catalog,medium,2,893,21,1
8082,stale_pending_policies,catalog,high,3,122,9,1
8083,inactive_spike,catalog,low,1,214,16,1
8084,claim_burst,catalog,high,3,891,27,0
8085,reject_rate,catalog,low,1,847,7,0
8086,rejected_claims_volume,catalog,high,3,547,22,1
8087,reject_rate,commerce,medium,2,760,7,0
8088,rejected_claims_volume,commerce,high,3,23,30,1
8089,unverified_provider,account,low,1,32,4,0
8090,pending_purchases,commerce,high,3,778,23,1
8091,duplicate_email,catalog,critical,4,875,22,1
8092,lead_spike,commerce,high,3,116,25,1
8093,rejected_claims_volume,commerce,low,1,77,22,1
8094,claim_burst,commerce,medium,2,586,24,1
8095,rejected_claims_volume,claims,critical,4,430,29,1
8096,claim_burst,claims,medium,2,253,8,1
8097,claim_burst,claims,critical,4,225,10,1
8098,rejected_claims_volume,commerce,high,3,880,22,1
8099,inactive_spike,account,medium,2,7,7,0
8100,inactive_spike,account,critical,4,107,22,1
8101,lead_spike,claims,high,3,851,15,1
8102,claim_burst,catalog,low,1,752,22,1
8103,inactive_spike,claims,low,1,830,16,1
8104,stale_pending_policies,catalog,medium,2,99,13,1
8105,stale_pending_policies,catalog,medium,2,830,15,1
8106,claim_burst,claims,medium,2,410,26,1
8107,claim_burst,claims,critical,4,772,12,1
8108,stale_pending_policies,catalog,low,1,332,4,0
8109,inactive_spike,account,critical,4,61,13,1
8110,unverified_provider,account,critical,4,182,22,0
8111,other,commerce,low,1,805,2,0
8112,lead_spike,claims,medium,2,851,21,0
8113,unverified_provider,account,low,1,2,6,0
8114,rejected_claims_volume,commerce,critical,4,39,13,1
8115,reject_rate,catalog,high,3,872,25,1
8116,stale_pending_policies,account,low,1,409,7,0
8117,stale_pending_policies,catalog,critical,4,279,17,1
8118,stale_pending_policies,claims,low,1,712,4,0
8119,unverified_provider,account,medium,2,582,9,0
8120,stale_pending_policies,commerce,high,3,137,14,1
8121,rejected_claims_volume,claims,medium,2,217,29,0
8122,stale_pending_policies,claims,high,3,898,22,1
8123,lead_spike,commerce,high,3,216,25,1
8124,inactive_spike,commerce,critical,4,810,10,1
8125,reject_rate,catalog,high,3,59,24,1
8126,claim_burst,account,low,1,754,17,1
8127,rejected_claims_volume,catalog,critical,4,126,8,1
8128,lead_spike,commerce,critical,4,178,12,1
8129,stale_pending_policies,account,critical,4,475,9,1
8130,pending_purchases,commerce,medium,2,42,17,0
8131,duplicate_email,commerce,low,1,316,28,1
8132,claim_burst,claims,high,3,584,12,1
8133,reject_rate,catalog,critical,4,39,16,1
8134,inactive_spike,claims,medium,2,805,6,1
8135,claim_burst,commerce,critical,4,884,16,1
8136,duplicate_email,account,medium,2,263,18,1
8137,unverified_provider,claims,medium,2,200,6,0
8138,lead_spike,catalog,medium,2,485,19,1
8139,reject_rate,catalog,high,3,237,14,1
8140,inactive_spike,account,low,1,120,17,1
8141,lead_spike,catalog,critical,4,538,29,1
8142,duplicate_email,claims,high,3,634,16,1
8143,reject_rate,account,low,1,239,6,0
8144,reject_rate,catalog,medium,2,598,18,1
8145,unverified_provider,account,high,3,169,24,1
8146,rejected_claims_volume,catalog,medium,2,139,22,1
8147,lead_spike,catalog,critical,4,570,14,1
8148,stale_pending_policies,account,high,3,281,14,1
8149,unverified_provider,account,medium,2,484,7,0
8150,lead_spike,claims,high,3,811,13,1
8151,unverified_provider,claims,high,3,730,17,1
8152,unverified_provider,account,high,3,131,18,1
8153,duplicate_email,catalog,high,3,693,12,1
8154,claim_burst,catalog,medium,2,365,25,1
8155,reject_rate,catalog,low,1,107,17,1
8156,pending_purchases,claims,low,1,91,26,1
8157,claim_burst,claims,critical,4,841,30,1
8158,other,claims,low,1,312,9,0
8159,pending_purchases,commerce,high,3,6,27,1
8160,unverified_provider,catalog,critical,4,637,15,1
8161,inactive_spike,claims,medium,2,900,4,0
8162,reject_rate,commerce,high,3,14,13,1
8163,reject_rate,catalog,critical,4,468,27,0
8164,rejected_claims_volume,catalog,high,3,431,10,1
8165,unverified_provider,claims,critical,4,546,23,1
8166,claim_burst,account,high,3,489,29,1
8167,inactive_spike,account,critical,4,751,29,1
8168,rejected_claims_volume,catalog,high,3,405,20,1
8169,reject_rate,catalog,medium,2,436,4,0
8170,claim_burst,catalog,medium,2,703,11,1
8171,stale_pending_policies,catalog,low,1,695,18,1
8172,other,catalog,critical,4,403,24,1
8173,reject_rate,account,low,1,172,8,0
8174,inactive_spike,catalog,medium,2,695,14,1
8175,claim_burst,catalog,high,3,850,25,1
8176,pending_purchases,catalog,low,1,621,20,1
8177,claim_burst,claims,critical,4,208,9,0
8178,duplicate_email,account,high,3,301,17,1
8179,claim_burst,commerce,critical,4,262,9,1
8180,pending_purchases,commerce,high,3,687,14,1
8181,reject_rate,catalog,critical,4,254,27,1
8182,other,commerce,low,1,20,7,0
8183,rejected_claims_volume,account,critical,4,445,20,1
8184,rejected_claims_volume,claims,medium,2,125,11,0
8185,duplicate_email,catalog,high,3,874,15,1
8186,duplicate_email,catalog,medium,2,508,14,1
8187,stale_pending_policies,catalog,high,3,276,26,1
8188,rejected_claims_volume,claims,high,3,275,10,1
8189,claim_burst,account,medium,2,80,23,1
8190,duplicate_email,account,high,3,29,14,1
8191,duplicate_email,commerce,high,3,29,12,1
8192,claim_burst,catalog,critical,4,428,22,1
8193,other,catalog,critical,4,142,23,1
8194,rejected_claims_volume,catalog,high,3,418,25,1
8195,reject_rate,catalog,low,1,533,9,0
8196,unverified_provider,claims,medium,2,188,11,0
8197,lead_spike,commerce,medium,2,76,16,0
8198,lead_spike,catalog,high,3,656,25,1
8199,duplicate_email,commerce,critical,4,20,12,1
8200,duplicate_email,account,high,3,23,13,1
8201,unverified_provider,account,high,3,701,11,1
8202,stale_pending_policies,commerce,high,3,900,29,1
8203,duplicate_email,claims,high,3,70,25,1
8204,stale_pending_policies,claims,high,3,529,11,1
8205,duplicate_email,claims,medium,2,650,28,1
8206,rejected_claims_volume,claims,medium,2,313,13,1
8207,lead_spike,catalog,high,3,373,8,1
8208,pending_purchases,commerce,medium,2,657,29,1
8209,claim_burst,catalog,high,3,145,23,0
8210,stale_pending_policies,commerce,high,3,270,10,1
8211,pending_purchases,catalog,critical,4,852,26,1
8212,reject_rate,account,critical,4,566,17,1
8213,reject_rate,catalog,medium,2,702,6,0
8214,stale_pending_policies,catalog,low,1,251,15,1
8215,unverified_provider,catalog,medium,2,182,11,0
8216,stale_pending_policies,catalog,high,3,358,11,1
8217,reject_rate,commerce,high,3,437,18,1
8218,inactive_spike,account,critical,4,74,29,1
8219,claim_burst,claims,critical,4,491,22,0
8220,lead_spike,commerce,medium,2,888,27,1
8221,rejected_claims_volume,commerce,high,3,472,15,1
8222,rejected_claims_volume,claims,high,3,31,11,1
8223,claim_burst,account,high,3,743,27,1
8224,pending_purchases,claims,high,3,660,9,1
8225,lead_spike,commerce,critical,4,876,17,1
8226,lead_spike,catalog,high,3,260,25,1
8227,lead_spike,commerce,critical,4,33,20,1
8228,reject_rate,account,low,1,82,14,0
8229,lead_spike,commerce,critical,4,875,27,1
8230,inactive_spike,account,high,3,17,13,1
8231,stale_pending_policies,account,critical,4,697,15,1
8232,other,commerce,critical,4,10,13,0
8233,claim_burst,account,low,1,58,10,1
8234,lead_spike,commerce,high,3,624,28,1
8235,rejected_claims_volume,commerce,critical,4,134,8,1
8236,stale_pending_policies,claims,low,1,865,14,1
8237,pending_purchases,commerce,high,3,718,18,1
8238,unverified_provider,claims,medium,2,305,9,0
8239,inactive_spike,claims,medium,2,709,4,0
8240,rejected_claims_volume,commerce,medium,2,155,10,0
8241,claim_burst,claims,low,1,486,25,1
8242,unverified_provider,commerce,high,3,50,14,1
8243,pending_purchases,account,critical,4,90,15,1
8244,lead_spike,catalog,low,1,758,23,1
8245,rejected_claims_volume,claims,high,3,471,8,1
8246,reject_rate,catalog,critical,4,146,8,1
8247,unverified_provider,account,high,3,806,22,1
8248,stale_pending_policies,catalog,high,3,523,11,1
8249,rejected_claims_volume,catalog,high,3,73,20,1
8250,rejected_claims_volume,commerce,critical,4,702,17,1
8251,rejected_claims_volume,account,critical,4,752,10,0
8252,pending_purchases,commerce,medium,2,807,21,1
8253,reject_rate,claims,low,1,374,17,1
8254,stale_pending_policies,catalog,medium,2,527,18,1
8255,other,account,critical,4,129,30,1
8256,unverified_provider,catalog,low,1,697,4,0
8257,inactive_spike,commerce,high,3,12,28,1
8258,unverified_provider,claims,medium,2,40,3,0
8259,pending_purchases,commerce,low,1,623,24,1
8260,stale_pending_policies,catalog,high,3,621,12,1
8261,duplicate_email,catalog,medium,2,51,17,1
8262,reject_rate,commerce,high,3,426,22,1
8263,unverified_provider,account,high,3,45,24,1
8264,duplicate_email,account,high,3,2,8,1
8265,reject_rate,catalog,critical,4,428,18,1
8266,other,commerce,critical,4,43,18,1
8267,rejected_claims_volume,claims,high,3,348,28,1
8268,inactive_spike,claims,low,1,262,13,1
8269,claim_burst,claims,critical,4,369,26,1
8270,unverified_provider,catalog,high,3,105,26,1
8271,reject_rate,catalog,low,1,761,14,1
8272,lead_spike,account,critical,4,505,20,1
8273,unverified_provider,commerce,high,3,873,27,1
8274,duplicate_email,account,high,3,35,29,1
8275,claim_burst,catalog,low,1,762,15,1
8276,unverified_provider,account,medium,2,680,10,0
8277,pending_purchases,commerce,low,1,493,13,1
8278,pending_purchases,account,high,3,3,29,1
8279,reject_rate,commerce,low,1,370,13,1
8280,stale_pending_policies,catalog,critical,4,265,29,1
8281,lead_spike,claims,critical,4,262,22,1
8282,lead_spike,claims,high,3,584,22,1
8283,rejected_claims_volume,account,critical,4,634,16,1
8284,unverified_provider,account,medium,2,129,6,1
8285,claim_burst,commerce,critical,4,41,28,1
8286,claim_burst,claims,high,3,773,21,1
8287,inactive_spike,catalog,low,1,581,9,0
8288,duplicate_email,account,critical,4,213,29,1
8289,unverified_provider,account,medium,2,608,12,1
8290,unverified_provider,claims,critical,4,650,29,1
8291,unverified_provider,account,low,1,684,10,1
8292,rejected_claims_volume,account,low,1,16,10,0
8293,unverified_provider,account,high,3,11,21,1
8294,unverified_provider,catalog,high,3,517,19,1
8295,other,commerce,critical,4,172,19,1
8296,reject_rate,catalog,medium,2,687,17,1
8297,duplicate_email,account,medium,2,332,11,1
8298,other,account,low,1,331,11,0
8299,pending_purchases,commerce,high,3,141,30,1
8300,pending_purchases,account,medium,2,458,25,1
8301,other,account,low,1,488,10,0
8302,stale_pending_policies,catalog,high,3,318,17,1
8303,rejected_claims_volume,claims,high,3,152,12,1
8304,lead_spike,account,medium,2,721,16,1
8305,duplicate_email,account,high,3,63,26,1
8306,pending_purchases,commerce,critical,4,134,11,1
8307,claim_burst,claims,critical,4,143,11,1
8308,rejected_claims_volume,claims,high,3,767,25,1
8309,duplicate_email,catalog,critical,4,609,17,1
8310,unverified_provider,claims,low,1,493,6,0
8311,reject_rate,catalog,low,1,806,17,1
8312,pending_purchases,claims,high,3,208,25,1
8313,stale_pending_policies,claims,medium,2,827,8,0
8314,other,account,critical,4,146,8,1
8315,pending_purchases,catalog,high,3,464,12,1
8316,duplicate_email,catalog,low,1,843,18,1
8317,stale_pending_policies,catalog,high,3,294,16,1
8318,lead_spike,commerce,high,3,526,9,1
8319,stale_pending_policies,catalog,low,1,885,11,0
8320,reject_rate,commerce,critical,4,75,13,1
8321,duplicate_email,account,medium,2,73,29,0
8322,pending_purchases,commerce,critical,4,541,19,1
8323,claim_burst,claims,high,3,365,23,1
8324,stale_pending_policies,catalog,critical,4,182,17,1
8325,reject_rate,account,critical,4,317,16,1
8326,lead_spike,catalog,high,3,349,28,1
8327,rejected_claims_volume,catalog,medium,2,690,22,1
8328,duplicate_email,commerce,high,3,14,23,1
8329,unverified_provider,account,critical,4,7,16,1
8330,unverified_provider,account,low,1,59,10,0
8331,other,claims,high,3,176,17,1
8332,pending_purchases,commerce,critical,4,23,14,1
8333,pending_purchases,account,critical,4,167,27,1
8334,pending_purchases,account,high,3,707,25,1
8335,inactive_spike,account,critical,4,512,29,1
8336,unverified_provider,account,medium,2,519,5,0
8337,inactive_spike,claims,high,3,247,12,1
8338,unverified_provider,account,low,1,89,7,0
8339,lead_spike,commerce,high,3,277,20,1
8340,rejected_claims_volume,claims,low,1,483,8,0
8341,lead_spike,catalog,high,3,149,18,0
8342,claim_burst,account,critical,4,37,23,1
8343,stale_pending_policies,claims,high,3,541,22,1
8344,reject_rate,catalog,high,3,724,12,0
8345,inactive_spike,account,low,1,25,5,0
8346,duplicate_email,commerce,high,3,140,15,1
8347,reject_rate,claims,high,3,472,16,1
8348,lead_spike,catalog,critical,4,633,25,1
8349,duplicate_email,commerce,high,3,217,18,1
8350,lead_spike,account,critical,4,109,30,1
8351,rejected_claims_volume,catalog,high,3,824,20,0
8352,rejected_claims_volume,commerce,high,3,266,15,0
8353,other,commerce,critical,4,38,21,1
8354,lead_spike,catalog,critical,4,807,15,1
8355,rejected_claims_volume,claims,medium,2,539,9,0
8356,lead_spike,commerce,high,3,665,18,1
8357,other,claims,high,3,572,30,1
8358,inactive_spike,account,critical,4,550,16,1
8359,unverified_provider,account,medium,2,178,1,0
8360,stale_pending_policies,catalog,medium,2,58,6,0
8361,claim_burst,claims,high,3,146,11,1
8362,unverified_provider,account,medium,2,848,3,0
8363,pending_purchases,commerce,high,3,29,8,1
8364,pending_purchases,commerce,critical,4,46,23,1
8365,pending_purchases,catalog,high,3,526,15,1
8366,rejected_claims_volume,claims,high,3,304,18,1
8367,claim_burst,catalog,high,3,329,8,1
8368,pending_purchases,account,medium,2,563,24,1
8369,reject_rate,commerce,low,1,83,6,0
8370,unverified_provider,account,medium,2,22,11,0
8371,reject_rate,claims,high,3,519,28,1
8372,duplicate_email,catalog,critical,4,470,14,1
8373,duplicate_email,account,high,3,20,26,0
8374,lead_spike,commerce,critical,4,426,15,1
8375,reject_rate,account,critical,4,64,16,1
8376,claim_burst,claims,high,3,139,12,1
8377,rejected_claims_volume,catalog,critical,4,31,14,1
8378,inactive_spike,commerce,medium,2,267,7,1
8379,reject_rate,catalog,medium,2,717,13,1
8380,duplicate_email,account,critical,4,298,26,1
8381,stale_pending_policies,claims,low,1,899,15,1
8382,pending_purchases,commerce,medium,2,756,9,0
8383,rejected_claims_volume,claims,medium,2,515,8,0
8384,duplicate_email,claims,critical,4,258,12,1
8385,rejected_claims_volume,catalog,critical,4,14,16,1
8386,claim_burst,claims,high,3,798,19,1
8387,claim_burst,claims,high,3,112,22,1
8388,stale_pending_policies,catalog,medium,2,866,8,0
8389,reject_rate,catalog,medium,2,741,5,0
8390,lead_spike,catalog,high,3,13,12,1
8391,reject_rate,catalog,medium,2,755,11,1
8392,other,commerce,low,1,89,7,0
8393,other,catalog,low,1,41,9,0
8394,claim_burst,claims,high,3,752,27,1
8395,rejected_claims_volume,catalog,high,3,266,9,1
8396,claim_burst,account,medium,2,25,22,1
8397,stale_pending_policies,claims,low,1,376,12,1
8398,reject_rate,commerce,high,3,331,26,1
8399,duplicate_email,commerce,low,1,729,23,1
8400,claim_burst,claims,low,1,805,17,1
8401,unverified_provider,account,high,3,523,19,1
8402,reject_rate,catalog,high,3,299,22,1
8403,claim_burst,account,high,3,136,28,1
8404,reject_rate,catalog,medium,2,718,13,1
8405,reject_rate,claims,critical,4,469,8,1
8406,inactive_spike,account,medium,2,719,8,0
8407,reject_rate,catalog,high,3,319,29,1
8408,pending_purchases,commerce,medium,2,693,25,1
8409,pending_purchases,commerce,low,1,465,18,1
8410,unverified_provider,claims,medium,2,823,6,0
8411,claim_burst,catalog,medium,2,10,16,1
8412,claim_burst,claims,critical,4,289,8,1
8413,other,claims,low,1,69,3,0
8414,claim_burst,claims,medium,2,243,26,1
8415,stale_pending_policies,catalog,low,1,205,12,1
8416,stale_pending_policies,catalog,low,1,527,4,0
8417,rejected_claims_volume,claims,low,1,412,27,1
8418,pending_purchases,commerce,high,3,130,16,1
8419,reject_rate,commerce,medium,2,261,18,1
8420,duplicate_email,catalog,critical,4,719,12,1
8421,unverified_provider,commerce,low,1,27,11,0
8422,pending_purchases,catalog,low,1,217,20,1
8423,unverified_provider,claims,medium,2,600,3,0
8424,claim_burst,catalog,high,3,616,24,1
8425,claim_burst,claims,medium,2,644,9,0
8426,reject_rate,commerce,low,1,659,11,0
8427,lead_spike,catalog,high,3,732,28,1
8428,rejected_claims_volume,account,medium,2,128,21,1
8429,unverified_provider,commerce,medium,2,31,3,0
8430,inactive_spike,account,low,1,76,9,0
8431,rejected_claims_volume,commerce,low,1,774,11,0
8432,pending_purchases,commerce,critical,4,118,9,1
8433,unverified_provider,commerce,low,1,724,8,0
8434,stale_pending_policies,commerce,low,1,870,4,0
8435,reject_rate,commerce,low,1,801,17,1
8436,claim_burst,claims,high,3,240,12,1
8437,stale_pending_policies,catalog,low,1,184,8,0
8438,pending_purchases,commerce,medium,2,38,16,1
8439,reject_rate,commerce,medium,2,567,11,0
8440,other,claims,critical,4,324,9,1
8441,pending_purchases,commerce,high,3,747,24,1
8442,pending_purchases,commerce,medium,2,157,23,1
8443,pending_purchases,commerce,medium,2,135,25,1
8444,unverified_provider,claims,critical,4,674,18,1
8445,lead_spike,commerce,high,3,309,8,1
8446,unverified_provider,account,high,3,88,29,1
8447,duplicate_email,commerce,medium,2,330,20,1
8448,rejected_claims_volume,catalog,medium,2,87,14,1
8449,inactive_spike,catalog,low,1,544,18,1
8450,inactive_spike,claims,low,1,32,9,0
8451,duplicate_email,catalog,critical,4,517,15,1
8452,inactive_spike,account,medium,2,39,9,0
8453,stale_pending_policies,catalog,medium,2,822,8,0
8454,reject_rate,commerce,high,3,26,13,1
8455,reject_rate,catalog,low,1,755,9,0
8456,claim_burst,commerce,high,3,53,22,1
8457,inactive_spike,commerce,medium,2,433,10,0
8458,stale_pending_policies,catalog,low,1,751,7,0
8459,unverified_provider,commerce,high,3,103,29,1
8460,duplicate_email,claims,high,3,454,12,1
8461,stale_pending_policies,claims,high,3,852,10,1
8462,pending_purchases,commerce,low,1,9,27,1
8463,unverified_provider,account,low,1,671,4,0
8464,duplicate_email,commerce,medium,2,11,27,1
8465,stale_pending_policies,commerce,low,1,799,18,1
8466,stale_pending_policies,catalog,medium,2,333,5,0
8467,claim_burst,commerce,critical,4,754,15,1
8468,reject_rate,claims,medium,2,481,11,0
8469,stale_pending_policies,catalog,low,1,136,5,0
8470,rejected_claims_volume,claims,critical,4,269,15,1
8471,reject_rate,catalog,critical,4,92,12,1
8472,unverified_provider,commerce,high,3,6,22,1
8473,unverified_provider,account,medium,2,430,6,0
8474,pending_purchases,commerce,high,3,171,11,1
8475,lead_spike,catalog,medium,2,555,8,1
8476,pending_purchases,commerce,critical,4,81,15,0
8477,rejected_claims_volume,account,medium,2,115,21,1
8478,unverified_provider,account,low,1,210,2,0
8479,unverified_provider,account,medium,2,18,12,1
8480,claim_burst,claims,critical,4,495,21,1
8481,claim_burst,claims,medium,2,104,8,1
8482,lead_spike,commerce,high,3,122,27,1
8483,inactive_spike,catalog,critical,4,625,15,1
8484,duplicate_email,claims,high,3,563,27,1
8485,stale_pending_policies,catalog,low,1,576,14,1
8486,lead_spike,commerce,low,1,58,15,1
8487,pending_purchases,account,critical,4,545,8,1
8488,duplicate_email,catalog,critical,4,718,30,1
8489,lead_spike,commerce,low,1,131,21,1
8490,lead_spike,claims,high,3,876,18,1
8491,stale_pending_policies,catalog,medium,2,669,11,0
8492,inactive_spike,account,medium,2,33,8,0
8493,duplicate_email,claims,high,3,94,25,1
8494,unverified_provider,account,high,3,10,15,1
8495,rejected_claims_volume,claims,critical,4,130,15,1
8496,pending_purchases,claims,critical,4,499,23,1
8497,other,catalog,high,3,93,22,0
8498,duplicate_email,account,high,3,446,20,1
8499,rejected_claims_volume,claims,high,3,731,12,1
8500,pending_purchases,account,critical,4,653,10,1
8501,lead_spike,commerce,medium,2,177,21,1
8502,reject_rate,catalog,medium,2,597,13,1
8503,duplicate_email,account,critical,4,322,12,1
8504,reject_rate,catalog,medium,2,621,8,0
8505,unverified_provider,account,medium,2,521,1,0
8506,stale_pending_policies,claims,high,3,343,20,1
8507,rejected_claims_volume,claims,high,3,257,14,0
8508,lead_spike,commerce,high,3,207,19,0
8509,duplicate_email,claims,critical,4,662,13,1
8510,claim_burst,commerce,critical,4,513,10,0
8511,reject_rate,commerce,critical,4,175,8,1
8512,unverified_provider,commerce,critical,4,410,15,1
8513,lead_spike,catalog,medium,2,621,28,1
8514,duplicate_email,account,critical,4,19,20,1
8515,pending_purchases,claims,critical,4,842,10,1
8516,lead_spike,commerce,medium,2,564,11,1
8517,pending_purchases,commerce,critical,4,73,25,1
8518,reject_rate,claims,high,3,282,30,1
8519,unverified_provider,account,critical,4,677,30,1
8520,reject_rate,catalog,low,1,690,14,1
8521,claim_burst,claims,medium,2,644,22,1
8522,pending_purchases,commerce,high,3,76,12,1
8523,duplicate_email,account,high,3,29,16,1
8524,unverified_provider,account,medium,2,70,9,0
8525,reject_rate,claims,medium,2,110,6,0
8526,inactive_spike,account,low,1,880,13,0
8527,rejected_claims_volume,claims,medium,2,429,25,1
8528,reject_rate,catalog,high,3,242,21,1
8529,rejected_claims_volume,claims,low,1,873,17,1
8530,pending_purchases,commerce,critical,4,134,24,1
8531,lead_spike,account,critical,4,516,12,1
8532,stale_pending_policies,account,medium,2,771,15,1
8533,other,account,low,1,790,8,0
8534,pending_purchases,catalog,high,3,476,18,1
8535,unverified_provider,account,low,1,493,12,1
8536,unverified_provider,catalog,low,1,669,5,0
8537,other,commerce,medium,2,891,12,1
8538,rejected_claims_volume,commerce,high,3,102,22,1
8539,reject_rate,commerce,low,1,16,16,1
8540,lead_spike,commerce,medium,2,127,21,0
8541,lead_spike,commerce,high,3,281,9,1
8542,reject_rate,claims,high,3,160,12,1
8543,unverified_provider,account,medium,2,53,12,1
8544,lead_spike,commerce,high,3,95,11,1
8545,stale_pending_policies,commerce,high,3,73,20,1
8546,reject_rate,catalog,low,1,4,9,0
8547,rejected_claims_volume,claims,high,3,466,13,1
8548,lead_spike,commerce,high,3,164,10,1
8549,pending_purchases,catalog,high,3,807,11,1
8550,lead_spike,commerce,low,1,632,10,1
8551,duplicate_email,account,critical,4,264,27,1
8552,lead_spike,account,high,3,652,10,1
8553,lead_spike,commerce,medium,2,342,10,1
8554,reject_rate,catalog,critical,4,318,26,1
8555,duplicate_email,commerce,high,3,88,22,1
8556,unverified_provider,claims,low,1,492,6,0
8557,other,account,high,3,28,26,1
8558,unverified_provider,account,high,3,447,24,1
8559,stale_pending_policies,catalog,critical,4,807,18,1
8560,claim_burst,claims,medium,2,182,20,0
8561,rejected_claims_volume,catalog,high,3,165,20,1
8562,duplicate_email,account,medium,2,113,29,1
8563,stale_pending_policies,claims,medium,2,477,17,1
8564,inactive_spike,account,medium,2,535,13,1
8565,pending_purchases,commerce,critical,4,82,25,1
8566,other,catalog,critical,4,547,12,1
8567,reject_rate,catalog,critical,4,807,16,1
8568,reject_rate,account,critical,4,459,25,1
8569,claim_burst,commerce,high,3,19,12,1
8570,inactive_spike,catalog,low,1,233,17,1
8571,stale_pending_policies,claims,high,3,239,24,1
8572,rejected_claims_volume,claims,high,3,721,12,1
8573,lead_spike,catalog,low,1,173,20,1
8574,unverified_provider,claims,medium,2,442,1,0
8575,duplicate_email,commerce,medium,2,123,22,1
8576,lead_spike,account,high,3,115,15,0
8577,pending_purchases,commerce,high,3,620,24,1
8578,rejected_claims_volume,commerce,high,3,441,15,1
8579,inactive_spike,commerce,high,3,45,9,1
8580,reject_rate,account,high,3,19,29,1
8581,pending_purchases,commerce,low,1,595,11,0
8582,pending_purchases,commerce,high,3,614,19,1
8583,pending_purchases,claims,low,1,472,26,1
8584,inactive_spike,claims,low,1,431,4,0
8585,rejected_claims_volume,claims,high,3,650,19,1
8586,rejected_claims_volume,commerce,medium,2,617,8,0
8587,stale_pending_policies,catalog,high,3,311,25,1
8588,pending_purchases,commerce,critical,4,485,20,1
8589,lead_spike,commerce,high,3,13,8,1
8590,other,catalog,critical,4,794,17,1
8591,inactive_spike,account,critical,4,805,19,1
8592,unverified_provider,catalog,critical,4,96,12,1
8593,pending_purchases,account,high,3,603,28,1
8594,pending_purchases,commerce,high,3,631,25,1
8595,lead_spike,catalog,critical,4,166,22,1
8596,inactive_spike,account,critical,4,60,22,1
8597,lead_spike,account,high,3,400,19,1
8598,duplicate_email,claims,critical,4,90,18,1
8599,inactive_spike,account,critical,4,219,23,1
8600,claim_burst,account,critical,4,160,14,1
8601,lead_spike,account,high,3,618,16,1
8602,other,account,low,1,671,3,0
8603,lead_spike,account,high,3,786,14,1
8604,unverified_provider,account,low,1,83,5,0
8605,claim_burst,claims,high,3,54,17,1
8606,lead_spike,account,critical,4,19,13,1
8607,duplicate_email,catalog,high,3,366,15,1
8608,claim_burst,catalog,medium,2,772,25,1
8609,inactive_spike,commerce,critical,4,599,28,1
8610,lead_spike,commerce,high,3,253,19,1
8611,other,commerce,medium,2,1,9,0
8612,rejected_claims_volume,claims,high,3,773,11,1
8613,stale_pending_policies,catalog,high,3,472,14,1
8614,unverified_provider,account,medium,2,541,6,0
8615,lead_spike,commerce,high,3,77,23,1
8616,inactive_spike,claims,medium,2,763,14,1
8617,reject_rate,catalog,low,1,728,11,0
8618,reject_rate,account,low,1,5,11,0
8619,reject_rate,catalog,critical,4,62,22,1
8620,duplicate_email,account,high,3,40,9,1
8621,lead_spike,catalog,high,3,894,22,1
8622,pending_purchases,account,high,3,39,22,1
8623,claim_burst,claims,high,3,707,28,1
8624,lead_spike,account,high,3,103,20,1
8625,stale_pending_policies,catalog,medium,2,430,9,1
8626,lead_spike,commerce,high,3,900,15,1
8627,stale_pending_policies,catalog,critical,4,780,19,1
8628,other,catalog,low,1,61,4,0
8629,inactive_spike,claims,high,3,680,11,0
8630,rejected_claims_volume,account,medium,2,779,14,1
8631,rejected_claims_volume,catalog,low,1,865,11,0
8632,unverified_provider,account,high,3,828,8,1
8633,other,account,critical,4,7,21,1
8634,inactive_spike,catalog,low,1,475,15,1
8635,claim_burst,claims,critical,4,708,16,1
8636,other,commerce,critical,4,19,10,1
8637,pending_purchases,claims,medium,2,191,27,1
8638,unverified_provider,account,low,1,318,12,1
8639,other,commerce,low,1,441,11,0
8640,reject_rate,commerce,medium,2,571,5,0
8641,pending_purchases,catalog,critical,4,821,27,0
8642,inactive_spike,account,high,3,52,10,1
8643,pending_purchases,commerce,high,3,280,17,1
8644,pending_purchases,commerce,medium,2,12,12,1
8645,duplicate_email,account,high,3,542,28,1
8646,reject_rate,catalog,critical,4,715,29,1
8647,inactive_spike,account,high,3,46,20,0
8648,stale_pending_policies,commerce,medium,2,542,18,1
8649,reject_rate,catalog,low,1,820,18,1
8650,stale_pending_policies,commerce,medium,2,364,18,1
8651,unverified_provider,account,medium,2,487,4,0
8652,pending_purchases,account,high,3,889,20,1
8653,duplicate_email,catalog,low,1,529,13,1
8654,reject_rate,account,medium,2,174,5,0
8655,inactive_spike,catalog,high,3,557,9,0
8656,claim_burst,catalog,high,3,378,20,1
8657,unverified_provider,commerce,high,3,720,28,0
8658,duplicate_email,account,medium,2,24,16,1
8659,lead_spike,commerce,critical,4,551,23,0
8660,unverified_provider,catalog,low,1,704,1,0
8661,stale_pending_policies,catalog,high,3,319,28,1
8662,stale_pending_policies,catalog,high,3,656,30,1
8663,reject_rate,claims,medium,2,656,16,1
8664,reject_rate,claims,low,1,428,8,0
8665,reject_rate,catalog,high,3,72,14,1
8666,lead_spike,commerce,medium,2,425,25,1
8667,rejected_claims_volume,claims,critical,4,769,28,1
8668,stale_pending_policies,claims,medium,2,120,12,1
8669,other,catalog,critical,4,164,29,1
8670,stale_pending_policies,commerce,medium,2,244,10,0
8671,duplicate_email,account,high,3,526,19,1
8672,rejected_claims_volume,account,high,3,31,17,1
8673,stale_pending_policies,catalog,low,1,141,14,1
8674,duplicate_email,catalog,critical,4,426,25,1
8675,reject_rate,catalog,high,3,593,20,0
8676,unverified_provider,catalog,medium,2,789,2,0
8677,claim_burst,catalog,high,3,97,30,1
8678,lead_spike,claims,high,3,754,15,1
8679,other,claims,medium,2,253,6,0
8680,other,commerce,medium,2,678,2,0
8681,pending_purchases,claims,medium,2,781,16,1
8682,inactive_spike,claims,critical,4,113,8,1
8683,lead_spike,commerce,high,3,17,9,1
8684,duplicate_email,catalog,critical,4,57,25,1
8685,stale_pending_policies,catalog,low,1,70,14,1
8686,inactive_spike,account,critical,4,879,23,1
8687,unverified_provider,account,high,3,766,10,1
8688,reject_rate,claims,medium,2,852,11,0
8689,rejected_claims_volume,catalog,medium,2,656,28,1
8690,reject_rate,catalog,low,1,593,6,0
8691,claim_burst,claims,high,3,859,9,1
8692,rejected_claims_volume,account,high,3,126,10,1
8693,reject_rate,account,critical,4,56,24,1
8694,pending_purchases,commerce,high,3,52,29,1
8695,rejected_claims_volume,account,high,3,689,24,1
8696,inactive_spike,account,high,3,326,11,1
8697,rejected_claims_volume,claims,critical,4,575,12,1
8698,pending_purchases,commerce,high,3,6,21,1
8699,rejected_claims_volume,catalog,medium,2,81,14,1
8700,stale_pending_policies,commerce,critical,4,348,23,1
8701,pending_purchases,catalog,high,3,850,24,1
8702,inactive_spike,account,low,1,182,6,0
8703,rejected_claims_volume,claims,critical,4,395,29,1
8704,claim_burst,claims,critical,4,492,16,1
8705,lead_spike,account,medium,2,153,28,1
8706,duplicate_email,claims,medium,2,223,15,1
8707,duplicate_email,account,low,1,225,8,1
8708,duplicate_email,account,critical,4,240,11,1
8709,other,account,high,3,874,23,1
8710,reject_rate,catalog,low,1,95,8,0
8711,lead_spike,commerce,critical,4,7,19,1
8712,duplicate_email,catalog,critical,4,435,28,0
8713,lead_spike,commerce,critical,4,88,21,1
8714,unverified_provider,account,critical,4,153,10,1
8715,stale_pending_policies,claims,medium,2,760,5,0
8716,inactive_spike,catalog,low,1,887,13,1
8717,inactive_spike,account,high,3,687,10,1
8718,stale_pending_policies,account,high,3,604,16,1
8719,pending_purchases,account,medium,2,64,10,0
8720,unverified_provider,account,low,1,59,6,0
8721,duplicate_email,account,medium,2,476,25,1
8722,duplicate_email,account,critical,4,510,27,0
8723,claim_burst,claims,critical,4,603,21,1
8724,unverified_provider,account,critical,4,502,29,1
8725,pending_purchases,account,high,3,63,14,1
8726,pending_purchases,commerce,critical,4,335,20,1
8727,claim_burst,claims,critical,4,7,22,1
8728,unverified_provider,claims,low,1,165,11,0
8729,rejected_claims_volume,catalog,low,1,271,13,1
8730,inactive_spike,commerce,high,3,757,16,1
8731,lead_spike,commerce,medium,2,134,29,1
8732,stale_pending_policies,commerce,critical,4,406,12,1
8733,unverified_provider,claims,low,1,145,2,1
8734,reject_rate,catalog,high,3,351,8,1
8735,rejected_claims_volume,commerce,high,3,593,11,1
8736,unverified_provider,account,critical,4,75,14,1
8737,pending_purchases,account,high,3,243,12,1
8738,lead_spike,catalog,critical,4,323,15,1
8739,claim_burst,claims,medium,2,573,29,1
8740,unverified_provider,claims,medium,2,327,10,0
8741,other,commerce,medium,2,89,2,0
8742,inactive_spike,catalog,critical,4,893,23,0
8743,reject_rate,catalog,critical,4,9,28,1
8744,lead_spike,commerce,high,3,255,25,1
8745,inactive_spike,catalog,low,1,728,18,1
8746,stale_pending_policies,catalog,high,3,241,17,1
8747,reject_rate,account,critical,4,29,21,1
8748,inactive_spike,account,high,3,111,27,1
8749,claim_burst,account,high,3,406,10,1
8750,lead_spike,commerce,high,3,688,25,1
8751,unverified_provider,account,critical,4,425,27,1
8752,duplicate_email,claims,critical,4,553,18,1
8753,stale_pending_policies,catalog,medium,2,481,14,1
8754,duplicate_email,account,high,3,5,13,1
8755,duplicate_email,account,critical,4,106,29,1
8756,claim_burst,account,medium,2,104,9,1
8757,rejected_claims_volume,claims,medium,2,379,29,0
8758,other,commerce,high,3,686,14,1
8759,duplicate_email,account,medium,2,240,23,1
8760,claim_burst,claims,high,3,519,8,1
8761,reject_rate,account,high,3,94,14,1
8762,inactive_spike,account,low,1,778,14,1
8763,reject_rate,catalog,medium,2,625,18,1
8764,unverified_provider,commerce,high,3,313,13,1
8765,duplicate_email,claims,high,3,185,24,1
8766,pending_purchases,commerce,high,3,847,30,1
8767,other,account,critical,4,344,9,1
8768,duplicate_email,claims,critical,4,369,26,1
8769,claim_burst,claims,low,1,457,9,1
8770,unverified_provider,account,high,3,785,10,1
8771,inactive_spike,claims,critical,4,55,22,1
8772,reject_rate,catalog,critical,4,623,10,0
8773,stale_pending_policies,claims,medium,2,793,4,0
8774,unverified_provider,account,critical,4,169,27,1
8775,rejected_claims_volume,commerce,medium,2,5,19,1
8776,duplicate_email,account,high,3,596,19,1
8777,inactive_spike,commerce,medium,2,608,18,1
8778,reject_rate,commerce,low,1,525,10,0
8779,reject_rate,catalog,low,1,225,12,1
8780,pending_purchases,catalog,high,3,361,28,0
8781,rejected_claims_volume,commerce,high,3,365,19,1
8782,claim_burst,commerce,high,3,256,24,1
8783,other,claims,critical,4,496,26,1
8784,rejected_claims_volume,claims,medium,2,78,19,1
8785,lead_spike,commerce,high,3,377,22,0
8786,lead_spike,commerce,high,3,590,12,1
8787,stale_pending_policies,catalog,high,3,530,19,1
8788,unverified_provider,claims,critical,4,31,16,1
8789,stale_pending_policies,catalog,high,3,828,23,1
8790,duplicate_email,account,medium,2,244,8,1
8791,lead_spike,commerce,high,3,140,19,1
8792,stale_pending_policies,account,high,3,103,14,1
8793,duplicate_email,commerce,high,3,43,28,1
8794,duplicate_email,account,medium,2,533,26,1
8795,claim_burst,account,medium,2,676,13,1
8796,inactive_spike,account,high,3,143,11,1
8797,unverified_provider,account,low,1,59,3,0
8798,claim_burst,claims,low,1,613,30,1
8799,lead_spike,commerce,high,3,236,11,1
8800,reject_rate,commerce,low,1,429,17,1
8801,reject_rate,catalog,low,1,349,12,1
8802,rejected_claims_volume,claims,critical,4,494,8,1
8803,unverified_provider,account,medium,2,129,4,0
8804,inactive_spike,catalog,low,1,494,18,1
8805,lead_spike,commerce,medium,2,321,30,1
8806,unverified_provider,claims,high,3,315,12,1
8807,lead_spike,catalog,critical,4,428,28,1
8808,stale_pending_policies,account,high,3,44,28,1
8809,reject_rate,catalog,critical,4,60,11,1
8810,lead_spike,commerce,high,3,205,19,1
8811,duplicate_email,account,critical,4,182,8,1
8812,rejected_claims_volume,claims,medium,2,638,13,1
8813,rejected_claims_volume,claims,medium,2,647,10,1
8814,claim_burst,catalog,high,3,810,30,1
8815,unverified_provider,commerce,low,1,165,1,0
8816,unverified_provider,account,high,3,720,29,1
8817,lead_spike,commerce,high,3,775,30,1
8818,stale_pending_policies,catalog,low,1,847,16,1
8819,claim_burst,claims,medium,2,48,29,1
8820,duplicate_email,account,medium,2,863,16,1
8821,claim_burst,claims,medium,2,556,17,1
8822,reject_rate,account,low,1,14,10,0
8823,lead_spike,claims,medium,2,26,25,1
8824,stale_pending_policies,claims,medium,2,558,10,0
8825,reject_rate,catalog,critical,4,485,13,1
8826,stale_pending_policies,catalog,medium,2,248,12,1
8827,pending_purchases,account,critical,4,14,9,1
8828,reject_rate,account,low,1,584,7,0
8829,inactive_spike,account,critical,4,275,29,1
8830,lead_spike,commerce,high,3,61,15,1
8831,inactive_spike,catalog,high,3,310,17,1
8832,reject_rate,account,critical,4,350,30,1
8833,reject_rate,catalog,critical,4,25,23,1
8834,pending_purchases,commerce,high,3,588,28,0
8835,duplicate_email,account,high,3,14,20,1
8836,stale_pending_policies,commerce,low,1,176,11,0
8837,rejected_claims_volume,claims,critical,4,662,25,1
8838,reject_rate,catalog,medium,2,577,8,0
8839,duplicate_email,claims,critical,4,232,26,1
8840,pending_purchases,commerce,high,3,43,19,1
8841,pending_purchases,commerce,high,3,771,11,1
8842,claim_burst,account,medium,2,66,10,1
8843,rejected_claims_volume,claims,high,3,99,28,1
8844,duplicate_email,account,critical,4,139,16,1
8845,claim_burst,claims,high,3,130,19,1
8846,stale_pending_policies,account,high,3,148,8,1
8847,duplicate_email,claims,high,3,182,10,1
8848,stale_pending_policies,catalog,medium,2,298,11,0
8849,stale_pending_policies,claims,low,1,149,14,1
8850,stale_pending_policies,catalog,high,3,98,18,1
8851,duplicate_email,commerce,high,3,575,20,1
8852,inactive_spike,commerce,critical,4,13,19,1
8853,inactive_spike,account,medium,2,24,5,0
8854,pending_purchases,account,high,3,338,13,1
8855,lead_spike,commerce,medium,2,174,18,1
8856,duplicate_email,claims,critical,4,726,9,1
8857,other,claims,low,1,810,1,0
8858,other,commerce,medium,2,12,7,1
8859,rejected_claims_volume,claims,high,3,186,11,1
8860,pending_purchases,commerce,medium,2,168,24,1
8861,duplicate_email,account,medium,2,86,24,0
8862,stale_pending_policies,claims,medium,2,882,13,1
8863,rejected_claims_volume,claims,critical,4,484,26,1
8864,unverified_provider,commerce,medium,2,719,7,0
8865,inactive_spike,account,critical,4,142,29,1
8866,lead_spike,catalog,high,3,158,22,1
8867,duplicate_email,account,high,3,622,22,1
8868,reject_rate,catalog,low,1,210,9,0
8869,duplicate_email,commerce,high,3,76,17,1
8870,unverified_provider,catalog,medium,2,388,1,0
8871,inactive_spike,account,low,1,512,16,1
8872,claim_burst,claims,low,1,136,19,1
8873,rejected_claims_volume,catalog,low,1,542,26,1
8874,unverified_provider,account,critical,4,896,14,1
8875,rejected_claims_volume,claims,medium,2,113,14,1
8876,unverified_provider,account,critical,4,347,23,1
8877,duplicate_email,commerce,critical,4,170,30,1
8878,inactive_spike,account,low,1,484,12,1
8879,rejected_claims_volume,claims,high,3,593,10,1
8880,unverified_provider,account,medium,2,841,7,0
8881,rejected_claims_volume,claims,medium,2,768,23,1
8882,duplicate_email,catalog,high,3,870,10,1
8883,pending_purchases,commerce,critical,4,880,20,1
8884,pending_purchases,commerce,high,3,171,19,1
8885,rejected_claims_volume,catalog,low,1,428,13,1
8886,other,catalog,medium,2,46,6,0
8887,claim_burst,claims,critical,4,575,11,1
8888,inactive_spike,account,medium,2,225,11,0
8889,claim_burst,catalog,high,3,696,12,1
8890,duplicate_email,commerce,medium,2,861,13,1
8891,duplicate_email,claims,high,3,198,12,1
8892,claim_burst,claims,critical,4,645,16,1
8893,stale_pending_policies,catalog,low,1,150,16,1
8894,reject_rate,claims,low,1,308,5,0
8895,reject_rate,catalog,low,1,787,13,1
8896,reject_rate,account,medium,2,442,5,0
8897,reject_rate,catalog,high,3,149,28,1
8898,stale_pending_policies,claims,high,3,545,24,1
8899,other,commerce,high,3,19,19,1
8900,reject_rate,catalog,high,3,879,29,1
8901,reject_rate,account,critical,4,714,30,1
8902,reject_rate,catalog,low,1,451,8,0
8903,duplicate_email,account,high,3,822,24,1
8904,other,commerce,medium,2,180,12,1
8905,rejected_claims_volume,claims,medium,2,758,10,0
8906,claim_burst,account,medium,2,809,21,0
8907,stale_pending_policies,claims,low,1,589,16,1
8908,other,catalog,medium,2,99,3,0
8909,lead_spike,commerce,high,3,836,30,1
8910,rejected_claims_volume,claims,low,1,551,25,1
8911,claim_burst,claims,medium,2,591,25,1
8912,unverified_provider,account,medium,2,795,7,0
8913,pending_purchases,claims,low,1,458,8,0
8914,claim_burst,claims,high,3,406,20,1
8915,claim_burst,catalog,high,3,796,20,0
8916,rejected_claims_volume,claims,medium,2,455,21,0
8917,claim_burst,catalog,critical,4,486,29,1
8918,reject_rate,catalog,critical,4,250,21,1
8919,duplicate_email,account,critical,4,25,24,1
8920,unverified_provider,commerce,medium,2,80,11,0
8921,stale_pending_policies,catalog,medium,2,40,9,0
8922,claim_burst,commerce,high,3,43,22,1
8923,rejected_claims_volume,claims,critical,4,54,27,1
8924,pending_purchases,commerce,high,3,46,26,1
8925,pending_purchases,commerce,medium,2,36,8,0
8926,inactive_spike,account,high,3,73,16,0
8927,reject_rate,catalog,critical,4,147,17,1
8928,rejected_claims_volume,account,critical,4,14,26,1
8929,lead_spike,commerce,medium,2,359,22,1
8930,stale_pending_policies,claims,low,1,240,9,0
8931,pending_purchases,account,critical,4,74,29,1
8932,duplicate_email,account,medium,2,221,9,1
8933,duplicate_email,commerce,high,3,248,9,1
8934,lead_spike,catalog,low,1,162,25,0
8935,duplicate_email,claims,high,3,454,29,1
8936,lead_spike,claims,high,3,83,29,1
8937,rejected_claims_volume,catalog,low,1,143,11,0
8938,pending_purchases,catalog,high,3,741,25,1
8939,reject_rate,catalog,low,1,448,12,1
8940,rejected_claims_volume,commerce,critical,4,673,20,1
8941,claim_burst,claims,high,3,555,8,1
8942,pending_purchases,commerce,high,3,136,17,1
8943,lead_spike,commerce,medium,2,23,27,1
8944,inactive_spike,account,critical,4,19,27,1
8945,duplicate_email,account,critical,4,97,16,1
8946,lead_spike,account,critical,4,88,22,1
8947,inactive_spike,account,high,3,333,22,1
8948,rejected_claims_volume,catalog,critical,4,522,29,1
8949,unverified_provider,account,critical,4,543,17,1
8950,claim_burst,catalog,medium,2,811,12,1
8951,stale_pending_policies,account,high,3,96,17,0
8952,inactive_spike,commerce,high,3,252,20,1
8953,claim_burst,catalog,low,1,514,9,1
8954,unverified_provider,commerce,medium,2,859,10,0
8955,unverified_provider,account,critical,4,497,11,0
8956,duplicate_email,account,high,3,12,13,1
8957,lead_spike,commerce,medium,2,270,11,1
8958,unverified_provider,account,low,1,302,1,0
8959,duplicate_email,account,medium,2,688,14,1
8960,duplicate_email,catalog,medium,2,583,19,1
8961,other,catalog,medium,2,69,9,0
8962,claim_burst,claims,critical,4,527,15,1
8963,pending_purchases,catalog,high,3,121,20,1
8964,reject_rate,commerce,critical,4,87,12,1
8965,unverified_provider,commerce,critical,4,849,14,1
8966,pending_purchases,catalog,critical,4,812,22,0
8967,rejected_claims_volume,claims,high,3,404,16,1
8968,other,account,low,1,80,2,0
8969,unverified_provider,claims,high,3,542,19,1
8970,duplicate_email,commerce,critical,4,147,20,1
8971,rejected_claims_volume,claims,low,1,589,10,0
8972,rejected_claims_volume,commerce,low,1,81,26,1
8973,other,account,high,3,1,22,1
8974,pending_purchases,commerce,high,3,714,16,1
8975,rejected_claims_volume,claims,low,1,233,19,1
8976,reject_rate,commerce,critical,4,51,23,1
8977,unverified_provider,catalog,high,3,653,13,1
8978,rejected_claims_volume,catalog,critical,4,131,21,1
8979,pending_purchases,commerce,high,3,41,12,1
8980,duplicate_email,commerce,critical,4,227,27,1
8981,unverified_provider,account,high,3,12,27,1
8982,unverified_provider,claims,low,1,73,2,0
8983,unverified_provider,account,medium,2,391,8,0
8984,unverified_provider,commerce,critical,4,223,28,1
8985,reject_rate,claims,medium,2,471,10,0
8986,inactive_spike,claims,low,1,533,18,1
8987,unverified_provider,account,low,1,82,4,1
8988,reject_rate,catalog,medium,2,555,16,1
8989,unverified_provider,account,high,3,186,28,1
8990,reject_rate,commerce,low,1,804,6,0
8991,unverified_provider,claims,high,3,425,30,1
8992,inactive_spike,catalog,high,3,196,15,1
8993,reject_rate,account,critical,4,156,23,1
8994,duplicate_email,claims,high,3,452,23,1
8995,reject_rate,account,medium,2,338,6,0
8996,reject_rate,catalog,low,1,254,14,1
8997,inactive_spike,catalog,medium,2,597,14,1
8998,pending_purchases,claims,high,3,185,9,1
8999,unverified_provider,account,high,3,574,8,0
9000,claim_burst,claims,critical,4,832,18,1
9001,rejected_claims_volume,claims,high,3,417,26,1
9002,inactive_spike,account,high,3,96,28,1
9003,inactive_spike,account,medium,2,391,14,1
9004,claim_burst,claims,medium,2,330,25,1
9005,stale_pending_policies,catalog,medium,2,429,15,1
9006,stale_pending_policies,commerce,critical,4,48,29,1
9007,duplicate_email,account,low,1,351,22,1
9008,other,account,medium,2,363,11,0
9009,inactive_spike,catalog,medium,2,495,15,0
9010,claim_burst,account,high,3,127,21,1
9011,stale_pending_policies,claims,medium,2,728,4,0
9012,lead_spike,claims,critical,4,683,8,1
9013,pending_purchases,catalog,medium,2,531,30,0
9014,claim_burst,claims,critical,4,213,18,1
9015,unverified_provider,commerce,low,1,76,7,0
9016,rejected_claims_volume,claims,low,1,635,16,0
9017,rejected_claims_volume,claims,medium,2,585,26,1
9018,inactive_spike,account,low,1,17,11,0
9019,rejected_claims_volume,claims,critical,4,871,21,1
9020,unverified_provider,claims,medium,2,815,8,0
9021,other,claims,high,3,775,8,1
9022,reject_rate,catalog,medium,2,542,6,0
9023,reject_rate,claims,critical,4,88,28,1
9024,claim_burst,catalog,high,3,634,20,1
9025,duplicate_email,account,high,3,26,13,1
9026,lead_spike,commerce,medium,2,49,22,1
9027,duplicate_email,account,medium,2,229,27,1
9028,reject_rate,catalog,low,1,287,6,0
9029,other,account,high,3,498,14,1
9030,pending_purchases,commerce,high,3,36,10,1
9031,unverified_provider,catalog,critical,4,110,11,1
9032,rejected_claims_volume,claims,critical,4,476,20,1
9033,lead_spike,commerce,critical,4,42,10,1
9034,rejected_claims_volume,account,critical,4,53,18,1
9035,pending_purchases,commerce,high,3,266,26,1
9036,unverified_provider,account,high,3,1,16,1
9037,lead_spike,catalog,high,3,147,20,1
9038,pending_purchases,account,critical,4,575,9,1
9039,unverified_provider,commerce,low,1,12,1,0
9040,claim_burst,commerce,critical,4,444,24,1
9041,rejected_claims_volume,claims,critical,4,316,21,1
9042,unverified_provider,commerce,high,3,4,23,1
9043,inactive_spike,catalog,high,3,238,9,1
9044,claim_burst,claims,low,1,536,23,1
9045,reject_rate,catalog,low,1,677,13,0
9046,stale_pending_policies,commerce,high,3,490,28,1
9047,reject_rate,account,critical,4,170,15,1
9048,reject_rate,account,high,3,16,21,1
9049,pending_purchases,commerce,medium,2,32,24,1
9050,duplicate_email,claims,high,3,92,28,0
9051,claim_burst,claims,high,3,430,30,1
9052,pending_purchases,commerce,medium,2,30,27,1
9053,lead_spike,commerce,high,3,82,22,1
9054,reject_rate,catalog,critical,4,318,24,1
9055,claim_burst,account,critical,4,10,28,1
9056,stale_pending_policies,catalog,low,1,1,6,0
9057,duplicate_email,account,high,3,633,18,1
9058,reject_rate,catalog,critical,4,753,30,0
9059,pending_purchases,claims,low,1,561,19,0
9060,rejected_claims_volume,claims,critical,4,404,26,1
9061,lead_spike,commerce,medium,2,89,8,1
9062,duplicate_email,claims,critical,4,455,19,1
9063,claim_burst,catalog,medium,2,41,26,1
9064,lead_spike,commerce,high,3,450,19,1
9065,rejected_claims_volume,claims,critical,4,345,12,1
9066,claim_burst,claims,medium,2,272,23,1
9067,lead_spike,commerce,medium,2,99,16,1
9068,duplicate_email,account,high,3,11,10,1
9069,duplicate_email,claims,high,3,300,30,1
9070,other,commerce,high,3,355,21,1
9071,reject_rate,claims,critical,4,234,9,1
9072,duplicate_email,commerce,high,3,111,30,1
9073,stale_pending_policies,catalog,critical,4,695,23,1
9074,pending_purchases,commerce,critical,4,530,13,1
9075,unverified_provider,account,medium,2,235,5,0
9076,claim_burst,commerce,critical,4,433,15,1
9077,claim_burst,claims,medium,2,416,24,1
9078,rejected_claims_volume,claims,medium,2,747,24,1
9079,pending_purchases,claims,critical,4,111,20,1
9080,reject_rate,catalog,medium,2,826,12,1
9081,lead_spike,account,critical,4,59,13,1
9082,other,commerce,low,1,453,12,1
9083,reject_rate,claims,critical,4,510,13,1
9084,rejected_claims_volume,claims,high,3,182,20,1
9085,duplicate_email,account,medium,2,298,8,1
9086,inactive_spike,catalog,critical,4,500,25,1
9087,stale_pending_policies,catalog,medium,2,57,17,1
9088,inactive_spike,catalog,low,1,214,6,0
9089,unverified_provider,account,low,1,71,7,0
9090,pending_purchases,commerce,high,3,22,24,1
9091,pending_purchases,commerce,medium,2,606,26,1
9092,unverified_provider,catalog,medium,2,91,4,0
9093,inactive_spike,account,high,3,893,20,1
9094,stale_pending_policies,catalog,medium,2,323,5,0
9095,claim_burst,catalog,high,3,51,16,1
9096,pending_purchases,account,high,3,42,17,1
9097,pending_purchases,catalog,high,3,815,13,1
9098,rejected_claims_volume,commerce,high,3,95,13,1
9099,unverified_provider,account,medium,2,10,10,0
9100,unverified_provider,account,high,3,8,12,0
9101,unverified_provider,account,low,1,133,9,0
9102,inactive_spike,account,critical,4,557,18,1
9103,lead_spike,claims,high,3,99,13,1
9104,lead_spike,commerce,medium,2,21,19,1
9105,claim_burst,account,high,3,582,13,1
9106,lead_spike,commerce,high,3,185,20,1
9107,duplicate_email,claims,medium,2,167,29,1
9108,unverified_provider,commerce,low,1,385,10,0
9109,unverified_provider,claims,high,3,553,26,1
9110,rejected_claims_volume,commerce,high,3,515,19,1
9111,other,commerce,critical,4,43,29,1
9112,pending_purchases,commerce,medium,2,825,14,1
9113,rejected_claims_volume,claims,medium,2,45,9,0
9114,reject_rate,catalog,critical,4,290,24,1
9115,stale_pending_policies,account,low,1,11,15,0
9116,claim_burst,claims,critical,4,755,11,1
9117,duplicate_email,account,high,3,715,29,1
9118,duplicate_email,commerce,low,1,444,8,1
9119,reject_rate,catalog,critical,4,806,10,1
9120,lead_spike,commerce,critical,4,96,28,1
9121,stale_pending_policies,commerce,low,1,318,4,0
9122,unverified_provider,commerce,medium,2,81,10,0
9123,other,commerce,low,1,393,9,0
9124,stale_pending_policies,account,medium,2,26,9,0
9125,inactive_spike,account,low,1,664,9,0
9126,reject_rate,catalog,critical,4,22,30,1
9127,rejected_claims_volume,commerce,medium,2,5,10,0
9128,claim_burst,claims,high,3,246,24,1
9129,pending_purchases,account,critical,4,400,17,1
9130,other,commerce,high,3,771,17,0
9131,duplicate_email,commerce,low,1,106,14,1
9132,stale_pending_policies,account,medium,2,57,17,1
9133,stale_pending_policies,catalog,medium,2,335,11,0
9134,pending_purchases,commerce,low,1,380,22,1
9135,claim_burst,catalog,high,3,880,17,1
9136,inactive_spike,catalog,low,1,390,10,0
9137,duplicate_email,account,medium,2,157,29,1
9138,rejected_claims_volume,catalog,medium,2,437,13,0
9139,claim_burst,account,high,3,677,15,0
9140,inactive_spike,catalog,low,1,294,18,1
9141,pending_purchases,commerce,medium,2,96,15,1
9142,reject_rate,catalog,medium,2,114,13,1
9143,inactive_spike,account,high,3,622,20,1
9144,claim_burst,catalog,medium,2,498,14,1
9145,claim_burst,commerce,high,3,839,26,1
9146,rejected_claims_volume,catalog,critical,4,704,24,1
9147,duplicate_email,claims,medium,2,311,13,0
9148,rejected_claims_volume,account,high,3,276,18,1
9149,other,claims,low,1,340,11,0
9150,pending_purchases,commerce,medium,2,877,24,1
9151,duplicate_email,account,high,3,452,11,1
9152,reject_rate,catalog,medium,2,898,7,0
9153,reject_rate,commerce,low,1,446,6,0
9154,pending_purchases,commerce,medium,2,253,24,1
9155,stale_pending_policies,commerce,medium,2,805,15,1
9156,other,account,critical,4,247,26,1
9157,unverified_provider,commerce,low,1,204,1,0
9158,unverified_provider,commerce,high,3,828,15,1
9159,rejected_claims_volume,claims,high,3,270,13,1
9160,rejected_claims_volume,claims,critical,4,681,27,1
9161,pending_purchases,commerce,high,3,666,29,1
9162,stale_pending_policies,catalog,critical,4,295,25,1
9163,inactive_spike,catalog,high,3,111,16,1
9164,lead_spike,claims,high,3,846,13,0
9165,pending_purchases,commerce,high,3,154,23,1
9166,rejected_claims_volume,claims,high,3,12,24,1
9167,pending_purchases,commerce,high,3,147,22,1
9168,stale_pending_policies,commerce,low,1,49,12,1
9169,other,catalog,low,1,184,1,0
9170,pending_purchases,commerce,critical,4,564,16,1
9171,lead_spike,claims,medium,2,460,30,1
9172,claim_burst,catalog,low,1,631,14,1
9173,lead_spike,claims,critical,4,636,29,1
9174,inactive_spike,account,low,1,534,11,0
9175,rejected_claims_volume,account,high,3,170,16,1
9176,unverified_provider,account,critical,4,76,9,1
9177,unverified_provider,commerce,medium,2,8,12,1
9178,inactive_spike,account,low,1,404,14,1
9179,other,catalog,critical,4,715,15,1
9180,pending_purchases,commerce,high,3,8,17,1
9181,pending_purchases,account,medium,2,44,26,1
9182,claim_burst,claims,medium,2,114,30,1
9183,pending_purchases,claims,critical,4,697,28,1
9184,inactive_spike,account,low,1,541,16,1
9185,duplicate_email,account,critical,4,5,11,0
9186,claim_burst,claims,low,1,145,14,1
9187,reject_rate,account,medium,2,41,7,0
9188,reject_rate,commerce,high,3,3,13,1
9189,lead_spike,catalog,critical,4,475,22,0
9190,inactive_spike,account,high,3,687,23,1
9191,reject_rate,catalog,low,1,119,9,0
9192,claim_burst,claims,high,3,729,21,1
9193,unverified_provider,claims,high,3,313,20,0
9194,lead_spike,claims,critical,4,544,30,1
9195,claim_burst,commerce,low,1,739,17,1
9196,other,claims,high,3,752,29,1
9197,unverified_provider,account,critical,4,850,16,1
9198,lead_spike,commerce,high,3,98,17,1
9199,lead_spike,commerce,high,3,37,28,1
9200,rejected_claims_volume,claims,low,1,444,14,1
9201,inactive_spike,account,medium,2,425,15,1
9202,inactive_spike,claims,medium,2,12,13,0
9203,inactive_spike,commerce,critical,4,87,12,1
9204,pending_purchases,claims,critical,4,222,8,1
9205,inactive_spike,commerce,low,1,64,5,0
9206,lead_spike,claims,high,3,515,27,1
9207,lead_spike,catalog,medium,2,654,30,1
9208,other,claims,low,1,767,10,0
9209,stale_pending_policies,catalog,critical,4,792,22,1
9210,reject_rate,catalog,low,1,195,15,1
9211,lead_spike,account,low,1,33,12,1
9212,other,claims,critical,4,49,25,1
9213,inactive_spike,claims,high,3,650,25,1
9214,rejected_claims_volume,claims,critical,4,479,14,1
9215,other,account,low,1,86,11,0
9216,lead_spike,commerce,medium,2,576,28,1
9217,reject_rate,catalog,low,1,830,17,0
9218,unverified_provider,account,high,3,120,11,1
9219,reject_rate,claims,critical,4,525,14,1
9220,lead_spike,commerce,high,3,854,16,1
9221,pending_purchases,account,critical,4,583,19,1
9222,pending_purchases,commerce,medium,2,659,21,1
9223,unverified_provider,account,critical,4,473,8,1
9224,pending_purchases,account,low,1,206,9,0
9225,rejected_claims_volume,claims,low,1,624,21,1
9226,duplicate_email,catalog,high,3,296,14,1
9227,duplicate_email,commerce,medium,2,134,24,1
9228,reject_rate,catalog,critical,4,77,30,1
9229,duplicate_email,commerce,low,1,506,19,1
9230,pending_purchases,catalog,high,3,525,15,1
9231,unverified_provider,claims,critical,4,264,28,1
9232,rejected_claims_volume,claims,medium,2,489,28,1
9233,stale_pending_policies,catalog,high,3,597,22,1
9234,unverified_provider,claims,medium,2,845,3,0
9235,stale_pending_policies,catalog,medium,2,877,9,0
9236,inactive_spike,account,medium,2,37,6,0
9237,duplicate_email,account,high,3,158,27,1
9238,pending_purchases,account,high,3,11,29,1
9239,rejected_claims_volume,claims,critical,4,711,16,1
9240,other,claims,medium,2,463,8,0
9241,claim_burst,claims,critical,4,436,10,0
9242,rejected_claims_volume,catalog,critical,4,725,11,1
9243,lead_spike,commerce,critical,4,284,28,1
9244,other,claims,medium,2,112,3,0
9245,inactive_spike,account,low,1,49,18,1
9246,lead_spike,commerce,critical,4,89,28,1
9247,claim_burst,claims,high,3,845,23,1
9248,unverified_provider,claims,high,3,569,9,1
9249,claim_burst,commerce,high,3,71,17,1
9250,unverified_provider,commerce,low,1,341,2,1
9251,duplicate_email,account,high,3,632,30,1
9252,inactive_spike,account,low,1,53,10,0
9253,lead_spike,commerce,high,3,670,30,1
9254,reject_rate,claims,critical,4,87,22,1
9255,rejected_claims_volume,account,high,3,339,14,1
9256,unverified_provider,account,high,3,898,14,1
9257,duplicate_email,commerce,medium,2,637,23,1
9258,reject_rate,claims,high,3,571,17,1
9259,claim_burst,claims,critical,4,654,20,1
9260,rejected_claims_volume,catalog,critical,4,835,19,1
9261,duplicate_email,commerce,high,3,86,27,1
9262,unverified_provider,commerce,medium,2,340,7,0
9263,duplicate_email,account,medium,2,686,25,1
9264,claim_burst,commerce,critical,4,570,12,1
9265,reject_rate,commerce,low,1,41,7,0
9266,duplicate_email,account,high,3,177,25,1
9267,pending_purchases,commerce,low,1,760,16,1
9268,reject_rate,catalog,critical,4,191,30,1
9269,stale_pending_policies,catalog,critical,4,100,22,1
9270,pending_purchases,commerce,low,1,4,24,1
9271,pending_purchases,claims,high,3,543,22,1
9272,unverified_provider,catalog,critical,4,696,27,1
9273,inactive_spike,commerce,high,3,422,15,1
9274,unverified_provider,commerce,critical,4,82,8,1
9275,other,commerce,critical,4,599,10,1
9276,pending_purchases,commerce,medium,2,813,26,1
9277,lead_spike,catalog,high,3,538,9,1
9278,inactive_spike,catalog,medium,2,859,5,0
9279,stale_pending_policies,claims,low,1,439,16,1
9280,unverified_provider,account,critical,4,619,28,1
9281,lead_spike,account,medium,2,97,17,1
9282,claim_burst,account,high,3,193,25,1
9283,lead_spike,catalog,high,3,813,12,1
9284,rejected_claims_volume,catalog,high,3,41,11,1
9285,other,account,high,3,380,21,1
9286,rejected_claims_volume,commerce,low,1,810,20,1
9287,other,commerce,high,3,355,25,1
9288,pending_purchases,commerce,low,1,611,21,1
9289,stale_pending_policies,catalog,low,1,131,10,0
9290,other,account,low,1,737,3,0
9291,stale_pending_policies,catalog,high,3,118,25,1
9292,inactive_spike,commerce,medium,2,69,6,0
9293,unverified_provider,catalog,low,1,602,12,1
9294,claim_burst,claims,critical,4,549,19,1
9295,rejected_claims_volume,commerce,high,3,444,26,1
9296,lead_spike,catalog,critical,4,336,29,1
9297,claim_burst,claims,critical,4,401,23,1
9298,claim_burst,claims,medium,2,376,23,1
9299,other,account,low,1,827,2,0
9300,rejected_claims_volume,catalog,critical,4,121,14,1
9301,inactive_spike,account,critical,4,255,28,1
9302,inactive_spike,claims,medium,2,594,12,1
9303,pending_purchases,claims,medium,2,22,9,1
9304,stale_pending_policies,catalog,low,1,292,15,1
9305,inactive_spike,commerce,critical,4,777,19,1
9306,pending_purchases,commerce,medium,2,459,14,1
9307,pending_purchases,account,high,3,801,15,1
9308,inactive_spike,claims,medium,2,412,10,1
9309,pending_purchases,commerce,medium,2,307,29,1
9310,pending_purchases,claims,high,3,381,30,1
9311,pending_purchases,claims,high,3,333,18,1
9312,unverified_provider,claims,low,1,108,12,1
9313,unverified_provider,catalog,low,1,732,4,0
9314,rejected_claims_volume,catalog,low,1,397,30,1
9315,duplicate_email,catalog,high,3,889,25,1
9316,unverified_provider,claims,medium,2,303,1,0
9317,unverified_provider,catalog,critical,4,785,22,1
9318,stale_pending_policies,catalog,low,1,781,10,0
9319,claim_burst,account,critical,4,157,9,1
9320,claim_burst,claims,high,3,729,15,1
9321,reject_rate,catalog,low,1,588,18,1
9322,duplicate_email,catalog,low,1,114,29,1
9323,inactive_spike,account,high,3,361,21,1
9324,pending_purchases,commerce,high,3,713,23,1
9325,inactive_spike,commerce,high,3,613,17,1
9326,claim_burst,claims,critical,4,879,20,1
9327,rejected_claims_volume,account,medium,2,560,22,1
9328,other,account,high,3,825,14,1
9329,inactive_spike,claims,low,1,481,13,1
9330,pending_purchases,commerce,critical,4,898,25,1
9331,pending_purchases,commerce,medium,2,867,23,1
9332,rejected_claims_volume,account,high,3,685,20,1
9333,duplicate_email,account,medium,2,538,18,0
9334,unverified_provider,commerce,medium,2,145,12,1
9335,other,claims,high,3,42,30,1
9336,duplicate_email,account,medium,2,53,11,1
9337,reject_rate,account,medium,2,553,7,0
9338,inactive_spike,account,high,3,757,20,1
9339,pending_purchases,catalog,medium,2,542,29,1
9340,inactive_spike,catalog,low,1,731,4,1
9341,duplicate_email,claims,high,3,782,9,1
9342,stale_pending_policies,catalog,critical,4,138,16,0
9343,other,commerce,low,1,698,3,1
9344,stale_pending_policies,catalog,low,1,666,10,0
9345,duplicate_email,account,medium,2,839,24,0
9346,claim_burst,claims,critical,4,105,28,1
9347,rejected_claims_volume,catalog,high,3,382,11,0
9348,stale_pending_policies,catalog,critical,4,359,28,1
9349,unverified_provider,account,high,3,21,15,1
9350,duplicate_email,catalog,high,3,214,10,1
9351,pending_purchases,commerce,high,3,3,23,0
9352,stale_pending_policies,catalog,low,1,677,14,1
9353,other,commerce,high,3,121,11,0
9354,pending_purchases,claims,critical,4,784,11,1
9355,rejected_claims_volume,claims,medium,2,589,20,1
9356,inactive_spike,claims,critical,4,710,21,1
9357,claim_burst,account,critical,4,4,10,1
9358,inactive_spike,account,high,3,485,20,1
9359,duplicate_email,commerce,low,1,529,8,1
9360,claim_burst,claims,critical,4,626,11,1
9361,pending_purchases,account,critical,4,81,26,1
9362,duplicate_email,account,high,3,51,24,1
9363,duplicate_email,commerce,critical,4,45,22,1
9364,rejected_claims_volume,claims,high,3,801,30,1
9365,claim_burst,commerce,high,3,154,12,1
9366,reject_rate,catalog,high,3,566,28,1
9367,duplicate_email,claims,medium,2,465,25,0
9368,pending_purchases,commerce,medium,2,13,22,1
9369,stale_pending_policies,commerce,low,1,109,4,0
9370,stale_pending_policies,account,critical,4,214,29,1
9371,pending_purchases,claims,high,3,732,13,1
9372,stale_pending_policies,catalog,critical,4,114,21,1
9373,lead_spike,account,high,3,459,29,1
9374,lead_spike,claims,critical,4,4,15,1
9375,inactive_spike,account,high,3,451,26,1
9376,claim_burst,claims,medium,2,158,24,1
9377,rejected_claims_volume,claims,critical,4,746,19,1
9378,pending_purchases,commerce,high,3,755,11,1
9379,inactive_spike,account,low,1,35,5,0
9380,inactive_spike,account,critical,4,16,26,1
9381,stale_pending_policies,commerce,low,1,20,4,0
9382,lead_spike,catalog,high,3,708,10,1
9383,unverified_provider,commerce,low,1,115,4,0
9384,other,catalog,medium,2,333,6,0
9385,lead_spike,claims,low,1,75,30,0
9386,lead_spike,commerce,high,3,57,10,1
9387,stale_pending_policies,account,critical,4,112,28,0
9388,claim_burst,catalog,high,3,873,9,1
9389,stale_pending_policies,claims,medium,2,867,8,0
9390,inactive_spike,account,medium,2,90,17,1
9391,claim_burst,claims,high,3,565,30,1
9392,lead_spike,claims,medium,2,567,30,1
9393,other,account,medium,2,164,4,0
9394,pending_purchases,claims,medium,2,467,29,1
9395,other,catalog,medium,2,8,11,1
9396,pending_purchases,catalog,medium,2,177,26,1
9397,unverified_provider,account,critical,4,140,23,1
9398,duplicate_email,commerce,medium,2,15,20,1
9399,duplicate_email,account,medium,2,314,18,1
9400,lead_spike,commerce,low,1,447,29,1
9401,inactive_spike,commerce,medium,2,659,4,0
9402,reject_rate,catalog,medium,2,846,12,1
9403,other,commerce,medium,2,311,12,1
9404,duplicate_email,commerce,medium,2,90,8,1
9405,lead_spike,claims,low,1,673,19,1
9406,lead_spike,catalog,low,1,385,24,1
9407,reject_rate,catalog,critical,4,790,11,1
9408,duplicate_email,account,medium,2,14,10,1
9409,duplicate_email,claims,critical,4,35,19,1
9410,claim_burst,claims,critical,4,294,24,1
9411,rejected_claims_volume,claims,low,1,661,28,1
9412,pending_purchases,commerce,high,3,879,27,1
9413,stale_pending_policies,catalog,high,3,584,22,1
9414,stale_pending_policies,catalog,medium,2,459,17,1
9415,duplicate_email,account,medium,2,84,12,0
9416,reject_rate,catalog,low,1,426,7,0
9417,lead_spike,account,high,3,267,14,1
9418,inactive_spike,commerce,medium,2,211,5,0
9419,other,catalog,critical,4,655,25,1
9420,inactive_spike,account,low,1,129,4,1
9421,reject_rate,claims,critical,4,844,10,0
9422,duplicate_email,account,low,1,29,25,1
9423,inactive_spike,commerce,medium,2,710,6,0
9424,claim_burst,catalog,medium,2,172,10,1
9425,duplicate_email,claims,low,1,227,26,1
9426,duplicate_email,catalog,high,3,793,9,1
9427,duplicate_email,account,medium,2,451,10,0
9428,stale_pending_policies,claims,low,1,706,6,0
9429,inactive_spike,claims,critical,4,159,12,1
9430,lead_spike,commerce,medium,2,41,18,1
9431,claim_burst,claims,medium,2,382,17,0
9432,other,catalog,critical,4,775,21,1
9433,rejected_claims_volume,account,medium,2,22,22,1
9434,stale_pending_policies,account,low,1,126,9,0
9435,pending_purchases,claims,high,3,642,14,1
9436,rejected_claims_volume,claims,low,1,866,13,1
9437,unverified_provider,catalog,low,1,150,11,0
9438,lead_spike,commerce,low,1,31,13,1
9439,duplicate_email,account,high,3,849,27,1
9440,pending_purchases,commerce,medium,2,18,24,1
9441,reject_rate,commerce,medium,2,94,15,1
9442,rejected_claims_volume,commerce,high,3,445,23,1
9443,pending_purchases,commerce,critical,4,42,28,1
9444,reject_rate,claims,critical,4,506,15,1
9445,inactive_spike,claims,critical,4,294,17,1
9446,reject_rate,catalog,medium,2,454,14,0
9447,claim_burst,claims,medium,2,342,25,1
9448,stale_pending_policies,account,critical,4,865,29,1
9449,stale_pending_policies,commerce,medium,2,19,6,0
9450,inactive_spike,commerce,high,3,51,13,1
9451,lead_spike,commerce,critical,4,633,17,1
9452,inactive_spike,account,medium,2,10,16,1
9453,duplicate_email,catalog,medium,2,658,8,0
9454,other,claims,medium,2,853,4,1
9455,stale_pending_policies,claims,low,1,787,11,0
9456,rejected_claims_volume,commerce,medium,2,624,10,1
9457,other,claims,high,3,647,8,1
9458,lead_spike,commerce,medium,2,711,15,1
9459,inactive_spike,account,high,3,716,11,1
9460,claim_burst,catalog,high,3,452,27,0
9461,other,claims,medium,2,38,1,0
9462,unverified_provider,catalog,medium,2,440,2,0
9463,inactive_spike,catalog,medium,2,553,16,1
9464,duplicate_email,catalog,high,3,815,22,1
9465,inactive_spike,claims,medium,2,348,11,0
9466,rejected_claims_volume,claims,medium,2,284,17,1
9467,pending_purchases,catalog,high,3,235,22,1
9468,pending_purchases,account,high,3,265,27,1
9469,other,account,low,1,84,8,0
9470,stale_pending_policies,catalog,high,3,94,13,1
9471,reject_rate,catalog,high,3,581,25,1
9472,reject_rate,catalog,medium,2,427,7,0
9473,reject_rate,catalog,high,3,413,13,0
9474,rejected_claims_volume,commerce,critical,4,48,29,1
9475,unverified_provider,account,medium,2,825,4,0
9476,inactive_spike,commerce,high,3,226,29,1
9477,unverified_provider,commerce,low,1,689,9,0
9478,other,account,low,1,129,10,0
9479,duplicate_email,account,high,3,282,22,1
9480,rejected_claims_volume,commerce,critical,4,857,12,1
9481,claim_burst,account,high,3,52,15,1
9482,reject_rate,catalog,critical,4,646,29,1
9483,claim_burst,claims,high,3,360,25,1
9484,reject_rate,commerce,critical,4,717,22,1
9485,duplicate_email,catalog,high,3,76,19,1
9486,stale_pending_policies,commerce,critical,4,64,23,1
9487,reject_rate,catalog,high,3,768,12,1
9488,lead_spike,claims,critical,4,730,22,1
9489,claim_burst,commerce,high,3,114,10,1
9490,inactive_spike,claims,medium,2,361,7,0
9491,lead_spike,account,high,3,547,24,1
9492,lead_spike,catalog,high,3,112,23,1
9493,duplicate_email,account,high,3,126,23,1
9494,inactive_spike,catalog,low,1,490,16,0
9495,reject_rate,claims,high,3,32,28,1
9496,rejected_claims_volume,claims,critical,4,866,19,1
9497,duplicate_email,commerce,medium,2,64,11,0
9498,claim_burst,claims,critical,4,324,22,1
9499,lead_spike,claims,high,3,185,13,1
9500,lead_spike,account,high,3,807,22,1
9501,reject_rate,claims,critical,4,826,15,1
9502,pending_purchases,commerce,high,3,738,28,1
9503,stale_pending_policies,catalog,critical,4,493,9,1
9504,claim_burst,claims,low,1,9,23,1
9505,pending_purchases,catalog,high,3,339,25,1
9506,unverified_provider,commerce,high,3,49,23,1
9507,duplicate_email,account,critical,4,610,24,1
9508,claim_burst,account,low,1,113,8,1
9509,inactive_spike,account,critical,4,559,25,1
9510,inactive_spike,account,low,1,55,14,1
9511,stale_pending_policies,catalog,critical,4,283,29,1
9512,pending_purchases,commerce,high,3,774,19,1
9513,lead_spike,claims,medium,2,335,27,1
9514,inactive_spike,account,critical,4,484,30,1
9515,lead_spike,commerce,critical,4,5,23,1
9516,pending_purchases,claims,high,3,664,10,1
9517,claim_burst,catalog,high,3,465,8,1
9518,rejected_claims_volume,commerce,high,3,27,18,1
9519,duplicate_email,account,high,3,726,28,1
9520,unverified_provider,commerce,medium,2,776,6,0
9521,inactive_spike,account,critical,4,102,9,1
9522,lead_spike,commerce,high,3,111,15,1
9523,other,commerce,critical,4,789,8,1
9524,rejected_claims_volume,claims,medium,2,866,25,1
9525,duplicate_email,claims,high,3,777,24,0
9526,reject_rate,commerce,medium,2,667,12,1
9527,claim_burst,claims,high,3,849,23,1
9528,unverified_provider,catalog,high,3,63,14,1
9529,unverified_provider,catalog,low,1,354,6,0
9530,lead_spike,claims,low,1,530,10,1
9531,reject_rate,catalog,critical,4,410,19,1
9532,rejected_claims_volume,claims,medium,2,238,29,1
9533,other,account,high,3,16,27,1
9534,inactive_spike,commerce,medium,2,582,6,0
9535,inactive_spike,account,critical,4,515,9,1
9536,stale_pending_policies,account,high,3,359,23,1
9537,pending_purchases,catalog,low,1,118,22,1
9538,rejected_claims_volume,claims,high,3,759,27,1
9539,claim_burst,commerce,low,1,569,30,1
9540,inactive_spike,account,low,1,460,17,1
9541,claim_burst,account,medium,2,129,30,1
9542,reject_rate,catalog,critical,4,784,26,1
9543,claim_burst,commerce,high,3,137,14,1
9544,other,claims,critical,4,186,18,1
9545,stale_pending_policies,claims,low,1,884,12,1
9546,pending_purchases,claims,medium,2,581,16,1
9547,duplicate_email,catalog,high,3,419,22,1
9548,other,claims,high,3,403,30,1
9549,stale_pending_policies,catalog,low,1,705,4,0
9550,lead_spike,catalog,medium,2,82,10,1
9551,duplicate_email,account,high,3,14,18,1
9552,reject_rate,account,high,3,367,21,1
9553,duplicate_email,account,high,3,764,24,1
9554,pending_purchases,commerce,high,3,582,15,1
9555,reject_rate,commerce,high,3,417,26,0
9556,rejected_claims_volume,claims,medium,2,768,22,0
9557,unverified_provider,commerce,critical,4,126,15,0
9558,claim_burst,account,low,1,787,19,1
9559,rejected_claims_volume,catalog,high,3,884,27,1
9560,other,commerce,high,3,159,30,1
9561,stale_pending_policies,catalog,critical,4,277,10,1
9562,unverified_provider,commerce,critical,4,496,19,1
9563,duplicate_email,account,critical,4,163,28,1
9564,reject_rate,catalog,low,1,252,7,0
9565,unverified_provider,claims,critical,4,472,24,1
9566,reject_rate,catalog,low,1,612,5,0
9567,rejected_claims_volume,claims,critical,4,351,21,1
9568,claim_burst,commerce,medium,2,608,13,1
9569,reject_rate,catalog,high,3,725,10,1
9570,unverified_provider,account,critical,4,117,25,1
9571,reject_rate,account,low,1,64,5,0
9572,duplicate_email,claims,medium,2,540,21,1
9573,lead_spike,commerce,medium,2,861,29,1
9574,lead_spike,commerce,high,3,364,14,1
9575,other,catalog,medium,2,849,12,1
9576,reject_rate,commerce,low,1,517,16,1
9577,lead_spike,catalog,high,3,50,9,1
9578,inactive_spike,account,low,1,16,9,0
9579,claim_burst,claims,high,3,337,24,1
9580,claim_burst,claims,high,3,424,19,1
9581,inactive_spike,claims,high,3,635,13,1
9582,claim_burst,claims,critical,4,266,21,1
9583,pending_purchases,commerce,medium,2,7,16,1
9584,rejected_claims_volume,claims,medium,2,345,23,1
9585,rejected_claims_volume,commerce,critical,4,875,18,1
9586,unverified_provider,catalog,low,1,884,11,0
9587,stale_pending_policies,catalog,low,1,9,15,1
9588,pending_purchases,account,high,3,21,28,1
9589,stale_pending_policies,commerce,low,1,652,4,0
9590,claim_burst,catalog,high,3,823,19,1
9591,claim_burst,claims,high,3,370,15,1
9592,duplicate_email,account,medium,2,99,27,1
9593,duplicate_email,catalog,high,3,232,10,1
9594,inactive_spike,account,high,3,424,25,1
9595,duplicate_email,account,high,3,7,15,1
9596,lead_spike,commerce,critical,4,148,17,1
9597,inactive_spike,account,high,3,503,14,1
9598,stale_pending_policies,catalog,low,1,275,8,0
9599,other,catalog,medium,2,632,9,0
9600,stale_pending_policies,catalog,medium,2,542,9,0
9601,duplicate_email,account,high,3,734,21,1
9602,claim_burst,claims,critical,4,572,25,0
9603,pending_purchases,commerce,critical,4,125,9,1
9604,inactive_spike,account,critical,4,22,26,1
9605,pending_purchases,commerce,high,3,31,23,1
9606,duplicate_email,commerce,high,3,57,18,1
9607,rejected_claims_volume,commerce,high,3,811,30,1
9608,stale_pending_policies,commerce,low,1,320,6,0
9609,lead_spike,account,high,3,375,28,1
9610,duplicate_email,claims,low,1,83,13,1
9611,lead_spike,catalog,medium,2,145,30,1
9612,unverified_provider,claims,high,3,893,15,1
9613,claim_burst,claims,high,3,449,24,1
9614,reject_rate,catalog,high,3,761,12,1
9615,reject_rate,catalog,high,3,166,24,1
9616,reject_rate,commerce,low,1,853,9,0
9617,reject_rate,catalog,high,3,115,29,1
9618,reject_rate,commerce,high,3,60,25,1
9619,inactive_spike,catalog,high,3,737,28,1
9620,rejected_claims_volume,claims,medium,2,674,8,0
9621,lead_spike,catalog,high,3,653,8,1
9622,other,commerce,medium,2,8,2,0
9623,lead_spike,account,high,3,599,22,1
9624,lead_spike,commerce,medium,2,720,16,1
9625,reject_rate,catalog,critical,4,212,21,1
9626,pending_purchases,account,critical,4,795,8,1
9627,lead_spike,catalog,medium,2,265,23,1
9628,reject_rate,commerce,low,1,15,13,1
9629,claim_burst,claims,medium,2,364,11,1
9630,reject_rate,account,medium,2,21,9,0
9631,duplicate_email,account,medium,2,173,10,1
9632,other,commerce,medium,2,2,10,0
9633,lead_spike,claims,medium,2,320,24,1
9634,claim_burst,claims,high,3,756,25,1
9635,inactive_spike,catalog,high,3,204,17,1
9636,pending_purchases,claims,high,3,211,13,1
9637,claim_burst,catalog,high,3,450,23,1
9638,duplicate_email,account,high,3,38,19,1
9639,lead_spike,claims,high,3,93,15,0
9640,other,catalog,critical,4,729,27,1
9641,duplicate_email,account,high,3,4,30,1
9642,stale_pending_policies,account,critical,4,598,22,1
9643,other,commerce,critical,4,501,20,1
9644,reject_rate,commerce,medium,2,699,12,0
9645,stale_pending_policies,account,medium,2,427,7,0
9646,other,catalog,critical,4,861,19,1
9647,rejected_claims_volume,account,medium,2,12,23,1
9648,pending_purchases,commerce,medium,2,28,9,0
9649,lead_spike,commerce,high,3,27,25,1
9650,reject_rate,catalog,high,3,884,28,1
9651,pending_purchases,commerce,high,3,5,22,1
9652,pending_purchases,claims,medium,2,474,12,1
9653,lead_spike,account,critical,4,10,17,1
9654,rejected_claims_volume,account,high,3,840,14,0
9655,reject_rate,catalog,medium,2,143,12,1
9656,rejected_claims_volume,commerce,critical,4,379,19,1
9657,inactive_spike,account,critical,4,887,11,1
9658,rejected_claims_volume,account,high,3,694,9,1
9659,unverified_provider,account,critical,4,66,15,1
9660,other,commerce,low,1,620,8,0
9661,reject_rate,account,high,3,309,19,1
9662,stale_pending_policies,commerce,low,1,169,9,0
9663,other,account,medium,2,109,7,0
9664,claim_burst,claims,medium,2,419,22,1
9665,rejected_claims_volume,claims,medium,2,564,10,0
9666,stale_pending_policies,catalog,low,1,533,4,0
9667,duplicate_email,account,high,3,36,14,1
9668,stale_pending_policies,claims,high,3,30,20,1
9669,stale_pending_policies,catalog,high,3,720,29,0
9670,inactive_spike,commerce,medium,2,22,14,1
9671,unverified_provider,claims,critical,4,94,10,1
9672,rejected_claims_volume,catalog,medium,2,227,14,1
9673,pending_purchases,catalog,high,3,404,28,1
9674,lead_spike,claims,high,3,591,15,1
9675,reject_rate,commerce,high,3,26,23,1
9676,claim_burst,claims,high,3,341,22,1
9677,stale_pending_policies,account,low,1,517,14,1
9678,claim_burst,account,high,3,18,24,1
9679,pending_purchases,commerce,critical,4,749,27,1
9680,other,catalog,critical,4,807,12,1
9681,stale_pending_policies,commerce,low,1,302,10,0
9682,inactive_spike,claims,critical,4,509,10,1
9683,inactive_spike,account,medium,2,372,18,1
9684,duplicate_email,account,critical,4,566,26,1
9685,unverified_provider,catalog,medium,2,848,10,0
9686,claim_burst,commerce,medium,2,635,13,1
9687,inactive_spike,account,high,3,401,10,1
9688,inactive_spike,commerce,medium,2,37,14,1
9689,rejected_claims_volume,claims,medium,2,236,13,1
9690,duplicate_email,account,medium,2,153,21,1
9691,reject_rate,claims,low,1,836,4,0
9692,pending_purchases,claims,high,3,576,10,1
9693,reject_rate,catalog,low,1,661,5,0
9694,claim_burst,claims,high,3,873,11,1
9695,reject_rate,commerce,low,1,341,9,0
9696,stale_pending_policies,catalog,critical,4,286,10,0
9697,lead_spike,commerce,high,3,58,13,1
9698,lead_spike,claims,high,3,101,26,1
9699,unverified_provider,claims,medium,2,569,10,0
9700,stale_pending_policies,claims,medium,2,637,10,0
9701,duplicate_email,account,low,1,62,14,1
9702,stale_pending_policies,claims,medium,2,509,17,1
9703,unverified_provider,commerce,critical,4,871,27,1
9704,reject_rate,account,high,3,296,18,0
9705,reject_rate,catalog,low,1,606,7,1
9706,pending_purchases,claims,critical,4,633,28,1
9707,other,account,high,3,244,12,1
9708,pending_purchases,claims,high,3,424,11,1
9709,unverified_provider,claims,high,3,508,18,1
9710,stale_pending_policies,catalog,low,1,370,12,1
9711,inactive_spike,account,critical,4,81,12,1
9712,reject_rate,account,low,1,221,13,1
9713,pending_purchases,catalog,high,3,691,13,1
9714,inactive_spike,account,high,3,794,29,1
9715,reject_rate,commerce,high,3,22,19,1
9716,inactive_spike,commerce,low,1,28,4,0
9717,reject_rate,catalog,low,1,111,6,0
9718,pending_purchases,catalog,high,3,481,12,1
9719,other,commerce,medium,2,542,1,0
9720,unverified_provider,catalog,critical,4,316,21,1
9721,pending_purchases,commerce,low,1,462,23,1
9722,stale_pending_policies,account,critical,4,75,13,1
9723,rejected_claims_volume,account,critical,4,633,21,0
9724,unverified_provider,account,high,3,117,18,1
9725,lead_spike,commerce,medium,2,447,11,1
9726,lead_spike,claims,high,3,623,9,1
9727,rejected_claims_volume,claims,high,3,674,25,1
9728,duplicate_email,catalog,medium,2,889,24,1
9729,unverified_provider,account,high,3,320,27,1
9730,inactive_spike,account,high,3,568,8,1
9731,claim_burst,claims,high,3,97,26,1
9732,stale_pending_policies,commerce,low,1,4,4,0
9733,lead_spike,commerce,critical,4,621,11,1
9734,unverified_provider,account,high,3,117,18,1
9735,unverified_provider,commerce,critical,4,536,24,1
9736,claim_burst,claims,low,1,206,20,1
9737,pending_purchases,account,low,1,819,16,1
9738,pending_purchases,commerce,high,3,24,13,1
9739,duplicate_email,commerce,high,3,62,19,1
9740,inactive_spike,account,medium,2,610,6,0
9741,claim_burst,account,medium,2,78,19,1
9742,inactive_spike,claims,critical,4,898,28,1
9743,pending_purchases,commerce,critical,4,95,8,1
9744,stale_pending_policies,catalog,high,3,696,26,1
9745,lead_spike,claims,medium,2,54,27,1
9746,rejected_claims_volume,account,low,1,40,20,1
9747,unverified_provider,account,medium,2,859,8,0
9748,other,catalog,high,3,722,27,1
9749,inactive_spike,claims,medium,2,7,16,1
9750,lead_spike,account,high,3,137,11,1
9751,claim_burst,claims,high,3,86,28,1
9752,inactive_spike,claims,low,1,496,5,0
9753,rejected_claims_volume,catalog,medium,2,126,22,1
9754,stale_pending_policies,catalog,low,1,801,12,1
9755,reject_rate,catalog,low,1,245,17,1
9756,inactive_spike,account,critical,4,881,8,1
9757,unverified_provider,catalog,medium,2,334,5,0
9758,pending_purchases,claims,critical,4,675,16,1
9759,stale_pending_policies,catalog,low,1,100,12,1
9760,lead_spike,account,medium,2,80,30,1
9761,unverified_provider,account,medium,2,279,11,1
9762,pending_purchases,commerce,high,3,265,21,1
9763,reject_rate,claims,high,3,17,22,1
9764,unverified_provider,catalog,medium,2,395,4,0
9765,claim_burst,claims,high,3,409,14,1
9766,claim_burst,claims,medium,2,553,30,1
9767,claim_burst,catalog,critical,4,403,21,1
9768,unverified_provider,catalog,critical,4,215,24,1
9769,unverified_provider,account,high,3,166,15,1
9770,unverified_provider,account,medium,2,459,2,0
9771,claim_burst,account,critical,4,822,18,1
9772,unverified_provider,account,critical,4,2,29,1
9773,unverified_provider,catalog,medium,2,290,8,0
9774,inactive_spike,account,high,3,168,15,1
9775,unverified_provider,catalog,high,3,620,15,1
9776,duplicate_email,commerce,medium,2,47,18,1
9777,inactive_spike,account,high,3,426,27,1
9778,inactive_spike,account,low,1,417,12,1
9779,reject_rate,claims,critical,4,560,14,1
9780,claim_burst,account,high,3,383,27,0
9781,reject_rate,catalog,critical,4,445,13,1
9782,duplicate_email,account,medium,2,804,9,1
9783,other,commerce,high,3,26,24,1
9784,claim_burst,commerce,high,3,17,30,1
9785,claim_burst,commerce,critical,4,589,21,1
9786,unverified_provider,account,medium,2,33,12,1
9787,pending_purchases,account,low,1,27,24,1
9788,pending_purchases,commerce,low,1,475,24,1
9789,duplicate_email,catalog,critical,4,283,9,1
9790,stale_pending_policies,catalog,low,1,545,18,1
9791,duplicate_email,account,critical,4,90,14,1
9792,lead_spike,account,medium,2,703,17,1
9793,inactive_spike,claims,low,1,872,18,1
9794,reject_rate,catalog,medium,2,887,8,0
9795,pending_purchases,commerce,high,3,37,30,1
9796,claim_burst,claims,high,3,482,22,1
9797,duplicate_email,account,high,3,752,16,1
9798,stale_pending_policies,catalog,critical,4,163,8,1
9799,other,catalog,medium,2,808,4,1
9800,other,claims,low,1,165,9,0
9801,pending_purchases,commerce,high,3,16,23,1
9802,inactive_spike,account,medium,2,476,7,1
9803,inactive_spike,catalog,high,3,814,20,1
9804,duplicate_email,account,critical,4,327,26,1
9805,reject_rate,catalog,low,1,380,14,1
9806,other,catalog,high,3,40,17,1
9807,rejected_claims_volume,catalog,high,3,231,11,1
9808,duplicate_email,claims,high,3,572,12,1
9809,pending_purchases,commerce,high,3,780,25,1
9810,inactive_spike,account,low,1,26,10,0
9811,inactive_spike,claims,critical,4,265,24,1
9812,claim_burst,claims,high,3,401,28,1
9813,unverified_provider,claims,medium,2,414,7,0
9814,stale_pending_policies,account,high,3,25,15,1
9815,duplicate_email,account,high,3,1,25,1
9816,lead_spike,account,critical,4,165,11,1
9817,inactive_spike,commerce,critical,4,44,11,0
9818,claim_burst,claims,critical,4,228,26,1
9819,inactive_spike,claims,high,3,13,24,1
9820,other,claims,low,1,841,11,0
9821,inactive_spike,account,medium,2,638,11,0
9822,claim_burst,catalog,high,3,544,14,1
9823,claim_burst,claims,low,1,104,12,1
9824,duplicate_email,catalog,medium,2,631,26,1
9825,unverified_provider,catalog,critical,4,756,13,1
9826,reject_rate,commerce,medium,2,75,4,0
9827,inactive_spike,account,low,1,10,13,0
9828,claim_burst,account,high,3,541,26,1
9829,claim_burst,catalog,high,3,150,8,1
9830,lead_spike,claims,critical,4,258,24,1
9831,rejected_claims_volume,claims,medium,2,209,11,0
9832,lead_spike,commerce,medium,2,35,19,1
9833,pending_purchases,commerce,medium,2,6,17,1
9834,stale_pending_policies,catalog,medium,2,545,10,0
9835,reject_rate,account,critical,4,2,22,1
9836,stale_pending_policies,commerce,high,3,249,14,1
9837,claim_burst,commerce,critical,4,103,10,1
9838,pending_purchases,account,high,3,30,19,1
9839,reject_rate,commerce,critical,4,5,9,1
9840,lead_spike,claims,critical,4,436,27,1
9841,pending_purchases,commerce,critical,4,740,11,1
9842,lead_spike,claims,high,3,800,26,0
9843,inactive_spike,catalog,high,3,487,11,1
9844,claim_burst,claims,medium,2,65,27,1
9845,reject_rate,account,critical,4,120,18,1
9846,stale_pending_policies,commerce,low,1,527,8,0
9847,claim_burst,claims,critical,4,467,24,1
9848,reject_rate,account,low,1,44,13,1
9849,lead_spike,commerce,high,3,9,9,1
9850,pending_purchases,account,high,3,11,20,1
9851,claim_burst,account,medium,2,787,15,1
9852,unverified_provider,commerce,low,1,57,7,0
9853,reject_rate,account,medium,2,70,16,1
9854,reject_rate,catalog,critical,4,318,13,1
9855,pending_purchases,catalog,critical,4,520,28,1
9856,unverified_provider,commerce,high,3,198,21,1
9857,stale_pending_policies,claims,medium,2,841,5,0
9858,pending_purchases,catalog,medium,2,690,9,0
9859,unverified_provider,commerce,critical,4,90,27,1
9860,reject_rate,claims,medium,2,342,14,1
9861,pending_purchases,catalog,high,3,478,16,0
9862,lead_spike,catalog,low,1,99,13,1
9863,reject_rate,commerce,low,1,508,5,0
9864,reject_rate,claims,high,3,522,10,1
9865,unverified_provider,claims,medium,2,8,1,0
9866,rejected_claims_volume,account,low,1,609,9,0
9867,reject_rate,claims,medium,2,26,17,1
9868,unverified_provider,commerce,medium,2,16,12,1
9869,claim_burst,catalog,medium,2,543,26,1
9870,lead_spike,commerce,high,3,126,16,1
9871,inactive_spike,commerce,high,3,166,15,1
9872,unverified_provider,commerce,high,3,68,11,1
9873,rejected_claims_volume,claims,low,1,862,25,1
9874,inactive_spike,claims,high,3,275,26,1
9875,rejected_claims_volume,commerce,medium,2,843,30,1
9876,reject_rate,catalog,low,1,560,15,1
9877,inactive_spike,catalog,low,1,366,5,0
9878,inactive_spike,account,medium,2,629,5,0
9879,lead_spike,catalog,high,3,656,26,0
9880,claim_burst,catalog,critical,4,394,18,1
9881,stale_pending_policies,catalog,low,1,881,6,0
9882,lead_spike,claims,high,3,715,8,1
9883,claim_burst,claims,critical,4,574,20,1
9884,pending_purchases,claims,medium,2,599,22,1
9885,stale_pending_policies,catalog,medium,2,5,11,0
9886,claim_burst,catalog,high,3,527,16,1
9887,lead_spike,commerce,high,3,448,16,1
9888,reject_rate,catalog,low,1,476,15,1
9889,other,account,medium,2,306,11,0
9890,rejected_claims_volume,claims,critical,4,853,29,0
9891,inactive_spike,account,high,3,9,12,1
9892,rejected_claims_volume,claims,critical,4,749,24,1
9893,pending_purchases,catalog,medium,2,887,17,1
9894,claim_burst,commerce,critical,4,265,21,1
9895,reject_rate,commerce,critical,4,401,18,1
9896,duplicate_email,account,medium,2,84,10,1
9897,unverified_provider,catalog,medium,2,432,4,0
9898,lead_spike,commerce,high,3,11,28,1
9899,unverified_provider,claims,low,1,551,5,0
9900,unverified_provider,commerce,critical,4,85,27,1
9901,lead_spike,commerce,critical,4,15,10,1
9902,inactive_spike,account,low,1,41,16,1
9903,stale_pending_policies,catalog,critical,4,445,24,0
9904,reject_rate,commerce,low,1,767,6,0
9905,lead_spike,claims,high,3,186,10,0
9906,claim_burst,catalog,medium,2,482,12,1
9907,unverified_provider,commerce,high,3,3,12,1
9908,other,claims,low,1,164,10,0
9909,lead_spike,commerce,critical,4,308,10,1
9910,pending_purchases,commerce,high,3,146,18,1
9911,unverified_provider,catalog,medium,2,28,2,1
9912,rejected_claims_volume,claims,critical,4,180,25,1
9913,lead_spike,catalog,high,3,730,8,1
9914,unverified_provider,commerce,high,3,289,25,1
9915,lead_spike,commerce,high,3,147,12,1
9916,stale_pending_policies,catalog,medium,2,173,5,1
9917,duplicate_email,account,high,3,22,22,1
9918,other,commerce,high,3,469,12,1
9919,stale_pending_policies,catalog,medium,2,19,15,1
9920,reject_rate,catalog,medium,2,30,13,1
9921,other,catalog,high,3,13,30,1
9922,inactive_spike,commerce,low,1,480,10,0
9923,claim_burst,commerce,medium,2,28,20,1
9924,stale_pending_policies,catalog,critical,4,313,29,0
9925,claim_burst,claims,medium,2,408,27,1
9926,other,commerce,high,3,806,29,1
9927,other,commerce,low,1,640,4,0
9928,claim_burst,account,critical,4,95,13,1
9929,claim_burst,claims,high,3,508,17,1
9930,stale_pending_policies,commerce,high,3,672,15,1
9931,reject_rate,catalog,low,1,256,8,0
9932,reject_rate,claims,critical,4,144,24,1
9933,rejected_claims_volume,claims,critical,4,703,25,0
9934,other,commerce,high,3,122,25,1
9935,duplicate_email,account,medium,2,125,25,1
9936,rejected_claims_volume,commerce,high,3,402,22,1
9937,unverified_provider,claims,critical,4,350,20,1
9938,rejected_claims_volume,claims,critical,4,478,10,1
9939,unverified_provider,claims,low,1,135,6,0
9940,rejected_claims_volume,account,high,3,230,21,1
9941,other,commerce,high,3,895,8,1
9942,stale_pending_policies,account,critical,4,611,15,1
9943,lead_spike,commerce,medium,2,895,21,1
9944,claim_burst,account,medium,2,673,17,1
9945,pending_purchases,account,high,3,631,18,1
9946,reject_rate,catalog,high,3,861,22,1
9947,pending_purchases,commerce,high,3,6,26,1
9948,duplicate_email,account,low,1,806,21,0
9949,lead_spike,commerce,critical,4,274,13,1
9950,other,commerce,critical,4,594,15,1
9951,other,account,medium,2,47,9,0
9952,unverified_provider,account,critical,4,437,24,1
9953,rejected_claims_volume,account,medium,2,73,8,0
9954,rejected_claims_volume,claims,high,3,584,24,1
9955,pending_purchases,catalog,low,1,791,13,1
9956,lead_spike,catalog,critical,4,263,12,1
9957,other,claims,high,3,99,18,1
9958,pending_purchases,commerce,medium,2,51,15,1
9959,stale_pending_policies,catalog,high,3,345,9,1
9960,claim_burst,catalog,high,3,358,21,1
9961,duplicate_email,account,low,1,114,20,1
9962,pending_purchases,commerce,critical,4,145,16,1
9963,stale_pending_policies,catalog,high,3,452,22,1
9964,rejected_claims_volume,catalog,high,3,264,28,1
9965,lead_spike,commerce,high,3,860,29,1
9966,lead_spike,commerce,medium,2,176,30,1
9967,reject_rate,catalog,low,1,711,4,1
9968,inactive_spike,account,medium,2,237,9,0
9969,duplicate_email,account,medium,2,556,24,1
9970,rejected_claims_volume,account,medium,2,157,17,1
9971,other,claims,medium,2,403,11,0
9972,claim_burst,account,critical,4,76,27,1
9973,rejected_claims_volume,claims,medium,2,388,22,1
9974,rejected_claims_volume,claims,high,3,692,9,1
9975,duplicate_email,account,high,3,798,25,0
9976,pending_purchases,commerce,high,3,39,13,1
9977,inactive_spike,commerce,high,3,891,22,1
9978,unverified_provider,account,medium,2,37,4,0
9979,stale_pending_policies,commerce,high,3,54,10,1
9980,unverified_provider,claims,high,3,788,20,1
9981,other,catalog,critical,4,806,27,1
9982,duplicate_email,claims,high,3,315,23,0
9983,lead_spike,commerce,critical,4,63,9,1
9984,reject_rate,catalog,high,3,202,9,1
9985,inactive_spike,commerce,critical,4,19,12,1
9986,inactive_spike,claims,low,1,717,18,1
9987,lead_spike,catalog,medium,2,471,19,1
9988,inactive_spike,account,low,1,80,10,0
9989,duplicate_email,account,critical,4,64,10,1
9990,claim_burst,catalog,critical,4,322,25,1
9991,reject_rate,account,low,1,33,10,0
9992,unverified_provider,account,critical,4,722,8,1
9993,reject_rate,commerce,medium,2,96,11,0
9994,reject_rate,account,high,3,112,25,1
9995,unverified_provider,commerce,medium,2,179,1,0
9996,rejected_claims_volume,claims,low,1,89,9,0
9997,rejected_claims_volume,claims,high,3,495,27,1
9998,inactive_spike,claims,high,3,110,30,1
9999,inactive_spike,catalog,low,1,483,8,0
