id,claim_type,policy_category,city,city_region,estimated_amount_pkr,description_length,days_incident_to_submit,amount_to_premium_ratio,user_claims_7d,user_claims_30d,user_rejected_claims,status,high_risk
0,theft,home,mardan,kpk,22976,45,6,2.1857,1,1,0,rejected,1
1,other,home,sukkur,sindh,110934,53,26,13.8408,0,2,1,approved,0
2,damage,pet,sialkot,punjab,27499,64,6,2.593,2,6,0,approved,0
3,pet,home,karachi,sindh,58162,64,39,14.2484,1,6,0,rejected,1
4,theft,auto,islamabad,islamabad,25884,56,23,5.3824,0,1,0,approved,0
5,damage,others,mardan,kpk,15717,53,40,1.6508,1,7,1,approved,1
6,accident,life,karachi,sindh,52454,58,13,5.106,0,5,0,in_review,0
7,pet,others,gujranwala,punjab,27852,53,23,1.3484,4,5,0,approved,1
8,theft,auto,abbottabad,kpk,79255,61,4,11.7554,0,3,0,approved,0
9,theft,others,quetta,balochistan,68085,61,18,6.647,0,0,2,in_review,0
10,damage,others,faisalabad,punjab,15337,53,38,0.6975,0,6,0,approved,1
11,life,home,faisalabad,punjab,26490,45,36,1.9778,0,3,1,rejected,1
12,life,others,rawalpindi,punjab,40481,53,13,3.9746,1,4,3,in_review,0
13,pet,pet,faisalabad,punjab,19107,53,37,1.9856,1,1,0,approved,1
14,accident,life,faisalabad,punjab,10699,56,13,0.5831,1,5,0,rejected,1
15,auto,auto,faisalabad,punjab,53111,58,26,11.3582,2,2,0,approved,1
16,home,home,multan,punjab,15253,56,27,1.961,0,1,1,approved,0
17,pet,home,lahore,punjab,69270,58,31,3.029,0,3,2,rejected,1
18,auto,life,quetta,balochistan,12175,58,35,0.742,0,2,0,approved,1
19,pet,home,mardan,kpk,7014,56,32,0.5956,0,4,0,rejected,0
20,theft,auto,karachi,sindh,177090,64,37,32.6253,1,4,0,in_review,1
21,medical,life,multan,punjab,22245,58,19,2.1802,0,6,2,approved,0
22,other,home,faisalabad,punjab,19876,45,22,1.0397,2,4,0,submitted,0
23,pet_care,others,quetta,balochistan,41545,44,35,1.8119,3,3,2,rejected,1
24,theft,others,rawalpindi,punjab,23697,53,21,2.2733,1,7,0,submitted,0
25,accident,home,abbottabad,kpk,27020,56,16,1.7569,1,5,1,approved,0
26,damage,others,lahore,punjab,42173,64,8,3.1014,0,6,3,approved,0
27,medical,auto,abbottabad,kpk,21735,56,26,4.4649,3,4,1,rejected,1
28,accident,auto,mardan,kpk,76201,53,42,6.1527,0,6,1,submitted,1
29,life,auto,multan,punjab,9962,53,14,0.6007,0,1,0,in_review,0
30,pet_care,life,abbottabad,kpk,91147,44,7,5.0103,0,2,0,submitted,0
31,home,pet,peshawar,kpk,29565,53,34,1.6193,0,0,2,in_review,1
32,theft,life,sukkur,sindh,53232,44,44,4.5756,1,2,0,submitted,1
33,damage,others,peshawar,kpk,15181,44,19,1.3362,0,6,0,in_review,0
34,life,auto,sukkur,sindh,105653,64,18,6.2131,0,6,0,in_review,0
35,medical,auto,lahore,punjab,17144,58,4,5.6881,0,5,0,submitted,0
36,medical,auto,abbottabad,kpk,57912,53,27,2.4098,0,5,0,approved,0
37,theft,pet,rawalpindi,punjab,693742,61,28,41.4793,2,6,0,rejected,1
38,life,pet,gujranwala,punjab,75063,58,33,7.8182,1,3,0,in_review,1
39,home,life,sukkur,sindh,17565,56,44,4.2428,1,1,0,in_review,1
40,auto,home,multan,punjab,17304,64,44,1.1334,2,8,0,submitted,0
41,home,life,quetta,balochistan,22132,53,34,1.55,0,2,0,approved,1
42,auto,auto,islamabad,islamabad,63964,64,37,3.804,0,3,0,submitted,1
43,pet_care,pet,sialkot,punjab,32676,44,24,3.8739,1,7,0,approved,0
44,pet,home,sialkot,punjab,104784,64,41,11.844,1,2,0,approved,1
45,medical,auto,hyderabad,sindh,33772,56,23,1.441,1,6,1,rejected,1
46,theft,others,lahore,punjab,129625,61,24,11.0583,3,4,0,rejected,1
47,pet_care,others,quetta,balochistan,104159,64,2,19.0558,0,5,0,in_review,1
48,auto,pet,faisalabad,punjab,205656,56,27,13.0949,1,6,0,submitted,0
49,other,life,sialkot,punjab,79162,61,29,8.2944,0,3,1,rejected,1
50,home,life,sialkot,punjab,259134,64,17,24.3022,0,1,0,submitted,0
51,medical,pet,abbottabad,kpk,33913,44,5,1.3661,0,5,0,in_review,0
52,pet,life,karachi,sindh,15074,44,17,0.7716,0,0,1,in_review,0
53,pet,auto,multan,punjab,60426,44,37,7.0345,4,10,0,rejected,1
54,pet_care,home,mardan,kpk,13743,58,8,0.7232,0,0,0,submitted,0
55,home,auto,lahore,punjab,133773,61,4,13.688,0,4,0,approved,0
56,other,life,faisalabad,punjab,79573,61,14,8.2613,0,3,0,submitted,0
57,other,home,peshawar,kpk,9760,53,10,2.0543,0,0,0,submitted,0
58,other,pet,gujranwala,punjab,8823,58,44,3.4344,0,1,2,rejected,1
59,pet,auto,abbottabad,kpk,11122,44,36,1.7427,0,3,0,submitted,1
60,pet,others,hyderabad,sindh,31105,64,16,1.9632,0,5,1,approved,0
61,pet_care,others,lahore,punjab,31866,56,17,4.4014,4,7,0,submitted,1
62,life,life,karachi,sindh,26673,64,10,2.1474,0,3,0,submitted,0
63,pet,home,hyderabad,sindh,23785,64,25,5.4242,1,5,0,approved,0
64,home,others,quetta,balochistan,81369,44,13,4.5626,0,2,0,submitted,0
65,other,auto,mardan,kpk,30235,58,7,4.5201,3,8,1,submitted,1
66,pet_care,others,mardan,kpk,28222,53,30,2.6983,0,1,0,rejected,1
67,pet_care,pet,sialkot,punjab,310978,58,37,17.1461,2,5,0,in_review,1
68,pet,pet,hyderabad,sindh,18890,64,26,1.5684,0,3,1,submitted,0
69,damage,pet,lahore,punjab,36630,58,6,6.4993,0,3,0,rejected,1
70,damage,home,hyderabad,sindh,16136,45,41,1.5844,2,8,0,submitted,1
71,life,others,lahore,punjab,71190,45,6,3.2758,0,5,0,approved,1
72,accident,life,sialkot,punjab,31520,56,26,2.287,0,0,0,submitted,0
73,medical,pet,peshawar,kpk,11591,44,29,1.8728,1,7,0,in_review,0
74,damage,home,hyderabad,sindh,33007,58,24,2.574,0,3,0,in_review,0
75,pet_care,home,islamabad,islamabad,30878,64,43,1.3386,2,7,0,in_review,1
76,medical,others,quetta,balochistan,21253,56,16,1.6293,1,6,0,in_review,0
77,accident,others,sialkot,punjab,14797,56,26,2.5486,0,6,0,in_review,0
78,pet_care,auto,gujranwala,punjab,101092,45,21,5.8472,0,0,0,rejected,1
79,auto,others,sialkot,punjab,40278,44,43,9.033,1,7,0,in_review,1
80,medical,pet,lahore,punjab,140451,53,39,6.4424,1,6,1,in_review,1
81,theft,auto,lahore,punjab,20023,53,6,7.3641,2,3,0,in_review,0
82,pet,pet,peshawar,kpk,203709,61,31,31.039,3,5,0,in_review,1
83,life,auto,islamabad,islamabad,804894,64,22,60.1385,0,1,3,submitted,0
84,medical,others,lahore,punjab,65211,53,8,20.656,0,6,0,rejected,1
85,medical,life,quetta,balochistan,109432,56,17,17.2742,4,8,0,rejected,1
86,accident,auto,lahore,punjab,65350,64,20,4.9365,0,0,0,submitted,0
87,theft,pet,hyderabad,sindh,37158,53,32,2.7807,3,3,1,in_review,1
88,accident,home,hyderabad,sindh,31964,58,45,2.1804,0,0,0,rejected,0
89,pet_care,others,abbottabad,kpk,40564,44,38,1.9614,0,4,0,approved,1
90,pet,auto,karachi,sindh,100932,61,29,6.1937,0,0,0,in_review,0
91,home,auto,abbottabad,kpk,257491,64,35,15.111,1,5,0,approved,1
92,auto,home,gujranwala,punjab,26290,53,32,1.2416,0,3,0,approved,1
93,pet,life,faisalabad,punjab,65740,64,35,6.1855,1,6,1,in_review,0
94,pet_care,life,sialkot,punjab,43083,64,9,3.3136,0,4,0,submitted,0
95,damage,life,gujranwala,punjab,97585,64,5,8.0456,0,6,0,approved,0
96,auto,pet,peshawar,kpk,30671,45,32,1.9189,0,0,0,submitted,1
97,pet_care,home,multan,punjab,209036,64,18,14.4652,0,3,1,rejected,1
98,pet,auto,sukkur,sindh,47771,61,45,2.4117,0,3,0,in_review,1
99,other,pet,islamabad,islamabad,73343,61,37,3.0437,0,3,1,in_review,1
100,damage,home,sukkur,sindh,10763,64,22,0.4838,1,7,0,rejected,1
101,damage,life,multan,punjab,70217,45,41,9.7727,0,6,0,submitted,1
102,other,pet,abbottabad,kpk,21879,58,30,1.0941,1,7,0,approved,0
103,theft,life,hyderabad,sindh,11720,45,18,0.7187,1,7,0,submitted,0
104,pet,home,hyderabad,sindh,51304,56,30,2.5358,3,6,0,in_review,1
105,theft,others,abbottabad,kpk,47406,61,18,6.6265,0,2,0,approved,0
106,home,home,sialkot,punjab,42019,56,16,9.1425,0,4,0,in_review,0
107,auto,auto,peshawar,kpk,96712,64,24,3.9112,2,7,1,approved,0
108,auto,others,sialkot,punjab,28034,64,13,13.3686,3,6,0,rejected,1
109,pet_care,home,sukkur,sindh,12380,56,39,0.6452,1,2,0,rejected,1
110,accident,pet,sialkot,punjab,72375,53,28,3.0586,0,2,3,submitted,0
111,medical,life,abbottabad,kpk,145719,61,18,7.217,0,3,3,rejected,1
112,damage,life,lahore,punjab,34625,45,6,1.5382,0,6,0,submitted,0
113,damage,pet,faisalabad,punjab,113089,64,25,12.8876,0,0,0,approved,0
114,theft,life,quetta,balochistan,16570,56,30,2.6364,1,4,0,approved,0
115,accident,life,multan,punjab,47870,61,33,7.4809,0,2,0,approved,0
116,auto,others,hyderabad,sindh,42271,53,32,11.8806,1,3,0,in_review,1
117,auto,auto,abbottabad,kpk,8880,64,32,0.3796,0,3,0,submitted,1
118,pet_care,home,sialkot,punjab,14805,45,40,3.9873,1,6,1,rejected,0
119,pet,life,islamabad,islamabad,30354,56,40,1.3453,2,2,1,submitted,0
120,medical,home,quetta,balochistan,86709,61,19,10.7901,4,8,0,approved,1
121,medical,life,sialkot,punjab,84574,64,7,27.5845,0,3,1,submitted,0
122,damage,pet,mardan,kpk,13221,45,17,0.7427,1,1,0,rejected,1
123,home,home,faisalabad,punjab,51961,61,38,4.2434,0,3,0,approved,1
124,home,others,karachi,sindh,101995,45,3,9.7175,1,4,0,rejected,1
125,damage,others,abbottabad,kpk,71583,64,24,4.514,1,6,0,in_review,0
126,theft,others,rawalpindi,punjab,26913,53,17,1.4278,3,3,1,submitted,1
127,pet,home,gujranwala,punjab,54235,44,39,5.4078,1,4,0,rejected,1
128,life,auto,mardan,kpk,88625,44,35,5.5098,2,8,0,rejected,1
129,pet,auto,faisalabad,punjab,65565,64,31,8.1095,0,4,0,rejected,1
130,theft,home,gujranwala,punjab,43125,45,36,2.9647,0,2,0,submitted,1
131,pet,life,rawalpindi,punjab,47280,61,8,2.4166,0,6,0,approved,0
132,pet_care,auto,rawalpindi,punjab,86389,44,33,7.1561,2,4,0,in_review,1
133,pet_care,others,sukkur,sindh,36489,56,37,8.0002,0,4,1,in_review,1
134,other,home,islamabad,islamabad,64154,61,13,26.4117,1,1,0,in_review,0
135,pet_care,pet,multan,punjab,27852,64,44,1.1632,0,3,0,rejected,1
136,damage,life,islamabad,islamabad,23017,53,20,1.924,0,2,0,rejected,1
137,pet_care,pet,islamabad,islamabad,20544,58,32,0.9483,0,2,0,approved,1
138,pet,pet,multan,punjab,41575,58,18,4.8631,1,7,0,submitted,0
139,accident,home,karachi,sindh,69044,64,25,11.7262,1,2,0,in_review,1
140,pet,pet,quetta,balochistan,49815,61,6,2.5524,0,2,0,in_review,0
141,medical,others,sukkur,sindh,36320,64,8,2.4788,2,6,0,rejected,1
142,other,life,rawalpindi,punjab,22763,58,32,1.5834,1,3,0,approved,1
143,theft,pet,peshawar,kpk,192544,64,44,16.6259,1,3,3,rejected,1
144,other,pet,rawalpindi,punjab,61320,56,24,3.283,2,3,0,approved,0
145,life,life,karachi,sindh,30674,58,32,4.7468,2,7,1,rejected,1
146,pet,life,abbottabad,kpk,38457,58,11,2.2391,2,4,0,in_review,0
147,medical,auto,gujranwala,punjab,100842,64,31,5.0964,0,4,2,in_review,1
148,other,others,karachi,sindh,70463,45,18,4.8838,0,3,0,submitted,0
149,pet,life,sukkur,sindh,24444,53,37,1.0054,0,5,2,rejected,1
150,accident,home,karachi,sindh,52738,64,8,4.2796,3,4,0,submitted,1
151,medical,life,sialkot,punjab,419505,53,5,38.6569,0,5,1,approved,0
152,damage,pet,islamabad,islamabad,5273,64,18,0.7263,0,4,0,in_review,0
153,pet,others,hyderabad,sindh,100598,45,12,17.0592,0,5,0,in_review,0
154,accident,life,quetta,balochistan,55891,61,11,5.005,2,6,0,submitted,0
155,damage,auto,hyderabad,sindh,26241,64,17,2.1681,0,5,0,in_review,0
156,medical,home,abbottabad,kpk,34078,44,43,6.3425,1,6,2,in_review,1
157,medical,auto,rawalpindi,punjab,48025,58,35,2.7972,1,7,0,rejected,1
158,other,home,sukkur,sindh,38876,45,36,2.4088,0,4,2,rejected,1
159,damage,auto,sialkot,punjab,27422,58,45,1.4783,0,4,0,approved,1
160,pet,pet,hyderabad,sindh,10197,64,19,0.5104,0,6,0,rejected,1
161,accident,pet,sialkot,punjab,19750,61,41,0.8078,0,3,0,submitted,1
162,pet,auto,abbottabad,kpk,30055,64,14,2.3307,1,3,0,submitted,0
163,medical,auto,hyderabad,sindh,18841,64,7,1.4671,2,5,0,approved,0
164,theft,home,peshawar,kpk,28222,53,3,10.8546,1,4,0,rejected,1
165,accident,auto,sukkur,sindh,47959,64,43,4.3686,0,1,3,rejected,1
166,pet_care,home,sukkur,sindh,51001,64,31,2.4418,4,9,0,in_review,1
167,auto,auto,gujranwala,punjab,12628,53,15,0.9128,0,5,0,submitted,0
168,pet,pet,karachi,sindh,39171,53,16,1.9822,0,0,2,in_review,0
169,medical,home,gujranwala,punjab,71345,53,4,5.1479,2,6,1,rejected,1
170,home,life,lahore,punjab,34788,53,38,4.1218,0,1,0,in_review,1
171,pet,life,gujranwala,punjab,5714,45,29,0.5674,2,7,0,in_review,0
172,home,life,karachi,sindh,41108,64,9,13.7118,0,4,0,submitted,0
173,medical,life,multan,punjab,41892,64,35,3.0039,0,6,0,submitted,1
174,home,auto,rawalpindi,punjab,29229,64,34,1.506,0,6,1,approved,1
175,auto,auto,islamabad,islamabad,8812,53,0,0.3975,0,2,0,submitted,0
176,accident,home,sukkur,sindh,31595,44,17,1.614,0,6,0,submitted,0
177,damage,home,faisalabad,punjab,18567,44,33,0.9938,2,4,1,approved,1
178,auto,pet,peshawar,kpk,235110,64,41,24.8294,0,3,0,submitted,0
179,accident,auto,faisalabad,punjab,163003,45,21,9.117,2,2,0,submitted,0
180,theft,life,sukkur,sindh,48896,64,20,2.4491,3,7,0,submitted,1
181,pet_care,auto,peshawar,kpk,71967,64,43,7.6732,0,5,0,approved,1
182,home,home,faisalabad,punjab,23211,61,38,1.467,3,5,0,in_review,1
183,life,pet,multan,punjab,41403,61,11,3.1464,0,4,0,rejected,1
184,theft,life,rawalpindi,punjab,88673,64,24,6.356,0,0,0,in_review,0
185,pet_care,home,rawalpindi,punjab,15127,61,35,3.4695,0,0,0,approved,1
186,home,pet,lahore,punjab,19878,53,35,1.7968,1,2,0,rejected,1
187,pet_care,life,hyderabad,sindh,11017,44,26,1.754,0,0,0,rejected,1
188,life,others,peshawar,kpk,33682,61,0,4.2598,0,4,0,in_review,0
189,auto,others,rawalpindi,punjab,18518,64,25,1.6324,0,5,0,rejected,1
190,pet_care,pet,sialkot,punjab,83589,56,34,15.9795,1,5,0,submitted,1
191,medical,pet,quetta,balochistan,49526,53,19,4.4836,0,1,1,submitted,1
192,other,pet,peshawar,kpk,72663,61,44,4.9657,0,6,3,approved,1
193,medical,life,rawalpindi,punjab,54084,61,41,2.3826,3,5,3,submitted,1
194,theft,life,multan,punjab,86015,53,44,4.7175,0,3,0,rejected,1
195,accident,pet,faisalabad,punjab,16252,53,29,1.4537,0,2,0,submitted,0
196,life,life,faisalabad,punjab,11824,56,6,1.0428,3,8,0,rejected,1
197,home,others,karachi,sindh,18108,56,11,1.0882,1,4,0,rejected,1
198,auto,pet,lahore,punjab,19728,45,45,0.8022,1,7,1,rejected,1
199,medical,pet,faisalabad,punjab,60855,64,40,6.0276,1,5,0,approved,1
200,life,others,rawalpindi,punjab,57107,45,39,2.4227,1,3,0,in_review,1
201,home,auto,sukkur,sindh,31369,61,24,2.2046,0,5,0,rejected,1
202,life,life,rawalpindi,punjab,21558,64,3,2.8254,3,6,0,submitted,1
203,pet,pet,karachi,sindh,34749,58,28,1.4517,0,4,0,rejected,1
204,pet_care,auto,sukkur,sindh,14129,45,31,1.2893,1,3,1,in_review,1
205,accident,pet,sukkur,sindh,281958,64,19,32.5549,0,2,1,approved,0
206,theft,auto,multan,punjab,297028,61,39,14.3043,0,1,1,rejected,1
207,other,life,sukkur,sindh,43469,44,45,4.0587,0,2,2,approved,1
208,auto,home,gujranwala,punjab,9516,61,15,0.4139,0,4,0,submitted,0
209,theft,home,karachi,sindh,128453,58,23,6.983,3,5,0,approved,1
210,life,life,islamabad,islamabad,77495,53,27,21.6769,0,2,1,in_review,0
211,damage,others,islamabad,islamabad,119733,45,1,6.88,3,4,0,approved,1
212,auto,auto,mardan,kpk,84554,45,17,14.5232,1,3,0,rejected,0
213,pet_care,auto,karachi,sindh,22474,53,37,0.9781,0,3,0,in_review,1
214,auto,auto,hyderabad,sindh,22935,45,6,6.0039,0,2,0,rejected,1
215,damage,home,sukkur,sindh,26024,56,40,1.304,2,6,0,rejected,1
216,theft,auto,quetta,balochistan,45457,64,27,8.2126,1,2,0,approved,0
217,other,others,mardan,kpk,75380,53,38,3.5209,1,3,0,rejected,1
218,theft,auto,hyderabad,sindh,49387,64,0,2.204,3,4,0,submitted,1
219,damage,pet,quetta,balochistan,37327,61,32,9.5932,0,3,0,rejected,1
220,pet_care,home,sukkur,sindh,19019,45,41,2.3313,0,3,1,rejected,0
221,theft,pet,faisalabad,punjab,43629,56,42,2.6675,0,5,0,approved,1
222,home,others,sukkur,sindh,20151,45,17,2.0161,1,1,0,submitted,0
223,theft,life,mardan,kpk,53680,64,32,2.632,0,6,0,in_review,1
224,theft,others,abbottabad,kpk,15463,64,2,2.9292,0,3,0,rejected,1
225,accident,others,quetta,balochistan,68869,53,20,2.7662,0,5,0,approved,0
226,theft,others,abbottabad,kpk,10464,44,18,3.2447,0,4,0,in_review,0
227,other,life,mardan,kpk,19357,53,31,0.8837,1,5,1,rejected,1
228,auto,home,multan,punjab,8282,64,0,0.4303,0,5,0,in_review,0
229,pet,auto,karachi,sindh,16869,53,2,0.9573,2,6,0,in_review,0
230,theft,others,faisalabad,punjab,7951,56,27,0.4402,0,2,1,submitted,0
231,home,life,hyderabad,sindh,32418,64,7,3.1138,3,4,0,submitted,1
232,theft,home,rawalpindi,punjab,13047,64,38,0.5441,0,6,0,approved,1
233,home,pet,sukkur,sindh,52563,64,11,16.934,3,9,0,rejected,1
234,theft,auto,faisalabad,punjab,21274,64,25,11.2501,1,6,0,in_review,0
235,theft,home,faisalabad,punjab,110919,45,8,13.9014,2,8,1,approved,1
236,life,home,rawalpindi,punjab,24971,64,31,1.2298,0,3,0,rejected,1
237,pet_care,life,hyderabad,sindh,20809,58,26,3.2667,0,2,0,submitted,0
238,pet,auto,abbottabad,kpk,71622,58,34,3.7083,0,4,0,submitted,1
239,accident,life,peshawar,kpk,6200,64,30,0.7146,1,2,3,approved,0
240,medical,life,sukkur,sindh,5000,56,11,1.5006,0,2,1,in_review,0
241,accident,life,peshawar,kpk,177400,58,11,8.8842,0,0,0,rejected,0
242,life,home,sialkot,punjab,21373,56,45,0.9884,2,8,1,approved,0
243,other,auto,quetta,balochistan,113004,61,42,22.0109,1,3,0,rejected,1
244,auto,pet,abbottabad,kpk,64244,56,37,5.4005,0,5,0,rejected,1
245,accident,others,karachi,sindh,13468,56,31,0.6702,0,0,0,in_review,1
246,theft,life,hyderabad,sindh,22403,64,4,11.961,0,0,1,approved,0
247,auto,auto,karachi,sindh,90089,45,24,5.1022,2,8,1,rejected,1
248,theft,home,gujranwala,punjab,17721,45,35,8.2156,0,4,2,approved,1
249,damage,others,karachi,sindh,12958,61,12,1.9495,1,6,2,in_review,0
250,pet_care,auto,faisalabad,punjab,25155,56,31,8.047,0,0,0,in_review,1
251,other,pet,multan,punjab,25587,44,7,5.4696,1,4,0,in_review,0
252,pet,pet,rawalpindi,punjab,93325,64,28,6.8335,0,3,0,in_review,0
253,damage,home,faisalabad,punjab,21461,53,37,0.9174,1,7,0,submitted,1
254,life,others,multan,punjab,21738,64,45,1.2708,0,4,1,rejected,1
255,life,auto,rawalpindi,punjab,62631,45,27,7.4181,4,7,0,rejected,1
256,pet_care,life,mardan,kpk,8627,64,35,2.3348,2,6,0,approved,1
257,other,others,sukkur,sindh,17970,45,36,1.1784,3,7,1,in_review,1
258,home,pet,gujranwala,punjab,63475,64,30,4.5175,0,3,0,submitted,1
259,home,auto,lahore,punjab,23800,45,31,1.3942,4,5,0,submitted,1
260,home,life,mardan,kpk,43389,53,28,2.8628,2,5,1,in_review,0
261,pet,auto,faisalabad,punjab,62463,64,33,5.3415,0,6,0,approved,1
262,life,home,sialkot,punjab,17405,61,29,0.7078,1,1,0,rejected,1
263,other,pet,rawalpindi,punjab,44635,44,10,2.6177,1,6,0,approved,0
264,damage,others,quetta,balochistan,173449,53,43,20.3531,0,3,0,approved,1
265,damage,auto,peshawar,kpk,12222,44,19,6.8779,0,3,1,submitted,0
266,life,life,abbottabad,kpk,83333,64,6,4.4899,0,5,3,in_review,0
267,other,others,gujranwala,punjab,62905,44,21,5.5767,1,7,0,in_review,0
268,pet,auto,lahore,punjab,29213,64,8,1.3805,1,3,0,submitted,0
269,accident,others,mardan,kpk,76331,53,45,3.7705,1,6,1,in_review,1
270,damage,others,rawalpindi,punjab,5196,64,11,0.467,1,2,0,in_review,0
271,home,life,gujranwala,punjab,5000,64,30,0.2417,2,6,0,approved,0
272,medical,others,faisalabad,punjab,27990,56,3,1.1758,0,1,0,submitted,0
273,damage,home,hyderabad,sindh,46433,64,40,3.7449,0,2,0,rejected,1
274,damage,pet,quetta,balochistan,13221,61,27,3.0157,0,3,0,approved,0
275,home,home,sialkot,punjab,8283,53,40,0.4383,0,2,0,approved,1
276,other,life,rawalpindi,punjab,74047,58,18,20.3482,1,5,0,submitted,0
277,damage,life,hyderabad,sindh,57665,64,25,4.3452,0,5,3,rejected,1
278,other,others,rawalpindi,punjab,20142,61,2,3.639,2,4,1,approved,0
279,accident,home,abbottabad,kpk,32922,58,16,15.3411,1,2,0,approved,0
280,theft,others,gujranwala,punjab,43871,45,6,2.0026,0,6,0,rejected,1
281,pet_care,others,multan,punjab,56712,58,2,4.2873,2,7,2,in_review,0
282,accident,home,faisalabad,punjab,49350,45,5,2.4295,1,1,2,rejected,1
283,pet_care,life,hyderabad,sindh,17176,44,2,5.4683,0,5,0,approved,0
284,accident,home,islamabad,islamabad,49220,58,22,8.1571,3,5,1,approved,1
285,home,auto,faisalabad,punjab,27353,58,24,1.8694,1,6,2,rejected,1
286,accident,auto,faisalabad,punjab,123911,58,36,8.1887,0,3,1,approved,1
287,damage,pet,hyderabad,sindh,105868,44,4,20.3592,1,1,1,rejected,1
288,home,others,sukkur,sindh,51138,53,42,2.1261,0,5,0,submitted,1
289,pet,others,lahore,punjab,47222,58,30,25.1047,2,2,1,in_review,0
290,pet_care,home,sukkur,sindh,41170,45,15,4.68,0,6,0,approved,0
291,life,life,faisalabad,punjab,31112,64,35,1.7482,2,8,0,in_review,1
292,pet,auto,abbottabad,kpk,32775,53,3,1.3946,2,4,0,submitted,0
293,home,pet,faisalabad,punjab,60746,64,21,12.9467,2,8,0,in_review,0
294,accident,auto,hyderabad,sindh,250154,45,26,40.9954,0,1,0,submitted,0
295,medical,life,faisalabad,punjab,49174,58,28,3.2607,1,5,0,submitted,1
296,accident,others,karachi,sindh,34420,56,11,1.665,1,2,0,in_review,0
297,auto,pet,peshawar,kpk,63429,44,21,2.6219,0,1,0,in_review,0
298,pet,life,mardan,kpk,46918,44,39,2.389,1,6,0,rejected,1
299,home,home,quetta,balochistan,45729,61,42,3.5063,1,7,0,submitted,1
300,pet,home,lahore,punjab,6900,44,12,0.4936,1,2,3,in_review,0
301,accident,life,multan,punjab,85229,44,15,4.4314,1,1,2,submitted,0
302,home,others,lahore,punjab,58226,53,28,30.263,2,7,1,in_review,0
303,pet,others,multan,punjab,24678,45,43,3.1477,0,1,1,approved,1
304,auto,life,sukkur,sindh,9200,64,16,0.9057,0,5,2,approved,0
305,home,others,lahore,punjab,61569,64,31,2.7996,0,5,0,rejected,1
306,pet,home,quetta,balochistan,11487,45,25,0.6363,0,1,0,in_review,0
307,medical,others,sukkur,sindh,58136,53,41,3.4077,3,8,2,submitted,1
308,theft,pet,gujranwala,punjab,40679,58,32,2.1185,0,2,2,rejected,1
309,theft,home,rawalpindi,punjab,41665,53,13,2.1782,2,5,1,rejected,1
310,auto,home,mardan,kpk,13513,64,21,0.5635,0,0,0,in_review,0
311,other,auto,gujranwala,punjab,22753,64,27,1.5315,0,5,0,approved,0
312,other,home,quetta,balochistan,23343,44,18,1.1283,1,3,1,submitted,0
313,accident,pet,rawalpindi,punjab,6582,44,34,0.3468,3,4,0,in_review,1
314,accident,others,islamabad,islamabad,43708,45,35,2.22,0,5,1,in_review,1
315,pet,auto,rawalpindi,punjab,20404,64,36,2.7101,2,6,0,approved,1
316,theft,life,faisalabad,punjab,71625,64,21,8.9891,0,5,0,in_review,0
317,medical,life,hyderabad,sindh,16677,56,44,1.0253,1,3,1,submitted,1
318,home,auto,quetta,balochistan,90418,64,17,10.324,0,5,0,submitted,0
319,home,life,hyderabad,sindh,6608,44,5,0.3375,2,3,2,rejected,1
320,theft,home,lahore,punjab,107442,61,37,5.9298,1,2,2,in_review,1
321,pet,pet,abbottabad,kpk,27813,44,37,4.3662,0,4,0,submitted,1
322,accident,auto,islamabad,islamabad,117139,58,8,5.4181,0,4,2,rejected,1
323,life,life,lahore,punjab,61419,64,16,7.0841,0,5,0,in_review,0
324,life,home,lahore,punjab,14518,44,33,0.6382,2,4,0,rejected,1
325,auto,life,peshawar,kpk,17675,58,22,0.7716,1,5,0,rejected,1
326,medical,home,sukkur,sindh,24385,64,10,1.0797,1,7,0,rejected,1
327,home,home,hyderabad,sindh,34841,61,10,1.4748,0,0,0,rejected,1
328,pet,home,peshawar,kpk,14408,61,11,2.2826,1,5,0,in_review,0
329,medical,pet,peshawar,kpk,71950,56,26,4.2456,1,7,1,in_review,0
330,home,pet,peshawar,kpk,12448,45,8,0.597,0,4,1,submitted,0
331,other,home,rawalpindi,punjab,171007,45,34,10.0045,0,5,0,approved,1
332,auto,others,karachi,sindh,246231,53,27,18.0574,3,6,1,submitted,1
333,other,home,karachi,sindh,7195,44,5,1.2222,1,5,0,rejected,0
334,accident,others,sukkur,sindh,38132,64,13,7.1129,0,0,0,in_review,0
335,pet,pet,peshawar,kpk,29767,58,35,2.2081,0,4,0,in_review,1
336,other,life,quetta,balochistan,30258,45,42,1.2292,1,4,1,rejected,1
337,pet,pet,quetta,balochistan,120991,64,43,9.6109,0,5,0,approved,1
338,life,others,karachi,sindh,15293,64,5,3.4852,1,4,0,in_review,0
339,other,home,quetta,balochistan,53427,44,12,7.3764,0,6,0,rejected,1
340,accident,life,multan,punjab,24961,53,37,1.087,0,5,1,approved,1
341,pet,others,sialkot,punjab,97604,53,38,7.5744,0,3,0,in_review,1
342,pet,home,sukkur,sindh,36585,44,7,9.451,2,8,1,in_review,0
343,auto,others,hyderabad,sindh,32279,64,37,3.4082,0,2,0,rejected,1
344,medical,life,karachi,sindh,37262,53,16,2.851,0,3,0,in_review,1
345,damage,pet,sialkot,punjab,13103,53,11,1.0015,0,1,0,rejected,1
346,medical,auto,multan,punjab,81339,45,6,8.4011,3,8,2,submitted,1
347,pet,home,islamabad,islamabad,27160,44,36,1.5697,0,6,2,in_review,1
348,other,auto,lahore,punjab,88055,64,34,4.702,0,3,1,rejected,1
349,theft,others,hyderabad,sindh,12508,64,20,1.0562,1,3,0,in_review,0
350,life,others,sialkot,punjab,15565,64,26,1.1538,0,3,0,rejected,1
351,other,auto,islamabad,islamabad,206950,61,35,43.3676,2,3,0,rejected,1
352,accident,auto,karachi,sindh,55986,58,20,3.133,0,4,1,approved,0
353,damage,home,multan,punjab,32929,64,28,3.3492,0,2,0,in_review,0
354,auto,home,sialkot,punjab,50714,44,11,2.1337,0,5,0,submitted,0
355,auto,others,gujranwala,punjab,46064,64,10,2.759,0,4,0,approved,1
356,home,auto,sialkot,punjab,82114,61,38,6.9102,0,3,1,in_review,1
357,pet,pet,karachi,sindh,102798,45,44,14.7233,0,3,0,approved,1
358,life,others,lahore,punjab,87446,45,5,37.0063,0,1,0,submitted,0
359,medical,life,hyderabad,sindh,10734,64,10,0.4873,0,2,1,in_review,0
360,life,others,gujranwala,punjab,5000,56,44,0.2568,1,4,0,submitted,1
361,pet,life,sialkot,punjab,49692,44,28,2.8754,0,2,0,approved,1
362,damage,life,gujranwala,punjab,43198,58,31,2.56,0,6,0,in_review,1
363,accident,others,sialkot,punjab,26632,53,25,3.4682,0,5,0,submitted,0
364,theft,pet,abbottabad,kpk,41282,44,39,4.4157,0,5,0,in_review,1
365,theft,auto,rawalpindi,punjab,12033,44,28,1.095,1,4,0,approved,0
366,pet,home,rawalpindi,punjab,24723,64,28,5.0965,0,1,0,rejected,1
367,pet_care,pet,sialkot,punjab,49713,56,5,2.9779,0,6,0,submitted,0
368,pet_care,pet,islamabad,islamabad,6672,53,28,3.4877,1,1,0,approved,0
369,medical,pet,karachi,sindh,5221,45,35,0.2191,0,5,0,in_review,1
370,medical,home,multan,punjab,32754,45,17,1.4728,0,1,0,approved,0
371,life,others,rawalpindi,punjab,63355,45,31,4.6349,1,3,2,approved,0
372,damage,others,quetta,balochistan,17104,64,35,3.4079,2,5,1,approved,1
373,home,auto,gujranwala,punjab,34879,58,18,12.488,0,1,0,in_review,0
374,pet_care,others,islamabad,islamabad,11866,44,28,0.6033,2,6,0,approved,0
375,pet,pet,mardan,kpk,171923,53,23,22.6841,0,0,0,submitted,0
376,life,others,rawalpindi,punjab,20591,45,20,0.9538,0,5,0,rejected,1
377,accident,auto,faisalabad,punjab,51946,44,31,2.9847,0,1,0,approved,0
378,medical,pet,islamabad,islamabad,31679,61,23,7.6891,2,8,1,in_review,0
379,theft,life,faisalabad,punjab,76292,53,12,8.8981,0,1,0,rejected,1
380,pet,pet,mardan,kpk,95889,58,43,19.3442,1,4,2,rejected,1
381,pet,pet,sukkur,sindh,61195,58,38,4.8726,3,5,0,in_review,1
382,auto,pet,islamabad,islamabad,53271,61,13,4.4033,1,6,0,submitted,0
383,auto,home,mardan,kpk,23452,53,14,8.9002,2,2,1,in_review,0
384,pet,others,peshawar,kpk,28038,53,23,1.386,0,6,0,submitted,0
385,medical,home,mardan,kpk,62741,45,44,5.1685,1,3,0,submitted,0
386,accident,life,sialkot,punjab,13695,64,14,0.8706,1,6,0,in_review,0
387,home,others,peshawar,kpk,14993,64,9,2.3423,1,4,3,approved,0
388,pet_care,pet,rawalpindi,punjab,22413,61,3,3.8438,0,3,0,rejected,1
389,life,others,multan,punjab,24908,53,35,1.4245,0,2,1,in_review,1
390,other,home,faisalabad,punjab,29430,64,12,1.2518,0,5,0,in_review,0
391,home,others,islamabad,islamabad,51016,53,14,3.1905,1,2,1,approved,0
392,accident,auto,peshawar,kpk,12193,64,1,1.9235,0,4,0,in_review,0
393,other,auto,mardan,kpk,55090,64,42,2.2582,0,0,0,in_review,0
394,accident,home,karachi,sindh,5000,64,42,0.2161,2,2,0,submitted,1
395,auto,others,mardan,kpk,121785,45,38,25.569,0,4,3,approved,0
396,pet,life,sialkot,punjab,29874,64,22,1.7018,0,2,0,in_review,0
397,pet_care,pet,islamabad,islamabad,19078,56,25,7.7396,0,3,0,rejected,1
398,other,auto,karachi,sindh,93265,56,34,7.9469,0,1,0,rejected,1
399,pet_care,others,rawalpindi,punjab,93302,45,35,5.984,0,6,1,approved,1
400,auto,pet,gujranwala,punjab,304620,44,40,19.0197,0,1,0,rejected,0
401,other,others,gujranwala,punjab,41547,53,14,1.9465,1,3,0,submitted,0
402,other,pet,mardan,kpk,9739,58,31,0.4274,0,1,0,submitted,1
403,accident,life,karachi,sindh,55613,58,28,6.3254,1,7,0,rejected,1
404,accident,others,mardan,kpk,63651,64,36,4.5582,0,3,0,approved,1
405,medical,others,sukkur,sindh,17321,53,3,1.1976,0,3,2,in_review,0
406,auto,life,peshawar,kpk,30980,45,5,9.425,0,4,2,rejected,1
407,home,pet,lahore,punjab,18182,58,12,2.47,0,2,0,rejected,1
408,theft,home,faisalabad,punjab,32124,61,33,1.3037,1,5,0,rejected,1
409,auto,home,quetta,balochistan,157139,56,42,22.1354,0,1,0,approved,1
410,pet_care,pet,gujranwala,punjab,36051,58,0,1.6367,0,4,0,submitted,0
411,theft,others,peshawar,kpk,15202,53,39,8.8641,0,1,0,in_review,0
412,accident,others,islamabad,islamabad,11001,56,11,0.5173,1,5,0,rejected,1
413,other,life,lahore,punjab,66984,45,24,14.7185,1,7,0,in_review,0
414,theft,life,sialkot,punjab,30683,64,13,1.6347,0,5,3,approved,0
415,other,life,karachi,sindh,75006,64,36,3.4968,3,7,0,submitted,1
416,damage,others,multan,punjab,24315,64,7,0.9837,0,6,0,rejected,1
417,auto,pet,lahore,punjab,10972,64,13,0.8822,1,6,0,approved,0
418,pet,others,sialkot,punjab,14849,64,25,8.7347,2,3,0,in_review,0
419,life,pet,quetta,balochistan,56034,58,40,21.0259,2,6,2,submitted,1
420,auto,home,islamabad,islamabad,11773,64,20,0.6338,0,5,0,in_review,1
421,damage,life,islamabad,islamabad,24403,56,34,9.6799,1,4,0,approved,1
422,pet_care,life,mardan,kpk,24677,64,15,9.7307,0,2,0,in_review,0
423,home,home,quetta,balochistan,114392,58,1,14.0842,2,3,0,submitted,0
424,pet,life,quetta,balochistan,49741,58,2,4.0685,0,6,0,approved,0
425,accident,others,islamabad,islamabad,5000,44,6,1.1486,0,6,0,rejected,1
426,medical,life,gujranwala,punjab,22034,44,7,1.1633,0,2,0,approved,0
427,home,others,sialkot,punjab,5586,53,18,0.5381,0,2,0,in_review,0
428,accident,auto,lahore,punjab,29832,56,25,1.7626,1,5,0,submitted,0
429,pet_care,life,islamabad,islamabad,98590,45,34,12.3361,4,10,1,rejected,1
430,life,home,hyderabad,sindh,97042,58,29,8.3155,0,1,0,in_review,0
431,auto,auto,mardan,kpk,5531,58,20,0.2374,0,0,0,in_review,0
432,damage,life,quetta,balochistan,43686,61,6,3.3805,2,8,0,approved,0
433,pet,pet,karachi,sindh,25527,56,35,1.2243,4,7,0,rejected,1
434,other,pet,quetta,balochistan,42521,53,44,2.6972,0,5,0,submitted,1
435,other,pet,sialkot,punjab,11852,61,19,0.602,0,0,0,submitted,0
436,accident,home,multan,punjab,19127,44,34,3.1604,0,4,0,rejected,1
437,home,life,peshawar,kpk,27888,61,0,1.1734,2,8,0,in_review,0
438,accident,home,mardan,kpk,78660,64,18,3.9625,0,5,0,in_review,0
439,auto,pet,karachi,sindh,21175,53,8,1.0936,1,7,2,submitted,0
440,damage,auto,lahore,punjab,47460,61,31,12.3273,4,5,0,submitted,1
441,other,pet,peshawar,kpk,32135,61,28,4.3479,0,1,0,approved,0
442,medical,others,gujranwala,punjab,171889,64,2,11.4884,1,6,0,submitted,0
443,theft,auto,mardan,kpk,81202,45,5,4.331,0,5,1,approved,0
444,pet,others,gujranwala,punjab,12684,58,0,0.5875,0,3,0,in_review,0
445,pet_care,life,rawalpindi,punjab,76761,44,19,28.8901,0,3,0,approved,0
446,pet_care,others,lahore,punjab,35349,44,4,3.2436,0,4,0,in_review,1
447,theft,others,rawalpindi,punjab,107203,56,23,5.1315,0,5,0,rejected,1
448,accident,life,faisalabad,punjab,83072,61,31,13.2851,1,2,0,rejected,1
449,home,home,abbottabad,kpk,56739,58,10,5.5829,0,2,0,rejected,1
450,auto,pet,gujranwala,punjab,39464,58,18,6.3082,0,2,3,approved,0
451,pet,life,islamabad,islamabad,59295,64,17,3.7893,0,6,0,submitted,0
452,medical,others,quetta,balochistan,39958,64,11,5.0663,0,5,0,approved,1
453,theft,others,faisalabad,punjab,32632,44,18,1.3618,0,0,0,approved,0
454,medical,others,abbottabad,kpk,52316,56,38,9.5293,0,6,2,rejected,1
455,damage,life,gujranwala,punjab,47480,44,29,2.826,1,6,2,in_review,0
456,theft,life,quetta,balochistan,27690,44,3,7.8132,3,5,0,approved,1
457,medical,others,karachi,sindh,46720,61,34,6.3591,0,5,0,submitted,1
458,theft,home,faisalabad,punjab,42065,64,28,11.0494,2,3,0,approved,0
459,auto,life,rawalpindi,punjab,23584,58,0,0.965,0,3,1,approved,0
460,accident,pet,mardan,kpk,10315,64,22,0.5964,1,4,0,approved,0
461,home,home,islamabad,islamabad,63981,56,12,3.8634,1,4,0,in_review,0
462,theft,life,hyderabad,sindh,104638,56,12,24.4481,0,0,1,rejected,1
463,theft,others,abbottabad,kpk,35813,64,28,3.0919,0,0,0,approved,0
464,medical,others,hyderabad,sindh,124659,53,37,5.2557,3,3,1,submitted,1
465,life,others,lahore,punjab,51919,64,11,5.4929,2,8,1,submitted,0
466,other,home,islamabad,islamabad,8343,53,39,1.674,0,1,0,submitted,1
467,other,others,rawalpindi,punjab,98969,45,21,8.2221,0,1,1,rejected,1
468,pet,auto,hyderabad,sindh,79286,58,1,8.3609,0,0,0,approved,0
469,other,life,karachi,sindh,292695,56,44,12.0829,0,5,0,submitted,1
470,damage,others,mardan,kpk,61426,45,39,22.4839,1,7,0,submitted,0
471,medical,auto,faisalabad,punjab,37113,53,40,1.9665,0,1,0,rejected,1
472,life,pet,rawalpindi,punjab,47788,64,41,7.0955,0,3,0,submitted,0
473,accident,others,rawalpindi,punjab,85477,45,7,12.7998,2,7,0,in_review,0
474,home,auto,quetta,balochistan,26966,53,26,5.2792,0,1,0,submitted,1
475,auto,auto,multan,punjab,32421,58,8,1.5101,1,6,0,in_review,0
476,damage,home,mardan,kpk,98993,64,10,4.9167,0,2,0,rejected,1
477,pet,auto,faisalabad,punjab,106834,58,13,7.127,2,4,0,submitted,0
478,medical,auto,sialkot,punjab,112893,56,37,7.1774,2,2,0,approved,0
479,life,others,lahore,punjab,39826,45,44,2.5779,0,1,0,approved,1
480,auto,auto,rawalpindi,punjab,14841,64,5,1.1206,0,2,0,submitted,0
481,other,home,hyderabad,sindh,18117,58,23,1.0851,1,1,1,approved,0
482,home,others,lahore,punjab,31049,53,39,2.7678,1,1,0,in_review,1
483,accident,others,abbottabad,kpk,21059,64,23,1.5684,0,4,1,rejected,1
484,home,auto,sukkur,sindh,87222,53,37,16.706,1,7,0,in_review,1
485,pet,pet,gujranwala,punjab,12970,45,31,3.9495,0,4,0,in_review,1
486,home,home,multan,punjab,12762,44,11,0.7733,3,3,0,in_review,1
487,damage,pet,rawalpindi,punjab,39564,61,18,4.829,3,7,2,submitted,1
488,life,home,gujranwala,punjab,53086,64,21,6.8988,0,5,0,submitted,0
489,other,auto,quetta,balochistan,18307,64,30,1.586,4,10,1,rejected,1
490,life,auto,peshawar,kpk,57385,56,11,8.4789,0,0,0,in_review,0
491,life,life,sialkot,punjab,7673,64,42,1.017,4,5,0,rejected,1
492,theft,home,karachi,sindh,179766,64,32,10.063,1,3,0,in_review,1
493,other,auto,quetta,balochistan,27430,64,30,1.3701,0,4,0,approved,0
494,medical,pet,sialkot,punjab,18321,53,12,4.0444,1,7,0,approved,0
495,life,home,sukkur,sindh,18187,64,38,1.2609,2,4,0,submitted,1
496,home,home,gujranwala,punjab,68390,58,26,5.3421,0,6,1,submitted,0
497,auto,auto,islamabad,islamabad,43328,58,19,2.0891,4,8,3,approved,1
498,other,pet,faisalabad,punjab,7092,56,26,4.1329,1,6,0,rejected,1
499,auto,life,sukkur,sindh,76277,58,35,4.3401,0,6,0,in_review,1
500,life,home,abbottabad,kpk,102769,53,31,4.4069,0,6,0,approved,1
501,home,others,hyderabad,sindh,31792,58,43,1.5871,4,10,0,approved,1
502,damage,others,lahore,punjab,5000,64,8,0.7952,0,2,0,in_review,1
503,pet_care,others,abbottabad,kpk,39801,45,11,9.9081,1,2,0,in_review,0
504,pet_care,life,abbottabad,kpk,50092,64,37,2.0555,2,2,0,in_review,1
505,life,pet,sialkot,punjab,17569,53,14,2.5678,1,5,0,approved,0
506,theft,home,islamabad,islamabad,127518,64,19,21.9859,0,3,2,in_review,0
507,pet_care,home,mardan,kpk,17783,53,8,3.3017,0,0,0,approved,1
508,life,pet,lahore,punjab,37127,44,7,4.6795,0,2,0,approved,0
509,other,auto,peshawar,kpk,17145,56,5,2.1288,2,4,2,in_review,0
510,pet,others,multan,punjab,40960,64,37,2.27,0,5,0,in_review,1
511,pet,home,mardan,kpk,101983,56,44,21.5472,0,0,0,in_review,1
512,auto,auto,sukkur,sindh,19968,45,20,2.2296,0,4,0,in_review,0
513,pet,home,faisalabad,punjab,35746,44,29,2.9178,1,7,0,submitted,0
514,auto,auto,islamabad,islamabad,106056,58,0,28.0571,1,4,0,approved,0
515,auto,pet,mardan,kpk,75273,53,23,3.61,0,4,1,submitted,0
516,auto,pet,gujranwala,punjab,99766,61,41,4.01,0,5,0,submitted,1
517,pet,life,rawalpindi,punjab,16193,53,31,0.9876,1,2,0,approved,1
518,life,home,rawalpindi,punjab,46162,45,19,3.2884,1,6,1,submitted,0
519,medical,life,abbottabad,kpk,35582,64,21,1.9973,3,3,3,approved,1
520,home,pet,hyderabad,sindh,110815,56,45,6.6909,0,1,0,submitted,1
521,theft,others,abbottabad,kpk,79662,58,36,4.5329,0,6,0,approved,1
522,life,others,karachi,sindh,116639,64,18,5.3714,0,4,0,in_review,0
523,other,home,quetta,balochistan,27680,64,22,1.259,0,0,0,rejected,1
524,pet_care,others,faisalabad,punjab,13833,56,21,0.5753,0,2,0,submitted,0
525,auto,life,lahore,punjab,34618,61,20,1.4243,1,3,0,submitted,0
526,medical,life,hyderabad,sindh,154164,44,10,8.5771,0,3,0,approved,0
527,pet,auto,gujranwala,punjab,29869,45,5,2.9318,1,3,0,submitted,0
528,home,home,abbottabad,kpk,36688,64,42,3.2211,0,3,0,submitted,1
529,pet,auto,lahore,punjab,357425,58,36,16.1929,0,6,1,submitted,1
530,pet,others,islamabad,islamabad,15520,56,29,0.9878,0,5,0,in_review,0
531,auto,life,islamabad,islamabad,139029,44,17,38.5015,1,3,0,rejected,1
532,theft,auto,multan,punjab,5000,58,29,2.0773,1,4,0,approved,0
533,pet_care,auto,lahore,punjab,67457,56,35,6.768,1,1,3,submitted,1
534,accident,home,sialkot,punjab,26027,64,26,1.2269,1,1,0,rejected,1
535,other,others,faisalabad,punjab,66455,44,33,3.5723,0,0,0,approved,1
536,home,life,islamabad,islamabad,239554,61,15,11.6024,0,0,0,in_review,0
537,pet_care,others,lahore,punjab,43132,64,7,2.4551,0,3,0,in_review,0
538,damage,life,hyderabad,sindh,27033,64,41,1.0834,2,7,1,approved,1
539,medical,life,sukkur,sindh,11756,53,7,0.8335,2,5,0,submitted,0
540,pet_care,life,faisalabad,punjab,5000,58,10,0.5426,1,7,1,submitted,0
541,pet_care,home,islamabad,islamabad,33656,61,21,1.9111,2,8,0,rejected,1
542,pet,home,sialkot,punjab,84546,58,20,5.5291,1,7,0,rejected,1
543,damage,home,karachi,sindh,48466,45,5,6.0161,0,4,1,rejected,1
544,auto,life,hyderabad,sindh,70653,64,11,4.1137,1,2,0,in_review,0
545,auto,others,multan,punjab,66723,58,5,30.6209,0,5,1,approved,0
546,auto,others,gujranwala,punjab,13309,45,36,2.0828,0,4,0,submitted,1
547,life,home,multan,punjab,70224,61,31,2.8223,0,6,0,rejected,1
548,pet_care,auto,karachi,sindh,30780,44,18,4.1538,0,3,2,in_review,0
549,life,home,lahore,punjab,15727,61,44,0.9326,1,6,0,submitted,1
550,pet_care,home,faisalabad,punjab,13079,58,15,0.6622,2,6,2,approved,1
551,pet,others,karachi,sindh,13292,58,21,1.1647,0,2,1,submitted,0
552,theft,life,lahore,punjab,34690,64,17,6.0967,3,5,2,in_review,1
553,pet_care,others,sialkot,punjab,88060,56,31,5.5808,1,6,0,submitted,0
554,damage,home,multan,punjab,13784,58,45,1.8376,0,3,0,in_review,1
555,pet,pet,hyderabad,sindh,15748,44,13,0.892,0,1,1,in_review,0
556,other,auto,peshawar,kpk,39878,45,26,24.3902,0,3,0,in_review,1
557,theft,pet,sialkot,punjab,27431,58,29,1.316,0,2,0,approved,0
558,accident,others,hyderabad,sindh,69517,45,3,5.7234,0,4,0,submitted,0
559,medical,pet,faisalabad,punjab,69557,44,25,32.0244,1,6,0,in_review,0
560,auto,life,abbottabad,kpk,6620,53,23,0.3112,0,3,0,submitted,0
561,auto,life,peshawar,kpk,30416,64,2,3.9989,4,9,0,rejected,1
562,pet,others,faisalabad,punjab,34430,44,30,3.1229,0,1,0,in_review,0
563,pet,pet,gujranwala,punjab,31951,44,42,1.5873,0,4,0,approved,1
564,life,auto,quetta,balochistan,23449,58,20,3.1391,1,4,0,in_review,0
565,damage,auto,rawalpindi,punjab,95156,45,43,23.4201,0,0,0,approved,0
566,life,pet,mardan,kpk,49339,64,39,3.3396,1,6,0,in_review,1
567,damage,home,multan,punjab,180761,64,12,34.9837,0,5,0,rejected,1
568,pet,auto,faisalabad,punjab,59211,64,27,5.2122,0,1,1,submitted,0
569,life,home,islamabad,islamabad,42819,61,36,2.6384,0,0,0,submitted,1
570,life,others,peshawar,kpk,26415,58,39,1.3434,0,0,0,submitted,1
571,pet,home,gujranwala,punjab,28483,64,31,1.2524,0,3,0,in_review,1
572,life,life,hyderabad,sindh,37368,64,43,4.1041,3,9,1,submitted,1
573,pet_care,pet,karachi,sindh,52472,56,30,2.2275,1,3,0,approved,0
574,damage,auto,multan,punjab,43547,58,26,6.5761,0,1,0,approved,0
575,pet_care,life,abbottabad,kpk,37339,61,21,5.5755,0,1,0,rejected,1
576,home,life,quetta,balochistan,93097,45,9,30.7352,1,4,1,approved,0
577,other,others,quetta,balochistan,7000,64,13,1.4469,0,2,1,submitted,0
578,theft,auto,abbottabad,kpk,27006,58,12,2.0127,3,9,1,rejected,1
579,life,life,gujranwala,punjab,18187,61,45,1.0077,0,5,0,submitted,1
580,damage,pet,karachi,sindh,39280,58,1,2.6341,0,0,1,approved,0
581,home,pet,quetta,balochistan,30706,56,2,4.4605,2,2,3,in_review,0
582,pet,life,mardan,kpk,17675,61,9,1.5006,0,1,2,submitted,0
583,auto,auto,gujranwala,punjab,12403,44,8,2.9108,0,4,0,in_review,0
584,damage,home,lahore,punjab,43838,61,19,2.2842,4,4,1,in_review,1
585,pet,life,faisalabad,punjab,30178,58,0,9.8492,0,1,1,rejected,1
586,pet_care,others,abbottabad,kpk,72330,45,15,11.8847,0,4,0,in_review,0
587,damage,pet,islamabad,islamabad,114153,45,28,7.6092,0,4,0,submitted,0
588,other,pet,abbottabad,kpk,31156,56,32,2.0265,0,3,0,approved,1
589,life,pet,lahore,punjab,107705,61,7,16.2231,0,2,0,approved,0
590,theft,life,gujranwala,punjab,20112,56,9,1.4606,1,4,0,in_review,0
591,medical,auto,islamabad,islamabad,34818,64,28,1.9878,1,4,1,rejected,1
592,pet,pet,quetta,balochistan,49186,45,20,3.0281,1,6,0,submitted,0
593,auto,life,sukkur,sindh,101589,64,10,33.8517,1,7,1,in_review,0
594,theft,others,faisalabad,punjab,168362,53,3,21.571,1,5,2,approved,0
595,pet,auto,lahore,punjab,65293,58,45,6.2131,0,4,0,submitted,1
596,life,home,sialkot,punjab,38937,45,5,2.4613,4,8,0,rejected,1
597,theft,auto,gujranwala,punjab,48680,56,20,3.2792,0,0,0,approved,0
598,auto,life,gujranwala,punjab,14618,53,38,1.059,0,6,0,approved,1
599,home,pet,sukkur,sindh,396380,44,1,26.712,1,5,0,rejected,1
600,damage,life,peshawar,kpk,21108,53,32,1.4235,1,2,0,rejected,1
601,pet,pet,sukkur,sindh,48234,58,3,2.9588,0,2,1,submitted,0
602,medical,others,islamabad,islamabad,24278,45,34,1.3323,0,3,0,rejected,1
603,pet_care,pet,multan,punjab,37706,64,43,1.7535,1,7,1,in_review,1
604,home,life,multan,punjab,104327,56,44,6.2977,1,1,0,approved,1
605,damage,pet,sukkur,sindh,136141,45,34,5.5974,1,6,0,approved,1
606,life,home,sialkot,punjab,79817,64,11,5.77,0,2,2,submitted,1
607,accident,life,abbottabad,kpk,28531,44,39,1.1533,2,3,0,submitted,1
608,accident,life,hyderabad,sindh,54395,61,12,2.2139,0,2,0,submitted,0
609,medical,others,abbottabad,kpk,44039,56,37,1.8457,1,2,0,rejected,1
610,pet_care,auto,islamabad,islamabad,73996,58,43,3.1201,0,3,0,approved,1
611,home,pet,islamabad,islamabad,12199,58,29,0.8225,0,6,0,rejected,0
612,auto,others,hyderabad,sindh,8038,53,1,0.6776,4,7,2,rejected,1
613,home,life,faisalabad,punjab,44311,64,27,2.013,1,6,2,in_review,0
614,life,auto,sialkot,punjab,102116,45,15,31.1045,1,5,0,approved,0
615,other,home,faisalabad,punjab,102068,45,44,29.2626,1,1,2,submitted,0
616,other,pet,faisalabad,punjab,67645,61,18,13.9878,0,4,1,rejected,1
617,other,home,hyderabad,sindh,32970,45,39,2.3416,0,5,1,submitted,1
618,other,auto,faisalabad,punjab,89386,56,36,18.3771,1,3,0,submitted,1
619,life,auto,multan,punjab,21689,64,41,3.6082,0,4,1,rejected,1
620,other,life,gujranwala,punjab,163637,56,42,12.0454,0,4,1,approved,1
621,medical,auto,abbottabad,kpk,70891,58,42,8.7585,1,4,0,in_review,1
622,other,life,peshawar,kpk,31261,64,29,2.7621,0,0,0,rejected,1
623,medical,auto,hyderabad,sindh,77666,56,25,6.2821,2,2,0,approved,0
624,pet,home,rawalpindi,punjab,28294,64,23,2.5673,4,5,0,rejected,1
625,pet_care,auto,sialkot,punjab,22296,44,11,1.1335,2,2,1,rejected,1
626,theft,life,multan,punjab,32621,56,23,2.8376,3,9,3,submitted,1
627,theft,home,rawalpindi,punjab,63785,64,24,11.0259,0,3,3,rejected,1
628,other,others,multan,punjab,25003,64,15,1.3128,1,3,1,submitted,0
629,theft,pet,quetta,balochistan,44938,64,24,1.9336,0,3,0,in_review,0
630,life,pet,hyderabad,sindh,51347,64,37,4.989,0,1,0,rejected,1
631,pet_care,pet,karachi,sindh,24002,44,5,1.1869,0,2,0,approved,0
632,other,life,karachi,sindh,33364,64,31,2.049,0,0,0,rejected,1
633,theft,life,faisalabad,punjab,107550,45,41,9.6457,1,2,0,approved,1
634,pet,auto,sialkot,punjab,52077,44,43,6.5563,0,4,3,in_review,0
635,pet_care,life,islamabad,islamabad,75601,64,25,5.8797,0,4,3,rejected,1
636,medical,auto,mardan,kpk,33472,58,35,3.9957,1,4,0,approved,1
637,medical,pet,quetta,balochistan,28957,64,35,1.1882,0,4,1,in_review,1
638,accident,pet,quetta,balochistan,79366,61,26,3.4374,1,4,1,in_review,0
639,accident,others,quetta,balochistan,103101,61,40,40.3526,4,5,2,approved,1
640,medical,pet,faisalabad,punjab,44165,45,19,3.598,0,5,0,approved,0
641,other,pet,lahore,punjab,29089,45,18,3.819,0,2,0,rejected,1
642,auto,pet,rawalpindi,punjab,13567,61,4,2.6457,3,9,0,rejected,1
643,life,auto,peshawar,kpk,187908,58,32,9.2365,0,0,3,submitted,0
644,auto,others,quetta,balochistan,56674,58,31,5.9109,0,0,1,in_review,1
645,life,life,mardan,kpk,76212,61,11,3.0707,0,4,1,submitted,0
646,damage,others,faisalabad,punjab,50046,44,10,3.4766,2,6,0,approved,0
647,medical,pet,karachi,sindh,14380,64,6,0.7331,0,1,0,approved,0
648,theft,pet,karachi,sindh,30906,56,7,2.4221,0,5,0,submitted,1
649,pet,auto,mardan,kpk,68585,45,1,4.329,0,0,0,submitted,0
650,accident,life,rawalpindi,punjab,27454,53,2,1.7224,0,0,1,approved,0
651,pet_care,pet,lahore,punjab,28164,64,5,1.3347,0,0,0,rejected,1
652,theft,auto,faisalabad,punjab,19621,45,26,0.8435,2,4,0,rejected,1
653,pet,pet,karachi,sindh,22877,56,20,4.1915,0,5,0,submitted,0
654,medical,home,abbottabad,kpk,52411,53,4,4.9333,0,6,0,approved,0
655,other,auto,gujranwala,punjab,93063,56,44,20.2135,0,5,1,in_review,1
656,life,home,sialkot,punjab,54384,53,24,26.1713,0,5,3,rejected,0
657,theft,life,multan,punjab,103215,56,3,6.6415,0,2,0,submitted,0
658,accident,auto,mardan,kpk,140928,56,21,6.68,0,5,1,approved,0
659,auto,life,quetta,balochistan,7583,53,21,3.3317,0,0,2,rejected,1
660,medical,others,islamabad,islamabad,37820,64,40,2.7014,0,3,0,rejected,0
661,damage,auto,rawalpindi,punjab,11887,53,13,2.638,0,3,1,in_review,0
662,medical,auto,karachi,sindh,45913,58,36,6.3059,3,4,0,submitted,1
663,home,pet,karachi,sindh,33579,61,39,4.7991,1,7,2,submitted,0
664,auto,pet,islamabad,islamabad,43194,44,11,10.2186,0,2,0,submitted,0
665,life,home,sialkot,punjab,54856,64,12,9.1778,0,4,1,in_review,0
666,auto,pet,mardan,kpk,28038,45,37,2.0425,0,0,3,approved,1
667,other,auto,multan,punjab,65925,58,45,4.1735,1,3,0,submitted,1
668,medical,auto,hyderabad,sindh,100612,64,45,38.2555,1,6,0,submitted,1
669,damage,life,multan,punjab,51974,64,10,2.448,0,0,0,submitted,0
670,other,home,sukkur,sindh,72834,44,27,9.475,1,5,3,submitted,0
671,auto,home,faisalabad,punjab,63178,44,9,2.8273,1,6,0,in_review,1
672,damage,pet,lahore,punjab,40601,56,27,8.6866,0,1,1,rejected,1
673,pet,home,hyderabad,sindh,65908,56,3,3.2819,2,3,0,submitted,0
674,other,home,islamabad,islamabad,17513,45,24,0.7834,0,2,0,rejected,1
675,theft,home,lahore,punjab,9866,61,0,0.9656,1,7,0,submitted,0
676,home,others,karachi,sindh,5906,53,20,0.4714,3,8,0,approved,1
677,home,home,lahore,punjab,94503,64,8,5.7372,1,7,0,rejected,1
678,other,pet,sukkur,sindh,17159,64,2,1.1411,1,2,0,submitted,0
679,theft,life,karachi,sindh,24455,64,9,1.43,0,6,0,submitted,0
680,life,home,hyderabad,sindh,39457,45,10,1.6998,0,5,0,in_review,0
681,pet_care,auto,mardan,kpk,79809,58,34,8.0283,0,5,0,rejected,1
682,other,home,abbottabad,kpk,18544,61,24,1.4549,2,3,0,in_review,0
683,theft,life,mardan,kpk,14221,61,20,0.6803,1,1,0,rejected,1
684,auto,life,quetta,balochistan,6529,53,37,0.485,0,0,0,submitted,1
685,pet_care,auto,hyderabad,sindh,30598,64,9,1.2867,1,3,0,approved,0
686,other,pet,abbottabad,kpk,35384,64,24,4.1298,4,6,0,rejected,1
687,medical,home,islamabad,islamabad,273955,56,19,37.1918,4,8,0,submitted,1
688,home,pet,karachi,sindh,38559,53,44,10.0075,1,5,0,rejected,1
689,other,home,islamabad,islamabad,15124,56,36,0.611,0,3,0,rejected,1
690,medical,home,sialkot,punjab,88226,56,27,4.3327,3,3,0,submitted,1
691,accident,home,sukkur,sindh,23377,61,9,1.0252,0,0,0,submitted,0
692,other,auto,abbottabad,kpk,48511,61,29,3.5153,0,5,0,approved,0
693,theft,home,hyderabad,sindh,61795,58,1,2.7444,0,5,0,rejected,1
694,auto,life,peshawar,kpk,48990,45,31,8.7435,0,4,0,approved,1
695,medical,home,rawalpindi,punjab,32247,56,2,1.5261,1,6,0,in_review,0
696,accident,home,faisalabad,punjab,50255,44,2,2.7788,1,4,0,submitted,0
697,pet,life,peshawar,kpk,38269,64,42,1.9998,0,1,0,rejected,1
698,other,others,multan,punjab,28291,61,39,1.3542,0,2,0,rejected,1
699,theft,life,abbottabad,kpk,10564,53,17,0.6843,1,5,0,rejected,1
700,damage,life,quetta,balochistan,21287,45,34,1.3551,1,4,0,approved,1
701,home,life,rawalpindi,punjab,24650,61,14,2.7706,3,9,2,rejected,1
702,pet_care,others,islamabad,islamabad,13917,44,36,0.7933,1,5,0,approved,1
703,auto,auto,sialkot,punjab,169893,61,38,7.1655,0,1,0,rejected,1
704,damage,pet,peshawar,kpk,13494,58,45,1.3151,0,2,1,in_review,1
705,auto,others,mardan,kpk,5000,61,19,0.5558,1,7,0,approved,1
706,medical,home,rawalpindi,punjab,42825,61,0,2.1043,1,6,0,submitted,0
707,pet,home,karachi,sindh,272330,61,0,139.2992,1,6,0,approved,1
708,damage,others,multan,punjab,56650,58,27,7.8376,0,2,3,in_review,0
709,medical,others,islamabad,islamabad,19397,53,16,3.6175,0,5,0,rejected,1
710,pet,home,hyderabad,sindh,8833,64,19,0.4063,0,2,2,rejected,1
711,accident,home,karachi,sindh,13471,61,9,0.7644,0,3,0,in_review,0
712,auto,life,gujranwala,punjab,31720,45,17,2.3596,4,9,1,rejected,1
713,auto,home,sialkot,punjab,20445,56,2,0.8264,0,5,0,approved,0
714,medical,pet,abbottabad,kpk,11476,56,31,1.1241,0,6,1,submitted,1
715,auto,auto,faisalabad,punjab,60910,64,22,12.0997,1,2,0,in_review,0
716,other,home,karachi,sindh,19296,53,27,1.1196,1,6,0,rejected,1
717,theft,life,mardan,kpk,56947,45,30,5.9289,1,5,0,rejected,1
718,other,auto,multan,punjab,26992,64,5,4.9554,0,4,0,rejected,1
719,auto,pet,lahore,punjab,32249,44,7,1.7712,0,2,1,rejected,1
720,accident,auto,lahore,punjab,15641,45,38,10.3105,0,2,2,in_review,1
721,theft,home,abbottabad,kpk,124329,64,8,63.8567,0,6,0,in_review,0
722,pet_care,auto,peshawar,kpk,60017,53,2,4.2614,0,3,2,approved,0
723,other,life,gujranwala,punjab,51869,61,12,3.0443,1,3,2,in_review,0
724,life,home,karachi,sindh,34348,64,32,9.2383,0,2,0,rejected,1
725,other,home,quetta,balochistan,35723,45,32,1.4741,0,6,0,submitted,1
726,pet_care,auto,rawalpindi,punjab,18562,64,44,11.4793,2,8,0,in_review,1
727,medical,life,mardan,kpk,40020,53,2,3.8862,0,5,0,in_review,0
728,pet_care,home,abbottabad,kpk,6723,64,40,0.696,0,5,2,in_review,1
729,auto,others,gujranwala,punjab,11239,56,17,0.926,0,0,0,approved,0
730,auto,life,islamabad,islamabad,57624,53,28,2.6169,0,1,0,submitted,0
731,medical,pet,sialkot,punjab,19863,53,11,3.1231,1,6,0,in_review,1
732,damage,auto,islamabad,islamabad,51854,45,9,3.5967,0,3,2,submitted,0
733,pet,auto,mardan,kpk,46927,45,1,24.8818,2,8,1,approved,0
734,theft,life,rawalpindi,punjab,76193,45,0,3.4542,0,6,0,approved,0
735,life,others,hyderabad,sindh,20522,64,15,2.9981,0,2,0,approved,1
736,accident,home,sukkur,sindh,20943,56,24,1.8661,0,2,0,submitted,0
737,theft,pet,rawalpindi,punjab,25217,45,21,4.9368,0,0,2,rejected,1
738,pet,life,peshawar,kpk,50312,44,42,6.7605,1,3,0,approved,1
739,life,life,gujranwala,punjab,322578,56,9,13.003,0,3,0,submitted,0
740,theft,others,karachi,sindh,16148,56,8,1.5198,1,3,0,submitted,0
741,auto,others,quetta,balochistan,9901,53,41,0.4428,0,4,0,submitted,1
742,medical,pet,faisalabad,punjab,73237,53,44,3.5661,1,2,0,rejected,1
743,accident,life,sukkur,sindh,12770,44,8,0.7499,0,6,1,submitted,0
744,medical,home,mardan,kpk,5205,61,9,0.8653,1,6,3,in_review,1
745,theft,others,faisalabad,punjab,11582,53,5,0.6764,0,4,1,submitted,0
746,damage,pet,mardan,kpk,129420,58,19,21.2477,0,2,0,approved,0
747,damage,home,abbottabad,kpk,44118,64,10,17.2876,0,3,0,submitted,0
748,pet_care,others,sukkur,sindh,63630,44,10,5.5196,4,8,0,rejected,1
749,auto,others,lahore,punjab,14229,45,35,1.6406,2,5,0,submitted,1
750,damage,home,quetta,balochistan,48106,45,6,3.5186,0,4,1,in_review,1
751,pet_care,auto,sukkur,sindh,6865,53,19,1.3763,1,6,2,rejected,1
752,other,others,lahore,punjab,155615,64,3,7.7917,0,2,0,in_review,0
753,auto,others,multan,punjab,149867,45,8,12.6963,0,5,0,rejected,0
754,auto,pet,peshawar,kpk,24786,45,29,9.0958,2,2,2,rejected,1
755,damage,auto,sukkur,sindh,42421,56,28,2.3032,0,2,0,submitted,1
756,auto,auto,multan,punjab,65875,58,5,3.0638,0,2,0,in_review,0
757,pet_care,others,sialkot,punjab,16769,44,29,1.2821,4,6,1,submitted,1
758,damage,home,peshawar,kpk,12461,56,43,0.7121,0,4,1,in_review,1
759,auto,others,hyderabad,sindh,73290,45,9,7.2478,0,1,0,approved,0
760,life,home,sialkot,punjab,32707,45,29,1.9509,0,5,0,submitted,0
761,medical,pet,sialkot,punjab,33823,45,30,9.3641,0,0,0,submitted,0
762,medical,life,peshawar,kpk,20719,61,1,8.2023,0,5,0,rejected,0
763,auto,home,gujranwala,punjab,31912,44,13,1.2849,0,0,0,submitted,0
764,pet_care,auto,multan,punjab,135444,56,34,10.463,3,6,0,submitted,1
765,pet,others,multan,punjab,82110,64,9,20.2791,1,7,2,in_review,1
766,life,auto,hyderabad,sindh,26861,58,0,2.2633,3,9,0,submitted,1
767,other,home,lahore,punjab,57930,56,44,6.6871,1,2,0,rejected,1
768,other,home,sialkot,punjab,37210,58,44,2.7727,1,4,0,in_review,1
769,pet,pet,sukkur,sindh,17601,64,27,1.4076,0,4,0,submitted,0
770,auto,life,mardan,kpk,55267,58,40,2.5319,0,6,0,in_review,1
771,medical,auto,quetta,balochistan,39733,45,30,2.4232,0,6,2,submitted,0
772,auto,home,sialkot,punjab,36898,44,42,4.1754,0,6,2,rejected,0
773,auto,home,lahore,punjab,15437,64,33,6.5411,0,4,3,rejected,1
774,auto,auto,peshawar,kpk,30525,61,36,1.3497,0,5,0,rejected,1
775,home,others,rawalpindi,punjab,8669,45,8,0.5476,1,7,0,in_review,0
776,damage,life,multan,punjab,11893,56,40,2.611,0,5,0,approved,1
777,accident,auto,hyderabad,sindh,49827,53,15,2.2354,0,4,1,submitted,0
778,accident,life,faisalabad,punjab,62574,45,37,10.0747,0,4,0,rejected,1
779,damage,home,faisalabad,punjab,21996,61,1,1.2431,0,5,0,submitted,0
780,home,pet,quetta,balochistan,11538,64,38,1.702,0,2,3,submitted,1
781,other,others,lahore,punjab,37988,53,7,5.6783,1,5,0,rejected,1
782,home,home,multan,punjab,25815,56,44,10.4684,0,3,0,approved,1
783,pet,life,hyderabad,sindh,5768,44,12,0.325,0,5,1,in_review,0
784,theft,others,quetta,balochistan,8840,61,31,0.426,2,5,0,in_review,1
785,other,home,peshawar,kpk,28222,45,23,2.0085,0,0,2,in_review,0
786,pet_care,others,islamabad,islamabad,159705,64,25,7.0547,0,6,0,rejected,1
787,theft,auto,abbottabad,kpk,14815,64,7,1.0831,0,0,1,rejected,1
788,home,auto,sukkur,sindh,23304,53,33,6.3499,0,2,1,approved,1
789,auto,pet,sialkot,punjab,35960,61,17,2.9994,0,3,0,in_review,0
790,medical,others,lahore,punjab,40844,44,29,3.7679,0,3,0,approved,0
791,accident,home,hyderabad,sindh,86741,44,19,18.7914,0,2,0,in_review,0
792,accident,pet,gujranwala,punjab,158706,45,41,6.5255,2,6,0,rejected,0
793,accident,auto,faisalabad,punjab,274719,56,14,22.7435,0,5,2,in_review,0
794,pet,home,mardan,kpk,6468,64,7,2.0087,3,3,0,submitted,1
795,damage,auto,peshawar,kpk,15333,61,9,0.9239,1,6,0,rejected,1
796,life,life,sialkot,punjab,20434,45,18,1.18,0,6,1,rejected,1
797,theft,pet,lahore,punjab,66540,64,6,7.8634,0,4,1,in_review,0
798,pet_care,pet,abbottabad,kpk,66200,53,8,10.113,2,5,3,rejected,1
799,medical,home,gujranwala,punjab,17183,45,36,1.1185,0,0,1,rejected,0
800,life,auto,gujranwala,punjab,33583,44,22,13.7861,0,4,0,submitted,0
801,auto,others,karachi,sindh,22936,45,23,1.2642,0,3,1,submitted,0
802,medical,pet,rawalpindi,punjab,15043,61,33,0.7175,0,0,0,approved,1
803,accident,home,peshawar,kpk,15335,53,17,1.5002,2,7,1,submitted,0
804,medical,life,hyderabad,sindh,19191,44,40,2.329,1,3,1,approved,1
805,other,pet,mardan,kpk,207804,64,10,18.0636,1,2,0,submitted,0
806,accident,pet,karachi,sindh,73853,64,0,5.9339,3,7,0,rejected,1
807,accident,home,peshawar,kpk,38057,45,9,1.6002,0,6,1,submitted,0
808,home,others,gujranwala,punjab,35143,64,0,1.5123,0,2,2,submitted,0
809,pet,home,rawalpindi,punjab,182559,64,9,12.2154,0,1,0,submitted,0
810,theft,auto,karachi,sindh,15776,58,40,0.7033,4,8,0,in_review,1
811,auto,others,karachi,sindh,26715,64,33,2.5317,2,2,0,submitted,1
812,home,life,faisalabad,punjab,36124,56,29,20.3745,0,2,0,rejected,1
813,pet_care,home,quetta,balochistan,15942,58,3,1.4289,0,3,0,approved,1
814,damage,life,gujranwala,punjab,109586,45,9,6.1054,1,2,3,rejected,1
815,theft,life,multan,punjab,34058,61,43,13.3404,0,0,2,in_review,1
816,damage,others,karachi,sindh,18746,44,12,0.7894,0,2,0,submitted,0
817,auto,pet,faisalabad,punjab,41528,64,32,6.8744,0,3,0,submitted,1
818,pet,home,quetta,balochistan,44259,44,39,2.8943,0,6,0,submitted,1
819,life,others,hyderabad,sindh,15083,45,41,4.5985,0,0,1,submitted,1
820,accident,home,mardan,kpk,102047,53,3,4.9403,0,4,1,submitted,0
821,damage,life,abbottabad,kpk,127241,45,12,10.8874,0,1,0,approved,0
822,medical,auto,faisalabad,punjab,8224,64,25,0.4831,3,5,0,rejected,1
823,pet,life,islamabad,islamabad,265646,45,39,12.311,0,5,0,rejected,1
824,medical,auto,sukkur,sindh,41672,44,18,1.7061,1,5,0,in_review,0
825,theft,pet,karachi,sindh,17016,61,7,1.1035,0,2,0,submitted,1
826,home,auto,hyderabad,sindh,7914,53,32,0.4791,0,5,0,approved,1
827,damage,life,abbottabad,kpk,15196,44,8,0.7616,1,6,0,submitted,1
828,life,pet,hyderabad,sindh,64792,44,32,3.0345,0,2,0,in_review,1
829,auto,home,lahore,punjab,69315,45,6,28.0969,0,5,0,rejected,1
830,medical,home,rawalpindi,punjab,71757,64,4,5.0946,1,1,0,approved,0
831,home,others,abbottabad,kpk,95162,58,44,38.6053,0,5,0,rejected,1
832,life,pet,abbottabad,kpk,7018,53,27,0.6454,0,0,0,approved,0
833,damage,home,sialkot,punjab,79074,56,21,5.3177,1,6,0,submitted,0
834,medical,others,islamabad,islamabad,36389,56,35,2.1376,2,5,0,submitted,1
835,other,home,rawalpindi,punjab,25509,64,14,1.3827,1,3,0,in_review,0
836,pet_care,pet,mardan,kpk,80220,44,39,6.0649,0,0,0,approved,1
837,pet_care,home,lahore,punjab,31201,56,3,2.4808,0,6,1,approved,0
838,theft,others,peshawar,kpk,28109,45,26,1.1455,2,5,2,in_review,0
839,theft,home,hyderabad,sindh,18903,44,30,1.0425,1,2,0,approved,1
840,medical,others,peshawar,kpk,106071,58,35,7.614,0,6,0,rejected,1
841,auto,others,rawalpindi,punjab,14308,64,23,2.7063,0,3,2,rejected,1
842,other,home,multan,punjab,103564,53,0,6.8882,2,2,0,submitted,0
843,accident,life,sialkot,punjab,49865,56,18,2.3478,1,4,0,approved,1
844,pet,auto,hyderabad,sindh,63880,58,14,2.5958,1,3,1,in_review,0
845,medical,others,gujranwala,punjab,67167,64,3,5.6216,2,7,2,submitted,0
846,medical,auto,islamabad,islamabad,7244,45,13,0.3901,0,6,1,approved,0
847,life,pet,faisalabad,punjab,36252,61,17,16.5007,0,0,0,submitted,0
848,auto,pet,hyderabad,sindh,18297,61,42,6.1919,0,5,0,in_review,1
849,other,life,islamabad,islamabad,117131,64,1,11.5948,1,5,0,submitted,0
850,accident,home,sukkur,sindh,39860,44,36,2.8037,0,3,0,rejected,1
851,accident,life,quetta,balochistan,15607,61,21,0.6539,0,2,0,in_review,0
852,other,home,faisalabad,punjab,42430,56,16,3.6717,0,0,0,submitted,1
853,home,pet,abbottabad,kpk,92634,64,39,4.6932,3,6,0,in_review,1
854,life,auto,multan,punjab,49704,64,41,2.2436,0,4,1,in_review,0
855,medical,home,mardan,kpk,38768,64,15,3.8815,0,4,0,approved,0
856,home,others,sialkot,punjab,25278,56,18,1.0614,0,4,1,in_review,0
857,home,pet,gujranwala,punjab,11545,56,18,0.5277,2,2,0,rejected,1
858,pet,others,quetta,balochistan,23195,56,42,1.1285,0,5,0,approved,1
859,medical,others,sukkur,sindh,77367,45,34,3.8069,2,6,1,submitted,1
860,pet,pet,sialkot,punjab,11985,64,15,1.1613,0,6,3,rejected,1
861,theft,auto,hyderabad,sindh,26131,45,32,1.75,2,7,0,rejected,1
862,auto,auto,peshawar,kpk,86727,56,26,15.4731,1,7,0,in_review,0
863,auto,pet,sukkur,sindh,49984,56,12,7.8566,2,2,0,submitted,0
864,pet,pet,mardan,kpk,25806,56,4,5.3662,0,4,2,submitted,0
865,auto,others,multan,punjab,22448,45,21,0.9041,4,4,0,in_review,1
866,auto,pet,mardan,kpk,19493,56,8,1.2356,1,5,2,approved,0
867,accident,others,peshawar,kpk,59358,58,20,4.3581,0,5,0,approved,0
868,life,life,lahore,punjab,38464,61,32,1.9246,0,3,0,rejected,1
869,accident,auto,karachi,sindh,23408,45,10,1.2645,0,3,0,rejected,1
870,pet_care,others,quetta,balochistan,18054,56,32,3.6275,0,0,2,rejected,0
871,accident,life,multan,punjab,178202,56,28,16.6001,2,4,2,approved,0
872,auto,pet,gujranwala,punjab,54435,45,22,12.5253,1,2,1,in_review,0
873,home,life,hyderabad,sindh,110076,64,4,4.9664,2,2,0,in_review,0
874,pet,home,abbottabad,kpk,52275,58,9,2.3703,2,7,0,rejected,1
875,theft,others,islamabad,islamabad,40645,64,11,4.7717,0,2,0,rejected,1
876,life,others,abbottabad,kpk,207731,61,31,28.0718,1,5,0,approved,1
877,pet_care,pet,hyderabad,sindh,18432,58,11,1.5155,3,8,0,submitted,1
878,life,pet,peshawar,kpk,48907,53,17,3.2605,2,8,0,in_review,0
879,home,pet,karachi,sindh,31063,44,3,1.9437,0,1,0,approved,0
880,auto,auto,peshawar,kpk,46734,64,7,6.7176,0,4,0,approved,0
881,theft,life,sialkot,punjab,13872,61,10,0.7071,2,3,0,rejected,1
882,home,pet,multan,punjab,26744,44,10,1.3632,0,1,0,rejected,0
883,theft,pet,abbottabad,kpk,24635,61,4,1.6838,0,5,1,rejected,1
884,other,pet,multan,punjab,23144,44,19,1.0842,0,0,0,submitted,0
885,auto,home,multan,punjab,43576,53,44,2.9415,0,3,1,in_review,1
886,theft,pet,multan,punjab,122690,58,14,6.0039,0,4,0,in_review,0
887,theft,home,sukkur,sindh,42507,58,25,6.0328,0,6,0,rejected,0
888,life,life,karachi,sindh,341592,64,2,29.1834,1,5,0,approved,0
889,medical,others,quetta,balochistan,40233,53,41,2.2972,0,5,0,approved,1
890,auto,home,karachi,sindh,58299,56,7,10.282,0,6,3,approved,0
891,life,auto,abbottabad,kpk,33564,61,35,1.7959,0,2,0,in_review,1
892,pet_care,others,sialkot,punjab,144187,56,10,6.6584,0,5,0,in_review,0
893,pet_care,pet,hyderabad,sindh,363167,56,8,43.229,0,6,0,in_review,0
894,damage,pet,faisalabad,punjab,25396,45,44,15.0897,0,2,0,submitted,1
895,theft,life,abbottabad,kpk,89640,53,0,4.5222,0,6,2,submitted,0
896,pet_care,life,peshawar,kpk,167353,53,41,11.3737,0,1,0,rejected,1
897,pet_care,others,faisalabad,punjab,110275,64,24,19.5142,1,7,0,in_review,0
898,other,pet,multan,punjab,44673,64,30,6.3746,0,0,0,submitted,0
899,life,life,gujranwala,punjab,61620,61,25,3.4432,1,6,0,in_review,0
900,home,others,faisalabad,punjab,278700,58,35,13.0618,0,6,0,approved,1
901,auto,life,rawalpindi,punjab,68814,53,27,29.5593,1,2,0,rejected,1
902,accident,auto,hyderabad,sindh,37811,64,19,2.837,0,2,2,approved,0
903,accident,life,abbottabad,kpk,56078,64,3,3.2628,2,5,3,submitted,0
904,life,others,quetta,balochistan,74522,56,11,15.1962,0,6,1,approved,0
905,accident,life,faisalabad,punjab,5000,64,41,0.2587,0,5,1,in_review,1
906,damage,others,mardan,kpk,55511,61,25,4.1116,2,7,0,rejected,1
907,pet,auto,mardan,kpk,11452,53,17,1.1187,1,4,0,approved,0
908,pet,life,faisalabad,punjab,26425,58,5,2.0827,0,0,0,approved,0
909,other,home,quetta,balochistan,64198,58,23,9.1087,0,5,2,in_review,0
910,medical,auto,gujranwala,punjab,27962,56,17,8.6116,1,4,0,rejected,1
911,medical,auto,gujranwala,punjab,54981,64,31,5.4992,1,3,1,submitted,1
912,damage,home,islamabad,islamabad,24785,61,13,1.1987,0,6,0,in_review,0
913,pet,others,islamabad,islamabad,18010,45,2,1.7465,0,5,0,rejected,1
914,home,life,peshawar,kpk,431813,45,20,31.1037,1,7,2,rejected,1
915,home,life,abbottabad,kpk,17111,58,10,3.5775,0,6,0,submitted,0
916,auto,pet,hyderabad,sindh,19742,58,21,2.0823,1,3,0,rejected,1
917,pet,home,karachi,sindh,31015,56,32,2.0068,3,7,3,rejected,1
918,other,auto,rawalpindi,punjab,103913,64,9,4.4717,0,1,0,rejected,1
919,damage,life,gujranwala,punjab,25460,64,9,6.1602,0,1,0,submitted,0
920,auto,auto,hyderabad,sindh,25437,45,15,1.0869,0,2,1,rejected,1
921,home,life,islamabad,islamabad,67383,45,25,2.854,0,5,1,approved,0
922,other,auto,quetta,balochistan,26740,61,0,2.9049,2,7,0,submitted,0
923,medical,life,karachi,sindh,17749,56,27,3.9077,0,3,0,submitted,1
924,auto,auto,rawalpindi,punjab,198457,45,29,13.6415,0,5,0,submitted,0
925,accident,auto,sialkot,punjab,43791,64,29,7.6584,0,5,0,approved,0
926,pet_care,home,peshawar,kpk,36847,64,45,2.2669,2,4,0,rejected,1
927,pet,pet,islamabad,islamabad,16801,58,39,0.7116,0,3,0,approved,1
928,life,life,lahore,punjab,53364,44,21,2.5246,1,1,0,rejected,1
929,auto,home,hyderabad,sindh,26267,64,7,2.1642,1,5,1,rejected,1
930,pet,home,rawalpindi,punjab,52090,64,17,8.3491,4,9,0,submitted,0
931,home,life,lahore,punjab,66924,61,6,10.6094,0,5,0,in_review,0
932,accident,auto,mardan,kpk,137260,61,5,13.8423,3,9,0,in_review,1
933,other,others,sukkur,sindh,49777,58,36,5.2469,0,3,0,rejected,1
934,accident,others,karachi,sindh,53013,53,26,7.1264,0,3,0,in_review,0
935,other,life,faisalabad,punjab,8433,45,14,0.9636,1,6,1,submitted,0
936,other,life,sukkur,sindh,33351,64,21,2.3407,0,6,0,submitted,0
937,life,auto,sukkur,sindh,15751,64,25,0.6465,1,5,3,submitted,0
938,home,home,multan,punjab,27304,58,20,1.4483,1,1,0,rejected,1
939,other,pet,karachi,sindh,62442,53,31,27.5439,0,4,0,approved,1
940,medical,auto,faisalabad,punjab,5000,61,25,0.2475,0,1,0,in_review,0
941,home,home,abbottabad,kpk,19813,53,25,0.8253,2,5,1,in_review,0
942,life,auto,islamabad,islamabad,311258,56,41,42.5216,1,1,0,submitted,1
943,auto,auto,abbottabad,kpk,44939,45,39,18.335,1,6,0,approved,1
944,medical,auto,peshawar,kpk,34623,64,23,1.5741,1,7,0,rejected,1
945,damage,pet,sialkot,punjab,94904,45,18,10.1599,2,3,0,submitted,0
946,other,pet,multan,punjab,156471,64,7,21.4491,2,3,0,approved,1
947,accident,pet,islamabad,islamabad,11637,45,16,0.628,1,5,0,approved,0
948,accident,life,quetta,balochistan,229642,64,2,15.7786,0,4,0,submitted,0
949,theft,home,rawalpindi,punjab,93694,56,7,9.2757,0,5,0,rejected,1
950,medical,life,faisalabad,punjab,46020,58,45,3.7372,1,7,0,in_review,1
951,home,pet,mardan,kpk,47086,56,8,4.7318,0,0,0,in_review,0
952,pet_care,life,mardan,kpk,42201,58,45,6.3109,1,2,1,rejected,1
953,pet_care,pet,gujranwala,punjab,42230,44,0,1.8882,0,4,1,submitted,0
954,damage,life,abbottabad,kpk,47555,64,33,7.1977,0,3,0,submitted,1
955,auto,home,abbottabad,kpk,25530,56,14,7.0505,0,6,1,approved,0
956,home,pet,hyderabad,sindh,90986,53,14,4.5136,0,0,0,approved,0
957,pet,home,gujranwala,punjab,38687,58,3,1.9708,1,2,0,rejected,1
958,medical,auto,mardan,kpk,22014,45,12,1.3387,2,3,0,approved,0
959,medical,others,quetta,balochistan,34930,64,3,1.7,1,1,0,approved,0
960,life,auto,faisalabad,punjab,51201,64,19,2.6568,1,7,2,submitted,0
961,medical,others,quetta,balochistan,50255,44,0,2.2531,1,5,0,rejected,1
962,life,others,gujranwala,punjab,5000,64,15,0.2208,0,4,0,submitted,0
963,damage,pet,lahore,punjab,125284,56,31,10.4761,0,6,0,in_review,1
964,life,life,abbottabad,kpk,39061,53,6,1.6269,0,4,0,submitted,0
965,pet_care,others,multan,punjab,53768,61,12,2.6605,1,7,0,rejected,1
966,pet,pet,abbottabad,kpk,274910,53,17,13.0885,3,6,2,in_review,1
967,pet_care,life,mardan,kpk,76302,61,19,5.8259,1,7,0,submitted,1
968,auto,life,abbottabad,kpk,7421,64,18,1.2196,0,3,1,in_review,0
969,medical,auto,peshawar,kpk,31972,53,4,1.7782,0,5,0,submitted,0
970,accident,pet,mardan,kpk,35320,61,38,1.4329,0,0,0,in_review,1
971,life,life,faisalabad,punjab,10880,56,26,0.6415,2,6,0,rejected,1
972,life,auto,sialkot,punjab,44890,44,35,2.2149,1,2,1,approved,1
973,home,life,quetta,balochistan,59055,58,20,3.666,0,2,0,in_review,0
974,accident,auto,faisalabad,punjab,28906,64,31,1.2822,2,2,2,in_review,0
975,auto,home,sukkur,sindh,87714,64,36,7.1797,1,6,0,approved,1
976,theft,others,rawalpindi,punjab,193447,45,12,10.5559,1,4,1,submitted,0
977,damage,life,faisalabad,punjab,51315,61,33,6.8851,2,5,0,approved,1
978,auto,home,lahore,punjab,26296,64,14,2.9613,0,5,0,in_review,0
979,other,auto,multan,punjab,20860,64,1,3.2809,1,5,0,approved,0
980,home,auto,abbottabad,kpk,20942,53,17,2.5104,3,4,1,approved,1
981,life,home,islamabad,islamabad,72474,58,3,5.2552,0,1,0,submitted,0
982,theft,home,rawalpindi,punjab,11529,64,38,0.6369,1,3,0,rejected,1
983,pet,life,hyderabad,sindh,46386,64,1,4.7021,0,3,0,approved,0
984,pet_care,home,karachi,sindh,6002,58,24,0.2625,0,2,1,in_review,1
985,medical,auto,peshawar,kpk,18390,58,44,10.1997,1,1,0,rejected,1
986,pet_care,life,peshawar,kpk,85765,56,11,5.6821,1,7,0,in_review,0
987,theft,auto,lahore,punjab,16879,44,23,0.9481,1,1,1,in_review,1
988,life,home,mardan,kpk,22632,56,33,3.6333,0,0,0,rejected,1
989,theft,home,hyderabad,sindh,38774,64,38,2.3193,0,3,2,in_review,1
990,pet,life,peshawar,kpk,68841,53,36,2.9415,0,4,0,rejected,1
991,theft,home,mardan,kpk,15167,53,15,1.0295,0,5,0,in_review,0
992,life,others,sukkur,sindh,101055,64,8,5.4811,0,5,0,approved,0
993,auto,home,quetta,balochistan,128373,56,15,16.0788,0,0,0,submitted,0
994,medical,others,karachi,sindh,145975,58,16,8.9478,0,2,0,in_review,0
995,damage,life,sialkot,punjab,78626,64,6,4.5009,1,3,0,in_review,0
996,accident,others,rawalpindi,punjab,16705,45,7,3.6323,1,3,0,in_review,0
997,auto,others,faisalabad,punjab,122680,53,9,6.8012,1,2,1,in_review,0
998,damage,others,islamabad,islamabad,44072,53,23,2.3337,1,5,0,rejected,1
999,damage,others,multan,punjab,119956,64,17,4.8052,3,6,0,submitted,1
1000,life,life,rawalpindi,punjab,41153,45,39,3.6322,0,3,0,submitted,1
1001,medical,pet,quetta,balochistan,52594,53,12,7.8218,2,2,0,in_review,0
1002,auto,home,mardan,kpk,27813,64,20,1.3437,1,5,0,approved,0
1003,other,pet,multan,punjab,21244,58,34,0.9181,0,6,2,in_review,1
1004,accident,pet,islamabad,islamabad,11842,56,37,1.1998,2,7,1,submitted,1
1005,medical,others,faisalabad,punjab,46161,58,42,10.4864,2,5,0,approved,1
1006,pet_care,life,gujranwala,punjab,37079,64,16,1.6494,0,0,1,submitted,0
1007,life,auto,peshawar,kpk,48310,58,45,3.0745,1,7,0,submitted,0
1008,theft,others,islamabad,islamabad,189476,53,7,8.3991,0,5,1,submitted,0
1009,accident,life,abbottabad,kpk,129917,64,33,8.1581,3,9,1,submitted,1
1010,accident,auto,peshawar,kpk,202877,64,16,27.3345,2,4,0,rejected,1
1011,accident,life,hyderabad,sindh,64436,64,35,2.64,1,7,0,rejected,1
1012,theft,life,sialkot,punjab,49166,64,14,2.2659,2,2,2,approved,0
1013,home,others,hyderabad,sindh,16566,58,16,0.7378,0,6,0,in_review,0
1014,damage,life,lahore,punjab,18130,44,32,3.519,1,5,0,approved,1
1015,theft,others,abbottabad,kpk,68637,64,21,4.6505,0,3,0,in_review,0
1016,theft,life,multan,punjab,70809,44,9,4.4253,0,1,1,rejected,1
1017,medical,pet,abbottabad,kpk,16670,58,1,1.9438,2,5,0,rejected,1
1018,pet,others,karachi,sindh,119728,44,24,5.4291,1,3,1,in_review,0
1019,home,auto,sialkot,punjab,38864,58,32,2.0235,0,0,1,rejected,1
1020,pet,auto,hyderabad,sindh,40990,58,39,3.9727,0,3,0,rejected,0
1021,life,others,abbottabad,kpk,116745,56,45,34.4889,0,2,0,in_review,1
1022,accident,others,hyderabad,sindh,30940,44,43,1.9812,0,4,1,submitted,1
1023,pet,others,sialkot,punjab,94121,45,4,54.658,0,5,0,rejected,1
1024,other,auto,islamabad,islamabad,61596,61,6,8.2813,1,6,0,submitted,0
1025,life,auto,islamabad,islamabad,17843,61,11,1.3996,2,5,0,in_review,0
1026,medical,life,abbottabad,kpk,11177,44,6,0.5025,0,4,0,approved,0
1027,theft,auto,lahore,punjab,11872,64,19,0.6302,2,6,0,approved,0
1028,medical,others,hyderabad,sindh,342592,56,6,45.9485,1,5,0,submitted,0
1029,damage,others,rawalpindi,punjab,144767,44,7,9.0001,3,3,0,rejected,1
1030,damage,home,hyderabad,sindh,157000,58,24,20.0536,3,8,0,in_review,1
1031,damage,auto,islamabad,islamabad,16191,64,22,0.9209,2,5,1,approved,0
1032,theft,life,sukkur,sindh,46521,53,25,2.3321,0,1,0,rejected,1
1033,auto,pet,karachi,sindh,9023,61,39,0.6512,0,6,1,approved,1
1034,accident,auto,faisalabad,punjab,41486,64,20,3.5878,0,0,3,submitted,0
1035,pet,home,islamabad,islamabad,37989,64,23,1.5883,2,2,0,rejected,1
1036,home,home,mardan,kpk,35702,64,39,4.3694,0,3,0,approved,1
1037,accident,auto,abbottabad,kpk,81033,64,25,6.5678,0,4,0,in_review,0
1038,auto,others,mardan,kpk,564931,64,26,25.6565,0,3,0,rejected,1
1039,life,life,peshawar,kpk,50170,58,44,27.2515,0,5,0,approved,1
1040,life,home,rawalpindi,punjab,11179,61,44,0.5855,0,2,0,in_review,1
1041,theft,pet,islamabad,islamabad,173021,53,31,21.3001,0,0,0,approved,1
1042,accident,pet,rawalpindi,punjab,294751,61,15,69.5331,1,4,1,submitted,0
1043,accident,others,quetta,balochistan,163941,64,2,21.3132,3,5,1,in_review,1
1044,home,pet,multan,punjab,12031,45,18,0.5322,0,5,0,submitted,1
1045,life,home,islamabad,islamabad,45269,56,10,4.7387,0,2,0,approved,0
1046,pet,home,peshawar,kpk,60477,56,2,8.5577,2,7,0,submitted,1
1047,accident,pet,quetta,balochistan,17029,64,40,0.8482,1,1,0,submitted,1
1048,auto,life,abbottabad,kpk,5178,58,15,0.2388,1,3,3,submitted,0
1049,damage,pet,sukkur,sindh,19972,61,11,1.5017,4,5,0,approved,1
1050,pet_care,auto,lahore,punjab,11483,61,14,0.693,0,5,0,submitted,0
1051,auto,pet,mardan,kpk,31519,64,23,1.9312,0,3,0,rejected,1
1052,medical,others,multan,punjab,72339,61,29,3.131,0,2,0,rejected,1
1053,pet,pet,gujranwala,punjab,30653,56,21,1.3976,1,5,0,submitted,1
1054,medical,pet,peshawar,kpk,121608,61,41,5.2067,1,7,0,submitted,1
1055,medical,auto,quetta,balochistan,69928,45,2,4.008,1,1,0,approved,0
1056,theft,life,sialkot,punjab,26420,64,39,3.2409,1,7,0,in_review,1
1057,pet_care,life,faisalabad,punjab,20135,61,39,1.0113,0,4,0,in_review,1
1058,medical,home,abbottabad,kpk,33515,64,1,5.3156,3,7,0,submitted,1
1059,life,others,sialkot,punjab,21829,45,9,1.7279,4,10,3,rejected,1
1060,home,life,mardan,kpk,35545,61,37,8.419,4,6,1,rejected,1
1061,pet,home,hyderabad,sindh,20299,61,28,1.7004,0,2,1,submitted,0
1062,home,others,lahore,punjab,24820,61,30,4.2934,0,5,0,submitted,0
1063,pet,pet,karachi,sindh,77327,44,31,3.1337,0,3,2,approved,1
1064,home,others,faisalabad,punjab,28822,45,15,12.7927,2,2,1,in_review,0
1065,other,home,rawalpindi,punjab,164996,64,29,8.0115,1,1,0,approved,0
1066,medical,home,rawalpindi,punjab,52625,53,27,11.6841,0,5,0,in_review,0
1067,medical,pet,islamabad,islamabad,68668,56,45,8.6212,0,5,0,approved,1
1068,pet,home,faisalabad,punjab,98101,53,34,13.5088,1,6,1,rejected,1
1069,home,auto,rawalpindi,punjab,60620,61,38,4.2004,0,2,0,in_review,1
1070,medical,others,lahore,punjab,244123,56,18,10.6339,0,0,0,approved,0
1071,auto,home,abbottabad,kpk,53921,45,23,2.1599,1,6,1,submitted,0
1072,life,life,hyderabad,sindh,65670,53,12,5.792,1,1,0,submitted,0
1073,life,life,quetta,balochistan,20814,56,28,1.4147,0,6,0,approved,0
1074,home,pet,islamabad,islamabad,15468,56,27,0.6963,0,1,0,approved,0
1075,damage,life,sialkot,punjab,10773,44,19,1.35,0,3,0,submitted,0
1076,damage,pet,abbottabad,kpk,28191,58,20,8.1524,1,2,0,submitted,0
1077,auto,pet,lahore,punjab,49364,61,19,4.2585,1,5,0,in_review,0
1078,home,auto,sialkot,punjab,31566,64,13,1.5764,1,7,2,submitted,0
1079,pet,life,peshawar,kpk,127927,53,45,10.3601,2,3,0,submitted,1
1080,home,others,faisalabad,punjab,101346,58,5,7.1943,0,5,0,submitted,0
1081,medical,life,mardan,kpk,14096,53,30,2.278,0,0,0,submitted,0
1082,pet_care,life,hyderabad,sindh,51475,53,41,4.3645,3,7,0,in_review,1
1083,medical,others,quetta,balochistan,7296,64,27,0.4049,0,1,0,approved,1
1084,auto,home,sialkot,punjab,31786,58,10,1.8994,1,1,2,submitted,0
1085,other,pet,gujranwala,punjab,44230,45,1,6.4692,0,2,0,in_review,0
1086,auto,others,lahore,punjab,31253,64,11,1.4137,1,7,0,in_review,0
1087,other,home,sukkur,sindh,120722,45,31,36.2529,3,4,0,rejected,1
1088,medical,home,quetta,balochistan,109299,64,26,8.2143,1,4,0,approved,0
1089,auto,auto,sukkur,sindh,87560,44,7,19.7608,0,0,0,approved,1
1090,medical,pet,lahore,punjab,20631,56,9,7.1586,0,2,0,submitted,1
1091,pet_care,pet,lahore,punjab,64004,64,4,2.7303,0,0,0,submitted,1
1092,theft,others,sialkot,punjab,75832,56,13,4.1705,0,5,1,in_review,0
1093,home,others,karachi,sindh,297425,64,16,44.1414,0,2,0,in_review,0
1094,life,others,abbottabad,kpk,37446,45,11,1.5924,0,6,0,rejected,1
1095,other,life,islamabad,islamabad,389633,64,19,16.1667,0,5,0,in_review,0
1096,accident,life,lahore,punjab,28119,56,25,3.2731,3,6,0,in_review,1
1097,medical,home,peshawar,kpk,131838,64,17,26.294,0,3,1,rejected,1
1098,home,auto,abbottabad,kpk,27647,64,41,3.5669,0,0,2,in_review,1
1099,life,auto,faisalabad,punjab,118813,58,1,5.3129,0,0,0,rejected,1
1100,other,others,gujranwala,punjab,17515,64,24,1.6924,0,3,1,submitted,0
1101,accident,others,lahore,punjab,22673,53,30,0.9851,2,2,0,rejected,1
1102,life,home,abbottabad,kpk,5000,53,31,1.6978,1,6,0,in_review,1
1103,home,pet,islamabad,islamabad,40532,56,23,2.3868,0,5,0,rejected,1
1104,home,pet,sialkot,punjab,6891,61,31,0.6218,0,3,0,in_review,1
1105,home,life,abbottabad,kpk,30792,56,43,1.8342,2,4,0,rejected,1
1106,pet,auto,islamabad,islamabad,8262,61,5,0.407,2,6,0,approved,0
1107,pet_care,others,abbottabad,kpk,117156,58,21,16.989,0,5,1,in_review,0
1108,auto,others,abbottabad,kpk,18611,45,26,1.295,0,5,0,rejected,1
1109,pet,home,hyderabad,sindh,10688,53,19,1.7156,0,0,2,rejected,0
1110,accident,life,faisalabad,punjab,5000,45,4,0.6035,0,0,0,in_review,0
1111,accident,others,gujranwala,punjab,29174,58,27,2.2892,1,5,0,submitted,0
1112,life,life,sialkot,punjab,17742,45,24,7.0489,0,4,0,in_review,0
1113,life,home,karachi,sindh,15474,45,5,5.5923,0,6,1,approved,0
1114,home,auto,peshawar,kpk,12814,58,45,0.7593,0,3,0,rejected,1
1115,accident,others,hyderabad,sindh,36532,61,44,9.7056,2,6,0,approved,1
1116,theft,others,hyderabad,sindh,87461,64,10,12.1507,0,2,0,rejected,1
1117,theft,auto,hyderabad,sindh,19294,56,41,1.1068,1,1,0,rejected,1
1118,other,pet,multan,punjab,27295,45,7,1.0966,0,1,1,approved,0
1119,home,pet,lahore,punjab,41231,45,40,1.6684,0,0,0,submitted,0
1120,theft,life,abbottabad,kpk,33540,56,15,2.5373,0,1,0,rejected,1
1121,life,others,sialkot,punjab,24535,56,42,1.2415,1,1,0,rejected,1
1122,pet_care,auto,mardan,kpk,27760,64,32,1.1338,0,5,0,approved,1
1123,damage,life,multan,punjab,64423,58,30,3.7366,0,0,0,approved,0
1124,damage,others,rawalpindi,punjab,5000,56,4,1.3412,0,6,0,in_review,0
1125,pet_care,pet,lahore,punjab,12853,64,25,0.8212,0,5,2,submitted,0
1126,medical,auto,hyderabad,sindh,149447,56,26,6.9035,0,4,0,approved,0
1127,accident,pet,faisalabad,punjab,7894,44,23,0.3966,0,3,0,in_review,0
1128,pet,others,sialkot,punjab,102242,61,31,8.8162,1,7,0,rejected,1
1129,theft,pet,sialkot,punjab,38995,44,16,2.0571,3,9,0,rejected,1
1130,home,auto,peshawar,kpk,25921,61,21,3.3373,0,4,0,rejected,1
1131,damage,life,multan,punjab,98636,64,35,4.1073,0,3,0,rejected,1
1132,pet_care,auto,multan,punjab,9062,64,31,0.4295,0,3,1,submitted,1
1133,damage,life,peshawar,kpk,43413,61,36,11.2469,0,0,3,submitted,1
1134,life,pet,karachi,sindh,17720,64,23,1.5067,0,0,0,in_review,0
1135,theft,pet,multan,punjab,146375,45,0,52.1278,0,4,1,in_review,0
1136,medical,auto,peshawar,kpk,42137,64,35,1.9801,2,3,0,in_review,1
1137,damage,pet,multan,punjab,35473,53,26,1.8428,0,4,0,rejected,1
1138,pet_care,home,lahore,punjab,57982,61,38,6.2186,0,1,0,approved,1
1139,life,pet,rawalpindi,punjab,9012,64,27,0.6392,0,3,0,submitted,0
1140,other,auto,sialkot,punjab,79794,61,44,12.7978,0,3,0,in_review,1
1141,pet_care,auto,mardan,kpk,97867,64,30,8.8776,1,5,0,approved,0
1142,accident,pet,peshawar,kpk,29102,58,27,2.2718,2,2,0,in_review,0
1143,home,life,hyderabad,sindh,63479,64,12,9.5028,4,6,0,rejected,1
1144,damage,home,peshawar,kpk,40489,44,33,1.6673,0,2,0,submitted,1
1145,damage,auto,karachi,sindh,165125,56,36,14.1012,0,3,2,rejected,1
1146,medical,others,mardan,kpk,65939,58,7,16.3864,1,3,1,rejected,1
1147,damage,auto,quetta,balochistan,26229,64,17,14.6859,0,0,0,rejected,0
1148,damage,auto,multan,punjab,121925,58,17,5.6831,0,1,1,rejected,1
1149,other,home,faisalabad,punjab,16503,58,33,1.1901,1,4,0,submitted,1
1150,life,others,sialkot,punjab,75861,44,25,3.5547,0,3,0,submitted,0
1151,accident,auto,faisalabad,punjab,28033,64,1,1.3252,0,6,0,submitted,0
1152,damage,pet,islamabad,islamabad,217228,44,41,10.4201,0,1,0,rejected,1
1153,pet_care,pet,karachi,sindh,61269,58,13,3.6511,0,0,0,rejected,1
1154,theft,life,sialkot,punjab,5000,61,41,1.5432,0,2,0,submitted,0
1155,life,home,sialkot,punjab,5473,64,17,0.4428,0,1,0,in_review,1
1156,auto,life,quetta,balochistan,30881,64,18,1.4307,0,4,0,submitted,0
1157,auto,others,lahore,punjab,177964,45,36,7.6271,4,5,2,submitted,1
1158,life,life,rawalpindi,punjab,60087,61,39,9.756,0,1,0,in_review,0
1159,damage,auto,karachi,sindh,101956,44,36,5.0588,4,5,0,approved,1
1160,accident,life,mardan,kpk,64053,58,10,3.6993,0,5,0,in_review,0
1161,home,pet,gujranwala,punjab,82118,64,21,4.0238,0,5,0,in_review,0
1162,medical,auto,islamabad,islamabad,31562,44,32,14.1661,0,5,3,approved,1
1163,pet_care,life,faisalabad,punjab,62705,53,14,9.8779,0,1,2,in_review,0
1164,auto,pet,peshawar,kpk,24112,58,39,1.9519,3,8,0,in_review,1
1165,accident,pet,karachi,sindh,13175,64,1,0.8413,3,3,0,submitted,1
1166,life,pet,peshawar,kpk,13752,53,18,1.6154,1,2,0,in_review,0
1167,theft,home,faisalabad,punjab,41062,56,5,9.7837,4,4,0,approved,1
1168,home,life,abbottabad,kpk,16934,64,19,0.8365,0,4,0,approved,0
1169,medical,auto,karachi,sindh,8183,45,39,0.4658,2,4,0,submitted,1
1170,pet_care,auto,abbottabad,kpk,38011,44,14,1.5556,0,6,0,rejected,1
1171,life,life,sukkur,sindh,12303,61,25,1.0661,2,3,1,in_review,0
1172,medical,auto,hyderabad,sindh,50300,45,3,7.8927,0,3,0,approved,0
1173,home,life,peshawar,kpk,66027,44,7,7.07,3,4,2,approved,1
1174,auto,auto,sialkot,punjab,78273,58,31,21.3627,1,4,1,in_review,1
1175,home,pet,abbottabad,kpk,72876,44,10,6.1686,0,3,1,in_review,0
1176,damage,auto,sukkur,sindh,35956,56,12,1.6889,0,6,0,in_review,0
1177,other,life,sialkot,punjab,6626,44,32,4.1699,0,4,3,rejected,1
1178,accident,pet,mardan,kpk,42520,64,29,2.0379,0,0,0,approved,0
1179,auto,pet,peshawar,kpk,19799,53,37,0.9783,0,2,2,approved,1
1180,other,life,karachi,sindh,99466,61,34,9.7564,0,6,2,in_review,1
1181,accident,pet,peshawar,kpk,40846,53,7,4.8094,3,6,0,in_review,1
1182,medical,home,abbottabad,kpk,12210,44,42,0.784,0,3,0,rejected,1
1183,pet_care,life,sukkur,sindh,39367,45,9,1.6294,2,2,2,approved,0
1184,pet_care,auto,faisalabad,punjab,21978,58,34,1.3494,0,3,0,in_review,1
1185,home,home,sialkot,punjab,29333,64,16,4.0293,2,6,1,approved,0
1186,damage,auto,sialkot,punjab,40531,58,12,6.001,4,10,0,approved,1
1187,auto,pet,faisalabad,punjab,74072,53,10,4.0499,1,4,1,approved,0
1188,medical,pet,sukkur,sindh,22317,64,12,1.3524,0,1,0,in_review,1
1189,home,life,karachi,sindh,50675,56,7,29.0734,0,4,3,in_review,0
1190,accident,life,multan,punjab,40122,45,2,3.4219,0,2,0,rejected,1
1191,auto,auto,gujranwala,punjab,115041,44,31,9.1021,1,4,0,in_review,1
1192,theft,auto,sukkur,sindh,43079,45,7,2.0267,4,10,0,approved,1
1193,medical,others,quetta,balochistan,20476,45,35,5.0149,2,6,2,in_review,1
1194,pet_care,home,karachi,sindh,5000,64,5,1.7643,0,0,0,approved,0
1195,other,home,faisalabad,punjab,30868,53,10,1.8021,0,1,0,approved,0
1196,accident,pet,multan,punjab,173938,61,15,7.0406,0,4,1,rejected,1
1197,medical,home,karachi,sindh,48336,44,33,5.7447,0,3,3,submitted,1
1198,pet_care,life,multan,punjab,68061,44,26,3.1369,1,4,0,approved,0
1199,medical,life,mardan,kpk,68700,45,37,12.0526,3,4,0,approved,1
1200,medical,home,mardan,kpk,50401,44,13,13.0404,3,7,0,rejected,1
1201,accident,pet,faisalabad,punjab,21377,45,41,1.6852,2,4,3,submitted,1
1202,pet_care,pet,abbottabad,kpk,69337,64,24,8.5559,0,5,1,rejected,1
1203,pet_care,pet,lahore,punjab,10339,53,18,1.0592,0,2,0,in_review,0
1204,accident,pet,quetta,balochistan,10612,53,19,0.5629,0,5,1,submitted,0
1205,pet_care,auto,hyderabad,sindh,32524,58,15,3.7268,0,4,0,rejected,1
1206,home,others,gujranwala,punjab,37680,64,25,1.5631,0,0,0,in_review,0
1207,medical,others,islamabad,islamabad,166103,58,11,7.6878,4,4,0,approved,1
1208,pet,pet,peshawar,kpk,15191,44,27,1.1977,1,3,0,submitted,0
1209,other,others,peshawar,kpk,11150,53,12,0.8451,0,6,0,submitted,0
1210,pet,life,hyderabad,sindh,28450,45,44,3.1763,0,1,0,approved,1
1211,auto,others,mardan,kpk,47397,53,14,12.2189,0,0,0,approved,0
1212,auto,home,gujranwala,punjab,46570,45,13,2.0634,0,1,0,approved,0
1213,other,others,mardan,kpk,88591,44,30,4.0061,0,5,1,approved,0
1214,life,auto,quetta,balochistan,36585,44,36,2.44,0,5,0,in_review,1
1215,pet,auto,lahore,punjab,50006,53,10,10.6509,1,6,0,rejected,1
1216,pet_care,pet,lahore,punjab,29596,45,2,1.2767,1,6,0,in_review,0
1217,auto,auto,mardan,kpk,67005,64,24,18.7531,0,0,0,submitted,0
1218,damage,auto,faisalabad,punjab,28796,56,44,4.4051,0,4,1,in_review,1
1219,damage,others,sukkur,sindh,341154,56,27,14.7411,1,7,0,in_review,0
1220,medical,home,multan,punjab,9063,45,29,0.6125,2,2,1,rejected,1
1221,medical,others,islamabad,islamabad,42327,56,41,8.1273,0,1,0,rejected,1
1222,medical,home,sukkur,sindh,39058,45,34,1.8263,0,4,0,in_review,1
1223,damage,auto,lahore,punjab,33176,53,8,2.1383,1,1,0,submitted,1
1224,pet,home,mardan,kpk,30047,64,21,2.4944,0,0,1,approved,0
1225,accident,home,sialkot,punjab,288043,45,37,41.7212,0,1,0,approved,1
1226,pet,life,lahore,punjab,95885,64,9,4.3248,0,5,0,in_review,0
1227,pet_care,auto,faisalabad,punjab,121577,58,36,6.2724,0,4,2,approved,1
1228,pet_care,others,peshawar,kpk,21154,61,32,7.3172,0,0,0,approved,1
1229,medical,pet,sialkot,punjab,24753,44,33,1.1069,0,3,0,approved,1
1230,damage,life,sukkur,sindh,120774,64,3,13.4702,0,1,1,submitted,0
1231,pet,home,abbottabad,kpk,13860,58,35,0.8205,1,7,3,rejected,1
1232,accident,life,quetta,balochistan,16162,64,35,5.3182,0,5,0,rejected,1
1233,life,pet,multan,punjab,6786,45,12,0.3689,0,1,0,approved,0
1234,auto,others,abbottabad,kpk,75323,44,41,6.7427,0,1,0,submitted,1
1235,damage,life,mardan,kpk,32237,45,16,1.7136,0,0,1,in_review,0
1236,auto,auto,sialkot,punjab,11112,64,14,0.8085,0,5,0,rejected,1
1237,accident,home,hyderabad,sindh,8709,64,18,0.6283,1,6,0,rejected,1
1238,pet,others,rawalpindi,punjab,26504,64,3,2.5182,0,5,0,in_review,0
1239,medical,auto,quetta,balochistan,13411,64,37,1.0211,2,2,0,rejected,1
1240,theft,home,faisalabad,punjab,50282,64,7,2.0268,1,2,0,approved,0
1241,medical,pet,multan,punjab,29240,64,14,4.9442,2,8,0,approved,0
1242,other,others,hyderabad,sindh,169321,64,33,13.8459,0,1,0,approved,1
1243,accident,others,faisalabad,punjab,58951,64,8,4.7301,0,3,0,submitted,0
1244,pet_care,others,faisalabad,punjab,57367,64,39,3.7954,0,0,0,approved,1
1245,pet,others,gujranwala,punjab,39270,58,25,7.7517,0,0,0,submitted,0
1246,damage,auto,peshawar,kpk,36671,44,28,1.7277,0,3,0,in_review,0
1247,pet_care,auto,sukkur,sindh,20612,64,23,1.081,1,3,0,submitted,0
1248,accident,others,mardan,kpk,17119,45,38,3.6855,2,8,0,rejected,1
1249,theft,life,mardan,kpk,17168,44,13,2.026,2,4,0,submitted,0
1250,damage,pet,peshawar,kpk,31323,56,27,6.1854,1,5,1,in_review,0
1251,accident,home,multan,punjab,39249,64,12,3.4246,0,3,1,rejected,1
1252,medical,auto,abbottabad,kpk,44438,64,6,3.2283,0,5,0,approved,0
1253,other,others,mardan,kpk,69955,64,11,19.3033,1,4,3,rejected,1
1254,other,others,peshawar,kpk,26215,44,24,1.191,2,7,0,submitted,0
1255,pet,life,rawalpindi,punjab,102796,53,40,5.3992,0,4,0,approved,1
1256,pet_care,others,peshawar,kpk,66850,61,9,8.4932,0,4,3,approved,0
1257,accident,others,hyderabad,sindh,30378,64,26,4.6174,1,2,1,in_review,0
1258,medical,others,peshawar,kpk,16364,53,23,1.8764,2,6,0,approved,0
1259,pet_care,home,sialkot,punjab,5938,61,39,0.3998,0,4,1,rejected,1
1260,home,others,abbottabad,kpk,31617,61,35,5.0154,1,3,0,approved,1
1261,medical,home,sukkur,sindh,61613,56,43,3.5633,1,7,0,in_review,1
1262,theft,life,islamabad,islamabad,73997,53,9,9.4965,1,7,0,in_review,0
1263,accident,home,islamabad,islamabad,34789,61,0,5.0558,1,4,0,approved,0
1264,auto,others,multan,punjab,16292,64,39,4.1152,2,8,1,approved,1
1265,auto,others,lahore,punjab,46578,45,40,2.1608,2,4,0,submitted,1
1266,pet,auto,islamabad,islamabad,44642,53,23,2.1686,1,3,0,submitted,0
1267,other,life,karachi,sindh,72408,56,8,10.6201,0,4,1,submitted,0
1268,life,pet,lahore,punjab,162121,44,4,23.9328,0,4,0,in_review,1
1269,medical,auto,multan,punjab,100966,56,45,6.167,0,3,0,approved,1
1270,medical,auto,abbottabad,kpk,28637,53,27,5.9278,2,7,0,submitted,0
1271,other,life,karachi,sindh,15287,44,42,2.7932,0,4,0,rejected,1
1272,home,home,rawalpindi,punjab,26047,61,6,1.8011,0,0,0,rejected,1
1273,theft,pet,hyderabad,sindh,27674,56,42,1.4562,2,2,0,rejected,1
1274,life,others,sukkur,sindh,16963,61,33,2.269,0,4,0,submitted,1
1275,other,pet,multan,punjab,75857,53,34,4.907,2,8,0,in_review,1
1276,home,auto,peshawar,kpk,106075,61,40,6.5345,0,0,0,approved,1
1277,life,auto,karachi,sindh,60254,64,0,3.2601,1,4,0,approved,0
1278,damage,auto,multan,punjab,17792,61,5,0.8045,1,6,0,in_review,0
1279,life,home,abbottabad,kpk,30553,56,4,3.0013,0,4,0,submitted,0
1280,other,home,sukkur,sindh,42884,61,15,2.0565,1,5,0,approved,0
1281,damage,home,islamabad,islamabad,53341,61,34,4.3219,4,8,1,in_review,1
1282,pet_care,auto,gujranwala,punjab,14086,45,32,0.66,1,3,0,submitted,1
1283,accident,pet,faisalabad,punjab,85421,61,34,6.4732,0,3,0,rejected,0
1284,other,pet,gujranwala,punjab,154344,58,34,11.0514,0,1,1,submitted,1
1285,damage,auto,sialkot,punjab,45904,64,2,2.4932,1,1,0,rejected,1
1286,medical,life,lahore,punjab,94161,61,24,3.8765,1,3,0,approved,1
1287,theft,auto,gujranwala,punjab,5045,44,23,0.2621,0,4,0,submitted,0
1288,home,others,gujranwala,punjab,65078,44,8,8.581,1,7,1,rejected,1
1289,other,home,sialkot,punjab,54979,64,34,3.7231,1,4,0,in_review,1
1290,other,auto,karachi,sindh,8891,64,21,0.4274,0,6,3,approved,0
1291,auto,life,sialkot,punjab,142382,61,16,60.847,3,7,0,in_review,1
1292,pet_care,life,multan,punjab,10200,45,7,5.8319,3,3,2,submitted,1
1293,medical,others,islamabad,islamabad,25945,45,2,1.0551,2,3,0,approved,0
1294,life,home,sialkot,punjab,20196,64,11,1.65,1,2,1,submitted,0
1295,pet,home,multan,punjab,32237,44,1,2.0842,3,4,0,approved,1
1296,theft,home,quetta,balochistan,16197,45,33,1.2369,1,5,0,approved,1
1297,damage,pet,lahore,punjab,27431,64,32,2.6371,0,1,2,submitted,1
1298,home,others,sukkur,sindh,82471,44,28,5.4562,0,1,0,in_review,0
1299,pet_care,others,abbottabad,kpk,67647,64,23,5.3582,1,7,0,rejected,1
1300,pet_care,others,faisalabad,punjab,84411,64,21,20.0073,0,6,0,approved,1
1301,pet_care,life,abbottabad,kpk,108687,53,4,12.0469,0,6,2,approved,0
1302,home,home,multan,punjab,21521,53,33,12.7949,1,4,0,rejected,1
1303,pet_care,life,gujranwala,punjab,38640,58,37,2.0849,0,6,0,rejected,1
1304,life,life,abbottabad,kpk,23720,56,45,1.5769,2,4,0,approved,1
1305,damage,others,quetta,balochistan,57072,56,4,11.4879,0,1,1,approved,0
1306,other,home,lahore,punjab,38243,56,31,2.7596,0,4,0,approved,1
1307,life,pet,sukkur,sindh,11248,64,11,0.4565,0,2,0,in_review,0
1308,pet_care,pet,rawalpindi,punjab,10475,64,2,0.7527,0,0,0,submitted,0
1309,pet,auto,mardan,kpk,25126,58,11,5.1806,3,8,0,approved,1
1310,medical,auto,hyderabad,sindh,96356,56,11,11.1795,1,5,2,rejected,1
1311,damage,home,mardan,kpk,139902,45,37,9.0288,1,2,0,rejected,1
1312,damage,life,abbottabad,kpk,54928,53,36,4.0939,0,2,0,approved,1
1313,life,pet,multan,punjab,70980,64,1,10.4475,0,2,0,submitted,0
1314,theft,auto,hyderabad,sindh,32331,58,11,1.5194,0,0,0,submitted,0
1315,life,home,multan,punjab,210875,53,8,12.004,0,0,1,approved,0
1316,home,pet,mardan,kpk,39719,44,2,12.1168,1,4,0,submitted,0
1317,pet,others,hyderabad,sindh,91520,64,45,7.0694,1,3,0,submitted,1
1318,accident,auto,lahore,punjab,30072,64,36,2.8335,0,0,0,rejected,1
1319,other,home,lahore,punjab,47336,64,37,7.409,1,1,0,submitted,1
1320,pet,auto,lahore,punjab,36296,56,7,1.6838,0,5,0,rejected,1
1321,damage,home,islamabad,islamabad,20720,64,8,0.8632,0,6,1,approved,0
1322,auto,pet,faisalabad,punjab,43800,64,8,7.6267,1,5,1,rejected,1
1323,other,auto,lahore,punjab,44143,53,21,3.9693,0,5,0,in_review,0
1324,theft,auto,quetta,balochistan,20961,61,1,1.9513,1,2,2,approved,0
1325,home,auto,rawalpindi,punjab,24884,53,37,1.1827,1,3,3,in_review,1
1326,theft,home,quetta,balochistan,78619,56,22,9.2146,1,5,0,approved,0
1327,medical,pet,faisalabad,punjab,19895,64,22,3.2355,0,3,0,rejected,1
1328,accident,life,faisalabad,punjab,114696,56,23,17.3335,0,4,0,approved,0
1329,other,home,hyderabad,sindh,16826,61,1,3.9158,0,1,1,approved,0
1330,pet_care,auto,islamabad,islamabad,371820,53,2,15.5391,0,0,0,submitted,0
1331,other,pet,sialkot,punjab,87314,64,4,5.6819,0,5,1,in_review,0
1332,auto,auto,multan,punjab,35056,58,16,3.6018,0,0,0,approved,0
1333,pet,home,lahore,punjab,99940,58,6,12.0555,0,6,2,submitted,0
1334,pet,home,sukkur,sindh,41716,64,42,21.6145,0,1,0,approved,1
1335,accident,pet,faisalabad,punjab,37117,53,6,4.6954,0,5,0,approved,0
1336,pet_care,life,sukkur,sindh,35761,56,25,3.3964,0,1,0,submitted,0
1337,pet,others,abbottabad,kpk,27533,44,38,2.0949,0,1,0,approved,1
1338,medical,others,karachi,sindh,32038,61,27,4.8323,0,1,0,approved,0
1339,damage,pet,lahore,punjab,14319,61,26,5.6131,0,2,0,approved,0
1340,theft,home,hyderabad,sindh,34836,64,16,1.6761,0,5,0,rejected,1
1341,pet,home,islamabad,islamabad,50199,44,45,2.014,1,3,0,approved,1
1342,damage,home,gujranwala,punjab,43246,44,37,2.0109,1,5,1,submitted,1
1343,pet,pet,abbottabad,kpk,48301,58,37,5.4707,1,7,0,in_review,1
1344,auto,home,rawalpindi,punjab,22259,58,31,2.5922,1,2,0,rejected,1
1345,auto,auto,multan,punjab,51641,58,7,2.1452,2,2,1,in_review,0
1346,auto,auto,lahore,punjab,32717,56,34,3.8387,0,3,0,rejected,1
1347,accident,life,faisalabad,punjab,9944,58,39,0.513,2,2,0,submitted,1
1348,pet,others,abbottabad,kpk,38898,61,4,1.8741,2,4,0,rejected,1
1349,life,life,sukkur,sindh,58575,64,28,3.1984,0,0,0,approved,0
1350,pet_care,others,lahore,punjab,33680,56,5,2.2126,2,5,0,in_review,0
1351,theft,home,rawalpindi,punjab,231818,44,37,12.7086,1,5,0,rejected,1
1352,auto,others,abbottabad,kpk,47452,64,2,2.7695,0,0,0,approved,0
1353,auto,home,sialkot,punjab,47430,53,18,3.0608,0,3,0,submitted,0
1354,auto,auto,gujranwala,punjab,25957,61,39,1.1551,0,1,1,submitted,0
1355,life,others,gujranwala,punjab,40320,56,9,6.2318,4,6,0,rejected,1
1356,auto,life,sukkur,sindh,11342,53,36,0.5842,0,3,0,rejected,1
1357,auto,auto,gujranwala,punjab,5000,58,33,0.346,1,1,0,approved,1
1358,theft,auto,islamabad,islamabad,62873,64,15,12.0886,1,5,0,rejected,1
1359,medical,pet,faisalabad,punjab,7487,64,0,0.8207,0,1,0,in_review,0
1360,pet,home,karachi,sindh,153490,64,10,12.3852,2,4,1,submitted,0
1361,theft,others,faisalabad,punjab,27164,44,12,1.7464,0,6,0,submitted,0
1362,life,pet,mardan,kpk,58784,64,16,16.1495,0,5,0,submitted,0
1363,pet,auto,faisalabad,punjab,14910,45,33,1.4342,1,7,0,rejected,1
1364,auto,life,sukkur,sindh,53614,61,15,3.4964,1,5,0,submitted,0
1365,theft,life,sialkot,punjab,21224,64,42,1.0214,0,4,0,rejected,0
1366,life,life,multan,punjab,33920,53,3,1.3937,2,6,1,submitted,0
1367,home,auto,karachi,sindh,46781,44,37,1.8906,0,4,0,submitted,0
1368,accident,others,abbottabad,kpk,64807,44,19,2.8372,0,2,2,submitted,0
1369,pet_care,others,peshawar,kpk,30338,61,20,1.9261,0,0,1,in_review,0
1370,home,pet,quetta,balochistan,5000,58,36,0.3121,1,3,1,rejected,1
1371,pet,others,lahore,punjab,13334,56,24,0.8641,2,3,1,in_review,0
1372,accident,home,karachi,sindh,18878,64,14,0.8493,0,5,0,rejected,1
1373,damage,life,rawalpindi,punjab,14262,58,44,0.8745,0,1,1,approved,1
1374,theft,home,rawalpindi,punjab,51987,44,23,4.8563,0,4,0,approved,1
1375,pet,home,faisalabad,punjab,34288,56,35,2.0109,0,0,0,in_review,1
1376,accident,life,hyderabad,sindh,131945,56,16,22.288,1,4,0,approved,0
1377,accident,auto,sukkur,sindh,6357,64,30,0.6532,0,2,0,submitted,0
1378,pet,home,hyderabad,sindh,10132,64,10,0.5155,4,8,0,rejected,1
1379,pet,auto,sukkur,sindh,90797,64,17,7.4878,0,3,0,in_review,0
1380,life,life,mardan,kpk,46407,45,31,7.3991,0,6,0,rejected,1
1381,pet_care,auto,hyderabad,sindh,41650,45,10,5.8986,2,4,1,approved,0
1382,theft,others,quetta,balochistan,9638,64,12,0.6796,0,6,3,in_review,0
1383,pet,auto,gujranwala,punjab,90117,44,14,4.1054,0,6,2,approved,0
1384,auto,pet,hyderabad,sindh,81463,44,11,4.5127,0,5,2,in_review,0
1385,accident,others,multan,punjab,237562,53,30,12.4816,0,6,0,approved,0
1386,home,auto,abbottabad,kpk,10351,44,32,0.4924,2,7,0,submitted,1
1387,pet,others,quetta,balochistan,45249,58,20,6.8778,1,2,1,approved,0
1388,life,auto,gujranwala,punjab,5000,61,38,0.3611,1,2,0,rejected,1
1389,medical,others,hyderabad,sindh,37930,56,6,5.5518,4,9,0,submitted,0
1390,damage,others,multan,punjab,38343,53,3,5.3634,0,0,0,approved,1
1391,medical,auto,lahore,punjab,8852,61,29,4.3542,0,0,2,submitted,0
1392,theft,home,sukkur,sindh,66525,45,24,15.6936,0,5,0,in_review,0
1393,medical,home,peshawar,kpk,229138,61,17,12.5748,1,7,1,rejected,1
1394,pet_care,pet,islamabad,islamabad,15127,64,6,0.7276,0,5,1,approved,0
1395,auto,auto,lahore,punjab,71652,61,21,5.2585,0,0,0,approved,0
1396,auto,pet,gujranwala,punjab,27926,45,5,6.1852,1,2,3,approved,0
1397,pet,life,faisalabad,punjab,351658,44,37,24.1391,1,4,0,approved,1
1398,pet,auto,karachi,sindh,40356,61,9,2.6459,0,4,0,submitted,0
1399,other,pet,quetta,balochistan,39887,45,35,19.8938,0,5,0,submitted,1
1400,theft,life,lahore,punjab,82334,58,23,6.0291,2,6,0,submitted,1
1401,other,auto,rawalpindi,punjab,8523,56,40,3.8237,0,2,3,approved,1
1402,other,life,rawalpindi,punjab,72138,64,32,18.5636,4,4,0,submitted,1
1403,theft,auto,hyderabad,sindh,29212,45,4,2.6024,0,6,1,rejected,1
1404,other,others,karachi,sindh,32191,58,9,5.3527,0,4,0,approved,0
1405,pet_care,life,gujranwala,punjab,9272,44,43,1.5929,0,6,1,in_review,1
1406,pet,auto,lahore,punjab,10829,64,45,0.5298,3,3,0,submitted,1
1407,home,pet,gujranwala,punjab,33538,44,8,10.3801,2,5,3,rejected,1
1408,other,life,mardan,kpk,64186,56,33,6.0133,0,2,1,rejected,1
1409,auto,home,karachi,sindh,24891,64,3,1.2918,3,8,0,approved,1
1410,other,life,lahore,punjab,14368,45,6,0.6682,0,3,0,approved,0
1411,medical,pet,lahore,punjab,26763,64,37,1.3275,1,1,2,in_review,1
1412,theft,others,peshawar,kpk,41846,53,18,3.5668,2,3,1,submitted,0
1413,pet,others,multan,punjab,20077,58,17,1.3381,1,4,1,approved,0
1414,pet,auto,hyderabad,sindh,52808,64,16,6.4994,0,2,1,submitted,0
1415,damage,home,hyderabad,sindh,73215,53,16,6.5231,0,1,0,approved,0
1416,pet_care,others,karachi,sindh,72111,53,37,25.9859,4,6,2,rejected,1
1417,damage,life,quetta,balochistan,39844,58,3,4.4439,2,4,1,submitted,0
1418,other,life,sialkot,punjab,25650,56,13,6.2212,1,1,0,in_review,0
1419,home,home,lahore,punjab,48451,45,1,2.7425,2,2,2,approved,0
1420,pet,pet,faisalabad,punjab,24947,61,28,1.1771,0,5,0,approved,0
1421,other,life,multan,punjab,50741,64,11,4.2906,2,7,0,submitted,0
1422,other,life,islamabad,islamabad,137882,45,3,39.9658,0,2,0,rejected,1
1423,home,others,gujranwala,punjab,62314,58,2,3.9137,0,6,0,submitted,0
1424,damage,pet,peshawar,kpk,12376,64,37,0.6332,1,2,0,approved,0
1425,auto,life,abbottabad,kpk,19349,53,0,0.8842,1,5,0,in_review,0
1426,accident,auto,karachi,sindh,37542,45,18,12.5391,0,2,0,approved,0
1427,home,others,peshawar,kpk,109966,64,15,15.2519,1,3,0,in_review,0
1428,accident,home,karachi,sindh,46800,64,41,2.6813,0,3,2,approved,0
1429,auto,pet,hyderabad,sindh,16888,56,17,1.6704,1,2,0,in_review,0
1430,home,auto,lahore,punjab,26738,64,10,16.8058,0,1,0,in_review,0
1431,theft,pet,multan,punjab,26064,56,25,1.8705,0,3,0,rejected,1
1432,damage,others,mardan,kpk,20795,45,21,3.2507,0,5,1,approved,0
1433,auto,home,sialkot,punjab,75529,44,32,7.9471,0,1,2,approved,1
1434,auto,pet,multan,punjab,91093,64,29,15.2866,1,5,0,submitted,0
1435,other,auto,faisalabad,punjab,51787,44,27,7.2909,0,0,0,rejected,1
1436,damage,home,mardan,kpk,32814,45,11,5.3487,0,3,2,rejected,0
1437,life,home,faisalabad,punjab,71798,64,35,5.618,0,3,1,rejected,1
1438,other,auto,faisalabad,punjab,136087,58,7,10.4257,1,6,0,approved,0
1439,theft,others,karachi,sindh,39425,45,35,4.6779,1,3,0,submitted,1
1440,life,auto,mardan,kpk,8855,64,2,0.3669,1,7,0,rejected,1
1441,other,auto,faisalabad,punjab,34958,44,32,1.7983,0,2,1,approved,1
1442,damage,auto,mardan,kpk,44593,56,34,2.6044,1,7,3,rejected,1
1443,damage,home,gujranwala,punjab,18578,53,17,4.2175,1,6,1,approved,1
1444,home,others,peshawar,kpk,7729,56,0,0.3119,0,1,3,in_review,0
1445,damage,auto,islamabad,islamabad,13140,56,22,2.2659,1,1,0,rejected,0
1446,damage,others,faisalabad,punjab,27817,61,16,1.8308,0,5,3,approved,0
1447,other,auto,islamabad,islamabad,32752,45,37,2.0578,1,2,0,approved,1
1448,damage,others,faisalabad,punjab,163993,58,4,10.8447,0,6,0,rejected,1
1449,pet,auto,faisalabad,punjab,5000,44,34,2.0367,0,3,0,rejected,1
1450,medical,home,karachi,sindh,10283,61,26,0.5892,0,6,1,approved,0
1451,auto,auto,faisalabad,punjab,37456,64,23,1.8554,0,2,1,in_review,0
1452,accident,pet,karachi,sindh,44317,61,14,3.0928,0,2,0,submitted,0
1453,medical,auto,islamabad,islamabad,26563,45,7,3.7758,0,1,0,submitted,0
1454,home,others,mardan,kpk,23749,64,43,1.9784,0,3,2,approved,1
1455,auto,auto,abbottabad,kpk,94238,61,36,10.0606,0,1,0,rejected,1
1456,pet_care,pet,rawalpindi,punjab,54455,53,15,4.0394,0,1,2,approved,0
1457,medical,home,faisalabad,punjab,39157,44,23,1.5887,0,3,1,submitted,0
1458,other,life,hyderabad,sindh,77933,44,45,6.3155,1,6,0,rejected,1
1459,medical,pet,sialkot,punjab,26881,61,25,1.3447,3,7,1,submitted,1
1460,theft,pet,multan,punjab,18018,64,18,1.6861,0,5,2,in_review,0
1461,other,life,sukkur,sindh,65944,56,25,15.0971,0,2,0,submitted,0
1462,life,auto,faisalabad,punjab,23052,45,45,2.466,0,3,0,in_review,0
1463,pet_care,others,peshawar,kpk,23163,53,19,2.9309,1,1,0,submitted,0
1464,life,auto,faisalabad,punjab,83733,64,31,3.5176,2,3,2,approved,1
1465,pet,pet,faisalabad,punjab,24316,44,23,1.2311,1,2,0,submitted,0
1466,life,home,faisalabad,punjab,87936,64,26,4.9424,2,8,0,submitted,0
1467,damage,others,karachi,sindh,58312,58,12,3.9893,0,2,2,approved,0
1468,home,auto,islamabad,islamabad,103126,64,41,6.488,0,1,0,rejected,1
1469,theft,life,rawalpindi,punjab,25048,45,12,2.0912,0,4,0,approved,0
1470,medical,pet,sukkur,sindh,65695,64,10,2.9776,0,1,0,in_review,0
1471,damage,others,quetta,balochistan,6051,56,38,0.423,1,6,1,rejected,1
1472,home,others,sialkot,punjab,19161,58,44,0.8294,0,4,0,rejected,0
1473,home,pet,mardan,kpk,18688,53,8,0.7715,0,0,0,approved,0
1474,theft,home,sukkur,sindh,79215,56,7,4.7881,2,3,0,approved,1
1475,theft,auto,karachi,sindh,8474,53,35,1.7769,2,6,0,rejected,1
1476,life,pet,mardan,kpk,38989,58,25,3.8645,0,3,1,rejected,1
1477,medical,auto,rawalpindi,punjab,135654,45,40,19.9844,1,3,0,rejected,1
1478,other,auto,mardan,kpk,5795,61,22,0.2488,0,1,1,in_review,0
1479,accident,pet,multan,punjab,85829,45,15,3.8452,2,2,0,in_review,0
1480,life,life,faisalabad,punjab,14070,45,19,1.5222,1,3,0,approved,0
1481,auto,auto,karachi,sindh,50436,64,30,2.1775,0,2,1,submitted,1
1482,home,life,peshawar,kpk,53653,44,27,13.821,0,4,1,in_review,0
1483,pet_care,home,peshawar,kpk,43520,58,20,1.8542,0,2,1,approved,0
1484,accident,auto,lahore,punjab,47907,58,41,4.8835,0,5,0,rejected,1
1485,medical,others,multan,punjab,5000,58,25,0.2002,0,5,0,approved,0
1486,pet,pet,multan,punjab,13156,53,30,3.3467,0,4,3,rejected,1
1487,auto,home,hyderabad,sindh,40226,61,34,3.1895,0,6,0,rejected,1
1488,other,life,multan,punjab,55724,64,24,10.5598,0,0,2,in_review,0
1489,theft,auto,lahore,punjab,35100,58,18,5.2427,1,3,0,approved,1
1490,auto,others,hyderabad,sindh,18818,58,27,1.301,0,4,0,submitted,0
1491,theft,pet,islamabad,islamabad,27706,64,44,3.4222,0,2,0,submitted,1
1492,home,auto,hyderabad,sindh,32804,64,40,4.0872,0,5,0,in_review,1
1493,home,others,hyderabad,sindh,16955,56,10,9.6335,0,5,0,in_review,0
1494,theft,life,peshawar,kpk,197664,64,35,17.9662,1,3,2,submitted,1
1495,medical,life,sialkot,punjab,24048,44,45,2.3867,1,7,2,approved,1
1496,other,others,multan,punjab,9404,44,16,0.4393,1,3,0,in_review,0
1497,pet_care,home,sukkur,sindh,205040,56,10,8.6694,0,4,0,submitted,0
1498,life,auto,peshawar,kpk,143158,44,33,6.1121,0,1,0,approved,1
1499,other,pet,rawalpindi,punjab,50703,64,30,14.4659,0,2,2,in_review,0
1500,auto,life,sialkot,punjab,61957,64,8,3.6475,0,0,0,submitted,0
1501,auto,home,rawalpindi,punjab,62366,64,29,2.8982,2,8,0,submitted,0
1502,other,life,abbottabad,kpk,42195,53,5,1.7803,3,5,1,in_review,1
1503,home,pet,karachi,sindh,15912,64,34,1.8183,0,1,0,rejected,1
1504,auto,auto,abbottabad,kpk,13923,58,19,2.3412,0,2,0,approved,1
1505,medical,pet,mardan,kpk,21949,61,43,1.0714,1,5,1,approved,1
1506,home,auto,peshawar,kpk,23422,56,3,2.1902,2,7,0,submitted,0
1507,pet_care,home,hyderabad,sindh,18733,53,9,1.8485,0,6,1,approved,0
1508,pet,others,gujranwala,punjab,29559,56,21,1.9279,0,1,0,rejected,1
1509,medical,home,rawalpindi,punjab,14147,53,6,6.9621,0,0,0,rejected,1
1510,auto,pet,hyderabad,sindh,54830,58,27,14.7432,0,6,0,submitted,0
1511,life,others,peshawar,kpk,63939,56,3,4.9634,0,2,0,approved,0
1512,damage,auto,mardan,kpk,40816,56,31,1.9851,0,1,0,rejected,0
1513,pet,life,hyderabad,sindh,33374,56,10,8.9451,0,2,0,submitted,0
1514,pet_care,others,hyderabad,sindh,96556,58,40,19.9992,0,2,0,rejected,1
1515,accident,pet,sialkot,punjab,41720,56,28,1.8571,1,4,0,in_review,0
1516,theft,auto,rawalpindi,punjab,78668,64,37,6.6241,0,6,0,in_review,1
1517,damage,auto,hyderabad,sindh,51946,56,4,5.3763,0,0,0,approved,0
1518,life,others,lahore,punjab,55444,64,39,6.0115,1,1,0,approved,1
1519,life,life,mardan,kpk,45904,44,37,17.122,1,2,0,approved,1
1520,damage,auto,rawalpindi,punjab,15165,56,11,0.8602,0,6,0,rejected,1
1521,damage,pet,abbottabad,kpk,53452,61,41,4.4536,2,3,2,approved,1
1522,medical,auto,gujranwala,punjab,5000,44,1,0.4486,0,4,0,in_review,1
1523,life,home,quetta,balochistan,10849,61,43,1.5619,1,6,0,in_review,1
1524,life,pet,gujranwala,punjab,53161,53,27,2.4226,0,4,1,submitted,0
1525,damage,pet,hyderabad,sindh,25924,56,22,1.5216,0,0,2,in_review,0
1526,damage,others,rawalpindi,punjab,63379,56,10,26.2983,1,1,0,submitted,0
1527,damage,others,sialkot,punjab,137311,53,25,11.5894,0,3,0,rejected,1
1528,damage,others,mardan,kpk,11693,44,21,1.0422,1,1,0,in_review,0
1529,medical,home,multan,punjab,54060,44,2,2.3552,1,7,1,rejected,0
1530,theft,auto,islamabad,islamabad,72672,45,18,11.2235,1,5,0,submitted,0
1531,pet,pet,karachi,sindh,47698,64,16,4.2349,0,2,1,approved,1
1532,auto,auto,peshawar,kpk,130313,58,40,7.2537,0,2,0,submitted,1
1533,pet_care,pet,mardan,kpk,58802,56,27,5.0327,0,5,0,rejected,1
1534,auto,auto,rawalpindi,punjab,49395,44,10,12.4735,0,6,3,in_review,0
1535,pet,others,quetta,balochistan,99884,44,26,4.0872,1,5,0,rejected,1
1536,medical,home,mardan,kpk,30396,56,44,1.5582,1,1,0,rejected,1
1537,pet,life,multan,punjab,10263,64,0,0.5311,1,3,1,in_review,0
1538,pet,auto,sukkur,sindh,143877,64,42,5.8113,0,3,0,submitted,1
1539,life,pet,multan,punjab,11829,61,13,1.3229,1,2,0,submitted,0
1540,theft,others,sialkot,punjab,7220,61,34,0.3237,0,3,0,submitted,1
1541,theft,home,faisalabad,punjab,12360,53,10,1.6008,2,7,0,approved,0
1542,pet,auto,sialkot,punjab,31249,58,4,4.0998,0,6,1,approved,0
1543,life,pet,karachi,sindh,54325,64,40,11.7791,2,3,0,approved,1
1544,pet_care,auto,quetta,balochistan,51588,61,28,13.0306,0,4,0,in_review,0
1545,auto,others,islamabad,islamabad,58799,64,19,3.0991,1,2,1,approved,0
1546,damage,pet,karachi,sindh,198644,61,34,14.6288,1,5,1,approved,1
1547,life,auto,gujranwala,punjab,37260,64,10,1.7163,0,4,0,submitted,0
1548,accident,pet,mardan,kpk,150078,64,38,13.3284,0,5,0,submitted,1
1549,pet_care,home,quetta,balochistan,43893,64,1,2.7696,1,5,0,submitted,0
1550,home,others,islamabad,islamabad,22924,53,32,1.1343,2,8,0,in_review,1
1551,life,auto,gujranwala,punjab,39309,61,13,2.3798,1,5,1,approved,0
1552,pet_care,others,sukkur,sindh,21375,56,38,8.8473,1,5,1,approved,1
1553,damage,home,islamabad,islamabad,19873,64,29,7.8612,0,2,0,approved,1
1554,pet,auto,gujranwala,punjab,81057,53,6,4.2619,0,4,0,rejected,1
1555,accident,life,hyderabad,sindh,63624,58,15,5.5335,0,6,1,approved,0
1556,auto,auto,lahore,punjab,119137,64,23,18.6326,0,1,0,in_review,0
1557,auto,home,peshawar,kpk,27466,61,22,1.3052,0,4,0,rejected,1
1558,pet,life,karachi,sindh,45057,64,30,2.7801,1,5,0,submitted,0
1559,accident,home,faisalabad,punjab,71311,45,44,3.2155,0,2,2,in_review,1
1560,pet_care,auto,peshawar,kpk,110767,64,17,5.2731,3,7,2,submitted,1
1561,home,auto,gujranwala,punjab,14954,45,8,5.4083,0,2,0,submitted,0
1562,damage,life,karachi,sindh,50162,44,1,6.8331,0,3,2,in_review,0
1563,home,life,peshawar,kpk,45750,53,6,5.1983,0,2,0,approved,0
1564,pet_care,life,mardan,kpk,21549,64,38,1.6714,0,1,0,rejected,1
1565,theft,pet,multan,punjab,35797,53,17,1.5928,1,5,0,in_review,0
1566,damage,auto,peshawar,kpk,14139,56,22,0.604,1,3,0,approved,0
1567,home,pet,sialkot,punjab,27800,64,40,1.2841,0,4,0,submitted,1
1568,pet_care,pet,multan,punjab,50649,44,9,3.7526,0,4,1,in_review,0
1569,life,home,sialkot,punjab,7422,58,36,0.3616,0,2,1,rejected,0
1570,medical,pet,sukkur,sindh,39325,53,4,2.0689,0,5,0,rejected,1
1571,accident,others,hyderabad,sindh,38770,45,35,2.1442,0,1,0,submitted,1
1572,pet_care,others,karachi,sindh,26819,45,11,3.563,0,2,0,rejected,1
1573,medical,pet,quetta,balochistan,8748,64,6,0.4788,0,3,0,in_review,0
1574,life,home,mardan,kpk,31493,61,10,1.8308,1,1,3,rejected,1
1575,auto,auto,peshawar,kpk,103594,61,40,4.8611,0,2,0,approved,1
1576,theft,home,sukkur,sindh,42639,64,36,2.029,0,1,1,in_review,1
1577,theft,others,peshawar,kpk,51842,56,18,3.4744,1,4,0,in_review,0
1578,other,pet,peshawar,kpk,29204,58,23,2.14,0,5,0,rejected,1
1579,theft,others,lahore,punjab,13562,58,37,1.8402,1,5,0,approved,1
1580,pet_care,others,sukkur,sindh,369603,45,28,48.3457,0,2,1,in_review,0
1581,pet_care,life,quetta,balochistan,321704,61,13,67.87,0,6,0,submitted,0
1582,theft,home,rawalpindi,punjab,47574,64,32,5.512,1,7,0,approved,1
1583,other,pet,islamabad,islamabad,240686,56,39,12.5658,2,5,0,approved,1
1584,damage,others,islamabad,islamabad,176398,64,14,11.4299,0,6,0,approved,0
1585,life,home,quetta,balochistan,26344,64,25,1.1249,1,1,0,rejected,1
1586,theft,home,multan,punjab,9365,44,30,0.4941,0,6,0,approved,0
1587,auto,home,peshawar,kpk,56206,45,34,16.3627,2,7,0,in_review,1
1588,damage,life,multan,punjab,32848,58,21,1.3183,0,6,0,submitted,1
1589,home,others,mardan,kpk,29653,53,22,1.4022,1,1,1,in_review,0
1590,auto,home,sialkot,punjab,130599,45,15,5.873,1,7,0,submitted,0
1591,life,others,rawalpindi,punjab,5283,61,6,0.4002,0,3,2,approved,0
1592,pet,auto,hyderabad,sindh,9890,61,41,0.5674,0,2,2,in_review,1
1593,theft,pet,quetta,balochistan,5000,61,43,0.5075,0,0,0,submitted,1
1594,home,auto,sialkot,punjab,175184,61,19,9.1989,2,2,3,approved,1
1595,pet,others,lahore,punjab,35638,56,16,6.0047,0,1,0,approved,0
1596,pet_care,life,hyderabad,sindh,40371,64,37,7.6129,1,1,0,approved,1
1597,auto,life,mardan,kpk,161144,64,44,6.975,1,2,0,in_review,1
1598,pet,pet,quetta,balochistan,7344,64,15,0.7107,0,3,0,submitted,0
1599,pet_care,auto,lahore,punjab,228534,64,17,10.1435,0,1,0,approved,0
1600,medical,others,hyderabad,sindh,52363,53,32,3.2682,1,2,0,submitted,1
1601,pet_care,home,multan,punjab,55817,64,7,31.4285,0,6,0,submitted,0
1602,damage,others,rawalpindi,punjab,16815,64,10,1.1619,3,3,0,rejected,1
1603,medical,home,peshawar,kpk,62162,56,29,23.5373,0,6,0,approved,1
1604,life,others,islamabad,islamabad,16172,44,10,0.6581,0,6,0,approved,1
1605,life,others,gujranwala,punjab,16985,64,29,3.5856,1,6,0,rejected,1
1606,pet_care,others,karachi,sindh,16646,44,31,2.0283,1,2,0,in_review,1
1607,medical,auto,karachi,sindh,26397,61,44,5.5386,0,3,0,submitted,1
1608,damage,home,rawalpindi,punjab,12241,61,15,4.6175,2,5,1,approved,0
1609,medical,pet,sukkur,sindh,12148,64,30,0.5893,0,0,0,rejected,1
1610,other,home,lahore,punjab,16095,64,12,0.9685,1,2,0,approved,0
1611,auto,others,lahore,punjab,34691,58,24,1.9073,0,0,0,in_review,0
1612,pet_care,pet,quetta,balochistan,141931,58,0,27.4794,0,1,0,rejected,1
1613,pet_care,life,islamabad,islamabad,20522,61,41,3.5279,0,2,0,in_review,1
1614,damage,home,peshawar,kpk,6614,56,30,0.636,0,0,0,rejected,1
1615,home,life,faisalabad,punjab,124601,58,5,14.0617,1,3,1,approved,0
1616,damage,life,sialkot,punjab,22629,61,7,0.936,0,0,0,approved,0
1617,pet,others,islamabad,islamabad,14887,44,25,3.3237,1,7,0,submitted,0
1618,pet,pet,quetta,balochistan,49440,61,29,2.6969,4,4,0,in_review,1
1619,pet_care,home,sukkur,sindh,27503,45,5,3.0357,1,4,0,rejected,1
1620,pet_care,home,lahore,punjab,54274,53,33,3.6853,0,5,0,rejected,1
1621,medical,life,sukkur,sindh,37081,56,2,3.5949,0,4,3,submitted,0
1622,auto,auto,rawalpindi,punjab,70276,53,10,2.8213,1,4,0,rejected,1
1623,home,life,lahore,punjab,14481,61,45,1.7405,0,4,0,approved,0
1624,pet,others,quetta,balochistan,87460,56,40,4.3478,2,3,0,rejected,1
1625,other,others,quetta,balochistan,139612,64,39,6.8397,0,4,1,in_review,1
1626,theft,others,karachi,sindh,92984,44,37,5.3969,1,2,0,approved,1
1627,medical,pet,faisalabad,punjab,37777,64,5,8.1258,1,3,0,in_review,0
1628,accident,auto,abbottabad,kpk,147887,64,4,14.771,0,6,0,submitted,0
1629,life,life,karachi,sindh,45288,44,37,2.2273,2,5,0,approved,1
1630,pet,auto,gujranwala,punjab,219060,45,45,9.6925,1,2,2,rejected,1
1631,other,life,lahore,punjab,116873,64,2,18.2871,0,0,0,in_review,0
1632,life,auto,quetta,balochistan,47208,56,19,3.5637,3,4,0,submitted,0
1633,pet_care,home,rawalpindi,punjab,171293,45,21,7.8546,0,5,0,approved,0
1634,home,life,peshawar,kpk,5000,45,25,2.3969,2,2,0,rejected,1
1635,pet_care,pet,karachi,sindh,22823,64,5,10.0498,0,5,2,rejected,1
1636,damage,others,mardan,kpk,30542,64,8,1.3851,1,3,2,in_review,1
1637,auto,pet,quetta,balochistan,5000,44,16,0.4115,0,0,3,in_review,0
1638,damage,pet,karachi,sindh,78945,45,1,9.1076,1,3,0,in_review,0
1639,medical,life,hyderabad,sindh,20514,45,26,3.2159,0,3,0,rejected,1
1640,theft,auto,islamabad,islamabad,49907,64,28,3.0183,0,6,0,submitted,0
1641,auto,auto,islamabad,islamabad,24973,58,39,4.3356,2,5,1,submitted,1
1642,pet_care,others,gujranwala,punjab,34362,64,10,2.0202,1,3,0,submitted,0
1643,theft,others,gujranwala,punjab,24438,44,13,1.365,0,5,0,submitted,0
1644,theft,auto,faisalabad,punjab,80110,64,16,6.3991,0,2,0,rejected,0
1645,auto,life,quetta,balochistan,46247,45,7,4.2921,1,5,0,rejected,1
1646,theft,others,rawalpindi,punjab,31006,44,21,1.8576,0,6,0,rejected,1
1647,pet,others,gujranwala,punjab,99174,61,25,4.7855,0,6,0,approved,0
1648,accident,auto,faisalabad,punjab,78726,44,12,11.6201,0,5,0,approved,0
1649,auto,home,gujranwala,punjab,80651,53,0,3.7458,0,0,1,submitted,1
1650,accident,auto,rawalpindi,punjab,50280,64,37,14.1754,0,6,0,approved,1
1651,life,home,multan,punjab,78205,58,6,15.6285,1,5,0,approved,0
1652,auto,auto,quetta,balochistan,76145,44,3,5.8015,0,5,0,submitted,0
1653,home,life,lahore,punjab,17360,64,28,0.7855,0,4,0,approved,1
1654,damage,others,sukkur,sindh,100620,58,0,4.2544,0,3,0,approved,0
1655,life,home,karachi,sindh,28205,45,32,5.6796,1,4,3,rejected,1
1656,medical,others,quetta,balochistan,50783,58,30,2.445,1,5,0,in_review,0
1657,accident,pet,karachi,sindh,45367,64,45,2.2869,1,4,1,approved,0
1658,pet_care,life,multan,punjab,17465,56,11,2.9492,4,4,0,approved,1
1659,auto,others,abbottabad,kpk,61039,61,16,4.3503,1,1,0,submitted,0
1660,home,home,karachi,sindh,53594,56,23,2.4577,0,0,1,submitted,0
1661,damage,pet,faisalabad,punjab,35219,64,12,21.4227,0,6,0,in_review,0
1662,damage,life,islamabad,islamabad,101331,53,39,12.0032,1,3,0,in_review,1
1663,medical,home,lahore,punjab,82125,64,0,7.2185,2,2,0,in_review,0
1664,auto,pet,mardan,kpk,150972,44,24,11.2238,0,6,0,in_review,0
1665,pet,home,faisalabad,punjab,8141,58,17,5.0818,0,6,3,submitted,0
1666,other,pet,islamabad,islamabad,25113,64,21,4.561,1,7,0,approved,0
1667,life,life,quetta,balochistan,9081,58,36,1.9211,0,2,0,rejected,1
1668,accident,others,hyderabad,sindh,18336,44,9,2.7092,1,4,1,in_review,0
1669,auto,pet,hyderabad,sindh,11612,58,3,1.894,0,3,1,submitted,0
1670,medical,pet,abbottabad,kpk,15480,53,19,4.4165,0,6,0,submitted,0
1671,theft,life,sukkur,sindh,95544,64,24,7.8786,0,1,0,submitted,0
1672,auto,auto,hyderabad,sindh,60552,58,2,7.9758,0,2,0,submitted,0
1673,auto,auto,rawalpindi,punjab,13390,58,25,0.7798,0,1,0,rejected,1
1674,pet,pet,mardan,kpk,136068,64,26,7.5539,1,5,2,submitted,0
1675,medical,auto,lahore,punjab,24205,44,15,0.9986,0,6,0,rejected,1
1676,other,pet,mardan,kpk,103673,61,28,24.4166,3,9,0,rejected,1
1677,home,pet,hyderabad,sindh,75458,58,29,22.2393,1,3,0,submitted,0
1678,other,home,multan,punjab,5000,53,30,0.2664,2,7,1,submitted,0
1679,damage,home,mardan,kpk,8906,45,30,1.2252,0,0,1,in_review,0
1680,life,pet,peshawar,kpk,27500,61,35,5.0422,1,2,0,rejected,1
1681,auto,others,lahore,punjab,71271,64,11,8.5941,2,7,0,approved,0
1682,pet_care,auto,abbottabad,kpk,5000,61,3,0.3442,0,6,0,submitted,0
1683,accident,auto,quetta,balochistan,29988,64,2,7.254,1,1,0,rejected,1
1684,auto,pet,rawalpindi,punjab,101983,45,14,10.3895,2,5,0,in_review,0
1685,auto,auto,sukkur,sindh,157083,61,2,93.8369,1,3,0,rejected,1
1686,other,others,islamabad,islamabad,14808,53,14,0.7585,0,5,0,submitted,0
1687,theft,auto,peshawar,kpk,68849,64,41,12.8402,0,6,0,submitted,0
1688,auto,pet,hyderabad,sindh,130642,56,29,9.0428,1,3,0,rejected,1
1689,pet_care,others,mardan,kpk,41629,61,0,1.8895,0,0,0,submitted,0
1690,auto,home,rawalpindi,punjab,44820,56,6,15.1368,1,2,0,approved,0
1691,pet_care,auto,peshawar,kpk,17262,53,2,6.7246,0,1,0,rejected,1
1692,damage,home,rawalpindi,punjab,28873,64,23,3.0338,0,0,0,rejected,1
1693,pet_care,life,quetta,balochistan,80249,44,25,3.3608,1,2,0,rejected,1
1694,damage,life,islamabad,islamabad,29870,56,27,3.1212,0,4,0,rejected,1
1695,pet_care,life,faisalabad,punjab,206727,64,25,30.41,2,6,0,rejected,1
1696,theft,auto,multan,punjab,30807,44,29,1.734,1,3,0,approved,0
1697,other,life,abbottabad,kpk,102962,45,21,22.6589,1,2,0,approved,0
1698,theft,pet,sialkot,punjab,53857,44,27,5.9145,0,1,0,submitted,0
1699,theft,auto,mardan,kpk,103724,53,28,44.4786,0,4,0,in_review,0
1700,damage,life,lahore,punjab,20406,53,22,2.6296,2,4,0,approved,0
1701,damage,home,peshawar,kpk,16318,58,3,0.7263,0,4,0,rejected,1
1702,other,auto,sialkot,punjab,46140,64,16,1.9075,1,5,1,rejected,1
1703,accident,life,quetta,balochistan,35340,61,31,1.8326,2,3,3,rejected,1
1704,other,others,sukkur,sindh,25580,64,39,1.6408,0,3,1,in_review,1
1705,pet_care,home,sukkur,sindh,97082,53,22,7.8109,2,6,0,in_review,0
1706,life,auto,karachi,sindh,8003,58,25,1.1221,0,4,1,in_review,0
1707,medical,life,mardan,kpk,7598,56,10,0.5534,0,6,0,approved,0
1708,home,pet,rawalpindi,punjab,30270,44,12,2.6726,2,7,0,rejected,1
1709,medical,life,faisalabad,punjab,41377,64,0,3.7894,1,6,0,rejected,1
1710,life,home,rawalpindi,punjab,29365,64,21,1.9667,3,5,0,rejected,0
1711,pet_care,home,lahore,punjab,23203,53,5,0.9281,0,6,0,rejected,1
1712,pet_care,pet,faisalabad,punjab,88658,64,0,20.4046,0,0,2,rejected,1
1713,accident,life,karachi,sindh,5000,64,26,0.467,0,3,1,submitted,0
1714,pet,life,lahore,punjab,41979,53,11,21.1801,0,0,0,submitted,0
1715,medical,home,multan,punjab,59852,44,41,7.4862,0,0,3,in_review,1
1716,medical,home,karachi,sindh,5480,53,7,0.4237,0,3,0,submitted,0
1717,life,pet,quetta,balochistan,24544,44,16,9.6782,0,0,1,submitted,0
1718,life,life,islamabad,islamabad,9194,45,1,0.727,2,5,0,rejected,1
1719,damage,home,rawalpindi,punjab,42959,44,17,3.9394,0,3,0,in_review,0
1720,home,auto,sukkur,sindh,44502,56,0,3.1258,0,2,1,in_review,0
1721,auto,auto,karachi,sindh,42007,56,29,2.1184,0,3,1,in_review,1
1722,accident,home,peshawar,kpk,48182,56,17,3.8225,0,5,0,in_review,0
1723,other,home,islamabad,islamabad,42680,45,34,16.6394,0,3,0,submitted,1
1724,auto,home,gujranwala,punjab,7599,44,33,0.8657,0,3,0,submitted,1
1725,life,life,karachi,sindh,70318,64,4,7.1021,1,6,0,in_review,0
1726,other,others,lahore,punjab,12931,56,44,3.7384,1,1,0,in_review,1
1727,life,others,karachi,sindh,23756,61,26,10.9525,0,0,0,rejected,1
1728,auto,others,sukkur,sindh,17352,58,41,1.8172,1,1,1,submitted,1
1729,theft,others,rawalpindi,punjab,67912,44,30,9.0586,1,5,0,submitted,0
1730,pet,pet,sialkot,punjab,36515,64,38,4.2243,0,6,0,submitted,1
1731,damage,others,mardan,kpk,114267,61,30,5.2544,0,6,0,in_review,0
1732,pet_care,others,rawalpindi,punjab,190941,44,3,31.5396,1,5,0,approved,0
1733,auto,pet,lahore,punjab,29512,45,3,1.9887,0,1,0,approved,0
1734,other,others,rawalpindi,punjab,133871,56,35,7.3649,0,2,3,rejected,1
1735,medical,pet,faisalabad,punjab,48756,44,19,2.9563,0,4,0,approved,0
1736,other,others,abbottabad,kpk,51711,44,20,2.2207,1,6,0,approved,0
1737,home,others,peshawar,kpk,42740,58,21,2.8093,0,2,0,rejected,1
1738,pet_care,auto,sukkur,sindh,60994,64,15,3.3336,1,7,1,approved,0
1739,pet,home,karachi,sindh,37892,61,24,2.2356,3,5,0,approved,1
1740,pet,others,islamabad,islamabad,6285,56,16,1.9659,2,7,0,in_review,1
1741,life,home,faisalabad,punjab,6528,61,9,0.3818,1,1,0,approved,0
1742,pet,others,lahore,punjab,183930,58,4,9.9637,0,1,0,submitted,0
1743,pet_care,life,islamabad,islamabad,12015,64,37,0.6407,3,4,0,submitted,1
1744,theft,home,karachi,sindh,100676,45,24,5.2465,0,3,0,rejected,0
1745,accident,others,rawalpindi,punjab,23017,56,3,11.2388,4,7,0,in_review,1
1746,medical,life,quetta,balochistan,21498,44,41,1.0241,0,4,0,submitted,1
1747,theft,auto,lahore,punjab,18793,53,23,1.6819,0,0,0,rejected,1
1748,life,life,multan,punjab,43536,64,45,24.2811,0,3,0,submitted,0
1749,pet_care,auto,karachi,sindh,49303,53,22,4.1334,1,4,0,approved,0
1750,life,life,quetta,balochistan,36980,58,22,3.4815,4,5,0,in_review,1
1751,auto,pet,rawalpindi,punjab,11002,61,29,1.3797,0,0,0,in_review,0
1752,life,auto,rawalpindi,punjab,38035,56,26,12.0593,0,3,0,submitted,0
1753,other,others,karachi,sindh,17457,56,39,2.3924,1,6,0,rejected,1
1754,pet,pet,islamabad,islamabad,42669,58,31,2.9223,1,3,2,submitted,0
1755,theft,auto,gujranwala,punjab,12580,53,16,0.6724,0,1,0,rejected,1
1756,other,home,rawalpindi,punjab,31096,44,4,5.5233,0,5,3,submitted,0
1757,damage,others,mardan,kpk,100133,53,41,27.0192,2,8,0,approved,1
1758,theft,home,multan,punjab,94257,58,9,5.1152,0,4,0,submitted,0
1759,auto,life,rawalpindi,punjab,93048,56,45,3.9832,0,1,0,rejected,0
1760,life,pet,karachi,sindh,171251,61,39,7.9863,0,4,2,approved,1
1761,home,pet,sukkur,sindh,50279,58,0,8.6464,1,4,0,submitted,0
1762,life,auto,quetta,balochistan,217748,64,18,9.5286,0,6,2,submitted,0
1763,damage,life,multan,punjab,57933,64,39,14.9427,2,2,0,submitted,1
1764,medical,auto,faisalabad,punjab,116378,61,14,6.5517,0,4,1,rejected,1
1765,damage,life,islamabad,islamabad,89860,53,4,4.1066,0,1,0,approved,0
1766,damage,life,islamabad,islamabad,19345,64,35,1.6571,1,4,0,submitted,1
1767,pet,pet,islamabad,islamabad,67429,64,4,11.7965,1,4,0,approved,0
1768,other,home,quetta,balochistan,262950,45,22,15.5224,0,1,3,rejected,1
1769,other,life,faisalabad,punjab,27347,64,16,2.66,1,1,0,in_review,0
1770,home,life,sukkur,sindh,228335,58,20,55.8276,0,5,1,submitted,0
1771,medical,others,abbottabad,kpk,35463,44,3,6.651,0,1,2,approved,0
1772,home,life,faisalabad,punjab,100578,56,45,5.2439,0,6,0,rejected,1
1773,auto,auto,quetta,balochistan,19100,61,34,6.8044,1,3,0,approved,1
1774,pet,others,lahore,punjab,29780,64,44,4.6056,0,3,0,submitted,1
1775,medical,auto,mardan,kpk,23923,64,12,2.5843,3,7,3,in_review,1
1776,accident,others,sukkur,sindh,34912,58,38,10.7422,4,4,0,approved,1
1777,theft,others,mardan,kpk,138986,53,18,6.4179,0,1,0,rejected,1
1778,auto,home,faisalabad,punjab,41288,64,35,3.3067,0,6,0,rejected,1
1779,theft,others,abbottabad,kpk,148324,56,10,10.0805,0,1,0,submitted,0
1780,life,pet,gujranwala,punjab,57716,64,44,4.3052,2,7,2,rejected,1
1781,medical,home,hyderabad,sindh,10092,64,39,2.8182,1,5,0,submitted,1
1782,auto,auto,islamabad,islamabad,17426,61,36,1.1734,3,5,0,approved,1
1783,auto,home,mardan,kpk,25522,58,31,1.342,0,3,0,approved,1
1784,accident,pet,multan,punjab,29423,64,0,10.2878,0,5,0,approved,0
1785,auto,life,islamabad,islamabad,57748,53,0,32.7741,1,5,0,rejected,0
1786,medical,home,rawalpindi,punjab,8623,56,21,0.6409,1,7,2,in_review,0
1787,other,life,multan,punjab,69897,64,25,13.5119,0,5,0,approved,0
1788,life,life,islamabad,islamabad,21706,56,40,1.2295,0,2,1,in_review,1
1789,home,auto,sukkur,sindh,50753,61,38,11.3618,0,2,0,in_review,1
1790,pet_care,life,karachi,sindh,19213,64,43,1.2975,0,3,0,approved,1
1791,auto,pet,lahore,punjab,123662,56,26,13.4547,0,3,0,approved,0
1792,damage,pet,karachi,sindh,15050,64,4,7.4321,0,0,0,rejected,1
1793,theft,pet,multan,punjab,19515,61,20,0.8213,0,4,0,approved,0
1794,damage,life,gujranwala,punjab,12123,58,19,3.0621,1,1,1,in_review,0
1795,home,auto,faisalabad,punjab,175347,64,29,7.3731,0,3,0,approved,0
1796,pet,others,sukkur,sindh,24512,61,19,1.6862,1,4,0,approved,0
1797,medical,life,mardan,kpk,35555,58,35,1.6615,0,0,0,submitted,0
1798,damage,auto,mardan,kpk,34071,44,5,1.4054,0,0,1,approved,0
1799,damage,home,peshawar,kpk,31650,56,12,2.3811,1,5,0,rejected,1
1800,damage,auto,peshawar,kpk,25869,56,35,1.7519,0,6,0,submitted,1
1801,life,pet,peshawar,kpk,49908,58,28,2.3817,2,6,2,rejected,1
1802,pet,life,abbottabad,kpk,14490,64,11,2.3715,1,3,0,approved,1
1803,other,auto,multan,punjab,37629,44,13,5.1974,0,0,0,rejected,1
1804,accident,pet,sialkot,punjab,83456,64,17,6.9425,0,3,0,submitted,0
1805,other,others,peshawar,kpk,27494,56,9,7.2832,0,3,0,rejected,1
1806,auto,others,mardan,kpk,117505,58,19,45.0902,0,6,0,rejected,1
1807,accident,auto,karachi,sindh,25064,44,39,9.5228,0,2,0,approved,1
1808,pet_care,home,rawalpindi,punjab,12175,58,27,0.6858,1,3,0,submitted,0
1809,damage,life,peshawar,kpk,91629,64,10,58.0298,2,3,1,rejected,1
1810,home,pet,quetta,balochistan,19780,58,20,1.959,1,2,0,rejected,1
1811,other,pet,mardan,kpk,217731,45,38,10.7156,0,5,0,approved,1
1812,other,life,islamabad,islamabad,91418,61,9,7.7637,1,4,0,rejected,1
1813,medical,others,gujranwala,punjab,82019,45,34,5.8652,1,1,0,in_review,1
1814,home,auto,gujranwala,punjab,60321,56,44,29.6709,0,1,1,in_review,1
1815,pet_care,auto,islamabad,islamabad,15253,58,29,0.6818,0,4,1,rejected,1
1816,damage,auto,hyderabad,sindh,68099,64,3,3.6356,1,7,0,submitted,0
1817,auto,home,mardan,kpk,54741,64,41,6.7993,0,3,1,in_review,1
1818,home,others,karachi,sindh,32250,53,24,1.3437,2,6,0,approved,0
1819,life,auto,multan,punjab,42439,61,9,2.9386,0,3,0,approved,0
1820,home,life,mardan,kpk,58662,64,17,3.6137,0,4,2,in_review,0
1821,home,pet,sialkot,punjab,34088,64,0,7.1433,0,3,0,submitted,0
1822,damage,life,abbottabad,kpk,24930,44,22,7.3692,0,1,0,in_review,0
1823,pet_care,home,quetta,balochistan,47080,64,18,2.5746,0,6,1,rejected,1
1824,pet,pet,lahore,punjab,69515,61,15,3.7997,0,4,0,in_review,0
1825,medical,others,abbottabad,kpk,110528,53,34,7.3813,0,4,1,in_review,1
1826,medical,life,abbottabad,kpk,121553,58,30,5.9433,2,8,2,submitted,0
1827,pet_care,life,rawalpindi,punjab,23112,44,24,1.1736,0,2,0,approved,0
1828,home,pet,quetta,balochistan,13372,64,0,0.5537,0,5,2,in_review,0
1829,home,others,islamabad,islamabad,55784,44,10,2.5269,0,5,1,approved,0
1830,theft,life,sukkur,sindh,39403,58,1,1.8607,0,2,0,rejected,1
1831,life,pet,hyderabad,sindh,39864,64,39,3.6704,3,3,0,approved,1
1832,auto,life,abbottabad,kpk,55744,56,32,2.9926,2,4,1,submitted,1
1833,pet_care,home,peshawar,kpk,8188,56,14,0.5362,4,7,0,in_review,1
1834,auto,others,quetta,balochistan,14916,44,30,1.3975,3,4,0,submitted,1
1835,accident,pet,karachi,sindh,71274,45,41,9.558,0,6,0,approved,1
1836,pet,auto,gujranwala,punjab,113203,64,26,17.9516,3,4,0,submitted,1
1837,medical,pet,faisalabad,punjab,13898,64,36,0.855,0,6,1,submitted,1
1838,pet_care,others,abbottabad,kpk,28452,44,35,1.2703,2,5,0,in_review,0
1839,life,pet,hyderabad,sindh,17913,64,4,1.5197,2,7,0,approved,0
1840,theft,life,hyderabad,sindh,7125,61,23,0.3354,0,6,0,in_review,0
1841,life,pet,multan,punjab,8676,56,5,0.4638,0,3,0,rejected,1
1842,other,home,abbottabad,kpk,81820,45,34,6.5798,0,4,0,submitted,1
1843,theft,others,quetta,balochistan,21321,64,38,3.6236,2,2,0,rejected,1
1844,damage,others,sukkur,sindh,23361,53,14,3.7576,0,5,0,submitted,0
1845,other,pet,lahore,punjab,51300,64,31,5.4291,0,4,0,rejected,1
1846,medical,life,sialkot,punjab,23934,53,28,0.992,1,7,0,rejected,1
1847,home,life,abbottabad,kpk,121170,64,28,41.7972,0,5,0,submitted,0
1848,medical,others,gujranwala,punjab,71346,64,19,2.8774,4,8,0,approved,1
1849,pet_care,pet,lahore,punjab,18139,64,41,0.794,2,3,0,submitted,1
1850,auto,others,peshawar,kpk,89471,58,28,22.6738,1,5,0,rejected,1
1851,pet_care,life,sialkot,punjab,37270,44,30,2.4092,0,6,3,submitted,0
1852,auto,life,islamabad,islamabad,15428,64,8,6.9842,0,6,0,rejected,1
1853,home,others,hyderabad,sindh,15151,56,38,1.1228,1,2,0,submitted,1
1854,medical,home,rawalpindi,punjab,77790,44,23,3.8874,1,7,0,rejected,1
1855,auto,life,faisalabad,punjab,14693,53,34,0.7526,1,7,0,submitted,1
1856,pet_care,life,quetta,balochistan,228405,56,24,16.2081,1,3,1,in_review,0
1857,theft,pet,gujranwala,punjab,19414,45,32,0.9038,0,4,0,in_review,1
1858,theft,auto,quetta,balochistan,174411,64,24,15.4005,1,3,1,rejected,1
1859,life,life,lahore,punjab,60032,61,8,10.5153,0,5,3,rejected,1
1860,accident,auto,karachi,sindh,56884,45,11,2.5522,1,2,0,submitted,0
1861,other,pet,karachi,sindh,32597,64,8,2.1643,1,2,0,approved,0
1862,damage,auto,abbottabad,kpk,41860,58,13,1.7154,4,8,0,submitted,1
1863,other,home,faisalabad,punjab,156055,56,20,9.1565,1,3,1,approved,0
1864,accident,others,rawalpindi,punjab,13763,64,25,1.634,0,2,0,submitted,0
1865,theft,others,karachi,sindh,35653,45,13,3.7251,1,7,1,submitted,0
1866,home,life,peshawar,kpk,55192,61,28,8.2685,2,4,1,in_review,0
1867,accident,auto,islamabad,islamabad,63810,53,4,3.2821,2,8,3,in_review,0
1868,pet_care,others,karachi,sindh,11057,53,34,0.6404,1,3,0,rejected,1
1869,theft,life,sialkot,punjab,17646,64,5,1.6737,1,3,0,rejected,1
1870,theft,home,gujranwala,punjab,81012,58,33,3.33,1,3,0,rejected,1
1871,accident,life,lahore,punjab,25260,61,31,1.2257,0,4,0,in_review,1
1872,accident,home,mardan,kpk,177299,44,5,7.2876,0,0,0,approved,0
1873,auto,pet,sukkur,sindh,20595,58,0,1.3714,1,1,0,approved,1
1874,auto,others,sialkot,punjab,22957,64,29,1.4938,0,4,0,approved,0
1875,auto,others,abbottabad,kpk,5000,64,4,0.6262,3,4,1,rejected,0
1876,accident,home,rawalpindi,punjab,30991,64,41,3.9244,2,2,0,rejected,1
1877,theft,home,gujranwala,punjab,10566,45,2,1.6191,0,2,0,rejected,0
1878,auto,pet,multan,punjab,111340,56,8,13.5072,2,4,0,in_review,0
1879,other,auto,rawalpindi,punjab,16368,64,8,0.7029,0,5,1,approved,0
1880,theft,auto,gujranwala,punjab,24727,53,6,1.3011,0,1,0,submitted,0
1881,theft,auto,rawalpindi,punjab,58818,44,26,6.2103,0,1,0,submitted,0
1882,pet_care,others,hyderabad,sindh,62773,61,37,4.0418,0,2,0,approved,1
1883,other,life,multan,punjab,105223,53,30,6.6479,0,4,0,in_review,0
1884,life,auto,sialkot,punjab,126604,45,21,8.5758,0,6,2,rejected,1
1885,medical,others,lahore,punjab,109213,44,6,5.0093,0,2,0,submitted,0
1886,home,auto,gujranwala,punjab,106876,53,20,6.6931,0,4,0,submitted,0
1887,other,others,sialkot,punjab,18588,61,45,1.9191,0,4,0,approved,1
1888,theft,auto,abbottabad,kpk,232575,53,26,14.0989,1,5,2,in_review,0
1889,pet_care,pet,sukkur,sindh,36336,64,42,2.9626,0,0,0,rejected,1
1890,life,others,abbottabad,kpk,74740,45,34,8.0844,0,2,1,approved,1
1891,pet,auto,mardan,kpk,15653,53,31,0.941,0,3,0,rejected,1
1892,accident,home,gujranwala,punjab,93447,64,35,4.8994,1,2,0,in_review,1
1893,theft,auto,faisalabad,punjab,29865,58,19,2.7515,0,2,0,rejected,1
1894,damage,pet,islamabad,islamabad,10302,53,13,0.4201,1,4,0,in_review,1
1895,auto,others,gujranwala,punjab,49835,61,26,2.7582,1,5,0,submitted,0
1896,accident,pet,abbottabad,kpk,19258,45,38,0.9853,0,3,0,in_review,1
1897,other,home,faisalabad,punjab,63958,44,38,4.3654,1,1,1,approved,1
1898,medical,life,gujranwala,punjab,32538,53,30,3.8016,3,5,0,approved,1
1899,other,others,quetta,balochistan,9565,61,4,0.396,0,1,0,in_review,0
1900,theft,home,karachi,sindh,95188,64,5,51.7045,0,2,0,rejected,1
1901,accident,auto,sukkur,sindh,87237,45,26,4.3818,0,4,3,approved,0
1902,other,home,multan,punjab,63645,44,21,5.7509,1,2,3,rejected,1
1903,theft,pet,lahore,punjab,5000,58,6,0.2059,2,6,0,submitted,1
1904,home,pet,faisalabad,punjab,58909,44,43,2.4045,3,9,0,rejected,1
1905,life,home,rawalpindi,punjab,46591,45,18,2.5098,0,6,0,in_review,0
1906,life,home,quetta,balochistan,16555,64,32,0.7733,0,2,1,rejected,1
1907,medical,others,quetta,balochistan,53737,44,36,13.0715,0,5,0,in_review,1
1908,accident,home,mardan,kpk,13762,64,21,1.4828,0,5,0,rejected,1
1909,auto,others,gujranwala,punjab,8464,45,19,0.662,0,5,0,submitted,0
1910,theft,pet,peshawar,kpk,53552,64,33,2.7767,0,4,0,rejected,1
1911,accident,life,faisalabad,punjab,23196,61,42,1.112,0,2,1,in_review,1
1912,damage,pet,abbottabad,kpk,32463,64,8,7.4955,0,0,0,approved,0
1913,accident,home,gujranwala,punjab,21263,56,26,0.9274,0,6,1,submitted,0
1914,theft,home,lahore,punjab,128192,64,34,5.72,1,7,1,submitted,1
1915,damage,home,hyderabad,sindh,13007,45,7,0.8755,0,6,0,rejected,1
1916,pet,auto,rawalpindi,punjab,40981,44,34,5.6651,0,6,0,rejected,1
1917,other,others,peshawar,kpk,13441,44,2,1.1961,0,6,0,in_review,0
1918,theft,home,multan,punjab,159906,53,20,12.4237,0,6,2,rejected,1
1919,pet,others,rawalpindi,punjab,80747,64,7,46.1411,3,7,3,submitted,1
1920,accident,auto,sukkur,sindh,16048,64,45,7.779,0,0,0,rejected,1
1921,pet,home,abbottabad,kpk,17379,44,29,1.7197,1,6,0,approved,0
1922,pet,others,peshawar,kpk,49802,53,1,5.649,0,4,1,rejected,1
1923,other,pet,gujranwala,punjab,83459,64,36,8.9271,0,2,0,in_review,1
1924,home,others,peshawar,kpk,59437,61,0,5.1554,1,4,0,approved,0
1925,home,auto,sukkur,sindh,81971,45,24,3.8279,1,4,0,submitted,0
1926,life,life,sialkot,punjab,21925,53,5,1.366,0,4,0,approved,0
1927,medical,home,sukkur,sindh,6618,56,39,0.6193,1,7,0,in_review,1
1928,life,auto,sialkot,punjab,42184,56,15,23.4486,2,3,0,approved,0
1929,pet_care,home,hyderabad,sindh,25684,45,25,1.0379,0,2,0,in_review,0
1930,other,home,karachi,sindh,118263,64,24,16.414,0,1,0,approved,0
1931,medical,auto,abbottabad,kpk,48108,44,38,7.7208,0,1,1,in_review,1
1932,damage,others,karachi,sindh,131000,56,25,14.691,2,7,0,approved,0
1933,theft,pet,gujranwala,punjab,89880,44,1,13.53,0,3,0,rejected,1
1934,home,auto,peshawar,kpk,98684,58,13,13.5741,2,8,0,rejected,1
1935,home,home,multan,punjab,128721,64,32,23.5408,0,6,2,in_review,0
1936,damage,home,karachi,sindh,47965,53,36,10.382,1,2,0,rejected,1
1937,life,home,peshawar,kpk,11301,61,21,3.2069,0,1,0,in_review,0
1938,pet_care,pet,faisalabad,punjab,64436,44,38,3.5123,0,3,0,rejected,1
1939,pet_care,life,mardan,kpk,17455,58,24,2.0256,0,6,0,approved,0
1940,auto,life,hyderabad,sindh,92793,44,7,8.4859,3,5,0,approved,1
1941,life,pet,karachi,sindh,59560,56,22,3.8964,1,6,2,submitted,1
1942,accident,others,rawalpindi,punjab,19728,45,26,1.0042,1,5,0,rejected,1
1943,theft,pet,hyderabad,sindh,98815,61,1,4.4887,1,4,0,rejected,1
1944,damage,auto,multan,punjab,34685,56,37,1.4506,0,1,0,in_review,1
1945,home,pet,multan,punjab,14763,44,9,0.8286,0,0,0,rejected,1
1946,home,auto,peshawar,kpk,50465,45,15,2.6387,0,2,0,submitted,0
1947,medical,auto,hyderabad,sindh,52459,53,42,2.7548,2,5,0,approved,1
1948,home,auto,sukkur,sindh,14650,56,18,2.4139,0,6,1,rejected,1
1949,home,home,quetta,balochistan,5000,64,20,0.8021,0,6,2,submitted,0
1950,home,pet,sialkot,punjab,18718,61,18,1.3233,0,2,1,in_review,0
1951,theft,home,gujranwala,punjab,48183,56,26,3.2492,4,7,0,in_review,1
1952,damage,home,islamabad,islamabad,188497,58,26,12.3056,0,1,1,approved,0
1953,other,auto,gujranwala,punjab,7682,61,19,0.3209,2,7,0,approved,0
1954,medical,life,hyderabad,sindh,62385,64,44,3.7534,0,2,3,submitted,1
1955,damage,life,faisalabad,punjab,14254,64,29,0.7692,0,5,0,rejected,1
1956,life,others,abbottabad,kpk,61365,56,41,9.8673,1,5,0,in_review,1
1957,auto,pet,karachi,sindh,66873,61,33,4.1562,0,0,0,rejected,1
1958,damage,home,islamabad,islamabad,38404,56,17,12.3684,0,2,1,rejected,1
1959,medical,pet,islamabad,islamabad,56289,56,32,3.4554,3,8,0,submitted,1
1960,theft,auto,karachi,sindh,164288,44,16,92.0381,2,6,0,in_review,1
1961,pet_care,others,mardan,kpk,17425,64,16,5.4402,1,1,2,rejected,1
1962,accident,home,faisalabad,punjab,25308,64,22,2.0456,0,0,0,approved,0
1963,theft,home,gujranwala,punjab,24930,61,25,7.0965,2,4,0,rejected,1
1964,medical,others,abbottabad,kpk,10261,58,13,0.4472,0,2,0,approved,0
1965,other,home,faisalabad,punjab,37681,58,18,2.5607,0,6,1,in_review,1
1966,other,home,rawalpindi,punjab,134190,53,25,8.0556,0,0,0,approved,0
1967,auto,pet,quetta,balochistan,44368,58,24,2.4045,0,5,1,rejected,1
1968,damage,pet,faisalabad,punjab,84484,53,34,4.9368,0,2,0,approved,1
1969,auto,life,hyderabad,sindh,15407,53,23,0.6258,4,8,0,rejected,1
1970,auto,pet,abbottabad,kpk,57837,45,2,9.3998,1,5,1,submitted,0
1971,life,others,islamabad,islamabad,21128,64,32,2.5406,0,6,0,submitted,1
1972,auto,others,sukkur,sindh,19376,64,40,0.8531,2,7,0,in_review,1
1973,pet,life,gujranwala,punjab,16351,58,34,1.0567,2,2,0,submitted,1
1974,accident,pet,quetta,balochistan,49073,58,10,5.5563,1,4,0,approved,0
1975,pet,life,rawalpindi,punjab,5000,64,3,0.4183,0,0,0,approved,0
1976,pet_care,auto,multan,punjab,61637,64,43,5.5166,0,5,0,submitted,1
1977,theft,others,islamabad,islamabad,70111,45,30,2.8243,0,5,0,in_review,0
1978,auto,pet,karachi,sindh,65379,53,15,5.8379,0,2,0,in_review,0
1979,pet_care,auto,abbottabad,kpk,56532,53,29,4.0533,3,4,0,approved,1
1980,pet_care,auto,peshawar,kpk,64340,61,15,2.6209,0,0,0,approved,0
1981,home,home,mardan,kpk,31922,56,2,1.3026,0,4,0,rejected,1
1982,life,life,peshawar,kpk,18540,53,32,1.1283,0,0,0,approved,1
1983,auto,pet,peshawar,kpk,80666,61,45,17.9617,4,7,1,rejected,1
1984,accident,auto,faisalabad,punjab,185005,61,26,10.4434,0,6,0,in_review,0
1985,home,life,islamabad,islamabad,36190,64,0,1.7311,2,7,2,rejected,0
1986,auto,home,faisalabad,punjab,54870,64,1,4.785,0,0,0,in_review,0
1987,damage,pet,faisalabad,punjab,22491,53,41,1.5375,0,5,1,rejected,1
1988,theft,home,lahore,punjab,48590,53,38,17.766,0,3,0,approved,1
1989,pet_care,others,lahore,punjab,378627,64,14,52.7042,1,3,0,rejected,1
1990,accident,others,mardan,kpk,14137,58,14,1.5638,0,0,0,submitted,0
1991,pet,home,sukkur,sindh,19080,61,40,4.545,0,2,1,in_review,1
1992,pet_care,pet,islamabad,islamabad,51359,58,12,31.664,1,3,3,approved,0
1993,theft,life,rawalpindi,punjab,31051,64,26,1.329,1,7,1,submitted,0
1994,auto,pet,mardan,kpk,37306,53,8,7.9038,0,1,0,in_review,1
1995,auto,auto,hyderabad,sindh,19884,61,27,1.3567,0,4,1,approved,0
1996,medical,pet,abbottabad,kpk,12609,56,20,0.8689,0,5,0,approved,0
1997,other,others,multan,punjab,40672,64,20,3.4124,1,4,0,submitted,0
1998,other,pet,karachi,sindh,99609,64,34,8.8849,0,0,2,in_review,1
1999,life,home,quetta,balochistan,20205,45,12,1.4231,3,4,0,in_review,1
2000,home,home,sukkur,sindh,28078,61,19,1.4808,0,6,0,approved,1
2001,other,auto,gujranwala,punjab,54347,58,33,5.2565,1,4,0,submitted,1
2002,medical,home,quetta,balochistan,41812,56,6,6.822,0,0,0,submitted,0
2003,accident,pet,gujranwala,punjab,23714,56,22,3.34,4,5,0,rejected,1
2004,medical,home,abbottabad,kpk,36209,44,8,1.8217,1,4,0,submitted,0
2005,other,pet,sialkot,punjab,28954,44,40,3.1007,4,9,1,submitted,1
2006,theft,life,gujranwala,punjab,25703,44,31,1.7958,0,3,0,submitted,1
2007,home,life,gujranwala,punjab,18993,44,4,1.3852,0,3,2,submitted,0
2008,pet,auto,abbottabad,kpk,38112,53,35,3.711,1,3,0,submitted,1
2009,auto,pet,multan,punjab,37636,58,1,2.3931,0,4,0,in_review,0
2010,auto,others,sukkur,sindh,72386,53,19,8.3616,2,7,0,in_review,0
2011,accident,life,lahore,punjab,26985,56,2,2.3439,0,3,0,approved,1
2012,medical,life,rawalpindi,punjab,91309,58,44,4.2918,0,5,0,rejected,1
2013,other,life,gujranwala,punjab,71707,64,40,3.2148,0,0,0,rejected,1
2014,home,home,sialkot,punjab,87292,64,40,31.639,0,2,0,rejected,1
2015,theft,life,multan,punjab,23139,44,29,1.8144,1,6,0,rejected,1
2016,life,others,islamabad,islamabad,53425,53,9,4.3319,1,5,0,rejected,1
2017,damage,pet,islamabad,islamabad,13936,61,43,1.3721,2,8,0,approved,1
2018,pet,life,hyderabad,sindh,40085,64,43,4.5443,0,2,2,in_review,1
2019,auto,home,quetta,balochistan,138142,53,37,6.4919,0,0,0,in_review,1
2020,home,life,quetta,balochistan,16454,61,2,0.6878,0,1,0,approved,0
2021,medical,auto,hyderabad,sindh,21216,56,27,2.1879,1,3,2,rejected,1
2022,accident,others,gujranwala,punjab,53840,64,0,2.8751,0,1,0,submitted,0
2023,medical,others,peshawar,kpk,124371,64,31,9.9417,0,0,1,rejected,1
2024,damage,pet,hyderabad,sindh,49173,53,11,5.4905,0,1,1,approved,0
2025,home,home,abbottabad,kpk,46443,53,23,4.1992,0,2,0,rejected,1
2026,medical,home,multan,punjab,14927,58,23,1.5128,0,1,0,approved,0
2027,home,life,peshawar,kpk,102059,45,12,44.4702,0,5,0,in_review,0
2028,other,life,multan,punjab,242556,58,10,56.8047,0,5,0,in_review,1
2029,damage,others,faisalabad,punjab,199695,64,24,8.4771,2,5,0,rejected,1
2030,auto,auto,abbottabad,kpk,36564,56,39,1.6903,0,4,0,submitted,1
2031,theft,life,hyderabad,sindh,59300,45,30,6.8658,1,3,0,submitted,0
2032,life,life,sialkot,punjab,372404,64,5,17.7403,2,2,0,in_review,1
2033,damage,home,rawalpindi,punjab,13612,58,15,0.6003,1,1,2,in_review,0
2034,accident,auto,peshawar,kpk,36623,64,25,3.0877,0,6,0,approved,0
2035,medical,life,karachi,sindh,90579,45,19,3.7836,0,5,0,submitted,0
2036,theft,home,faisalabad,punjab,166300,56,28,17.5403,0,6,1,approved,0
2037,pet_care,pet,lahore,punjab,39481,45,0,8.2355,0,5,0,in_review,0
2038,damage,home,quetta,balochistan,117951,61,4,6.0401,0,5,1,submitted,0
2039,accident,auto,sukkur,sindh,85248,58,41,4.2571,4,9,0,approved,1
2040,pet,others,mardan,kpk,54166,64,11,4.6958,0,2,0,in_review,0
2041,theft,home,hyderabad,sindh,32276,64,17,18.0414,2,2,1,in_review,0
2042,medical,pet,lahore,punjab,15606,45,37,0.8285,1,7,0,in_review,1
2043,home,pet,peshawar,kpk,14546,61,21,0.8564,2,6,0,submitted,0
2044,medical,pet,hyderabad,sindh,169214,61,43,7.073,1,7,0,in_review,1
2045,damage,pet,quetta,balochistan,116936,64,14,8.349,0,3,0,approved,0
2046,pet,pet,mardan,kpk,57105,44,41,5.2452,1,1,0,submitted,1
2047,damage,pet,karachi,sindh,81463,44,6,9.9224,0,5,0,rejected,1
2048,medical,home,peshawar,kpk,20713,61,34,1.4284,1,4,2,rejected,1
2049,pet,auto,lahore,punjab,23417,53,43,9.6485,0,1,0,approved,1
2050,other,auto,mardan,kpk,158321,45,38,25.3314,1,2,0,approved,1
2051,other,auto,gujranwala,punjab,13939,56,24,3.8612,1,1,0,rejected,1
2052,damage,life,hyderabad,sindh,37395,45,34,6.7197,0,4,1,submitted,1
2053,life,life,abbottabad,kpk,42072,44,33,2.5993,2,5,2,submitted,1
2054,accident,life,rawalpindi,punjab,5000,61,21,0.845,0,5,0,approved,0
2055,accident,pet,faisalabad,punjab,5000,64,45,0.2835,0,1,0,submitted,1
2056,theft,auto,peshawar,kpk,117302,58,22,7.0643,2,7,1,submitted,0
2057,other,life,peshawar,kpk,36756,64,13,2.4584,0,1,0,approved,0
2058,accident,pet,faisalabad,punjab,116201,56,43,7.5167,0,1,1,rejected,1
2059,theft,auto,faisalabad,punjab,52668,64,17,3.1152,1,1,0,approved,0
2060,damage,others,sialkot,punjab,14953,53,32,1.3358,0,3,2,rejected,1
2061,other,others,quetta,balochistan,46106,64,20,8.3044,0,6,0,rejected,1
2062,theft,life,islamabad,islamabad,53298,61,12,3.016,2,2,0,submitted,0
2063,other,life,sialkot,punjab,16576,44,35,1.6643,0,0,0,rejected,1
2064,other,auto,lahore,punjab,49786,64,21,2.9442,1,4,0,in_review,0
2065,other,others,hyderabad,sindh,379112,56,2,63.7914,1,4,0,rejected,1
2066,theft,pet,karachi,sindh,11384,61,12,0.6271,0,3,0,approved,0
2067,medical,life,lahore,punjab,92376,56,41,3.7483,1,6,1,in_review,1
2068,other,others,quetta,balochistan,51820,61,15,5.7444,0,0,0,approved,0
2069,pet_care,life,gujranwala,punjab,79929,64,42,11.4005,0,2,0,in_review,0
2070,other,life,hyderabad,sindh,5000,45,5,0.3338,1,5,0,approved,0
2071,auto,life,lahore,punjab,69819,58,19,3.236,0,4,0,approved,0
2072,life,home,sialkot,punjab,65510,45,20,5.603,1,5,0,rejected,1
2073,theft,home,lahore,punjab,17119,44,39,0.7585,0,4,0,rejected,0
2074,damage,auto,hyderabad,sindh,64517,61,42,4.6005,1,7,0,in_review,1
2075,pet,pet,faisalabad,punjab,5000,53,40,0.2483,1,1,1,rejected,1
2076,pet_care,auto,gujranwala,punjab,46050,61,0,2.0092,0,1,0,rejected,1
2077,medical,auto,quetta,balochistan,65142,53,14,5.751,0,3,0,submitted,0
2078,other,life,mardan,kpk,38303,44,23,14.0768,0,1,1,rejected,1
2079,other,auto,sukkur,sindh,23410,64,13,1.9025,2,2,0,in_review,0
2080,pet,others,quetta,balochistan,18454,61,38,0.844,0,1,0,approved,1
2081,life,pet,sialkot,punjab,23724,53,35,7.9933,0,6,0,in_review,1
2082,pet,others,hyderabad,sindh,93874,61,25,11.1028,0,3,0,in_review,0
2083,auto,home,hyderabad,sindh,167036,64,27,6.8329,0,2,0,approved,0
2084,medical,others,gujranwala,punjab,121704,61,21,4.8767,0,2,0,in_review,1
2085,home,home,sukkur,sindh,32135,61,6,1.78,0,2,0,rejected,1
2086,medical,life,peshawar,kpk,5000,64,17,0.2226,1,1,0,submitted,0
2087,other,auto,hyderabad,sindh,25903,44,45,2.0326,2,8,0,approved,1
2088,pet,others,rawalpindi,punjab,61802,56,2,5.0042,0,6,0,rejected,1
2089,life,pet,mardan,kpk,11799,44,15,1.6502,1,7,1,approved,0
2090,medical,life,sukkur,sindh,7782,64,5,0.5989,1,7,1,submitted,0
2091,auto,others,sialkot,punjab,5603,64,41,1.3171,0,6,2,submitted,1
2092,pet,pet,quetta,balochistan,26581,61,12,1.5582,0,2,0,rejected,1
2093,pet_care,pet,sukkur,sindh,17608,53,15,0.835,0,0,0,rejected,1
2094,home,pet,abbottabad,kpk,53834,45,14,3.5147,2,4,0,in_review,0
2095,auto,auto,abbottabad,kpk,97206,58,25,6.4597,0,5,0,submitted,0
2096,pet_care,pet,quetta,balochistan,63177,53,41,4.5894,3,9,0,in_review,1
2097,home,auto,hyderabad,sindh,83880,61,29,5.0643,1,3,0,rejected,0
2098,life,pet,hyderabad,sindh,7286,53,22,0.5553,0,0,0,submitted,0
2099,medical,home,peshawar,kpk,79474,64,17,3.8247,1,3,0,rejected,1
2100,pet_care,life,sialkot,punjab,93393,61,21,9.8308,0,2,2,rejected,1
2101,damage,pet,karachi,sindh,399047,64,42,156.7965,2,2,0,approved,1
2102,other,home,faisalabad,punjab,259279,64,37,74.8712,2,2,0,submitted,1
2103,theft,home,sukkur,sindh,54946,58,13,11.3642,1,3,0,approved,0
2104,pet_care,pet,hyderabad,sindh,138114,61,41,8.9522,0,5,0,submitted,1
2105,auto,pet,abbottabad,kpk,39581,64,39,1.7339,1,6,0,submitted,1
2106,other,others,sialkot,punjab,40472,56,17,19.7521,1,6,0,rejected,1
2107,damage,pet,karachi,sindh,80953,53,30,7.4515,1,4,0,rejected,0
2108,accident,life,faisalabad,punjab,125391,64,24,14.6024,0,2,0,rejected,1
2109,other,home,gujranwala,punjab,74660,44,10,4.5611,0,6,0,rejected,0
2110,home,others,gujranwala,punjab,115857,58,14,10.7864,1,7,0,approved,0
2111,auto,pet,gujranwala,punjab,35040,53,5,1.9705,2,2,0,rejected,0
2112,home,others,sialkot,punjab,30188,64,5,3.8169,0,4,2,in_review,0
2113,theft,pet,sukkur,sindh,5000,64,39,0.2354,2,6,0,approved,1
2114,pet,pet,sialkot,punjab,28267,53,11,2.1207,0,6,0,rejected,1
2115,other,home,sukkur,sindh,167896,45,12,6.722,2,8,0,in_review,0
2116,other,auto,gujranwala,punjab,7589,58,23,1.1422,1,2,3,approved,0
2117,theft,auto,faisalabad,punjab,21100,44,12,1.1483,0,0,0,submitted,0
2118,medical,home,sialkot,punjab,27563,45,3,1.2246,0,0,0,in_review,0
2119,life,pet,sukkur,sindh,48753,61,3,11.1283,0,4,0,in_review,0
2120,auto,pet,multan,punjab,5000,56,7,0.4345,1,1,0,in_review,0
2121,accident,pet,gujranwala,punjab,6701,64,6,0.2801,0,0,2,submitted,0
2122,auto,others,faisalabad,punjab,212038,56,33,102.6818,0,2,0,approved,1
2123,damage,pet,islamabad,islamabad,19635,61,10,1.091,2,6,1,rejected,0
2124,medical,life,hyderabad,sindh,177475,64,0,8.7543,0,1,0,in_review,0
2125,damage,others,abbottabad,kpk,55174,64,17,3.3567,1,6,0,rejected,1
2126,theft,auto,peshawar,kpk,13971,64,45,1.0783,0,4,2,approved,1
2127,damage,others,karachi,sindh,40051,44,11,19.8076,0,6,0,in_review,0
2128,pet_care,pet,quetta,balochistan,77389,64,21,5.3086,1,1,0,approved,0
2129,other,others,sialkot,punjab,21302,64,13,1.3504,0,3,0,in_review,0
2130,damage,auto,sukkur,sindh,35429,58,32,1.7883,1,4,0,rejected,0
2131,auto,home,karachi,sindh,56073,64,24,2.4696,3,6,1,in_review,1
2132,life,home,quetta,balochistan,45559,53,1,2.2311,0,6,1,in_review,0
2133,pet,others,quetta,balochistan,81371,44,45,6.7405,0,4,1,approved,1
2134,other,home,sialkot,punjab,25830,64,15,2.8242,2,7,0,rejected,1
2135,other,life,mardan,kpk,34446,61,16,3.9398,2,6,1,submitted,0
2136,home,pet,mardan,kpk,19776,56,42,0.8541,2,3,0,rejected,1
2137,accident,home,sukkur,sindh,15489,61,2,1.7898,2,6,0,in_review,0
2138,auto,pet,karachi,sindh,36042,44,25,1.6059,0,4,0,in_review,0
2139,other,life,islamabad,islamabad,34706,64,14,1.7066,1,1,2,in_review,0
2140,home,others,abbottabad,kpk,34953,44,29,5.2184,0,5,0,in_review,0
2141,auto,auto,karachi,sindh,26628,45,41,1.66,1,5,0,in_review,1
2142,pet_care,others,karachi,sindh,58553,61,22,4.452,0,0,0,submitted,0
2143,auto,auto,mardan,kpk,107298,56,32,60.9648,0,0,0,rejected,1
2144,theft,life,peshawar,kpk,47963,56,17,2.8086,0,2,1,rejected,1
2145,other,auto,hyderabad,sindh,31390,44,40,2.2417,0,5,0,approved,1
2146,pet,home,gujranwala,punjab,63847,64,19,36.1739,0,6,0,rejected,1
2147,medical,life,quetta,balochistan,26818,44,20,1.4289,0,0,0,rejected,1
2148,accident,others,karachi,sindh,84085,56,44,4.8389,0,0,0,rejected,1
2149,pet_care,others,peshawar,kpk,223381,61,22,62.6946,0,5,2,rejected,1
2150,home,home,rawalpindi,punjab,169175,53,42,39.3339,1,7,0,submitted,1
2151,home,others,rawalpindi,punjab,102949,44,26,23.2548,0,4,0,submitted,0
2152,pet_care,life,mardan,kpk,34687,45,42,2.3993,1,1,0,in_review,1
2153,damage,others,abbottabad,kpk,24827,56,19,1.0326,0,5,0,in_review,0
2154,damage,others,quetta,balochistan,83414,64,41,3.5418,1,4,0,submitted,1
2155,auto,life,peshawar,kpk,34718,44,19,12.849,1,6,0,in_review,0
2156,auto,others,hyderabad,sindh,35698,56,26,1.5497,3,8,0,in_review,1
2157,accident,pet,karachi,sindh,25033,58,29,1.0328,0,0,0,approved,0
2158,home,life,hyderabad,sindh,46163,45,42,2.8141,2,7,0,submitted,1
2159,home,life,hyderabad,sindh,25897,64,14,1.4468,0,5,0,in_review,0
2160,pet,life,abbottabad,kpk,31839,56,20,2.3142,0,1,0,in_review,0
2161,accident,others,quetta,balochistan,34413,64,31,2.6944,3,3,0,submitted,0
2162,pet,life,abbottabad,kpk,17464,53,10,0.7769,0,5,0,in_review,0
2163,pet_care,home,hyderabad,sindh,5000,45,28,1.0343,0,3,0,submitted,0
2164,medical,life,faisalabad,punjab,25800,64,21,1.3084,0,1,0,in_review,0
2165,auto,home,faisalabad,punjab,30459,64,29,1.8326,1,1,0,approved,0
2166,life,home,karachi,sindh,49891,64,36,3.0104,0,3,1,rejected,1
2167,home,life,abbottabad,kpk,21331,64,7,4.5327,1,7,0,submitted,0
2168,medical,life,multan,punjab,35354,64,43,2.2752,1,5,0,submitted,0
2169,damage,auto,sukkur,sindh,5000,53,13,0.2612,2,8,0,rejected,1
2170,theft,life,multan,punjab,218109,56,19,71.6521,0,2,3,rejected,1
2171,medical,life,hyderabad,sindh,95917,45,28,3.8615,3,5,0,approved,1
2172,accident,home,hyderabad,sindh,208049,61,40,8.8269,2,6,1,submitted,1
2173,pet,auto,islamabad,islamabad,10177,44,30,0.7995,1,7,0,submitted,0
2174,other,home,faisalabad,punjab,62916,56,16,11.1613,0,1,1,approved,0
2175,other,pet,quetta,balochistan,52604,64,9,2.3344,2,8,0,in_review,0
2176,pet_care,life,karachi,sindh,52949,64,43,3.8652,0,0,0,approved,1
2177,pet,life,faisalabad,punjab,26076,64,32,3.0656,1,2,0,approved,1
2178,medical,pet,islamabad,islamabad,39787,44,34,2.5583,2,2,0,rejected,1
2179,theft,life,abbottabad,kpk,21537,64,17,1.1572,2,2,0,rejected,1
2180,auto,home,multan,punjab,40280,44,25,25.9369,0,3,0,approved,0
2181,life,pet,faisalabad,punjab,17011,64,9,0.881,0,3,0,approved,0
2182,damage,home,hyderabad,sindh,7654,61,33,1.2099,1,6,0,submitted,1
2183,medical,home,multan,punjab,116686,61,16,4.9662,0,0,0,approved,0
2184,home,auto,peshawar,kpk,5400,58,2,0.2265,1,2,0,in_review,0
2185,theft,others,hyderabad,sindh,7775,45,23,0.3257,0,4,0,submitted,0
2186,accident,pet,gujranwala,punjab,15012,45,15,2.0738,1,6,2,rejected,1
2187,home,auto,karachi,sindh,172346,58,1,106.9144,0,2,0,rejected,1
2188,other,auto,multan,punjab,48351,53,19,3.5657,1,5,0,approved,0
2189,life,auto,quetta,balochistan,103059,44,21,8.4537,0,1,1,in_review,0
2190,damage,home,gujranwala,punjab,11149,45,12,3.665,1,3,0,submitted,0
2191,accident,auto,sialkot,punjab,31550,45,31,1.4844,2,7,0,approved,1
2192,pet,pet,lahore,punjab,25626,61,44,1.2636,0,0,3,in_review,1
2193,medical,others,peshawar,kpk,16079,44,35,1.3388,0,4,0,submitted,1
2194,auto,home,lahore,punjab,22185,58,41,1.5617,1,6,1,approved,1
2195,life,auto,lahore,punjab,20427,58,26,2.2801,0,6,3,in_review,0
2196,home,home,quetta,balochistan,23748,64,34,15.7272,1,6,1,submitted,1
2197,medical,home,sukkur,sindh,125027,44,21,27.5511,0,0,0,in_review,0
2198,pet_care,pet,karachi,sindh,189360,44,25,35.4275,2,4,0,in_review,0
2199,life,auto,sukkur,sindh,61591,53,24,3.0762,0,2,0,approved,0
2200,other,home,peshawar,kpk,11068,64,33,0.6105,1,1,1,submitted,1
2201,other,auto,islamabad,islamabad,64077,56,13,2.8108,3,9,0,approved,1
2202,life,pet,hyderabad,sindh,48013,53,41,3.0223,1,7,0,submitted,1
2203,life,others,rawalpindi,punjab,10703,64,15,0.6669,0,4,0,rejected,1
2204,accident,pet,sukkur,sindh,89499,53,10,3.9079,0,6,0,rejected,1
2205,other,auto,gujranwala,punjab,15085,64,45,1.4135,2,5,0,in_review,1
2206,accident,pet,peshawar,kpk,48752,61,28,3.8192,0,1,0,approved,0
2207,home,auto,hyderabad,sindh,40971,64,30,1.6427,0,0,3,approved,0
2208,home,life,gujranwala,punjab,38013,58,15,6.14,0,2,3,in_review,0
2209,accident,pet,sukkur,sindh,45059,61,28,2.9255,0,1,0,rejected,1
2210,medical,home,hyderabad,sindh,496029,56,13,189.324,0,3,0,submitted,1
2211,pet,pet,multan,punjab,108070,56,26,4.4244,1,1,0,submitted,0
2212,theft,pet,lahore,punjab,20398,64,35,2.2215,0,0,0,approved,1
2213,life,life,sialkot,punjab,18996,64,45,0.7936,0,3,0,in_review,1
2214,theft,pet,gujranwala,punjab,36204,45,44,1.9195,0,2,0,rejected,1
2215,home,home,quetta,balochistan,24949,58,43,5.3083,0,1,1,rejected,1
2216,auto,home,hyderabad,sindh,94668,53,34,4.9783,0,4,3,submitted,1
2217,medical,others,multan,punjab,42256,64,27,2.9066,1,7,0,submitted,0
2218,damage,auto,rawalpindi,punjab,35216,64,42,2.4038,0,0,0,submitted,0
2219,home,home,mardan,kpk,44390,56,30,8.8762,0,1,0,rejected,0
2220,pet,auto,sukkur,sindh,17219,58,9,1.3184,2,8,0,rejected,1
2221,other,life,sukkur,sindh,42649,64,34,6.2793,2,8,0,submitted,1
2222,other,pet,faisalabad,punjab,116964,44,29,10.8763,1,1,3,in_review,0
2223,pet_care,others,quetta,balochistan,121688,61,10,7.2317,0,4,0,rejected,1
2224,damage,life,abbottabad,kpk,22424,56,30,1.1022,2,4,0,in_review,0
2225,home,life,peshawar,kpk,37606,64,24,2.2582,0,2,2,in_review,0
2226,pet,home,islamabad,islamabad,54633,44,14,8.2353,3,8,0,in_review,1
2227,life,others,islamabad,islamabad,79949,45,0,5.2525,0,2,0,submitted,0
2228,pet_care,auto,karachi,sindh,65427,56,16,4.6684,3,4,0,rejected,0
2229,theft,life,islamabad,islamabad,50215,45,15,2.2693,3,3,1,rejected,1
2230,auto,life,faisalabad,punjab,32860,64,26,3.2946,2,7,0,in_review,0
2231,other,auto,multan,punjab,6228,56,10,0.5058,1,6,0,in_review,0
2232,auto,pet,quetta,balochistan,59884,53,22,3.4981,2,2,1,rejected,1
2233,damage,life,hyderabad,sindh,31198,56,12,3.3757,1,1,0,approved,0
2234,life,pet,faisalabad,punjab,25843,58,32,1.1419,0,5,1,in_review,1
2235,accident,life,rawalpindi,punjab,19004,56,31,0.8441,1,6,0,submitted,1
2236,home,life,peshawar,kpk,47632,61,14,5.3761,1,3,0,rejected,1
2237,other,auto,quetta,balochistan,22332,53,35,0.9277,0,1,0,approved,1
2238,medical,home,hyderabad,sindh,22977,53,43,2.5205,0,1,0,approved,1
2239,damage,life,quetta,balochistan,43168,58,45,2.5265,0,1,0,approved,1
2240,theft,pet,lahore,punjab,23217,64,6,4.137,0,0,0,in_review,0
2241,life,home,quetta,balochistan,94869,64,44,4.57,0,1,2,in_review,1
2242,auto,life,faisalabad,punjab,43110,45,23,10.5714,0,1,0,approved,0
2243,pet,home,peshawar,kpk,94582,44,14,21.0838,1,3,2,approved,0
2244,life,home,sialkot,punjab,35679,58,22,1.4759,3,6,0,rejected,1
2245,pet,auto,gujranwala,punjab,23854,45,8,1.5987,1,7,0,in_review,0
2246,auto,auto,sialkot,punjab,12487,64,20,2.1507,0,0,0,submitted,0
2247,home,pet,peshawar,kpk,33997,53,12,2.1124,1,4,0,approved,0
2248,other,home,faisalabad,punjab,14628,45,26,4.9654,2,7,0,rejected,1
2249,pet,others,sukkur,sindh,7881,44,2,0.3988,1,4,0,submitted,0
2250,pet,others,faisalabad,punjab,142656,64,34,9.6019,0,6,0,submitted,1
2251,accident,life,abbottabad,kpk,54268,56,25,20.463,0,1,0,approved,0
2252,damage,pet,rawalpindi,punjab,5958,58,18,3.8241,0,1,0,in_review,0
2253,accident,pet,sukkur,sindh,122691,53,1,13.9169,0,3,0,in_review,0
2254,pet_care,life,gujranwala,punjab,41258,44,5,1.9272,0,2,0,submitted,0
2255,pet,pet,hyderabad,sindh,7953,45,31,0.5802,0,2,0,approved,1
2256,other,life,islamabad,islamabad,18974,64,5,1.2927,2,7,0,rejected,0
2257,accident,auto,sialkot,punjab,80077,53,21,4.2499,0,3,1,submitted,0
2258,accident,auto,faisalabad,punjab,35703,56,6,2.568,2,2,0,submitted,0
2259,accident,home,rawalpindi,punjab,48792,44,23,4.8285,0,0,0,in_review,0
2260,accident,others,mardan,kpk,67412,53,35,25.0137,1,4,0,submitted,1
2261,pet,pet,rawalpindi,punjab,26610,53,0,2.2835,1,7,0,rejected,1
2262,accident,home,lahore,punjab,15739,44,10,0.7672,1,2,3,submitted,0
2263,pet_care,home,hyderabad,sindh,48426,44,20,2.4073,0,3,0,submitted,0
2264,home,home,sukkur,sindh,62721,56,21,2.9384,0,2,0,approved,1
2265,damage,auto,lahore,punjab,11472,58,29,1.9958,2,2,0,approved,0
2266,pet,others,mardan,kpk,63627,56,33,21.7603,1,5,2,approved,1
2267,auto,pet,karachi,sindh,184761,53,11,63.2094,1,4,0,in_review,0
2268,life,others,lahore,punjab,56292,45,26,2.7292,0,3,0,in_review,0
2269,pet_care,life,gujranwala,punjab,11281,53,25,1.7124,1,2,1,rejected,1
2270,pet_care,life,lahore,punjab,76860,44,7,8.6195,1,5,1,submitted,1
2271,theft,home,gujranwala,punjab,137854,45,7,8.4145,2,8,1,rejected,1
2272,auto,others,rawalpindi,punjab,65602,53,35,5.7274,0,0,0,approved,1
2273,medical,home,sukkur,sindh,161949,64,19,33.0778,3,5,2,rejected,1
2274,theft,pet,islamabad,islamabad,52940,64,28,2.5523,0,3,0,in_review,0
2275,auto,pet,faisalabad,punjab,59825,53,33,5.3434,0,1,0,in_review,1
2276,auto,life,sialkot,punjab,29948,44,30,1.7591,1,4,1,approved,0
2277,life,life,gujranwala,punjab,60403,58,33,2.7761,0,1,0,approved,1
2278,auto,others,gujranwala,punjab,9785,45,19,2.2163,0,3,0,rejected,1
2279,life,life,multan,punjab,73580,58,22,20.2087,3,6,0,approved,1
2280,pet,others,karachi,sindh,23466,56,6,1.0382,0,3,0,in_review,1
2281,pet_care,pet,gujranwala,punjab,24700,61,35,1.3299,1,6,0,in_review,1
2282,pet,home,hyderabad,sindh,82113,64,6,43.2857,4,7,1,approved,1
2283,life,pet,quetta,balochistan,51320,53,19,5.8511,2,8,3,approved,0
2284,theft,home,faisalabad,punjab,32041,44,2,2.0033,1,2,2,in_review,0
2285,theft,life,sialkot,punjab,30784,53,14,1.4733,1,5,0,submitted,0
2286,home,life,rawalpindi,punjab,40824,64,43,4.5375,2,7,0,rejected,1
2287,accident,life,peshawar,kpk,109223,61,24,4.5014,4,5,1,approved,1
2288,other,pet,abbottabad,kpk,13184,61,19,0.8013,1,2,0,submitted,0
2289,damage,auto,quetta,balochistan,27301,53,42,1.375,2,3,1,submitted,1
2290,theft,life,mardan,kpk,23444,58,7,5.7701,2,5,0,approved,0
2291,home,life,sukkur,sindh,92307,45,8,4.1013,2,2,0,in_review,1
2292,other,others,peshawar,kpk,105497,61,16,13.7743,0,1,1,submitted,1
2293,pet_care,life,sialkot,punjab,44401,56,42,2.5481,0,6,3,submitted,1
2294,other,auto,sialkot,punjab,51108,56,39,4.2392,0,0,0,approved,1
2295,theft,home,faisalabad,punjab,29722,58,37,2.4352,0,2,1,approved,1
2296,theft,auto,lahore,punjab,66185,53,8,21.8001,0,2,0,submitted,0
2297,other,home,quetta,balochistan,494340,61,45,20.775,0,1,0,rejected,0
2298,pet_care,life,sukkur,sindh,33311,53,29,5.958,1,4,1,in_review,0
2299,auto,home,peshawar,kpk,22427,44,25,3.7143,0,3,0,rejected,1
2300,damage,auto,karachi,sindh,135798,53,27,13.4747,0,1,0,approved,0
2301,life,pet,gujranwala,punjab,66803,45,36,33.5862,1,6,0,rejected,1
2302,damage,others,rawalpindi,punjab,78429,53,38,3.5156,0,2,0,in_review,1
2303,damage,auto,sialkot,punjab,106214,44,16,14.0458,0,4,0,rejected,1
2304,auto,others,karachi,sindh,15400,53,14,0.8497,0,2,0,approved,0
2305,life,pet,faisalabad,punjab,23563,64,43,1.8938,1,4,0,rejected,1
2306,pet,pet,peshawar,kpk,16524,56,6,5.1509,0,5,0,submitted,0
2307,life,auto,faisalabad,punjab,5995,61,25,0.3993,1,2,0,in_review,0
2308,theft,others,quetta,balochistan,17380,58,42,10.1105,0,1,1,rejected,1
2309,home,pet,islamabad,islamabad,23507,56,36,1.1485,0,3,0,approved,0
2310,life,auto,karachi,sindh,5000,58,25,0.3041,2,2,0,in_review,0
2311,pet_care,auto,multan,punjab,11248,64,15,1.3527,1,5,0,rejected,1
2312,pet,auto,sukkur,sindh,9448,53,45,0.5631,0,5,0,submitted,1
2313,pet_care,others,sialkot,punjab,14411,45,0,2.2542,1,7,0,in_review,0
2314,life,life,islamabad,islamabad,9357,53,27,0.3971,1,3,0,in_review,0
2315,theft,home,lahore,punjab,15460,44,34,1.153,1,2,0,rejected,1
2316,accident,home,multan,punjab,9154,53,8,0.6019,0,1,1,rejected,0
2317,medical,life,abbottabad,kpk,182847,58,12,29.6637,0,1,0,submitted,0
2318,damage,others,lahore,punjab,13025,53,25,0.6097,0,6,2,submitted,0
2319,pet,pet,mardan,kpk,24352,44,0,1.0296,0,2,0,approved,0
2320,auto,pet,gujranwala,punjab,34308,44,34,1.6724,0,5,0,approved,1
2321,theft,pet,karachi,sindh,67110,56,0,5.9347,0,0,0,in_review,0
2322,other,pet,peshawar,kpk,128499,45,12,6.3362,0,1,1,in_review,0
2323,medical,auto,rawalpindi,punjab,99901,64,3,4.3158,0,4,0,submitted,0
2324,pet_care,auto,sialkot,punjab,79267,56,25,7.6365,3,8,1,rejected,1
2325,accident,home,faisalabad,punjab,74550,61,43,14.082,2,5,0,rejected,1
2326,medical,home,hyderabad,sindh,38162,64,15,3.6155,0,2,1,approved,0
2327,other,pet,faisalabad,punjab,21485,56,19,1.1126,0,1,0,in_review,0
2328,pet_care,life,peshawar,kpk,24746,58,20,3.3297,0,4,3,approved,0
2329,medical,pet,peshawar,kpk,8389,58,21,0.431,0,1,0,in_review,0
2330,theft,home,karachi,sindh,124217,45,2,81.8294,2,7,2,rejected,1
2331,medical,auto,karachi,sindh,42195,64,3,1.7054,2,3,0,submitted,0
2332,theft,auto,abbottabad,kpk,236009,53,37,13.0162,0,3,0,approved,1
2333,medical,others,peshawar,kpk,27529,56,38,1.2268,0,5,2,in_review,1
2334,accident,auto,multan,punjab,107334,64,33,5.7809,2,3,0,submitted,1
2335,theft,others,quetta,balochistan,30764,64,3,3.0888,1,4,0,in_review,0
2336,other,life,quetta,balochistan,14538,44,41,1.3759,2,4,0,approved,1
2337,other,auto,mardan,kpk,7595,44,21,0.4913,1,3,1,in_review,0
2338,theft,pet,lahore,punjab,14467,53,32,1.4481,3,7,0,approved,1
2339,other,others,karachi,sindh,36832,53,32,2.7439,3,6,0,approved,1
2340,pet,life,islamabad,islamabad,24681,64,13,2.8546,4,9,0,submitted,1
2341,auto,home,abbottabad,kpk,81855,64,1,3.6596,0,4,0,rejected,1
2342,medical,others,sialkot,punjab,25805,56,21,2.3989,3,5,0,approved,1
2343,medical,home,quetta,balochistan,29550,53,29,4.9013,0,5,1,approved,0
2344,life,auto,gujranwala,punjab,52124,53,8,2.4855,0,3,0,submitted,0
2345,home,home,peshawar,kpk,58304,58,22,6.1613,4,4,2,rejected,0
2346,auto,home,hyderabad,sindh,11716,44,19,1.2029,3,9,0,in_review,1
2347,auto,home,quetta,balochistan,9062,45,42,1.3433,3,4,0,approved,1
2348,home,home,hyderabad,sindh,17611,53,9,1.1917,1,6,0,submitted,0
2349,auto,others,mardan,kpk,20008,64,21,1.5324,0,3,0,in_review,0
2350,life,pet,hyderabad,sindh,59747,53,13,3.1185,1,4,0,rejected,1
2351,other,home,gujranwala,punjab,40083,61,15,1.6893,1,6,0,rejected,1
2352,auto,others,lahore,punjab,10760,64,21,1.4309,0,3,1,approved,0
2353,life,home,mardan,kpk,42785,64,19,11.5666,0,4,0,rejected,1
2354,auto,auto,mardan,kpk,40058,53,15,10.2163,1,6,1,approved,0
2355,damage,others,karachi,sindh,43928,53,21,1.9301,0,0,0,submitted,1
2356,accident,others,rawalpindi,punjab,38118,44,28,6.0882,0,6,0,in_review,0
2357,home,pet,mardan,kpk,40078,56,10,2.0827,0,1,0,approved,0
2358,damage,pet,peshawar,kpk,13717,61,26,0.6986,0,4,0,in_review,0
2359,accident,others,karachi,sindh,148293,58,16,6.1291,0,5,0,in_review,0
2360,life,auto,hyderabad,sindh,33843,44,31,1.7332,0,0,1,in_review,1
2361,life,pet,hyderabad,sindh,131417,58,38,40.6612,3,4,0,rejected,1
2362,accident,others,rawalpindi,punjab,62113,45,25,3.3945,1,7,0,approved,0
2363,accident,life,multan,punjab,9347,64,27,0.5298,0,5,1,approved,0
2364,theft,pet,karachi,sindh,43851,56,4,3.8085,0,4,0,approved,0
2365,pet_care,auto,sukkur,sindh,52278,64,25,2.1841,0,4,0,in_review,0
2366,pet,pet,lahore,punjab,39369,58,25,1.6058,2,2,0,approved,0
2367,theft,home,hyderabad,sindh,15042,64,27,1.3869,1,5,0,rejected,1
2368,pet_care,pet,faisalabad,punjab,48378,58,6,2.0636,1,3,0,rejected,0
2369,accident,auto,sialkot,punjab,19562,53,43,0.8398,1,5,0,approved,0
2370,damage,others,hyderabad,sindh,32307,64,43,2.4033,1,7,0,in_review,1
2371,life,life,gujranwala,punjab,24726,44,43,3.5465,1,2,0,approved,1
2372,theft,life,quetta,balochistan,33019,64,43,3.9215,0,1,0,rejected,1
2373,auto,pet,mardan,kpk,138390,61,28,6.8206,0,5,0,submitted,0
2374,accident,others,sialkot,punjab,36095,44,29,2.8299,1,1,1,in_review,0
2375,auto,others,sukkur,sindh,15622,64,2,3.8261,0,6,1,submitted,0
2376,accident,life,hyderabad,sindh,54680,56,13,5.5395,0,6,0,rejected,1
2377,other,home,faisalabad,punjab,135523,45,44,25.479,3,5,0,submitted,1
2378,other,others,abbottabad,kpk,82499,53,4,6.8549,0,4,0,rejected,0
2379,life,auto,abbottabad,kpk,270345,64,0,25.7202,2,3,0,submitted,0
2380,home,others,hyderabad,sindh,78557,58,10,3.3839,3,7,1,rejected,1
2381,pet_care,pet,abbottabad,kpk,52324,44,28,5.3024,0,2,0,rejected,1
2382,theft,pet,mardan,kpk,11665,56,29,0.5999,0,4,0,in_review,0
2383,damage,others,islamabad,islamabad,15266,58,27,2.0552,1,5,0,submitted,0
2384,pet_care,life,sukkur,sindh,130450,64,0,13.1066,3,6,0,submitted,1
2385,theft,others,multan,punjab,28192,64,38,2.8974,0,6,0,in_review,1
2386,life,others,multan,punjab,100780,45,26,6.5762,3,3,3,submitted,1
2387,auto,auto,mardan,kpk,54655,58,3,9.3668,0,3,0,in_review,0
2388,home,auto,faisalabad,punjab,13055,53,15,0.9385,0,6,0,rejected,1
2389,life,home,sukkur,sindh,46633,58,19,3.0963,2,4,0,approved,0
2390,theft,auto,abbottabad,kpk,8211,56,31,2.0497,1,4,0,approved,1
2391,auto,home,sialkot,punjab,89575,64,32,3.6806,0,3,0,submitted,1
2392,pet_care,home,sukkur,sindh,50946,45,8,20.871,3,8,0,submitted,1
2393,accident,life,islamabad,islamabad,15439,44,45,0.7147,0,4,2,in_review,1
2394,accident,life,rawalpindi,punjab,10893,56,43,3.685,2,6,0,submitted,1
2395,damage,auto,mardan,kpk,82025,61,27,12.2043,0,2,0,submitted,0
2396,life,others,karachi,sindh,28445,64,42,4.771,0,1,0,submitted,1
2397,medical,auto,lahore,punjab,63460,45,28,3.5111,3,3,0,rejected,1
2398,pet_care,life,islamabad,islamabad,66622,61,21,2.9795,0,5,0,submitted,0
2399,accident,home,gujranwala,punjab,14123,58,45,1.1452,0,1,1,rejected,1
2400,damage,auto,sukkur,sindh,167415,56,2,13.0946,0,2,0,submitted,0
2401,medical,others,quetta,balochistan,50311,61,6,3.0978,0,4,0,approved,0
2402,other,pet,abbottabad,kpk,23482,61,14,2.1634,2,8,0,approved,0
2403,pet_care,others,abbottabad,kpk,70837,53,14,6.9667,0,1,0,approved,0
2404,damage,life,sukkur,sindh,20680,58,44,0.9739,0,5,1,rejected,1
2405,other,life,sialkot,punjab,185194,56,17,8.9931,0,0,0,approved,0
2406,other,life,multan,punjab,16213,45,44,4.7158,0,4,0,submitted,1
2407,medical,auto,sialkot,punjab,39383,45,35,2.5568,0,5,0,approved,1
2408,medical,auto,hyderabad,sindh,69557,58,25,6.5122,0,5,0,submitted,0
2409,life,home,sialkot,punjab,25224,64,39,1.8039,0,4,0,in_review,1
2410,life,life,peshawar,kpk,47757,64,23,3.7465,2,4,2,rejected,1
2411,auto,auto,peshawar,kpk,52297,64,19,2.1116,2,8,0,approved,0
2412,other,life,rawalpindi,punjab,12005,64,42,0.4982,0,0,2,rejected,1
2413,theft,pet,abbottabad,kpk,46381,64,19,3.9416,0,5,0,rejected,0
2414,medical,home,quetta,balochistan,7912,44,39,0.3398,0,0,0,rejected,1
2415,accident,auto,islamabad,islamabad,52741,56,5,3.9435,1,3,1,in_review,1
2416,damage,others,multan,punjab,11435,44,1,0.7236,0,6,1,approved,0
2417,damage,life,hyderabad,sindh,18875,64,45,0.9329,0,6,0,in_review,1
2418,medical,auto,sialkot,punjab,31014,45,38,2.7179,3,9,0,in_review,1
2419,medical,life,quetta,balochistan,67197,53,12,3.7415,1,6,0,rejected,1
2420,auto,others,karachi,sindh,19187,45,8,4.4047,1,2,0,rejected,1
2421,medical,others,faisalabad,punjab,13339,64,19,1.5101,0,4,2,approved,0
2422,pet,home,peshawar,kpk,53770,56,23,3.8556,0,6,0,approved,0
2423,theft,auto,multan,punjab,24874,53,44,2.0701,0,1,0,submitted,1
2424,auto,pet,lahore,punjab,50248,45,30,4.4299,0,5,0,approved,0
2425,pet,pet,gujranwala,punjab,5000,53,7,1.872,1,7,0,rejected,1
2426,pet_care,others,sialkot,punjab,8619,58,16,0.553,1,3,0,submitted,0
2427,damage,life,mardan,kpk,33478,53,24,1.462,0,0,1,submitted,0
2428,pet,home,faisalabad,punjab,139744,64,28,6.109,3,9,1,submitted,1
2429,medical,home,karachi,sindh,19765,61,25,1.3564,0,4,0,rejected,1
2430,medical,auto,mardan,kpk,9484,64,43,0.5709,0,0,1,submitted,1
2431,theft,life,abbottabad,kpk,40717,53,11,13.1728,0,6,0,submitted,0
2432,pet,pet,gujranwala,punjab,131386,53,33,12.1104,1,6,0,submitted,1
2433,accident,others,hyderabad,sindh,20140,56,44,2.6462,1,5,2,in_review,1
2434,theft,auto,peshawar,kpk,139679,53,10,26.6258,0,4,0,rejected,1
2435,life,auto,karachi,sindh,69729,64,15,3.4978,0,5,0,in_review,0
2436,pet,life,karachi,sindh,84715,58,27,5.5377,3,5,0,rejected,1
2437,theft,auto,lahore,punjab,16747,56,22,1.1457,1,4,0,approved,0
2438,pet,life,lahore,punjab,6161,58,23,0.3366,0,0,1,rejected,1
2439,theft,home,karachi,sindh,29606,64,24,1.545,2,5,0,rejected,1
2440,accident,life,sialkot,punjab,56522,44,22,4.4738,0,3,0,rejected,1
2441,pet_care,auto,hyderabad,sindh,15297,53,1,0.9377,0,6,0,in_review,0
2442,home,others,sialkot,punjab,28552,53,0,1.2096,4,10,0,submitted,1
2443,damage,auto,hyderabad,sindh,22877,56,17,3.5695,1,6,1,submitted,0
2444,medical,pet,quetta,balochistan,18864,64,3,0.9992,2,7,0,rejected,1
2445,other,others,faisalabad,punjab,5000,44,40,0.3375,1,2,1,submitted,1
2446,accident,home,mardan,kpk,13561,64,36,0.8886,1,5,0,approved,1
2447,damage,others,sialkot,punjab,9689,64,27,0.9829,0,6,0,submitted,0
2448,home,pet,rawalpindi,punjab,22338,45,0,1.3099,0,5,2,approved,0
2449,life,auto,gujranwala,punjab,30379,64,18,2.6352,1,2,0,approved,0
2450,medical,others,multan,punjab,9697,58,32,1.4223,1,6,2,approved,0
2451,life,home,hyderabad,sindh,76860,64,40,3.8966,0,0,1,rejected,0
2452,pet_care,others,gujranwala,punjab,11866,56,18,0.5984,1,6,1,rejected,1
2453,home,auto,quetta,balochistan,20234,58,10,1.0509,1,7,0,submitted,0
2454,pet,home,abbottabad,kpk,94548,58,40,11.3653,3,6,0,approved,1
2455,pet,auto,mardan,kpk,63920,44,38,17.6526,0,5,2,submitted,1
2456,theft,home,karachi,sindh,19832,45,41,3.6678,3,7,1,rejected,0
2457,other,pet,sialkot,punjab,112257,64,42,9.811,4,5,0,submitted,1
2458,pet,pet,hyderabad,sindh,7651,56,7,4.623,0,1,0,approved,0
2459,pet,home,sukkur,sindh,70466,64,36,10.2795,1,6,0,approved,1
2460,auto,life,mardan,kpk,40014,64,36,4.9037,0,3,0,rejected,1
2461,accident,home,multan,punjab,280454,58,1,11.7463,0,1,0,approved,0
2462,pet,pet,mardan,kpk,186882,53,37,7.5959,0,3,1,approved,1
2463,pet,auto,gujranwala,punjab,23917,61,44,1.3262,0,2,0,submitted,1
2464,damage,others,karachi,sindh,9940,44,18,0.7711,2,5,0,rejected,1
2465,auto,life,abbottabad,kpk,7511,45,10,0.712,0,4,0,submitted,0
2466,accident,home,multan,punjab,27019,64,9,2.3353,0,1,0,rejected,0
2467,damage,pet,abbottabad,kpk,25408,64,15,2.5722,1,6,1,submitted,0
2468,pet_care,home,mardan,kpk,22896,64,32,1.6369,0,1,0,submitted,1
2469,home,home,rawalpindi,punjab,54266,64,40,4.2642,0,6,0,rejected,1
2470,auto,others,multan,punjab,13443,44,13,1.7101,0,4,2,submitted,0
2471,pet,auto,hyderabad,sindh,95172,56,11,15.6507,0,4,0,approved,0
2472,medical,pet,islamabad,islamabad,51513,44,34,2.1109,0,1,0,approved,1
2473,life,home,gujranwala,punjab,21278,53,40,2.6691,0,2,0,approved,1
2474,life,others,abbottabad,kpk,23017,64,6,12.0256,1,6,0,submitted,0
2475,other,pet,sukkur,sindh,208823,44,24,102.264,0,5,0,in_review,1
2476,damage,home,sialkot,punjab,63283,58,14,3.6083,1,2,0,approved,0
2477,damage,pet,multan,punjab,28739,53,39,1.2648,0,1,0,rejected,1
2478,other,home,multan,punjab,17286,53,29,0.8128,1,1,0,approved,0
2479,theft,others,sukkur,sindh,349063,64,26,25.3698,1,7,0,approved,0
2480,accident,pet,karachi,sindh,40230,61,2,2.5569,1,2,3,submitted,0
2481,theft,life,islamabad,islamabad,46816,56,15,2.3268,1,3,1,approved,0
2482,accident,auto,sukkur,sindh,20546,61,30,1.647,0,0,0,submitted,0
2483,life,life,multan,punjab,57871,44,38,2.8553,1,5,0,rejected,1
2484,home,life,quetta,balochistan,28763,64,42,2.6458,0,3,0,submitted,1
2485,accident,auto,mardan,kpk,88395,61,13,19.7178,1,2,0,rejected,1
2486,auto,pet,multan,punjab,66701,44,13,2.7132,2,5,0,rejected,1
2487,theft,pet,abbottabad,kpk,8402,61,19,0.5865,0,5,0,submitted,0
2488,damage,pet,gujranwala,punjab,118696,53,35,10.3502,1,5,0,in_review,1
2489,pet_care,home,hyderabad,sindh,307734,64,39,19.7089,1,4,0,submitted,1
2490,home,others,faisalabad,punjab,9596,44,15,4.8612,0,4,1,in_review,0
2491,medical,auto,sukkur,sindh,212137,64,45,13.3143,0,4,0,in_review,1
2492,home,home,sukkur,sindh,23357,58,19,3.0057,0,4,0,rejected,1
2493,pet_care,auto,islamabad,islamabad,20547,64,25,2.0241,1,5,0,rejected,1
2494,accident,auto,multan,punjab,37849,61,37,12.7138,0,6,0,rejected,1
2495,medical,life,quetta,balochistan,22838,64,38,2.5075,0,0,0,approved,1
2496,auto,home,islamabad,islamabad,36580,64,33,3.9744,0,6,0,in_review,1
2497,accident,life,peshawar,kpk,17254,44,28,5.045,0,5,2,approved,0
2498,theft,pet,faisalabad,punjab,244393,64,25,32.1443,4,8,1,approved,1
2499,accident,home,quetta,balochistan,10756,53,14,0.942,0,1,1,submitted,0
2500,auto,home,faisalabad,punjab,37618,64,0,4.2646,0,2,1,submitted,0
2501,pet,home,faisalabad,punjab,9261,64,23,3.6735,0,5,1,in_review,0
2502,other,home,multan,punjab,73274,64,2,5.0033,0,4,0,rejected,1
2503,other,pet,sukkur,sindh,11616,58,42,0.7327,0,0,0,in_review,1
2504,damage,others,islamabad,islamabad,131332,64,35,16.0474,0,5,0,submitted,1
2505,other,auto,multan,punjab,16053,64,36,2.6303,0,1,0,in_review,0
2506,accident,auto,hyderabad,sindh,35852,61,22,1.5154,0,3,0,approved,0
2507,theft,home,mardan,kpk,137434,53,41,18.4698,2,5,0,in_review,1
2508,auto,life,hyderabad,sindh,39663,45,41,1.6822,0,0,0,rejected,1
2509,medical,others,islamabad,islamabad,82294,64,11,3.8374,0,6,1,submitted,0
2510,damage,home,karachi,sindh,5000,64,42,0.7769,1,5,0,approved,1
2511,other,pet,abbottabad,kpk,43624,64,35,8.6728,3,5,0,rejected,1
2512,damage,home,islamabad,islamabad,8044,64,26,0.9337,2,7,0,submitted,0
2513,pet_care,home,quetta,balochistan,74900,64,36,3.8251,0,4,1,approved,1
2514,accident,others,abbottabad,kpk,62727,61,21,5.0619,0,4,0,in_review,0
2515,accident,pet,gujranwala,punjab,45732,56,19,7.447,1,6,0,in_review,0
2516,life,pet,rawalpindi,punjab,189185,44,40,15.9502,0,6,0,approved,1
2517,home,auto,lahore,punjab,11192,58,18,2.4142,0,5,0,submitted,0
2518,auto,others,sialkot,punjab,145783,58,8,7.082,3,3,0,submitted,1
2519,pet,pet,karachi,sindh,66060,56,33,37.5768,0,3,1,submitted,1
2520,accident,home,karachi,sindh,11308,44,31,0.8309,0,0,2,submitted,1
2521,medical,home,mardan,kpk,24892,64,12,3.9305,0,6,1,approved,1
2522,home,others,islamabad,islamabad,22380,58,4,1.0269,0,2,2,approved,0
2523,damage,home,abbottabad,kpk,11777,45,12,0.8858,0,2,2,approved,0
2524,other,auto,gujranwala,punjab,19218,45,45,0.8264,0,0,2,in_review,1
2525,medical,home,quetta,balochistan,210333,44,4,19.8765,2,8,2,submitted,0
2526,pet_care,auto,abbottabad,kpk,26341,56,37,1.1805,1,3,0,rejected,1
2527,theft,pet,sukkur,sindh,21243,45,39,3.3586,0,5,0,approved,1
2528,other,pet,rawalpindi,punjab,15055,61,29,1.2887,2,7,0,submitted,0
2529,pet_care,life,islamabad,islamabad,20941,56,19,3.6887,0,6,3,rejected,1
2530,pet_care,auto,rawalpindi,punjab,24137,58,4,1.0751,3,8,0,rejected,1
2531,home,home,multan,punjab,26155,56,33,2.6828,0,3,0,in_review,1
2532,life,pet,karachi,sindh,72299,58,34,5.1961,0,5,0,submitted,0
2533,damage,home,abbottabad,kpk,26621,61,13,1.5671,1,5,0,in_review,0
2534,damage,pet,rawalpindi,punjab,46654,45,18,10.0939,0,2,0,approved,1
2535,auto,home,gujranwala,punjab,21048,61,38,1.9353,3,5,1,in_review,1
2536,medical,auto,faisalabad,punjab,73237,44,15,3.4871,1,4,0,submitted,0
2537,life,home,faisalabad,punjab,166301,44,40,71.5581,0,2,0,submitted,1
2538,pet,life,islamabad,islamabad,89121,45,33,4.5533,2,5,0,approved,1
2539,damage,home,sialkot,punjab,48040,53,16,2.3706,0,1,0,submitted,0
2540,other,home,multan,punjab,17867,64,14,2.0958,0,0,2,submitted,1
2541,life,auto,abbottabad,kpk,44064,58,35,8.2286,0,3,1,submitted,1
2542,life,home,multan,punjab,10250,61,22,0.6975,0,5,3,submitted,0
2543,damage,auto,islamabad,islamabad,67411,56,11,3.4552,0,6,2,submitted,0
2544,pet,auto,hyderabad,sindh,239573,61,8,12.158,0,6,0,rejected,1
2545,accident,life,mardan,kpk,31953,61,2,2.4023,0,3,0,in_review,0
2546,medical,home,rawalpindi,punjab,18236,45,17,2.2428,0,4,0,submitted,0
2547,damage,life,rawalpindi,punjab,11052,58,15,2.055,1,1,0,approved,0
2548,medical,pet,gujranwala,punjab,105774,64,37,4.8057,3,8,3,in_review,1
2549,pet_care,auto,faisalabad,punjab,14508,45,12,0.6624,0,6,0,submitted,0
2550,life,auto,hyderabad,sindh,32059,58,30,2.1961,0,1,0,submitted,1
2551,pet_care,home,hyderabad,sindh,12660,64,35,1.2767,3,8,0,in_review,1
2552,life,auto,multan,punjab,42986,61,31,5.3273,0,6,0,approved,0
2553,medical,others,faisalabad,punjab,25251,61,12,2.0275,4,7,0,approved,1
2554,other,others,lahore,punjab,84023,64,29,19.3112,0,5,3,approved,0
2555,life,auto,sukkur,sindh,104157,61,39,4.4944,0,1,0,rejected,1
2556,other,pet,faisalabad,punjab,255193,56,29,85.7503,0,1,0,approved,1
2557,auto,others,peshawar,kpk,193417,45,30,12.1807,1,7,0,in_review,0
2558,life,others,multan,punjab,81654,45,0,12.2917,0,2,0,approved,0
2559,life,pet,multan,punjab,212022,64,26,9.6413,2,6,0,in_review,0
2560,pet,others,islamabad,islamabad,59694,64,4,2.6532,3,7,0,submitted,1
2561,home,others,karachi,sindh,74780,53,13,4.3502,4,7,0,submitted,0
2562,auto,auto,rawalpindi,punjab,26429,64,27,1.5054,1,7,1,in_review,0
2563,pet,pet,abbottabad,kpk,28575,44,37,2.0139,4,9,0,in_review,1
2564,medical,life,islamabad,islamabad,81302,44,8,5.0728,0,2,0,submitted,0
2565,accident,others,mardan,kpk,108908,61,39,10.4298,0,1,0,in_review,1
2566,accident,auto,hyderabad,sindh,5000,58,2,0.3861,0,2,0,rejected,1
2567,pet,life,karachi,sindh,6452,53,7,0.3145,0,3,0,approved,0
2568,pet_care,home,hyderabad,sindh,33939,45,17,3.8765,0,5,1,rejected,1
2569,pet_care,home,sialkot,punjab,15259,58,14,3.123,1,4,0,in_review,0
2570,life,life,abbottabad,kpk,5000,58,39,0.3227,0,2,0,approved,1
2571,other,life,islamabad,islamabad,13763,58,2,3.6343,2,2,0,in_review,0
2572,pet_care,others,gujranwala,punjab,111590,58,40,5.3405,0,1,3,approved,1
2573,pet_care,life,multan,punjab,28665,58,17,2.3824,0,1,1,approved,0
2574,home,auto,karachi,sindh,14603,58,25,5.7537,0,6,0,submitted,0
2575,pet,home,rawalpindi,punjab,30574,45,13,1.4455,0,3,0,in_review,0
2576,other,others,gujranwala,punjab,34815,64,28,1.4799,0,5,0,approved,0
2577,theft,home,abbottabad,kpk,83847,61,1,5.6834,0,3,0,submitted,0
2578,pet,life,hyderabad,sindh,75395,64,12,3.99,0,4,1,in_review,0
2579,auto,life,abbottabad,kpk,23451,58,8,2.1654,0,0,0,rejected,1
2580,life,others,islamabad,islamabad,11274,44,24,0.6235,0,0,0,in_review,0
2581,pet,life,gujranwala,punjab,138178,64,42,13.4755,4,8,0,rejected,1
2582,accident,pet,abbottabad,kpk,19162,56,21,1.4006,0,4,1,approved,0
2583,damage,auto,islamabad,islamabad,30098,56,1,1.3221,2,4,1,submitted,0
2584,accident,auto,lahore,punjab,52525,44,22,3.2987,2,8,0,rejected,1
2585,medical,auto,lahore,punjab,45021,64,35,8.4167,0,2,0,approved,1
2586,pet,auto,mardan,kpk,132893,56,24,47.8549,2,2,0,approved,0
2587,accident,others,multan,punjab,95581,44,33,28.6858,1,2,2,in_review,1
2588,life,others,hyderabad,sindh,48183,44,9,5.8738,2,4,0,in_review,0
2589,theft,life,islamabad,islamabad,40436,53,43,9.4631,1,7,0,in_review,1
2590,other,life,islamabad,islamabad,36622,64,23,7.749,1,6,0,approved,0
2591,home,others,lahore,punjab,8813,61,36,0.9292,1,7,1,in_review,1
2592,pet_care,others,hyderabad,sindh,17797,45,37,1.253,2,8,0,approved,1
2593,damage,life,gujranwala,punjab,51077,64,21,3.4412,0,6,0,in_review,0
2594,home,others,mardan,kpk,26775,45,32,3.1905,2,6,1,rejected,1
2595,life,pet,quetta,balochistan,9616,58,28,0.7815,3,5,0,rejected,1
2596,theft,auto,multan,punjab,21010,53,37,1.1448,0,3,0,approved,1
2597,pet_care,life,sialkot,punjab,14220,58,26,0.6722,2,7,1,approved,0
2598,damage,auto,abbottabad,kpk,23747,45,31,1.1892,0,2,0,in_review,1
2599,damage,pet,karachi,sindh,9191,61,1,0.5695,0,6,0,rejected,1
2600,life,pet,sialkot,punjab,52798,58,6,6.6279,2,7,1,approved,0
2601,home,life,sukkur,sindh,72618,64,39,7.7377,2,4,2,rejected,1
2602,auto,others,abbottabad,kpk,5000,58,42,0.5859,1,7,1,submitted,1
2603,pet,others,sialkot,punjab,7632,45,37,4.3512,0,3,1,approved,1
2604,theft,pet,faisalabad,punjab,53650,58,5,3.9327,1,2,0,submitted,0
2605,other,auto,islamabad,islamabad,56840,64,33,15.1735,1,1,3,approved,1
2606,pet,auto,peshawar,kpk,13400,56,13,3.2964,0,3,0,approved,0
2607,medical,auto,mardan,kpk,120599,64,31,13.9987,0,0,0,rejected,1
2608,life,others,rawalpindi,punjab,38685,44,19,1.685,3,6,0,submitted,1
2609,auto,pet,multan,punjab,81565,45,19,7.8097,0,1,1,submitted,0
2610,life,life,rawalpindi,punjab,5095,58,16,0.3389,1,2,1,rejected,1
2611,other,pet,karachi,sindh,24008,45,20,2.5674,1,5,0,in_review,0
2612,other,auto,gujranwala,punjab,41009,44,19,2.8841,0,4,0,in_review,0
2613,home,life,quetta,balochistan,23607,44,12,1.4918,0,1,0,approved,0
2614,other,pet,gujranwala,punjab,27019,45,33,1.2987,3,3,0,rejected,1
2615,other,auto,multan,punjab,113089,56,41,4.8557,0,4,0,rejected,1
2616,medical,pet,multan,punjab,34578,64,17,3.8212,4,9,1,rejected,1
2617,life,life,mardan,kpk,150205,64,15,8.0903,3,9,0,submitted,1
2618,home,pet,abbottabad,kpk,73244,58,23,5.0212,0,4,0,approved,0
2619,home,home,islamabad,islamabad,213797,61,30,36.7538,0,2,2,in_review,0
2620,auto,auto,rawalpindi,punjab,10771,61,16,0.6412,0,2,1,rejected,0
2621,pet_care,auto,faisalabad,punjab,37346,45,29,1.5596,2,3,0,in_review,0
2622,other,home,peshawar,kpk,11855,45,23,0.6309,0,2,1,in_review,1
2623,theft,life,multan,punjab,213216,58,32,28.1213,2,5,1,rejected,1
2624,life,others,mardan,kpk,13781,53,13,0.5516,0,0,0,approved,0
2625,life,home,lahore,punjab,9345,44,33,0.6966,0,6,0,in_review,1
2626,auto,life,peshawar,kpk,31568,61,22,1.4951,0,0,1,rejected,1
2627,pet,auto,lahore,punjab,33118,45,23,2.8241,0,3,0,rejected,1
2628,damage,home,karachi,sindh,43913,58,12,2.2503,0,3,0,rejected,0
2629,medical,home,peshawar,kpk,32331,56,5,5.7355,0,3,0,approved,0
2630,medical,pet,faisalabad,punjab,108494,61,1,7.2041,1,3,0,in_review,0
2631,auto,pet,rawalpindi,punjab,57115,64,30,17.445,0,5,0,approved,1
2632,home,pet,sukkur,sindh,9435,58,24,0.54,2,6,0,rejected,1
2633,home,auto,peshawar,kpk,22274,64,37,2.4683,3,9,1,in_review,1
2634,accident,pet,peshawar,kpk,54835,44,9,4.8851,0,5,0,in_review,0
2635,home,home,peshawar,kpk,91650,64,19,39.7786,1,1,0,rejected,1
2636,auto,life,mardan,kpk,17504,64,15,1.8195,0,5,1,in_review,0
2637,accident,home,peshawar,kpk,64106,58,28,3.3383,0,5,0,submitted,1
2638,pet_care,pet,lahore,punjab,76664,56,44,14.8949,1,6,1,rejected,1
2639,other,pet,faisalabad,punjab,151903,61,23,9.3681,0,3,0,submitted,0
2640,home,others,faisalabad,punjab,90583,53,44,5.1255,0,5,0,approved,1
2641,home,others,faisalabad,punjab,52271,45,15,3.7605,0,1,3,submitted,0
2642,life,home,sukkur,sindh,56604,64,19,2.6661,0,5,1,in_review,0
2643,home,auto,mardan,kpk,179226,58,23,14.4003,0,3,1,submitted,0
2644,accident,others,gujranwala,punjab,42900,56,27,2.991,1,6,0,approved,0
2645,damage,pet,lahore,punjab,114252,45,4,19.9881,1,5,1,approved,0
2646,accident,others,quetta,balochistan,32888,45,41,3.7724,1,7,0,approved,1
2647,accident,home,islamabad,islamabad,30514,64,1,3.8469,3,9,0,submitted,1
2648,life,pet,quetta,balochistan,30239,56,32,9.661,2,2,0,in_review,1
2649,other,pet,gujranwala,punjab,8683,64,12,0.5523,3,5,0,approved,1
2650,damage,auto,lahore,punjab,17371,53,25,1.3257,2,7,1,submitted,0
2651,pet,others,rawalpindi,punjab,9007,61,6,0.6916,0,2,1,submitted,0
2652,medical,life,sukkur,sindh,48655,58,31,8.9226,0,3,2,in_review,1
2653,other,auto,sialkot,punjab,19072,61,23,0.8819,1,5,0,approved,0
2654,damage,home,islamabad,islamabad,43637,44,24,10.5684,0,4,0,submitted,0
2655,theft,others,faisalabad,punjab,26984,53,12,1.3404,0,5,0,approved,0
2656,pet,pet,sukkur,sindh,40006,64,30,4.6508,0,2,1,rejected,1
2657,damage,home,rawalpindi,punjab,121481,44,31,5.7568,0,0,0,rejected,1
2658,other,auto,gujranwala,punjab,17013,56,10,1.2536,0,1,0,submitted,0
2659,home,home,quetta,balochistan,41959,64,28,4.4144,2,7,0,in_review,0
2660,life,pet,mardan,kpk,97898,44,29,5.6552,0,1,0,rejected,1
2661,home,auto,sialkot,punjab,36854,64,4,3.8334,0,0,1,rejected,1
2662,life,auto,lahore,punjab,74300,64,44,3.4114,0,2,3,rejected,1
2663,pet_care,auto,multan,punjab,9612,64,29,0.4713,2,6,0,approved,0
2664,pet_care,auto,quetta,balochistan,49216,64,6,2.4032,1,1,0,rejected,1
2665,other,pet,gujranwala,punjab,18826,56,37,0.8601,0,0,0,approved,1
2666,other,pet,peshawar,kpk,47954,53,9,2.1901,0,2,0,in_review,0
2667,theft,home,faisalabad,punjab,51407,44,12,4.2321,0,3,0,approved,0
2668,auto,life,islamabad,islamabad,19084,64,21,0.7947,0,1,0,rejected,1
2669,medical,life,mardan,kpk,120583,56,44,12.4146,0,1,0,approved,1
2670,theft,pet,multan,punjab,23457,64,24,1.0052,2,8,0,in_review,0
2671,pet_care,pet,abbottabad,kpk,52000,53,3,16.6453,3,7,1,approved,0
2672,other,life,faisalabad,punjab,20898,45,16,1.4596,1,1,2,rejected,1
2673,theft,pet,sialkot,punjab,9171,64,38,0.6288,0,5,1,in_review,1
2674,medical,auto,abbottabad,kpk,31028,56,0,3.8995,0,4,1,approved,0
2675,auto,life,sukkur,sindh,28505,64,42,5.3591,1,5,0,approved,1
2676,damage,life,peshawar,kpk,174477,44,6,23.7675,0,4,2,in_review,0
2677,pet_care,home,gujranwala,punjab,59558,64,32,34.5464,1,4,2,rejected,1
2678,pet_care,auto,karachi,sindh,9716,56,2,0.8074,0,4,0,in_review,0
2679,pet,others,sukkur,sindh,24402,45,34,1.705,1,2,0,approved,1
2680,auto,pet,abbottabad,kpk,91801,45,17,7.5167,4,6,0,rejected,1
2681,pet,home,faisalabad,punjab,13500,53,8,2.8584,0,3,1,rejected,1
2682,medical,life,rawalpindi,punjab,9397,56,0,0.487,0,5,1,in_review,0
2683,auto,pet,islamabad,islamabad,11647,64,28,2.789,2,5,0,in_review,0
2684,other,auto,abbottabad,kpk,78121,61,45,3.5048,1,4,0,submitted,1
2685,damage,home,lahore,punjab,48168,64,18,2.9722,0,6,0,approved,0
2686,home,home,lahore,punjab,142025,58,38,5.9076,3,4,0,submitted,1
2687,damage,life,gujranwala,punjab,31345,61,4,4.1844,1,6,3,rejected,1
2688,life,pet,quetta,balochistan,79689,56,20,3.2196,0,5,0,rejected,1
2689,pet,others,multan,punjab,87247,61,29,6.2342,0,3,2,approved,0
2690,medical,life,hyderabad,sindh,15256,64,38,0.6687,1,1,1,submitted,1
2691,other,auto,abbottabad,kpk,51111,58,19,12.3159,1,3,0,submitted,0
2692,accident,pet,hyderabad,sindh,49023,61,39,3.556,0,2,0,submitted,1
2693,auto,auto,quetta,balochistan,20705,44,16,5.4258,1,3,1,rejected,1
2694,other,life,sialkot,punjab,27290,45,18,5.6819,1,2,0,in_review,0
2695,theft,home,peshawar,kpk,36135,53,43,2.4158,4,10,2,rejected,1
2696,home,others,lahore,punjab,58855,53,31,4.7148,0,1,0,in_review,1
2697,life,others,quetta,balochistan,10535,45,28,0.6281,2,8,0,rejected,1
2698,pet_care,pet,mardan,kpk,80703,45,8,3.3842,0,1,0,in_review,0
2699,auto,auto,quetta,balochistan,78569,44,5,4.4093,1,2,0,approved,0
2700,pet,others,karachi,sindh,23146,44,37,3.4003,1,1,0,approved,1
2701,accident,auto,mardan,kpk,101784,56,2,6.7051,0,1,0,in_review,1
2702,theft,pet,lahore,punjab,98684,61,4,16.6865,1,4,0,rejected,1
2703,theft,life,peshawar,kpk,82996,53,0,3.8827,1,1,0,in_review,0
2704,pet_care,auto,mardan,kpk,25776,61,2,3.1377,0,6,0,approved,0
2705,auto,home,faisalabad,punjab,45430,53,7,24.0116,0,2,3,submitted,0
2706,damage,home,mardan,kpk,50356,64,14,2.966,0,6,3,submitted,0
2707,theft,pet,karachi,sindh,185936,58,38,46.3103,1,7,1,submitted,1
2708,life,life,islamabad,islamabad,15698,45,42,4.3825,0,1,0,approved,1
2709,other,auto,peshawar,kpk,109645,44,2,6.6625,0,1,0,in_review,0
2710,pet_care,life,sialkot,punjab,27341,58,5,1.5252,2,3,0,approved,0
2711,other,pet,quetta,balochistan,94230,58,22,8.0449,2,6,0,rejected,1
2712,theft,others,abbottabad,kpk,18704,64,8,1.5383,0,2,1,rejected,1
2713,other,auto,hyderabad,sindh,53825,61,1,12.9418,0,2,1,submitted,1
2714,accident,pet,abbottabad,kpk,60774,44,35,15.3975,0,5,2,in_review,1
2715,home,life,quetta,balochistan,52366,58,2,6.035,1,5,1,submitted,0
2716,pet,others,sukkur,sindh,124704,64,6,6.0066,1,4,1,approved,0
2717,accident,others,gujranwala,punjab,55850,56,7,3.1548,0,0,0,in_review,0
2718,pet,home,gujranwala,punjab,56084,61,27,12.1789,0,4,0,in_review,0
2719,auto,auto,quetta,balochistan,35869,61,36,3.2376,0,0,1,approved,1
2720,life,home,multan,punjab,13540,44,3,1.4349,1,2,1,approved,0
2721,damage,life,islamabad,islamabad,107226,58,36,7.7548,1,3,0,approved,1
2722,accident,life,quetta,balochistan,37162,58,29,4.1489,1,6,0,rejected,1
2723,other,auto,gujranwala,punjab,48802,61,32,2.9038,1,3,0,rejected,1
2724,pet_care,life,mardan,kpk,62289,56,7,4.4757,0,4,0,submitted,1
2725,medical,life,multan,punjab,9848,64,9,0.5939,2,8,0,in_review,1
2726,home,auto,karachi,sindh,5000,56,42,0.83,0,0,1,in_review,1
2727,theft,home,peshawar,kpk,45363,58,0,19.0201,0,5,0,rejected,0
2728,accident,life,islamabad,islamabad,25535,58,27,4.4696,1,2,1,in_review,0
2729,pet,life,abbottabad,kpk,22166,61,7,3.7198,0,5,0,in_review,0
2730,damage,pet,quetta,balochistan,15010,64,21,0.6128,0,6,1,in_review,0
2731,damage,pet,sukkur,sindh,89751,45,3,15.8319,0,4,0,in_review,0
2732,damage,auto,rawalpindi,punjab,24974,64,14,3.1677,0,5,0,in_review,0
2733,damage,others,sukkur,sindh,36071,45,31,14.4805,1,6,1,rejected,1
2734,pet_care,auto,sialkot,punjab,11680,58,31,1.5731,0,2,1,in_review,1
2735,pet_care,others,multan,punjab,23930,64,3,9.1651,0,3,0,rejected,1
2736,pet,pet,rawalpindi,punjab,25878,58,13,1.1009,0,1,1,in_review,0
2737,pet_care,pet,lahore,punjab,80738,56,29,3.9199,2,4,1,in_review,0
2738,other,pet,lahore,punjab,55278,53,39,12.1946,0,5,1,submitted,0
2739,other,auto,karachi,sindh,170676,53,18,28.6465,0,3,1,rejected,1
2740,accident,auto,mardan,kpk,13895,44,38,0.5839,3,4,0,in_review,1
2741,medical,pet,faisalabad,punjab,44009,44,26,2.4637,0,6,0,in_review,0
2742,home,pet,mardan,kpk,73272,45,12,4.0448,0,6,0,rejected,1
2743,theft,others,multan,punjab,22273,58,8,3.808,0,3,0,in_review,0
2744,pet_care,home,gujranwala,punjab,24370,56,5,1.7089,1,2,0,approved,0
2745,home,home,rawalpindi,punjab,70024,56,45,2.8375,0,6,0,in_review,1
2746,damage,others,mardan,kpk,9950,58,26,1.6813,0,2,0,rejected,1
2747,pet_care,auto,quetta,balochistan,28330,58,8,3.1439,0,1,0,rejected,0
2748,home,home,lahore,punjab,32562,53,16,17.2286,2,7,0,submitted,0
2749,other,pet,quetta,balochistan,15222,64,23,1.1941,0,0,3,in_review,0
2750,pet,others,sukkur,sindh,10648,64,1,1.3523,0,4,0,rejected,1
2751,medical,home,rawalpindi,punjab,34708,45,17,1.6096,1,5,0,rejected,1
2752,life,life,peshawar,kpk,194317,56,33,8.6613,0,5,0,approved,1
2753,damage,home,sukkur,sindh,45094,45,10,1.9633,0,6,1,in_review,0
2754,medical,others,abbottabad,kpk,22809,56,2,0.9338,0,0,1,submitted,0
2755,theft,pet,sialkot,punjab,150143,61,3,9.3274,2,6,0,approved,0
2756,accident,auto,quetta,balochistan,17159,64,1,1.6091,0,5,0,submitted,0
2757,pet,pet,sialkot,punjab,55621,64,0,4.3924,1,1,0,approved,0
2758,life,auto,multan,punjab,29999,56,25,2.097,0,4,0,in_review,0
2759,theft,life,quetta,balochistan,16051,44,14,0.6659,1,3,2,in_review,0
2760,damage,home,hyderabad,sindh,22974,53,18,1.6236,2,4,0,submitted,0
2761,accident,pet,sukkur,sindh,76881,64,26,3.2382,0,3,0,approved,0
2762,theft,home,karachi,sindh,85190,56,41,3.7603,4,6,2,submitted,1
2763,other,pet,sukkur,sindh,78756,64,30,3.6586,0,1,0,rejected,1
2764,theft,pet,mardan,kpk,18546,56,33,1.8156,3,5,3,submitted,1
2765,pet_care,pet,lahore,punjab,17951,58,32,1.6184,0,6,0,submitted,1
2766,other,auto,quetta,balochistan,86902,58,10,27.6406,3,5,1,approved,1
2767,auto,pet,rawalpindi,punjab,17838,64,1,4.6081,0,4,1,in_review,0
2768,theft,life,multan,punjab,53528,61,24,8.7066,0,4,0,approved,0
2769,home,pet,quetta,balochistan,10107,53,2,0.5286,0,2,0,rejected,1
2770,auto,life,abbottabad,kpk,10990,44,27,1.4284,1,6,0,submitted,0
2771,life,home,mardan,kpk,81685,58,1,4.5816,0,3,0,in_review,0
2772,medical,pet,lahore,punjab,187863,58,5,59.3189,4,6,0,submitted,1
2773,auto,auto,sukkur,sindh,33560,64,5,1.3687,2,7,0,in_review,0
2774,home,life,sialkot,punjab,32514,44,9,1.8128,1,6,0,approved,0
2775,life,others,sialkot,punjab,47252,58,38,5.1568,0,1,1,rejected,1
2776,damage,auto,multan,punjab,107510,45,10,4.3198,0,6,0,submitted,0
2777,theft,auto,islamabad,islamabad,6642,58,26,1.0993,3,6,0,in_review,1
2778,life,pet,karachi,sindh,21183,53,37,12.2374,1,1,0,in_review,1
2779,auto,pet,quetta,balochistan,28360,61,30,1.2136,0,6,0,submitted,1
2780,home,auto,lahore,punjab,68042,44,27,3.8038,0,2,2,approved,0
2781,accident,life,peshawar,kpk,40701,58,8,1.8567,4,7,0,in_review,1
2782,accident,pet,faisalabad,punjab,58891,61,2,2.4529,2,3,0,submitted,0
2783,medical,others,karachi,sindh,25104,56,30,1.0476,0,6,3,rejected,1
2784,medical,auto,quetta,balochistan,24407,53,5,5.58,4,10,2,rejected,1
2785,theft,home,faisalabad,punjab,23073,64,20,1.2708,0,2,0,in_review,0
2786,other,pet,faisalabad,punjab,16101,58,38,1.2619,3,5,0,rejected,1
2787,life,others,sukkur,sindh,55626,53,5,6.9152,0,3,2,submitted,0
2788,medical,auto,quetta,balochistan,78484,61,45,4.0707,1,1,0,rejected,1
2789,auto,home,mardan,kpk,67343,61,7,12.202,0,6,0,in_review,0
2790,auto,auto,peshawar,kpk,8637,44,34,1.0905,0,4,1,approved,1
2791,other,pet,multan,punjab,32688,64,38,2.0789,0,0,0,submitted,1
2792,other,home,abbottabad,kpk,12922,56,43,0.5922,2,3,0,submitted,1
2793,damage,home,quetta,balochistan,59525,44,40,4.4188,2,7,1,rejected,1
2794,pet_care,pet,mardan,kpk,23712,53,40,3.165,1,6,0,rejected,1
2795,damage,pet,rawalpindi,punjab,15247,64,17,1.2616,0,5,0,in_review,0
2796,other,others,islamabad,islamabad,14421,64,10,1.3353,0,2,0,rejected,1
2797,home,home,hyderabad,sindh,15643,53,38,1.4654,1,2,2,approved,1
2798,other,others,quetta,balochistan,51407,56,6,3.0678,0,2,1,rejected,1
2799,damage,pet,hyderabad,sindh,55978,64,22,2.5295,0,3,0,rejected,1
2800,life,auto,sialkot,punjab,16152,45,27,1.3459,0,5,0,rejected,1
2801,other,auto,peshawar,kpk,6667,45,8,0.6521,0,5,0,in_review,0
2802,medical,auto,peshawar,kpk,30169,64,34,9.5593,0,2,1,submitted,1
2803,other,home,islamabad,islamabad,54249,53,2,9.334,0,0,0,approved,0
2804,life,life,peshawar,kpk,59245,58,20,6.274,1,1,2,rejected,1
2805,theft,pet,abbottabad,kpk,107090,64,41,14.0427,1,1,0,in_review,1
2806,medical,pet,gujranwala,punjab,28731,56,13,3.3549,1,5,1,submitted,0
2807,pet_care,auto,rawalpindi,punjab,46121,61,28,1.9129,1,2,0,submitted,0
2808,pet,pet,sukkur,sindh,48601,53,38,4.0596,0,6,0,approved,0
2809,other,home,lahore,punjab,26239,64,8,1.1257,0,6,0,submitted,0
2810,home,life,karachi,sindh,39754,44,10,2.9203,3,8,0,in_review,1
2811,auto,auto,multan,punjab,223388,61,22,29.694,2,6,0,approved,0
2812,auto,auto,sialkot,punjab,32683,45,20,5.9782,2,6,0,submitted,0
2813,auto,life,mardan,kpk,21782,61,20,1.086,0,6,2,rejected,1
2814,life,life,rawalpindi,punjab,43350,44,17,5.8001,1,1,0,rejected,1
2815,damage,life,faisalabad,punjab,22483,64,37,2.2038,2,3,0,rejected,1
2816,auto,pet,lahore,punjab,31627,58,11,3.0277,0,0,0,submitted,0
2817,other,others,rawalpindi,punjab,15071,53,19,2.7437,1,2,0,in_review,1
2818,pet_care,others,karachi,sindh,39747,64,27,6.7828,0,0,2,submitted,0
2819,medical,life,quetta,balochistan,22490,64,1,1.2603,3,6,0,in_review,1
2820,auto,pet,karachi,sindh,18496,64,27,0.864,1,5,0,rejected,1
2821,pet,auto,abbottabad,kpk,19245,61,21,1.4619,0,3,1,submitted,0
2822,damage,auto,quetta,balochistan,13314,58,10,2.1554,0,2,1,submitted,0
2823,other,auto,hyderabad,sindh,58795,53,11,17.8329,1,6,0,in_review,0
2824,auto,pet,karachi,sindh,54830,61,3,11.0723,2,5,0,submitted,0
2825,pet,others,hyderabad,sindh,97748,44,16,4.5072,2,8,0,in_review,0
2826,auto,others,mardan,kpk,31566,44,42,2.6051,0,6,0,rejected,1
2827,medical,home,sukkur,sindh,39265,53,37,4.085,0,3,0,rejected,1
2828,medical,pet,hyderabad,sindh,72567,45,1,3.4164,0,0,0,in_review,0
2829,accident,auto,multan,punjab,17513,53,4,0.8542,0,6,0,rejected,1
2830,pet_care,home,peshawar,kpk,19958,56,2,1.0167,0,4,0,submitted,0
2831,accident,home,rawalpindi,punjab,28580,45,15,1.3053,1,4,0,in_review,0
2832,other,home,lahore,punjab,27152,56,13,1.1124,3,9,0,rejected,1
2833,medical,others,quetta,balochistan,12980,61,19,0.752,1,1,0,approved,0
2834,pet,pet,lahore,punjab,34288,64,11,5.8412,2,2,0,rejected,1
2835,pet,home,islamabad,islamabad,83956,45,40,4.3348,0,1,0,submitted,1
2836,accident,home,sialkot,punjab,75229,45,16,3.5536,0,1,0,in_review,0
2837,life,pet,rawalpindi,punjab,12528,64,36,0.94,1,2,0,rejected,1
2838,auto,pet,abbottabad,kpk,26649,61,7,11.2443,4,7,1,submitted,1
2839,other,home,rawalpindi,punjab,16827,44,25,1.4045,1,4,0,approved,0
2840,accident,others,peshawar,kpk,99249,64,41,8.7885,0,5,0,rejected,0
2841,pet,life,quetta,balochistan,12938,64,28,3.2896,1,1,0,in_review,0
2842,pet_care,pet,hyderabad,sindh,36736,58,39,2.2771,0,0,0,rejected,1
2843,life,pet,gujranwala,punjab,26075,53,32,1.1277,0,5,2,approved,1
2844,damage,pet,rawalpindi,punjab,8545,56,35,0.5212,1,1,1,rejected,1
2845,home,home,faisalabad,punjab,115784,64,4,17.3719,0,1,0,submitted,0
2846,theft,pet,abbottabad,kpk,34804,58,5,1.3993,0,3,0,in_review,0
2847,life,others,karachi,sindh,222126,45,40,12.1927,0,6,1,approved,1
2848,other,home,gujranwala,punjab,13487,45,15,0.6049,1,1,0,in_review,0
2849,home,pet,hyderabad,sindh,27739,64,4,1.1425,0,4,0,approved,0
2850,accident,others,rawalpindi,punjab,32479,58,4,7.0637,2,5,1,approved,0
2851,damage,auto,sukkur,sindh,100337,56,32,61.2932,0,5,0,rejected,1
2852,accident,others,sialkot,punjab,56284,44,34,2.519,0,4,0,rejected,1
2853,pet,pet,rawalpindi,punjab,74431,64,40,4.5039,1,6,0,rejected,1
2854,pet_care,home,islamabad,islamabad,16326,61,42,0.757,0,4,1,in_review,1
2855,pet_care,others,gujranwala,punjab,12926,53,37,1.263,0,6,0,in_review,1
2856,medical,others,faisalabad,punjab,67268,61,29,3.428,0,1,0,in_review,0
2857,medical,auto,islamabad,islamabad,44981,61,6,3.8396,0,1,0,approved,0
2858,damage,home,sialkot,punjab,53819,64,44,3.6981,0,6,0,submitted,1
2859,pet,others,karachi,sindh,76268,64,29,10.2209,0,2,0,approved,0
2860,pet_care,auto,gujranwala,punjab,14431,44,36,1.3098,0,4,0,in_review,1
2861,theft,others,sukkur,sindh,9694,61,19,0.8574,0,0,2,approved,0
2862,theft,home,karachi,sindh,107765,44,11,10.3134,1,3,0,submitted,0
2863,life,auto,sialkot,punjab,67489,58,33,7.9166,0,5,0,approved,1
2864,accident,home,hyderabad,sindh,69338,45,41,5.8479,1,2,1,submitted,1
2865,damage,auto,lahore,punjab,40962,45,12,3.2437,0,4,0,in_review,0
2866,pet_care,auto,mardan,kpk,43024,56,24,2.5049,0,5,0,approved,0
2867,auto,home,karachi,sindh,88512,64,7,5.7904,0,6,0,submitted,0
2868,life,life,peshawar,kpk,72371,58,4,14.9034,1,6,0,submitted,0
2869,auto,home,islamabad,islamabad,31325,45,0,3.0639,0,1,0,rejected,1
2870,medical,home,karachi,sindh,33936,61,39,11.5233,1,7,0,rejected,1
2871,theft,auto,lahore,punjab,30250,44,44,1.5387,0,0,1,submitted,1
2872,other,others,islamabad,islamabad,74023,56,16,3.3104,0,0,0,in_review,0
2873,pet_care,auto,gujranwala,punjab,8676,56,31,0.6045,0,6,0,submitted,0
2874,home,others,sialkot,punjab,53954,44,20,7.6433,0,2,0,submitted,0
2875,life,others,sukkur,sindh,42103,58,20,5.9434,0,3,0,rejected,1
2876,auto,home,hyderabad,sindh,52950,53,23,4.5183,1,6,0,approved,0
2877,pet_care,auto,peshawar,kpk,110574,64,27,33.2653,2,6,0,submitted,0
2878,auto,pet,mardan,kpk,93204,44,22,46.7422,1,4,0,submitted,0
2879,theft,auto,faisalabad,punjab,14826,56,24,4.4059,1,4,0,in_review,0
2880,pet,home,quetta,balochistan,83799,64,18,14.4956,0,6,0,rejected,1
2881,home,auto,sialkot,punjab,132541,58,30,19.9011,1,5,0,submitted,0
2882,auto,life,quetta,balochistan,33455,64,16,2.7706,1,6,0,approved,0
2883,home,others,islamabad,islamabad,19886,64,40,1.805,0,3,1,rejected,1
2884,life,others,quetta,balochistan,191365,61,36,8.5845,0,1,0,submitted,1
2885,other,others,peshawar,kpk,53376,58,2,16.5353,0,4,0,approved,0
2886,theft,auto,gujranwala,punjab,21911,64,30,3.5329,0,5,0,approved,0
2887,medical,others,islamabad,islamabad,28105,44,10,1.6249,0,2,0,submitted,0
2888,accident,life,lahore,punjab,28844,53,15,1.5807,0,3,0,submitted,0
2889,medical,pet,rawalpindi,punjab,16299,53,22,0.8772,1,6,0,in_review,0
2890,other,home,hyderabad,sindh,14414,53,43,3.363,0,6,0,in_review,1
2891,pet_care,auto,karachi,sindh,82802,56,42,3.6179,1,6,0,rejected,1
2892,life,others,sukkur,sindh,112420,64,4,36.4763,1,4,0,submitted,0
2893,life,pet,hyderabad,sindh,83209,61,29,8.8813,0,2,0,approved,0
2894,pet,home,peshawar,kpk,171573,64,12,13.9038,1,6,0,approved,0
2895,other,auto,peshawar,kpk,28016,56,3,2.369,0,1,0,approved,0
2896,theft,life,abbottabad,kpk,11750,58,1,0.6338,0,3,0,submitted,0
2897,auto,home,karachi,sindh,24896,45,40,1.564,1,3,0,submitted,1
2898,theft,pet,gujranwala,punjab,23440,58,44,1.1761,0,1,0,approved,1
2899,home,pet,rawalpindi,punjab,5000,53,23,0.3906,0,6,0,in_review,0
2900,pet,life,sukkur,sindh,43175,44,42,2.1775,2,4,2,submitted,1
2901,home,others,peshawar,kpk,131123,64,17,35.4195,2,5,0,in_review,0
2902,auto,life,quetta,balochistan,23961,44,21,1.9914,0,0,1,submitted,0
2903,other,life,quetta,balochistan,5781,58,24,1.9425,3,8,2,rejected,1
2904,damage,life,lahore,punjab,58452,64,45,10.2547,2,5,0,submitted,0
2905,medical,home,karachi,sindh,19683,56,31,4.1861,2,7,0,in_review,1
2906,home,auto,hyderabad,sindh,24399,53,32,1.9039,2,8,0,submitted,1
2907,pet,life,faisalabad,punjab,58789,45,25,4.4761,0,5,0,in_review,0
2908,auto,pet,faisalabad,punjab,43260,61,15,2.8262,0,5,0,in_review,0
2909,auto,home,islamabad,islamabad,12705,53,26,3.2991,0,2,2,approved,0
2910,home,pet,peshawar,kpk,28250,61,19,1.9164,1,5,0,submitted,0
2911,pet,others,karachi,sindh,11928,64,14,1.4921,0,3,0,in_review,0
2912,auto,others,islamabad,islamabad,17047,45,36,2.272,0,1,0,approved,1
2913,pet_care,pet,peshawar,kpk,13543,45,6,7.4127,1,5,1,rejected,1
2914,accident,others,sialkot,punjab,10222,61,0,0.4375,1,2,0,submitted,0
2915,auto,pet,multan,punjab,74434,61,23,3.3069,1,3,0,in_review,0
2916,accident,life,lahore,punjab,18767,56,13,0.7579,0,4,0,submitted,0
2917,auto,auto,mardan,kpk,8432,56,44,0.6943,0,1,1,approved,1
2918,auto,others,sialkot,punjab,56229,45,8,3.1124,1,2,2,approved,0
2919,theft,auto,sukkur,sindh,28239,53,1,6.9298,1,4,0,rejected,1
2920,other,life,hyderabad,sindh,37474,61,10,5.176,3,5,0,in_review,1
2921,medical,auto,abbottabad,kpk,66599,44,42,3.784,4,4,1,submitted,1
2922,home,auto,abbottabad,kpk,48665,64,16,9.6807,0,5,0,in_review,0
2923,theft,others,abbottabad,kpk,65095,61,23,5.1191,0,4,0,approved,0
2924,auto,life,rawalpindi,punjab,151541,45,34,14.0225,0,1,1,rejected,1
2925,damage,home,mardan,kpk,25158,58,29,6.4195,0,2,0,rejected,1
2926,theft,pet,islamabad,islamabad,20507,56,8,1.5732,3,8,2,submitted,1
2927,other,life,abbottabad,kpk,75914,56,1,7.3624,1,5,1,in_review,0
2928,pet_care,life,hyderabad,sindh,40089,64,40,2.3258,0,5,2,approved,1
2929,other,home,mardan,kpk,61125,53,28,4.5137,0,1,0,in_review,0
2930,other,auto,karachi,sindh,171863,45,18,85.9315,0,3,0,submitted,1
2931,home,auto,karachi,sindh,67872,58,2,25.856,0,5,0,rejected,1
2932,medical,others,sukkur,sindh,93421,61,27,19.5319,2,5,3,submitted,0
2933,accident,auto,abbottabad,kpk,5477,53,32,0.3414,4,7,0,submitted,0
2934,theft,others,abbottabad,kpk,9973,58,20,0.41,2,8,1,rejected,1
2935,life,pet,lahore,punjab,5000,53,12,0.4199,0,2,1,approved,0
2936,home,life,karachi,sindh,58126,64,15,2.9787,1,5,3,submitted,0
2937,accident,auto,sialkot,punjab,42970,56,26,5.0804,0,3,1,approved,0
2938,other,life,sukkur,sindh,5000,61,18,1.5649,0,2,0,submitted,0
2939,accident,home,lahore,punjab,31004,44,20,8.1504,0,6,1,in_review,0
2940,pet_care,auto,islamabad,islamabad,60420,64,36,4.1192,1,3,0,approved,1
2941,home,others,karachi,sindh,15449,53,6,0.8673,3,5,0,in_review,1
2942,damage,life,abbottabad,kpk,41507,44,22,11.1578,2,2,0,rejected,1
2943,pet_care,home,islamabad,islamabad,21545,64,39,2.8939,1,2,1,rejected,1
2944,pet,pet,abbottabad,kpk,124450,64,27,8.1762,4,7,1,in_review,1
2945,theft,auto,quetta,balochistan,42870,44,18,3.6801,1,6,0,approved,0
2946,auto,auto,rawalpindi,punjab,118089,58,40,4.8943,1,2,0,submitted,1
2947,damage,home,hyderabad,sindh,25873,64,5,4.6948,0,1,1,approved,1
2948,life,others,karachi,sindh,8636,58,25,2.5779,0,4,0,rejected,1
2949,medical,home,rawalpindi,punjab,22125,64,2,1.1714,0,6,2,rejected,1
2950,accident,auto,karachi,sindh,25127,45,30,13.0598,1,6,0,submitted,0
2951,damage,pet,sialkot,punjab,74892,61,12,5.9003,0,6,0,in_review,0
2952,theft,life,sialkot,punjab,26580,58,22,2.9537,1,7,0,rejected,1
2953,home,auto,mardan,kpk,40912,64,7,2.6849,3,9,2,approved,1
2954,auto,pet,multan,punjab,40227,58,20,4.4162,0,5,0,approved,0
2955,accident,pet,quetta,balochistan,6398,53,4,0.3379,0,2,1,rejected,1
2956,home,others,karachi,sindh,12878,61,22,4.0357,0,1,1,rejected,1
2957,other,life,rawalpindi,punjab,77564,45,21,7.2912,0,6,0,submitted,0
2958,damage,pet,multan,punjab,53370,56,12,2.8025,3,8,1,rejected,1
2959,auto,home,abbottabad,kpk,67912,61,10,3.6289,1,4,2,in_review,0
2960,damage,auto,abbottabad,kpk,29923,56,44,1.7726,0,0,0,rejected,1
2961,other,auto,rawalpindi,punjab,128837,53,22,6.3655,1,3,1,approved,0
2962,home,life,sialkot,punjab,5000,56,39,0.3687,0,4,2,rejected,1
2963,accident,home,multan,punjab,31097,56,10,2.4153,0,1,0,in_review,0
2964,accident,life,hyderabad,sindh,105569,64,24,5.152,0,3,1,submitted,0
2965,theft,auto,rawalpindi,punjab,11296,61,34,0.8358,2,4,0,rejected,1
2966,auto,home,abbottabad,kpk,48556,56,34,2.0415,0,4,0,in_review,1
2967,damage,others,peshawar,kpk,51895,53,42,2.2727,0,0,0,rejected,0
2968,pet,life,karachi,sindh,17544,56,25,6.1086,0,0,0,rejected,1
2969,auto,life,peshawar,kpk,41210,58,42,13.2593,0,0,0,submitted,1
2970,medical,life,islamabad,islamabad,348647,64,43,15.2487,0,0,0,approved,1
2971,medical,pet,karachi,sindh,38505,44,20,5.2302,0,6,0,in_review,0
2972,auto,auto,rawalpindi,punjab,13801,64,6,0.6785,0,4,0,approved,0
2973,auto,home,mardan,kpk,62851,64,24,2.7184,0,4,0,approved,0
2974,other,life,multan,punjab,140532,56,24,7.7012,2,4,0,approved,0
2975,life,others,sukkur,sindh,21448,56,14,1.9618,2,5,0,rejected,1
2976,pet_care,auto,multan,punjab,43074,64,16,2.3038,0,6,0,approved,0
2977,damage,others,sukkur,sindh,85241,61,27,6.1845,0,2,0,rejected,1
2978,medical,home,hyderabad,sindh,14900,64,20,3.599,0,6,0,rejected,1
2979,other,auto,rawalpindi,punjab,66420,45,42,39.325,0,5,0,in_review,1
2980,life,pet,sukkur,sindh,29006,64,21,17.9382,2,8,0,rejected,1
2981,damage,life,mardan,kpk,26001,56,44,1.2285,0,5,1,submitted,1
2982,auto,auto,quetta,balochistan,43961,44,18,4.6997,0,5,1,submitted,0
2983,home,life,multan,punjab,43337,64,35,2.0604,1,1,0,approved,1
2984,pet_care,home,gujranwala,punjab,30295,64,8,1.5348,0,6,0,approved,0
2985,pet_care,others,islamabad,islamabad,52737,64,1,2.9729,0,1,2,submitted,0
2986,theft,home,peshawar,kpk,35022,53,30,10.9341,1,6,0,approved,0
2987,pet_care,home,lahore,punjab,60111,44,33,7.4515,2,6,0,submitted,1
2988,life,life,quetta,balochistan,46934,58,0,4.4223,0,3,0,approved,0
2989,life,life,faisalabad,punjab,48608,64,9,7.656,2,3,1,in_review,1
2990,medical,others,multan,punjab,17827,58,21,1.3244,4,6,0,submitted,1
2991,pet_care,others,lahore,punjab,48295,61,12,5.6085,0,0,0,rejected,1
2992,pet,home,multan,punjab,19092,56,17,1.517,1,5,0,rejected,0
2993,other,life,multan,punjab,16430,64,25,0.7772,0,4,3,rejected,1
2994,pet,pet,multan,punjab,6719,58,38,0.6102,2,4,0,in_review,1
2995,life,auto,abbottabad,kpk,31408,64,17,1.3694,1,4,0,approved,0
2996,home,pet,islamabad,islamabad,307363,61,14,24.5458,0,0,0,in_review,1
2997,life,auto,karachi,sindh,185083,64,31,9.6192,0,5,0,rejected,0
2998,damage,home,abbottabad,kpk,59937,58,42,3.3341,2,7,1,approved,1
2999,pet,pet,rawalpindi,punjab,29718,45,4,3.2697,0,4,1,submitted,0
3000,auto,pet,faisalabad,punjab,14322,56,44,2.2864,0,0,0,rejected,1
3001,other,home,rawalpindi,punjab,104759,64,34,5.961,2,3,0,approved,1
3002,auto,home,abbottabad,kpk,11592,64,22,0.6146,2,3,0,rejected,0
3003,pet_care,auto,hyderabad,sindh,13708,61,23,0.9053,4,4,0,approved,1
3004,other,life,gujranwala,punjab,303922,44,17,15.6355,0,0,1,in_review,1
3005,life,life,karachi,sindh,44218,56,26,14.8432,0,4,0,in_review,0
3006,pet_care,auto,hyderabad,sindh,60193,58,37,7.2926,1,6,0,in_review,1
3007,other,pet,mardan,kpk,82018,44,20,10.4005,0,2,0,submitted,0
3008,medical,pet,faisalabad,punjab,78735,56,37,22.7558,0,5,0,submitted,1
3009,life,pet,faisalabad,punjab,13995,45,0,0.7071,0,1,1,in_review,1
3010,damage,life,karachi,sindh,103362,58,25,30.1435,0,1,0,approved,0
3011,damage,pet,peshawar,kpk,71889,61,28,2.9159,0,2,0,in_review,0
3012,life,auto,peshawar,kpk,13523,58,6,0.6317,2,5,0,rejected,1
3013,damage,pet,lahore,punjab,61985,61,4,9.9767,1,2,0,in_review,0
3014,auto,life,hyderabad,sindh,27761,61,18,4.9292,2,6,0,approved,0
3015,auto,others,lahore,punjab,50771,64,45,3.5492,0,6,0,approved,1
3016,accident,others,islamabad,islamabad,30113,64,25,1.7774,0,0,0,rejected,1
3017,theft,pet,peshawar,kpk,20860,61,10,1.969,2,5,0,approved,0
3018,theft,auto,sukkur,sindh,130673,45,11,51.2644,0,6,1,submitted,0
3019,home,life,rawalpindi,punjab,25075,64,31,1.6836,0,1,0,in_review,0
3020,auto,others,hyderabad,sindh,25021,64,12,2.442,3,7,0,submitted,1
3021,home,others,karachi,sindh,14791,61,20,0.7026,0,3,0,in_review,0
3022,theft,life,faisalabad,punjab,102711,45,23,5.9329,2,3,0,in_review,0
3023,medical,home,islamabad,islamabad,33260,64,16,4.6472,0,0,0,submitted,0
3024,damage,home,multan,punjab,31542,61,17,3.0597,0,1,2,submitted,0
3025,medical,auto,quetta,balochistan,6183,58,16,1.0096,0,5,0,approved,0
3026,pet,home,rawalpindi,punjab,52420,44,35,2.5448,0,6,0,in_review,1
3027,pet_care,others,abbottabad,kpk,135450,56,7,5.9593,2,6,0,rejected,0
3028,accident,others,islamabad,islamabad,20043,64,37,9.5762,0,5,2,approved,1
3029,pet_care,home,multan,punjab,5000,64,21,0.5815,1,6,0,approved,0
3030,medical,life,abbottabad,kpk,98136,64,37,5.3104,1,1,1,approved,1
3031,auto,others,gujranwala,punjab,46671,61,18,3.0711,3,9,0,in_review,1
3032,theft,auto,mardan,kpk,61673,53,33,2.5741,0,1,0,in_review,1
3033,pet,life,peshawar,kpk,86124,61,11,3.5711,0,4,0,rejected,1
3034,pet_care,pet,sialkot,punjab,111294,45,45,7.3355,1,4,0,approved,1
3035,pet_care,others,peshawar,kpk,78757,61,32,6.1452,0,0,0,in_review,0
3036,auto,auto,mardan,kpk,35511,61,11,1.4407,0,1,0,in_review,0
3037,home,pet,gujranwala,punjab,39231,64,0,3.2679,2,3,0,in_review,0
3038,accident,others,multan,punjab,5352,56,17,0.3938,1,4,0,in_review,0
3039,pet,home,peshawar,kpk,21863,64,11,3.0642,1,5,0,rejected,1
3040,auto,auto,rawalpindi,punjab,30541,58,11,3.2615,0,2,0,rejected,1
3041,other,life,sialkot,punjab,35819,61,1,1.6062,0,2,0,approved,0
3042,auto,others,gujranwala,punjab,26564,53,42,2.5881,0,6,0,rejected,1
3043,accident,auto,rawalpindi,punjab,55035,61,33,5.912,2,7,0,submitted,1
3044,accident,pet,karachi,sindh,33438,58,30,1.4886,1,2,1,approved,1
3045,accident,life,lahore,punjab,20845,56,29,1.0654,0,6,0,submitted,0
3046,life,others,quetta,balochistan,47791,56,18,3.7249,0,1,0,rejected,1
3047,damage,life,quetta,balochistan,31098,58,29,1.763,0,3,0,approved,0
3048,theft,others,sukkur,sindh,21218,44,18,1.6601,0,0,0,submitted,0
3049,medical,others,islamabad,islamabad,73211,44,34,5.055,0,6,0,in_review,1
3050,other,others,multan,punjab,121839,58,19,8.9752,1,1,2,rejected,1
3051,damage,others,sialkot,punjab,7488,64,9,0.7959,0,0,1,submitted,0
3052,pet_care,pet,mardan,kpk,58171,61,4,3.6165,0,3,1,approved,0
3053,other,life,peshawar,kpk,69145,56,37,6.2739,1,1,0,in_review,1
3054,damage,auto,abbottabad,kpk,51020,58,31,4.1195,1,2,0,rejected,1
3055,other,pet,islamabad,islamabad,69071,58,45,5.2851,1,6,0,rejected,0
3056,pet,home,lahore,punjab,15757,61,32,6.3332,1,5,0,rejected,1
3057,home,pet,sialkot,punjab,26096,64,37,1.2603,1,4,0,approved,1
3058,accident,home,mardan,kpk,49663,58,44,4.8742,2,4,0,rejected,1
3059,pet_care,others,karachi,sindh,18369,44,39,1.1945,2,3,1,in_review,1
3060,theft,others,hyderabad,sindh,54215,53,41,8.2294,2,4,0,rejected,1
3061,auto,pet,sialkot,punjab,31035,53,28,1.3131,0,5,1,rejected,1
3062,home,others,islamabad,islamabad,25714,64,4,1.4866,0,5,0,approved,0
3063,life,pet,faisalabad,punjab,187242,64,32,8.4614,3,6,0,approved,1
3064,pet_care,pet,karachi,sindh,35901,56,30,1.4535,1,6,0,approved,0
3065,damage,life,quetta,balochistan,25523,53,42,2.8218,1,6,0,rejected,1
3066,medical,pet,islamabad,islamabad,28810,64,23,1.4213,0,5,1,submitted,0
3067,home,home,hyderabad,sindh,175736,58,42,8.8501,0,5,0,in_review,1
3068,auto,life,mardan,kpk,7130,53,40,0.472,1,6,2,approved,1
3069,auto,auto,islamabad,islamabad,15520,53,16,0.9722,1,7,0,in_review,1
3070,other,life,karachi,sindh,48706,45,9,3.3278,1,1,0,approved,0
3071,accident,pet,sukkur,sindh,13614,45,32,0.8177,0,5,0,rejected,1
3072,life,auto,peshawar,kpk,28328,56,40,1.8738,1,5,0,submitted,1
3073,life,home,sialkot,punjab,16898,64,45,1.2692,0,1,0,submitted,1
3074,other,home,sialkot,punjab,53379,64,30,4.8167,0,1,0,rejected,1
3075,theft,auto,rawalpindi,punjab,36970,61,16,2.5826,0,0,0,in_review,1
3076,life,pet,faisalabad,punjab,8653,44,4,0.3574,0,5,0,approved,0
3077,home,pet,quetta,balochistan,32037,64,23,7.4783,1,2,0,in_review,0
3078,damage,others,sialkot,punjab,35758,53,27,1.8123,0,5,0,rejected,1
3079,damage,others,multan,punjab,28052,58,28,3.0432,0,5,2,in_review,0
3080,other,pet,gujranwala,punjab,115951,44,42,6.6742,2,5,0,in_review,1
3081,home,home,hyderabad,sindh,11816,64,6,0.4938,3,3,3,in_review,1
3082,accident,others,sukkur,sindh,132051,44,25,42.4738,2,4,1,in_review,0
3083,accident,life,sukkur,sindh,9147,61,41,4.9577,0,3,1,in_review,1
3084,auto,home,peshawar,kpk,23447,61,35,2.7745,0,6,0,in_review,1
3085,home,auto,multan,punjab,20855,61,17,2.2753,4,5,2,rejected,1
3086,auto,auto,sukkur,sindh,44076,56,0,8.3954,0,2,0,submitted,0
3087,home,home,sialkot,punjab,15735,64,20,2.2828,0,1,1,approved,0
3088,other,pet,rawalpindi,punjab,13154,58,37,0.6263,0,3,0,in_review,1
3089,other,others,faisalabad,punjab,77124,61,14,4.8545,0,1,0,in_review,0
3090,pet_care,others,mardan,kpk,55955,64,41,2.6625,0,1,0,in_review,1
3091,pet_care,others,karachi,sindh,85340,64,36,23.6137,0,3,0,submitted,1
3092,medical,pet,abbottabad,kpk,15755,58,17,2.3617,0,3,2,approved,0
3093,other,home,sukkur,sindh,95534,58,23,4.7908,1,6,0,rejected,1
3094,damage,others,lahore,punjab,10257,53,28,0.457,0,4,0,approved,0
3095,other,home,peshawar,kpk,25083,58,42,2.8365,0,1,0,rejected,1
3096,accident,pet,sialkot,punjab,7001,58,39,0.7563,0,6,0,approved,1
3097,damage,others,rawalpindi,punjab,13585,58,0,0.553,1,7,0,submitted,0
3098,pet,auto,quetta,balochistan,14902,64,15,0.6085,1,4,0,rejected,1
3099,auto,pet,lahore,punjab,36252,64,31,1.7989,3,3,1,approved,1
3100,pet_care,life,sialkot,punjab,43663,64,39,1.8833,1,1,2,rejected,1
3101,damage,pet,sialkot,punjab,33050,61,18,5.2129,0,2,0,approved,0
3102,auto,pet,faisalabad,punjab,33075,58,37,8.8983,0,6,0,approved,1
3103,other,others,hyderabad,sindh,8471,44,32,0.3609,0,2,1,rejected,1
3104,accident,life,multan,punjab,18640,61,9,1.2998,0,6,0,in_review,1
3105,life,home,sialkot,punjab,28537,45,11,6.8124,1,5,0,submitted,0
3106,pet,pet,quetta,balochistan,67499,64,33,27.8921,0,4,1,rejected,1
3107,other,auto,gujranwala,punjab,22526,64,15,5.2791,2,5,0,approved,0
3108,pet,life,sukkur,sindh,64129,45,27,7.4838,0,1,0,submitted,0
3109,auto,home,karachi,sindh,25343,64,15,1.4857,0,6,0,submitted,0
3110,damage,life,lahore,punjab,12590,45,34,1.132,0,4,2,in_review,1
3111,damage,auto,sialkot,punjab,37211,56,30,2.1419,0,0,0,approved,1
3112,pet_care,home,sialkot,punjab,196012,53,19,56.9471,0,3,0,approved,0
3113,theft,home,sialkot,punjab,26024,45,27,1.1663,0,2,0,in_review,0
3114,home,home,lahore,punjab,83614,44,35,29.2664,0,5,0,rejected,1
3115,life,home,karachi,sindh,44231,61,41,2.1897,0,6,0,rejected,1
3116,home,others,lahore,punjab,10604,53,13,0.4473,0,3,0,rejected,1
3117,home,others,mardan,kpk,34536,53,14,7.3685,0,6,1,in_review,0
3118,damage,life,gujranwala,punjab,95791,61,40,4.2204,0,1,0,approved,1
3119,accident,life,sialkot,punjab,556159,64,35,65.919,0,6,2,submitted,1
3120,damage,life,faisalabad,punjab,12432,58,36,1.0923,0,3,1,approved,1
3121,auto,others,sukkur,sindh,122530,45,24,25.1964,1,5,0,approved,0
3122,pet_care,life,gujranwala,punjab,29447,53,28,1.9767,0,6,0,submitted,0
3123,life,pet,peshawar,kpk,33232,64,10,1.8563,3,9,1,in_review,1
3124,home,home,sukkur,sindh,64429,58,39,18.605,0,1,0,approved,1
3125,life,home,karachi,sindh,75717,44,5,27.9812,2,8,0,approved,0
3126,home,home,islamabad,islamabad,24109,61,11,2.3683,0,2,0,rejected,1
3127,auto,others,gujranwala,punjab,12049,45,36,0.8863,2,7,1,approved,1
3128,pet,pet,islamabad,islamabad,8785,53,35,0.5652,0,4,0,in_review,1
3129,pet_care,auto,islamabad,islamabad,69427,45,43,4.0667,0,2,1,in_review,0
3130,damage,pet,mardan,kpk,20106,64,9,3.6149,0,3,0,rejected,1
3131,auto,auto,islamabad,islamabad,19807,64,7,4.5098,0,6,0,in_review,0
3132,damage,life,quetta,balochistan,85467,61,23,13.9379,2,6,0,in_review,0
3133,pet,auto,mardan,kpk,30359,61,9,15.7056,0,2,0,rejected,1
3134,medical,pet,sukkur,sindh,58638,58,26,11.8437,0,1,0,submitted,0
3135,life,pet,hyderabad,sindh,27928,45,32,2.5276,1,7,0,submitted,1
3136,life,pet,quetta,balochistan,42276,44,36,3.7946,0,4,0,approved,1
3137,life,life,abbottabad,kpk,30022,64,38,1.6945,2,4,0,submitted,1
3138,pet,auto,quetta,balochistan,34112,53,21,4.4778,0,1,0,rejected,1
3139,theft,life,quetta,balochistan,37081,44,25,1.5927,0,0,0,submitted,0
3140,accident,home,islamabad,islamabad,14616,64,44,0.694,3,3,0,in_review,1
3141,medical,others,hyderabad,sindh,97353,44,15,5.0361,2,8,0,approved,1
3142,auto,pet,lahore,punjab,31232,61,45,1.7461,0,2,0,rejected,1
3143,damage,auto,gujranwala,punjab,44537,64,9,2.5159,0,6,0,rejected,1
3144,auto,home,quetta,balochistan,25515,58,30,2.6807,3,3,0,approved,0
3145,other,pet,abbottabad,kpk,39427,64,23,3.0113,4,5,0,approved,1
3146,pet,auto,faisalabad,punjab,34351,58,33,3.1138,0,2,1,approved,1
3147,accident,others,rawalpindi,punjab,95703,61,42,40.6037,0,6,0,approved,1
3148,pet_care,pet,gujranwala,punjab,30773,56,34,1.6787,0,1,0,approved,1
3149,damage,auto,peshawar,kpk,11070,56,42,1.3355,3,5,0,approved,1
3150,medical,others,abbottabad,kpk,31521,53,18,2.8169,1,5,0,in_review,0
3151,pet_care,pet,sukkur,sindh,120595,61,17,37.6037,0,3,3,rejected,1
3152,home,life,abbottabad,kpk,29399,53,21,1.2903,0,2,0,submitted,0
3153,accident,others,peshawar,kpk,54424,45,9,16.6129,1,1,1,in_review,0
3154,pet,home,gujranwala,punjab,21938,61,23,2.8047,1,3,0,approved,0
3155,auto,home,faisalabad,punjab,94859,61,0,4.3607,0,1,1,submitted,1
3156,other,auto,faisalabad,punjab,55932,61,24,3.9375,2,3,0,submitted,0
3157,accident,others,rawalpindi,punjab,11377,44,38,1.4708,0,5,0,in_review,1
3158,other,others,sialkot,punjab,44699,64,45,18.2818,0,6,1,in_review,1
3159,life,auto,abbottabad,kpk,14648,64,14,1.1068,1,1,0,submitted,0
3160,damage,life,faisalabad,punjab,46246,56,45,4.9419,2,6,1,submitted,1
3161,theft,home,karachi,sindh,22821,44,10,1.5141,1,2,0,submitted,0
3162,pet_care,home,abbottabad,kpk,44140,58,5,3.8845,0,1,0,submitted,0
3163,other,others,islamabad,islamabad,92023,56,22,5.2105,0,0,0,submitted,0
3164,pet,others,mardan,kpk,60597,53,25,3.2452,0,0,0,approved,0
3165,pet_care,auto,mardan,kpk,15704,44,32,1.5516,4,6,3,submitted,1
3166,medical,pet,faisalabad,punjab,15441,61,0,0.9137,0,2,0,in_review,0
3167,pet,life,hyderabad,sindh,10445,58,5,6.2884,0,0,0,approved,0
3168,damage,pet,multan,punjab,22640,45,33,1.1953,0,0,2,in_review,1
3169,auto,life,islamabad,islamabad,50115,64,41,3.2704,0,1,1,approved,1
3170,life,others,islamabad,islamabad,30664,56,17,4.8161,0,5,1,approved,0
3171,pet_care,pet,sialkot,punjab,38170,61,3,3.4524,2,4,0,approved,0
3172,auto,others,gujranwala,punjab,8711,64,38,0.5959,0,5,0,rejected,1
3173,auto,pet,sialkot,punjab,23307,53,12,3.6925,0,3,1,in_review,0
3174,home,home,karachi,sindh,122511,45,18,47.0292,0,1,0,approved,0
3175,pet_care,pet,mardan,kpk,84379,58,0,8.9451,0,6,0,submitted,0
3176,other,life,hyderabad,sindh,7649,53,33,0.5538,4,6,0,in_review,1
3177,pet_care,life,hyderabad,sindh,72163,53,17,6.2528,0,5,1,submitted,0
3178,other,pet,lahore,punjab,60540,56,23,13.2415,2,4,1,approved,0
3179,life,life,lahore,punjab,23333,58,36,2.3746,0,0,1,in_review,1
3180,accident,life,mardan,kpk,9579,61,24,0.4158,0,3,2,rejected,1
3181,auto,home,faisalabad,punjab,26245,61,44,1.2464,0,3,0,approved,1
3182,pet,home,karachi,sindh,60286,56,7,3.3569,3,9,0,in_review,1
3183,pet,auto,quetta,balochistan,16373,56,31,2.426,0,6,0,rejected,1
3184,home,pet,faisalabad,punjab,14321,44,7,0.9292,0,2,1,submitted,0
3185,life,auto,rawalpindi,punjab,20733,58,44,2.5584,2,3,2,approved,1
3186,pet_care,auto,lahore,punjab,147187,45,16,6.858,0,4,0,in_review,0
3187,accident,life,peshawar,kpk,188126,53,21,31.5966,3,8,1,approved,1
3188,other,life,sialkot,punjab,199095,58,31,8.2681,1,6,0,submitted,1
3189,damage,pet,multan,punjab,46175,45,14,2.7843,0,5,1,approved,0
3190,damage,home,multan,punjab,6013,45,40,0.5008,0,1,0,approved,1
3191,medical,life,quetta,balochistan,25679,44,33,1.0852,1,1,0,rejected,1
3192,damage,auto,multan,punjab,150020,64,15,21.2072,2,8,1,approved,0
3193,other,life,multan,punjab,64269,64,30,3.1106,4,6,0,submitted,1
3194,medical,pet,peshawar,kpk,57311,64,24,8.1269,0,4,3,rejected,1
3195,home,home,peshawar,kpk,11019,44,34,1.2111,0,4,0,rejected,1
3196,medical,pet,abbottabad,kpk,137389,45,14,12.938,0,6,0,approved,0
3197,other,life,karachi,sindh,22648,64,19,3.2175,0,3,2,approved,1
3198,medical,life,sialkot,punjab,150603,44,13,6.6057,1,1,0,approved,0
3199,damage,others,abbottabad,kpk,37789,44,8,4.1467,0,4,3,rejected,1
3200,pet,pet,mardan,kpk,22781,61,23,1.7386,1,1,0,rejected,1
3201,accident,pet,quetta,balochistan,26534,64,31,13.0838,1,6,0,rejected,1
3202,medical,home,faisalabad,punjab,58626,45,27,2.8911,4,8,0,rejected,0
3203,medical,pet,multan,punjab,73670,53,3,14.0645,0,4,0,submitted,1
3204,medical,pet,peshawar,kpk,46236,56,6,2.0849,2,2,0,in_review,0
3205,accident,pet,rawalpindi,punjab,13659,44,28,2.9299,0,3,0,submitted,0
3206,home,life,lahore,punjab,48821,53,21,3.1675,0,3,0,approved,0
3207,life,auto,mardan,kpk,51956,64,42,19.8305,2,4,0,in_review,0
3208,pet,home,peshawar,kpk,233445,44,26,10.9563,0,3,0,submitted,0
3209,pet,home,islamabad,islamabad,12700,64,3,0.7861,2,4,2,in_review,0
3210,pet_care,home,peshawar,kpk,111391,53,38,15.4474,0,0,0,in_review,1
3211,theft,life,islamabad,islamabad,19376,61,3,7.4811,1,1,0,in_review,0
3212,pet_care,pet,sialkot,punjab,37411,64,3,3.2151,0,2,0,in_review,0
3213,pet_care,life,gujranwala,punjab,32063,44,13,1.4625,1,5,1,in_review,0
3214,auto,home,gujranwala,punjab,42010,61,18,2.1462,0,2,0,approved,0
3215,medical,others,lahore,punjab,33924,45,5,1.3944,4,4,0,approved,1
3216,auto,life,rawalpindi,punjab,47064,45,43,1.9756,0,2,0,in_review,1
3217,home,home,hyderabad,sindh,64413,61,40,16.8886,1,4,2,submitted,1
3218,auto,auto,islamabad,islamabad,68074,56,14,14.1057,1,1,0,submitted,0
3219,damage,life,gujranwala,punjab,10288,44,18,0.7449,0,3,0,rejected,1
3220,pet_care,home,abbottabad,kpk,15449,45,4,0.8018,2,8,0,submitted,0
3221,pet_care,life,quetta,balochistan,190159,56,45,10.769,1,4,1,in_review,1
3222,theft,life,islamabad,islamabad,42931,44,0,3.7965,0,6,1,in_review,0
3223,medical,others,rawalpindi,punjab,86999,58,32,3.8471,1,6,2,rejected,1
3224,life,pet,quetta,balochistan,101765,58,13,10.3378,0,2,0,rejected,1
3225,other,home,islamabad,islamabad,32156,58,34,1.681,0,3,1,submitted,1
3226,auto,home,mardan,kpk,17083,44,24,0.7943,0,4,0,rejected,1
3227,auto,others,hyderabad,sindh,39108,64,28,19.4858,1,1,0,submitted,0
3228,medical,others,abbottabad,kpk,85540,44,2,3.6425,2,8,0,submitted,0
3229,theft,life,lahore,punjab,18780,64,8,1.4286,4,9,0,approved,1
3230,pet_care,life,peshawar,kpk,59585,64,34,5.5449,0,2,0,submitted,1
3231,medical,pet,gujranwala,punjab,160646,64,22,15.6697,1,6,0,submitted,0
3232,auto,auto,multan,punjab,144023,58,10,11.4449,3,6,0,rejected,1
3233,other,life,abbottabad,kpk,117119,44,45,6.46,2,8,0,submitted,1
3234,accident,auto,karachi,sindh,103198,56,40,6.709,1,4,0,in_review,1
3235,damage,others,islamabad,islamabad,17457,58,3,1.6083,1,4,1,submitted,0
3236,life,pet,islamabad,islamabad,52846,58,17,3.145,0,2,0,approved,0
3237,auto,auto,abbottabad,kpk,41329,58,43,2.6604,2,4,0,in_review,0
3238,auto,others,faisalabad,punjab,29289,58,3,2.2661,1,2,0,submitted,0
3239,accident,others,faisalabad,punjab,11757,56,1,1.48,0,6,0,rejected,1
3240,auto,others,islamabad,islamabad,44862,45,0,1.797,1,6,0,in_review,0
3241,other,home,faisalabad,punjab,73232,61,19,3.2361,2,2,0,approved,0
3242,pet,pet,peshawar,kpk,42357,56,5,9.2201,0,1,1,approved,0
3243,other,pet,karachi,sindh,28363,53,9,1.1927,1,3,1,rejected,1
3244,home,life,rawalpindi,punjab,36398,58,30,1.9296,0,5,0,in_review,1
3245,medical,home,islamabad,islamabad,109127,45,8,14.7969,4,8,0,approved,1
3246,home,home,islamabad,islamabad,27710,56,28,2.2505,0,6,0,in_review,0
3247,pet,auto,mardan,kpk,150318,53,31,8.9662,1,6,0,in_review,1
3248,theft,auto,islamabad,islamabad,132542,58,32,7.0674,0,3,1,submitted,1
3249,theft,home,gujranwala,punjab,26965,61,10,12.9019,2,8,0,rejected,1
3250,pet_care,home,mardan,kpk,35481,64,32,2.9869,0,2,0,approved,1
3251,accident,pet,quetta,balochistan,40910,53,17,8.4333,1,2,0,rejected,1
3252,life,others,faisalabad,punjab,46110,64,22,4.1774,0,4,0,rejected,1
3253,theft,home,faisalabad,punjab,37321,53,28,3.0862,3,3,1,submitted,0
3254,accident,home,abbottabad,kpk,31617,58,5,1.3059,0,0,1,rejected,0
3255,theft,pet,multan,punjab,33531,45,2,2.0511,2,8,0,in_review,0
3256,auto,auto,faisalabad,punjab,44971,44,10,2.2975,0,0,0,rejected,1
3257,home,life,islamabad,islamabad,259477,56,3,10.7266,2,4,1,in_review,0
3258,pet,home,islamabad,islamabad,212061,64,1,20.0663,3,5,0,in_review,1
3259,theft,home,peshawar,kpk,251881,61,40,20.5668,0,1,0,rejected,1
3260,pet_care,pet,hyderabad,sindh,32783,44,20,1.5328,2,8,2,submitted,0
3261,life,life,lahore,punjab,17327,64,16,1.657,0,2,0,submitted,0
3262,life,life,islamabad,islamabad,63085,61,6,6.3408,0,4,0,approved,0
3263,home,life,hyderabad,sindh,42030,61,35,14.609,2,4,2,in_review,1
3264,pet_care,home,gujranwala,punjab,100004,56,16,9.3971,1,4,1,approved,0
3265,accident,life,islamabad,islamabad,10176,61,42,3.4742,4,5,0,in_review,1
3266,life,home,gujranwala,punjab,19095,45,36,3.0873,0,6,2,approved,1
3267,auto,others,faisalabad,punjab,46524,45,34,2.9281,2,3,0,submitted,1
3268,medical,others,mardan,kpk,75181,64,6,3.295,0,0,1,approved,0
3269,accident,pet,karachi,sindh,27636,64,7,14.1361,0,3,2,in_review,0
3270,pet_care,life,sialkot,punjab,29513,58,27,1.793,0,0,0,submitted,0
3271,theft,others,mardan,kpk,63556,44,14,9.4577,1,1,0,approved,0
3272,other,auto,faisalabad,punjab,98959,53,34,7.3994,0,6,0,in_review,1
3273,accident,others,abbottabad,kpk,79276,64,25,3.8897,0,5,1,in_review,0
3274,damage,home,sukkur,sindh,21785,64,35,2.5382,0,3,1,approved,1
3275,auto,auto,mardan,kpk,66403,58,15,21.7858,0,2,2,in_review,0
3276,other,home,sialkot,punjab,6905,61,4,1.2468,1,2,3,submitted,0
3277,home,others,islamabad,islamabad,14978,58,24,1.0334,0,1,1,rejected,1
3278,pet_care,life,lahore,punjab,28624,58,39,1.4673,1,4,1,submitted,1
3279,pet,auto,abbottabad,kpk,31459,44,18,2.8806,4,5,1,rejected,1
3280,accident,life,karachi,sindh,5000,61,41,1.4164,0,4,0,submitted,1
3281,auto,life,peshawar,kpk,19380,44,0,0.8113,0,4,3,in_review,0
3282,medical,home,gujranwala,punjab,8392,64,33,0.4967,0,3,0,in_review,1
3283,medical,home,abbottabad,kpk,17160,45,3,5.5987,2,6,2,in_review,0
3284,home,life,hyderabad,sindh,128569,44,0,15.3552,0,2,0,rejected,1
3285,pet,life,quetta,balochistan,31858,56,14,20.0744,0,5,0,in_review,1
3286,home,home,faisalabad,punjab,25529,45,5,3.3254,2,6,0,in_review,1
3287,home,home,multan,punjab,55943,44,33,2.5553,0,0,0,approved,1
3288,theft,auto,lahore,punjab,27129,53,37,1.0909,0,6,0,submitted,1
3289,damage,pet,sukkur,sindh,156277,53,28,7.7235,0,6,0,approved,0
3290,damage,life,rawalpindi,punjab,46815,64,3,5.728,0,3,1,submitted,0
3291,pet_care,home,multan,punjab,44662,45,20,2.6063,1,4,0,in_review,0
3292,auto,life,multan,punjab,17060,44,5,1.1,2,4,0,in_review,0
3293,auto,others,quetta,balochistan,15867,64,37,2.9686,4,6,0,rejected,1
3294,theft,others,hyderabad,sindh,42188,53,26,1.9416,0,5,1,rejected,1
3295,pet_care,auto,quetta,balochistan,21706,53,33,2.5881,0,4,0,rejected,1
3296,other,auto,hyderabad,sindh,9894,61,34,4.8763,3,6,0,submitted,0
3297,life,auto,karachi,sindh,72138,61,30,24.8495,3,4,0,approved,1
3298,life,auto,sukkur,sindh,40223,56,38,11.8442,0,3,0,submitted,1
3299,pet,pet,rawalpindi,punjab,93798,53,26,19.0724,0,4,2,rejected,1
3300,theft,pet,sukkur,sindh,30437,45,25,1.4988,2,3,0,approved,0
3301,damage,life,rawalpindi,punjab,55632,64,32,2.8773,0,6,0,submitted,1
3302,damage,life,faisalabad,punjab,81030,58,38,3.4751,0,0,0,approved,1
3303,pet_care,others,mardan,kpk,301883,44,22,183.7389,0,4,3,approved,1
3304,pet_care,others,multan,punjab,23147,58,44,2.966,2,7,0,approved,1
3305,medical,home,abbottabad,kpk,59982,61,27,3.3275,0,2,2,submitted,0
3306,pet_care,auto,abbottabad,kpk,43263,53,0,18.8428,0,1,2,in_review,0
3307,medical,pet,faisalabad,punjab,13033,58,33,2.3059,0,0,0,in_review,1
3308,theft,auto,abbottabad,kpk,21986,45,10,1.3823,2,7,0,rejected,1
3309,other,others,gujranwala,punjab,5000,56,31,0.5124,0,5,1,in_review,1
3310,other,pet,karachi,sindh,11002,58,0,0.6988,0,5,2,in_review,0
3311,theft,life,hyderabad,sindh,9014,58,44,0.556,0,2,1,in_review,1
3312,home,life,abbottabad,kpk,16119,61,27,1.4198,0,4,0,approved,0
3313,damage,auto,mardan,kpk,34236,64,27,2.2431,0,6,0,rejected,1
3314,life,auto,sukkur,sindh,63341,56,15,4.268,2,8,0,submitted,0
3315,home,life,karachi,sindh,36411,61,36,1.5989,2,2,0,in_review,1
3316,life,life,abbottabad,kpk,9634,44,5,0.4897,2,6,0,rejected,1
3317,home,home,abbottabad,kpk,14068,61,18,0.9657,1,1,0,submitted,1
3318,other,home,peshawar,kpk,30685,64,42,7.2404,0,2,2,rejected,0
3319,theft,pet,sukkur,sindh,68106,44,31,6.6084,2,7,0,approved,1
3320,home,auto,islamabad,islamabad,6608,58,35,0.2654,1,7,0,submitted,1
3321,medical,auto,faisalabad,punjab,122049,45,25,8.1426,0,3,0,submitted,0
3322,theft,home,islamabad,islamabad,12605,64,22,0.7118,3,6,0,rejected,1
3323,auto,life,multan,punjab,154771,61,42,13.2725,0,3,0,in_review,0
3324,home,auto,gujranwala,punjab,226276,45,16,12.6737,0,3,0,in_review,0
3325,home,auto,mardan,kpk,40758,58,22,2.0898,3,7,2,rejected,0
3326,theft,life,sialkot,punjab,362892,53,10,52.8843,0,6,0,in_review,0
3327,accident,auto,abbottabad,kpk,49771,44,45,8.4544,0,6,0,rejected,1
3328,damage,others,mardan,kpk,23383,58,27,2.0109,1,6,0,approved,0
3329,life,pet,rawalpindi,punjab,88752,58,17,8.8056,0,6,1,rejected,1
3330,pet_care,home,peshawar,kpk,25007,45,42,13.6427,0,4,0,in_review,1
3331,damage,others,sukkur,sindh,42701,44,24,6.1814,0,1,0,submitted,0
3332,home,others,hyderabad,sindh,13089,64,4,4.1579,0,2,0,approved,0
3333,pet,life,multan,punjab,55525,64,24,5.4613,3,8,0,rejected,1
3334,pet_care,life,lahore,punjab,230788,64,32,9.2371,0,5,0,rejected,1
3335,other,life,multan,punjab,155253,44,41,12.8595,2,6,0,submitted,1
3336,theft,auto,sukkur,sindh,12196,56,40,1.7784,0,5,0,in_review,1
3337,life,others,sukkur,sindh,16080,64,29,0.7797,0,2,1,submitted,1
3338,home,home,abbottabad,kpk,107566,56,13,7.3284,0,1,2,rejected,1
3339,home,pet,rawalpindi,punjab,147631,64,33,91.8103,0,3,0,rejected,1
3340,pet,pet,hyderabad,sindh,15031,53,41,0.6467,1,5,0,rejected,1
3341,theft,others,gujranwala,punjab,24695,53,43,1.8484,4,6,0,rejected,1
3342,auto,auto,mardan,kpk,10075,45,22,0.4727,0,5,0,rejected,1
3343,pet_care,pet,islamabad,islamabad,109777,53,21,5.6865,0,1,0,submitted,0
3344,medical,home,quetta,balochistan,19311,64,31,0.829,2,2,0,submitted,1
3345,life,pet,sialkot,punjab,8896,44,27,0.4015,1,7,0,submitted,1
3346,accident,life,faisalabad,punjab,15398,64,32,0.6888,2,8,0,approved,1
3347,accident,life,multan,punjab,83919,53,38,4.7276,0,4,0,rejected,1
3348,life,life,abbottabad,kpk,60876,58,32,4.3147,0,0,0,in_review,1
3349,pet_care,auto,sukkur,sindh,7014,64,28,0.398,0,1,1,in_review,0
3350,pet_care,life,abbottabad,kpk,6952,61,7,0.3242,1,3,3,submitted,0
3351,pet_care,auto,sukkur,sindh,76488,45,42,7.2111,2,5,1,rejected,1
3352,auto,others,sialkot,punjab,46223,45,43,27.4973,2,3,0,approved,1
3353,medical,home,abbottabad,kpk,32331,58,1,1.7099,0,0,0,in_review,0
3354,theft,others,karachi,sindh,111651,45,0,7.6025,1,1,1,rejected,1
3355,accident,home,lahore,punjab,27860,61,29,3.6784,1,4,0,submitted,0
3356,life,auto,mardan,kpk,47072,45,19,7.7638,1,3,0,in_review,0
3357,damage,auto,multan,punjab,46438,56,27,14.1321,0,5,0,approved,0
3358,theft,pet,islamabad,islamabad,25579,64,0,2.0532,0,6,0,approved,0
3359,pet,home,abbottabad,kpk,18405,61,36,1.2115,0,6,0,approved,1
3360,accident,pet,karachi,sindh,30708,58,27,5.5945,0,4,0,approved,0
3361,other,pet,hyderabad,sindh,31757,44,38,1.4807,0,0,0,submitted,1
3362,pet,pet,gujranwala,punjab,31812,56,9,1.4673,1,5,0,submitted,0
3363,pet_care,pet,hyderabad,sindh,69245,44,9,3.4702,1,4,0,submitted,0
3364,auto,others,abbottabad,kpk,16913,53,44,1.0831,0,6,2,submitted,0
3365,home,life,hyderabad,sindh,45089,53,7,3.6333,2,8,2,submitted,0
3366,damage,home,faisalabad,punjab,16726,45,33,1.3674,0,4,0,rejected,1
3367,auto,life,peshawar,kpk,139453,45,28,6.1828,0,2,0,in_review,0
3368,damage,auto,abbottabad,kpk,23073,53,40,4.6453,0,4,0,rejected,1
3369,other,home,sialkot,punjab,37090,61,15,7.4478,2,8,0,in_review,0
3370,other,home,gujranwala,punjab,59997,64,16,3.8307,1,6,1,approved,0
3371,other,auto,peshawar,kpk,126191,45,36,12.8061,4,9,0,approved,1
3372,damage,pet,quetta,balochistan,42287,61,32,2.2225,3,3,0,approved,1
3373,pet_care,life,islamabad,islamabad,26800,45,24,6.4656,0,6,0,rejected,1
3374,pet_care,auto,lahore,punjab,112353,64,35,7.5359,0,4,1,in_review,1
3375,pet_care,home,gujranwala,punjab,56494,64,43,2.5778,1,2,0,approved,0
3376,accident,auto,faisalabad,punjab,21311,56,27,1.5814,1,6,0,in_review,0
3377,life,pet,gujranwala,punjab,87728,53,32,3.8742,0,2,0,approved,1
3378,damage,pet,multan,punjab,13730,56,8,1.6239,0,6,0,submitted,1
3379,home,others,gujranwala,punjab,12758,64,15,0.5372,1,3,0,in_review,0
3380,damage,home,multan,punjab,45873,64,20,2.4631,0,4,0,approved,0
3381,home,home,multan,punjab,70152,53,23,3.2033,0,1,0,approved,0
3382,medical,others,hyderabad,sindh,15241,64,10,1.6152,0,5,0,in_review,0
3383,damage,home,mardan,kpk,61457,61,30,7.4938,0,3,0,approved,0
3384,medical,life,lahore,punjab,30759,64,44,16.1634,1,6,0,in_review,1
3385,damage,others,gujranwala,punjab,32336,61,10,11.2866,0,5,0,submitted,0
3386,other,auto,islamabad,islamabad,10034,64,10,0.6154,2,5,1,submitted,1
3387,accident,life,sialkot,punjab,6302,56,26,0.3292,1,6,0,submitted,0
3388,home,home,faisalabad,punjab,9526,58,40,2.2341,1,7,0,in_review,1
3389,pet_care,pet,hyderabad,sindh,45619,53,26,3.6327,1,1,0,submitted,0
3390,other,others,hyderabad,sindh,48016,64,44,27.3129,0,1,0,approved,1
3391,damage,auto,abbottabad,kpk,13598,64,28,0.6311,2,8,0,submitted,0
3392,pet_care,life,faisalabad,punjab,520123,56,9,77.6999,0,4,3,rejected,1
3393,auto,life,abbottabad,kpk,61901,61,36,6.0051,0,4,0,approved,1
3394,auto,home,mardan,kpk,62060,44,12,3.9599,0,0,2,rejected,1
3395,damage,others,rawalpindi,punjab,39871,44,0,10.4566,1,4,0,submitted,0
3396,theft,home,multan,punjab,68641,61,23,4.4828,1,6,2,submitted,0
3397,home,home,abbottabad,kpk,28074,53,8,1.3663,0,4,0,approved,0
3398,pet,others,quetta,balochistan,37910,58,0,2.0485,0,4,1,rejected,1
3399,accident,auto,quetta,balochistan,37629,44,21,2.4978,0,6,0,submitted,0
3400,theft,auto,rawalpindi,punjab,251989,58,31,16.1118,2,3,1,rejected,1
3401,theft,others,faisalabad,punjab,19548,53,19,0.8175,0,4,3,submitted,0
3402,auto,others,mardan,kpk,11813,64,35,1.1736,0,4,1,submitted,1
3403,damage,others,faisalabad,punjab,17571,64,24,0.7063,1,4,0,approved,0
3404,damage,auto,faisalabad,punjab,8964,64,28,1.531,0,5,0,rejected,1
3405,home,others,sukkur,sindh,8116,61,1,0.4148,0,6,0,submitted,0
3406,life,auto,karachi,sindh,43895,64,0,9.9086,0,0,0,approved,0
3407,damage,life,faisalabad,punjab,23422,53,9,2.6349,0,0,0,submitted,0
3408,damage,home,islamabad,islamabad,62054,44,5,3.0971,0,6,2,in_review,0
3409,auto,home,islamabad,islamabad,18358,58,29,0.7467,0,3,0,in_review,0
3410,other,others,lahore,punjab,491040,53,22,31.2406,0,1,0,approved,0
3411,damage,pet,rawalpindi,punjab,126738,45,24,10.4191,0,0,1,in_review,0
3412,home,home,multan,punjab,46656,58,25,5.3309,0,6,1,rejected,1
3413,accident,pet,gujranwala,punjab,47397,61,36,10.3964,0,1,0,approved,1
3414,auto,auto,abbottabad,kpk,109448,53,17,5.9302,0,0,0,approved,0
3415,accident,others,gujranwala,punjab,21492,64,31,4.4396,0,5,0,rejected,1
3416,pet_care,pet,sialkot,punjab,20534,64,40,12.2372,2,4,0,in_review,1
3417,pet_care,auto,lahore,punjab,36792,64,38,7.8281,0,1,0,submitted,1
3418,theft,others,sukkur,sindh,401098,58,7,20.6305,1,1,0,in_review,0
3419,other,auto,karachi,sindh,34057,44,1,2.049,0,3,0,rejected,1
3420,pet,life,multan,punjab,54738,58,34,2.5705,1,2,0,approved,1
3421,pet,pet,faisalabad,punjab,82652,64,43,33.3543,0,3,0,in_review,1
3422,pet_care,auto,mardan,kpk,103592,58,43,4.1791,3,5,0,in_review,1
3423,home,life,lahore,punjab,251309,64,27,12.6623,0,1,3,submitted,0
3424,pet_care,auto,quetta,balochistan,74146,61,13,4.5727,1,1,2,approved,0
3425,damage,life,sialkot,punjab,46785,61,45,13.9366,1,4,0,rejected,1
3426,life,life,faisalabad,punjab,11053,56,10,0.6273,0,2,0,rejected,1
3427,theft,auto,gujranwala,punjab,33034,64,11,7.2491,2,4,0,approved,0
3428,pet_care,home,faisalabad,punjab,47636,44,35,3.3485,1,5,0,rejected,1
3429,medical,others,mardan,kpk,243038,56,1,16.4137,2,5,0,in_review,0
3430,theft,auto,quetta,balochistan,22928,58,26,6.5602,0,3,0,in_review,0
3431,home,home,sukkur,sindh,80295,53,19,7.9753,1,7,3,rejected,1
3432,accident,others,peshawar,kpk,37260,64,9,5.2545,1,7,1,in_review,0
3433,damage,life,abbottabad,kpk,17407,61,43,1.4004,0,4,0,approved,1
3434,other,others,lahore,punjab,293285,64,2,22.679,0,3,0,approved,0
3435,pet,auto,quetta,balochistan,25261,58,27,7.799,0,3,0,approved,0
3436,theft,home,sialkot,punjab,41184,58,22,21.4948,0,6,0,in_review,1
3437,auto,others,faisalabad,punjab,17755,58,27,1.5256,0,5,0,approved,0
3438,home,life,karachi,sindh,30644,56,29,1.7283,1,2,1,rejected,1
3439,life,auto,rawalpindi,punjab,140505,53,2,13.8211,1,6,0,approved,0
3440,auto,life,abbottabad,kpk,88537,53,43,17.4354,0,0,2,submitted,1
3441,medical,auto,peshawar,kpk,22994,45,35,1.2695,1,6,0,in_review,1
3442,theft,others,faisalabad,punjab,62169,56,17,3.673,2,5,1,submitted,0
3443,medical,pet,multan,punjab,17385,45,45,0.915,2,7,0,submitted,1
3444,theft,life,hyderabad,sindh,32417,58,34,2.314,2,8,0,in_review,1
3445,pet_care,life,sialkot,punjab,103249,45,12,6.8008,1,7,0,in_review,0
3446,auto,pet,multan,punjab,45058,44,34,2.6486,0,1,0,in_review,1
3447,home,pet,sukkur,sindh,8082,64,0,1.6464,2,8,2,approved,0
3448,other,home,quetta,balochistan,16341,56,25,0.6957,1,7,0,approved,0
3449,pet_care,pet,lahore,punjab,27499,53,27,1.4203,0,4,0,approved,0
3450,medical,pet,rawalpindi,punjab,43173,44,0,6.6718,0,5,0,rejected,1
3451,theft,home,karachi,sindh,35576,58,11,3.2702,0,5,3,approved,0
3452,medical,pet,abbottabad,kpk,74193,45,31,12.7743,1,3,0,rejected,1
3453,damage,life,mardan,kpk,38400,45,11,2.1321,0,3,0,approved,0
3454,medical,others,gujranwala,punjab,122250,58,33,31.4996,0,1,0,in_review,1
3455,accident,pet,rawalpindi,punjab,38219,64,21,2.5388,0,0,0,approved,0
3456,pet,auto,hyderabad,sindh,60982,64,34,2.8398,2,6,0,approved,1
3457,damage,auto,quetta,balochistan,57953,61,17,3.5815,1,2,0,rejected,1
3458,auto,others,sukkur,sindh,14827,44,40,2.3276,2,5,0,approved,1
3459,damage,auto,lahore,punjab,24743,44,4,1.0193,0,0,3,in_review,0
3460,theft,auto,sukkur,sindh,18552,64,10,12.1414,4,5,1,rejected,1
3461,life,life,sukkur,sindh,29996,61,28,2.4379,1,4,2,rejected,1
3462,life,pet,lahore,punjab,21247,64,39,0.8654,1,6,0,approved,1
3463,life,life,faisalabad,punjab,26954,53,41,1.1059,3,6,0,rejected,1
3464,life,life,karachi,sindh,129655,53,22,30.1173,0,3,0,submitted,0
3465,home,others,rawalpindi,punjab,36806,53,34,1.5308,0,2,0,rejected,1
3466,other,pet,lahore,punjab,16676,56,0,1.5524,0,6,0,approved,0
3467,life,others,rawalpindi,punjab,97038,45,25,4.4625,1,2,0,submitted,0
3468,damage,others,gujranwala,punjab,5000,44,1,3.1586,0,2,0,rejected,1
3469,pet,home,sukkur,sindh,5023,61,0,0.364,1,1,0,submitted,0
3470,accident,pet,islamabad,islamabad,5000,45,43,0.2783,0,4,0,rejected,1
3471,home,others,gujranwala,punjab,28926,64,25,3.8822,0,2,0,in_review,0
3472,medical,auto,sukkur,sindh,79003,64,0,20.6059,0,6,2,in_review,0
3473,pet,life,faisalabad,punjab,40631,61,1,12.8417,3,9,0,approved,1
3474,medical,home,hyderabad,sindh,17268,44,10,1.2422,0,2,0,submitted,0
3475,theft,others,faisalabad,punjab,5765,58,24,0.5188,0,2,1,in_review,0
3476,accident,pet,sukkur,sindh,29672,56,15,3.8321,2,4,0,submitted,0
3477,auto,home,sukkur,sindh,62692,64,29,2.551,0,0,0,in_review,0
3478,medical,pet,multan,punjab,38375,56,6,3.3312,2,5,0,rejected,1
3479,other,home,islamabad,islamabad,5000,53,38,0.725,2,6,0,in_review,1
3480,theft,auto,faisalabad,punjab,5000,64,20,0.6277,2,6,0,approved,0
3481,life,auto,sialkot,punjab,11218,58,35,0.7662,0,1,0,rejected,1
3482,home,pet,islamabad,islamabad,135270,64,4,7.209,0,6,0,approved,0
3483,life,pet,hyderabad,sindh,142711,53,41,10.2375,1,6,2,in_review,1
3484,auto,pet,multan,punjab,11819,64,20,0.7022,1,5,3,rejected,0
3485,other,life,sialkot,punjab,42474,44,44,4.185,2,3,0,rejected,1
3486,other,pet,karachi,sindh,24623,61,43,1.2175,0,2,1,submitted,1
3487,other,others,karachi,sindh,119820,61,30,5.6404,0,0,3,in_review,0
3488,medical,life,peshawar,kpk,25590,44,18,9.3055,0,2,0,approved,0
3489,home,life,gujranwala,punjab,71153,45,26,5.5771,0,2,0,rejected,1
3490,pet_care,home,hyderabad,sindh,23197,61,16,1.9482,1,2,0,rejected,1
3491,accident,auto,sialkot,punjab,39701,45,44,2.6358,1,1,0,in_review,1
3492,life,pet,lahore,punjab,28426,53,36,1.683,2,6,0,in_review,1
3493,life,others,hyderabad,sindh,230662,53,25,9.5465,0,3,1,approved,0
3494,damage,pet,karachi,sindh,412825,45,26,25.954,0,1,1,submitted,0
3495,pet,home,multan,punjab,61770,61,43,33.5889,0,4,0,submitted,1
3496,pet_care,others,hyderabad,sindh,12641,44,25,0.7742,0,6,0,in_review,0
3497,home,life,faisalabad,punjab,11745,64,10,2.017,2,7,0,approved,0
3498,pet,others,multan,punjab,50067,64,1,5.086,0,3,0,in_review,0
3499,auto,others,karachi,sindh,31870,56,5,1.4631,2,3,0,in_review,0
3500,pet_care,home,gujranwala,punjab,15367,56,44,2.7819,0,4,0,approved,1
3501,damage,pet,hyderabad,sindh,57929,53,15,2.8681,0,2,0,in_review,0
3502,accident,home,sukkur,sindh,20883,61,25,2.0328,0,6,1,rejected,1
3503,home,home,mardan,kpk,14178,58,40,0.9402,2,7,0,submitted,1
3504,damage,auto,gujranwala,punjab,123287,44,23,5.5305,0,0,0,approved,0
3505,pet,life,mardan,kpk,33384,44,16,2.2287,1,1,1,rejected,1
3506,pet,others,faisalabad,punjab,181062,64,13,15.9779,2,7,0,rejected,1
3507,auto,auto,islamabad,islamabad,56974,64,41,3.0045,0,4,0,rejected,1
3508,pet,life,mardan,kpk,6808,58,2,0.4152,1,5,0,in_review,1
3509,pet,auto,abbottabad,kpk,12609,44,20,1.2568,0,2,0,approved,0
3510,accident,pet,faisalabad,punjab,87635,58,22,18.9031,0,3,0,rejected,1
3511,medical,home,sialkot,punjab,21855,44,38,1.1481,0,6,1,approved,1
3512,pet_care,home,lahore,punjab,57099,64,36,2.765,3,3,2,submitted,1
3513,home,auto,peshawar,kpk,73804,53,17,30.971,3,8,0,submitted,1
3514,home,life,quetta,balochistan,26570,56,24,1.0743,2,4,0,in_review,0
3515,home,pet,sukkur,sindh,20914,44,37,0.8658,0,0,0,in_review,0
3516,pet,others,sukkur,sindh,88645,56,33,6.7756,1,5,2,approved,1
3517,other,life,hyderabad,sindh,284188,58,15,38.3986,0,0,0,approved,0
3518,pet,pet,islamabad,islamabad,59405,44,43,4.4528,0,6,0,approved,1
3519,pet_care,life,islamabad,islamabad,16692,58,24,1.0948,0,1,2,submitted,0
3520,pet,others,hyderabad,sindh,43370,64,3,3.2888,1,1,0,rejected,0
3521,auto,others,lahore,punjab,10607,44,16,0.6366,0,3,0,rejected,0
3522,pet_care,life,islamabad,islamabad,8608,45,40,0.8348,1,1,2,approved,1
3523,damage,home,quetta,balochistan,78936,45,11,9.9704,1,5,1,in_review,0
3524,auto,home,abbottabad,kpk,28966,45,30,2.0178,4,7,0,rejected,1
3525,life,life,karachi,sindh,5519,53,1,0.4084,0,5,2,rejected,0
3526,accident,home,mardan,kpk,22621,64,10,1.598,0,3,0,submitted,0
3527,pet_care,auto,lahore,punjab,13945,53,9,0.7145,0,3,0,rejected,1
3528,pet_care,pet,islamabad,islamabad,151085,61,2,15.4784,0,3,0,submitted,0
3529,medical,pet,hyderabad,sindh,41276,44,4,2.194,0,0,0,submitted,0
3530,other,home,sukkur,sindh,13518,64,34,0.584,1,6,0,approved,1
3531,auto,life,hyderabad,sindh,98658,64,21,4.4052,0,2,0,approved,0
3532,medical,pet,abbottabad,kpk,84280,44,37,5.0737,1,5,3,approved,1
3533,other,others,peshawar,kpk,35017,61,45,1.5912,0,1,1,approved,1
3534,medical,auto,gujranwala,punjab,38974,64,29,4.6139,0,1,0,submitted,0
3535,pet_care,pet,sialkot,punjab,312331,44,27,38.4218,1,1,2,rejected,1
3536,home,home,faisalabad,punjab,68591,53,40,4.0498,0,6,1,rejected,1
3537,damage,pet,multan,punjab,802507,64,40,33.5062,0,5,0,submitted,1
3538,theft,home,rawalpindi,punjab,36486,53,44,2.6955,0,2,0,submitted,1
3539,damage,home,faisalabad,punjab,27332,45,33,4.6523,0,4,2,submitted,1
3540,auto,auto,sialkot,punjab,31001,58,41,5.4226,0,0,0,approved,1
3541,pet,pet,sukkur,sindh,30402,45,19,1.3436,0,1,0,in_review,0
3542,other,life,multan,punjab,5000,56,21,0.2239,0,3,2,submitted,0
3543,medical,others,sialkot,punjab,6388,53,2,1.4528,1,6,0,submitted,0
3544,accident,home,gujranwala,punjab,19105,58,3,0.8074,1,7,0,approved,0
3545,auto,auto,rawalpindi,punjab,13564,56,31,1.5368,0,4,0,approved,1
3546,other,life,abbottabad,kpk,47029,44,32,1.9647,0,1,2,approved,1
3547,pet,others,faisalabad,punjab,127034,64,25,10.573,1,7,2,approved,0
3548,other,others,lahore,punjab,16215,53,26,1.2461,0,4,0,submitted,0
3549,medical,life,hyderabad,sindh,12573,61,6,2.0117,0,1,0,submitted,0
3550,medical,home,peshawar,kpk,22632,53,38,1.5252,0,4,0,in_review,1
3551,accident,others,mardan,kpk,5636,64,35,0.2514,1,3,0,rejected,1
3552,life,pet,multan,punjab,27518,58,42,3.1217,0,3,0,approved,1
3553,theft,others,hyderabad,sindh,24231,44,8,2.4809,0,4,0,in_review,0
3554,theft,pet,peshawar,kpk,12537,45,29,1.7099,0,5,0,in_review,0
3555,life,home,mardan,kpk,27064,64,45,1.2292,0,3,0,submitted,1
3556,theft,auto,sukkur,sindh,22684,64,27,0.9719,0,6,0,in_review,0
3557,pet,auto,abbottabad,kpk,100438,45,18,17.6859,0,0,0,in_review,0
3558,pet_care,home,hyderabad,sindh,58545,45,26,3.8041,2,2,0,approved,1
3559,theft,life,abbottabad,kpk,133623,45,42,8.0235,1,7,0,rejected,1
3560,home,others,gujranwala,punjab,87941,45,0,8.195,0,3,0,submitted,0
3561,theft,life,karachi,sindh,36476,64,38,1.6064,2,2,0,in_review,1
3562,other,life,lahore,punjab,96645,56,10,5.1569,1,1,1,in_review,0
3563,other,others,quetta,balochistan,12444,56,2,0.8734,1,2,0,in_review,0
3564,auto,life,sukkur,sindh,165091,53,10,10.1084,1,4,0,rejected,1
3565,accident,home,sukkur,sindh,23002,45,42,13.0175,2,8,0,approved,0
3566,medical,home,lahore,punjab,122290,61,9,9.8748,2,7,0,rejected,1
3567,damage,home,quetta,balochistan,106023,56,10,13.6875,0,5,0,submitted,0
3568,auto,auto,faisalabad,punjab,21013,45,44,1.5563,4,8,0,approved,1
3569,damage,pet,mardan,kpk,45328,44,44,7.6918,2,3,0,submitted,1
3570,pet,auto,gujranwala,punjab,11981,58,40,0.5808,1,3,0,in_review,1
3571,accident,others,rawalpindi,punjab,104917,64,33,11.6239,0,1,2,rejected,1
3572,medical,others,islamabad,islamabad,12095,64,42,0.5637,0,4,0,rejected,0
3573,damage,others,karachi,sindh,15535,64,42,3.5902,4,9,1,in_review,0
3574,life,others,sialkot,punjab,73424,58,11,3.3296,1,5,0,approved,0
3575,pet_care,others,faisalabad,punjab,46675,58,7,12.1962,1,5,0,in_review,0
3576,life,life,peshawar,kpk,97064,61,35,9.7689,0,4,1,submitted,1
3577,accident,home,sukkur,sindh,53535,45,1,2.3903,1,4,0,rejected,1
3578,home,pet,sialkot,punjab,15163,64,44,0.6327,2,5,0,in_review,1
3579,other,home,lahore,punjab,17765,56,7,3.6218,1,4,1,in_review,0
3580,pet_care,others,abbottabad,kpk,19122,64,2,0.8001,0,2,0,approved,0
3581,life,auto,gujranwala,punjab,19547,64,39,0.8059,2,5,0,rejected,1
3582,pet,pet,hyderabad,sindh,33340,53,3,3.0409,0,1,0,approved,0
3583,theft,home,lahore,punjab,60221,58,17,2.4122,0,6,0,approved,0
3584,damage,home,abbottabad,kpk,98153,58,22,14.9966,0,6,1,rejected,1
3585,life,pet,sialkot,punjab,25939,64,8,1.5989,0,4,0,submitted,0
3586,home,home,mardan,kpk,63106,58,32,4.0806,0,5,0,submitted,1
3587,accident,home,lahore,punjab,26179,44,41,3.6064,0,1,0,submitted,1
3588,home,auto,peshawar,kpk,19812,45,18,1.9424,1,3,0,in_review,0
3589,auto,auto,quetta,balochistan,34630,45,21,4.3747,2,6,0,submitted,0
3590,medical,others,abbottabad,kpk,86077,64,39,5.398,0,2,0,approved,1
3591,medical,auto,gujranwala,punjab,57794,45,29,14.4197,0,0,1,submitted,0
3592,life,life,islamabad,islamabad,12117,64,34,1.5444,2,6,0,rejected,1
3593,pet_care,auto,abbottabad,kpk,42429,53,16,2.8063,3,5,1,submitted,1
3594,pet,others,peshawar,kpk,64289,45,25,7.6046,1,5,0,submitted,0
3595,home,others,abbottabad,kpk,39164,61,39,11.7716,1,2,1,submitted,1
3596,accident,home,islamabad,islamabad,5896,64,19,0.4902,0,5,3,in_review,0
3597,other,life,sukkur,sindh,30514,45,36,1.9099,1,4,0,rejected,0
3598,pet,auto,hyderabad,sindh,10325,53,44,1.2334,0,2,0,rejected,1
3599,pet_care,life,peshawar,kpk,19650,64,23,0.7864,3,4,0,in_review,1
3600,theft,home,quetta,balochistan,28712,45,21,2.0425,2,4,0,submitted,0
3601,life,home,rawalpindi,punjab,15814,56,2,1.9206,0,0,0,submitted,1
3602,life,pet,multan,punjab,23370,61,43,2.0823,0,5,3,submitted,1
3603,medical,auto,mardan,kpk,30640,56,25,2.2673,1,5,0,submitted,1
3604,damage,life,rawalpindi,punjab,16684,44,5,3.6262,1,6,0,in_review,0
3605,theft,pet,rawalpindi,punjab,17090,64,32,0.75,0,5,1,in_review,1
3606,damage,pet,lahore,punjab,72410,64,15,3.2532,0,3,0,rejected,1
3607,home,life,quetta,balochistan,11151,45,4,1.2028,4,8,0,in_review,1
3608,pet,others,rawalpindi,punjab,20425,44,12,1.2009,0,3,0,in_review,0
3609,medical,auto,sialkot,punjab,116030,64,32,8.5999,1,1,0,rejected,1
3610,medical,others,peshawar,kpk,8157,64,37,0.5138,0,2,1,submitted,1
3611,medical,auto,sukkur,sindh,5000,61,8,3.1095,1,1,0,in_review,1
3612,pet_care,pet,sialkot,punjab,10168,64,25,4.3103,1,5,0,approved,0
3613,home,others,karachi,sindh,35484,56,45,1.7013,0,1,0,approved,1
3614,accident,home,karachi,sindh,72374,61,2,7.7538,2,5,1,approved,0
3615,medical,pet,quetta,balochistan,27769,45,42,2.9432,2,7,0,approved,1
3616,damage,others,karachi,sindh,18746,61,10,3.7011,1,7,0,approved,0
3617,damage,life,sialkot,punjab,16983,56,38,1.5079,0,1,0,rejected,1
3618,accident,home,lahore,punjab,15297,56,38,3.2812,0,5,0,rejected,1
3619,other,pet,peshawar,kpk,55897,56,14,12.0442,1,4,0,submitted,0
3620,damage,others,gujranwala,punjab,38204,61,31,1.5711,0,6,0,submitted,1
3621,home,auto,karachi,sindh,9508,64,2,2.526,0,1,0,rejected,1
3622,medical,home,mardan,kpk,17324,61,10,1.3908,0,5,2,rejected,1
3623,other,auto,gujranwala,punjab,155061,58,36,12.8938,1,7,0,rejected,1
3624,medical,others,rawalpindi,punjab,24135,56,10,6.7079,0,1,2,rejected,1
3625,theft,auto,sukkur,sindh,19994,64,21,1.6438,0,3,0,in_review,0
3626,accident,home,gujranwala,punjab,13983,56,10,1.2367,1,2,0,in_review,0
3627,accident,others,abbottabad,kpk,46381,64,14,2.049,0,3,2,rejected,1
3628,life,life,faisalabad,punjab,56096,53,14,4.2995,1,4,0,in_review,0
3629,theft,others,lahore,punjab,48688,58,35,3.8482,0,2,0,rejected,1
3630,life,auto,multan,punjab,116586,64,0,15.6282,0,4,0,approved,0
3631,other,life,sukkur,sindh,26860,64,29,2.3846,0,4,0,rejected,1
3632,auto,life,lahore,punjab,51239,56,8,2.5986,0,6,2,approved,0
3633,home,auto,abbottabad,kpk,13089,44,42,0.548,2,2,1,approved,1
3634,home,life,mardan,kpk,17788,56,4,1.1898,0,3,0,approved,0
3635,other,life,lahore,punjab,42251,53,2,3.5934,0,6,0,in_review,0
3636,home,auto,mardan,kpk,12304,56,14,1.8623,4,9,0,rejected,1
3637,accident,auto,hyderabad,sindh,5000,44,45,1.3048,0,0,0,approved,1
3638,auto,others,multan,punjab,191632,53,23,8.3987,1,1,1,rejected,1
3639,home,auto,mardan,kpk,19471,58,28,1.3275,0,3,0,submitted,0
3640,damage,others,karachi,sindh,87407,64,29,3.9635,0,0,1,approved,0
3641,theft,auto,gujranwala,punjab,37682,44,25,3.425,3,3,0,submitted,1
3642,other,home,lahore,punjab,24231,64,3,2.2737,0,5,0,approved,0
3643,pet_care,others,rawalpindi,punjab,15697,61,1,6.2588,0,2,0,approved,1
3644,accident,life,abbottabad,kpk,38044,61,2,4.5941,0,6,0,in_review,0
3645,pet_care,home,gujranwala,punjab,26556,58,8,1.4264,0,5,0,in_review,0
3646,pet,pet,faisalabad,punjab,5832,44,6,1.1827,0,2,0,in_review,0
3647,auto,home,abbottabad,kpk,10385,56,31,0.6777,3,5,0,approved,1
3648,life,home,rawalpindi,punjab,80353,64,19,12.8134,2,7,0,approved,0
3649,auto,home,mardan,kpk,27689,53,20,1.2892,2,5,0,approved,0
3650,other,others,peshawar,kpk,42423,44,45,4.5695,1,1,1,approved,1
3651,other,pet,mardan,kpk,182508,56,41,35.6183,0,3,1,in_review,1
3652,home,others,islamabad,islamabad,93817,53,16,9.4602,0,2,1,rejected,1
3653,pet_care,auto,hyderabad,sindh,43181,61,40,4.566,2,4,0,approved,0
3654,theft,auto,peshawar,kpk,117835,56,29,5.2397,2,3,0,submitted,0
3655,life,others,sukkur,sindh,57690,45,32,6.3029,0,0,0,rejected,1
3656,accident,others,peshawar,kpk,45437,53,44,5.1574,0,6,0,in_review,1
3657,damage,home,sukkur,sindh,129594,45,24,17.4962,2,5,0,approved,0
3658,damage,others,quetta,balochistan,111729,61,24,9.1867,0,5,0,submitted,0
3659,auto,home,faisalabad,punjab,49374,58,42,22.9433,0,3,0,submitted,0
3660,pet,pet,multan,punjab,12801,64,41,1.5469,0,3,1,submitted,1
3661,home,life,lahore,punjab,68851,64,21,3.674,1,1,0,approved,0
3662,other,auto,sialkot,punjab,74860,64,32,24.3764,0,2,2,in_review,1
3663,theft,others,peshawar,kpk,19280,64,25,1.7633,0,5,0,approved,0
3664,theft,others,faisalabad,punjab,37363,53,19,1.6864,0,4,0,approved,0
3665,theft,pet,hyderabad,sindh,331337,45,5,31.129,1,4,0,in_review,1
3666,accident,life,multan,punjab,5302,64,6,0.2999,2,4,0,rejected,1
3667,other,life,lahore,punjab,50779,64,25,2.0338,2,6,0,submitted,0
3668,pet,pet,hyderabad,sindh,111127,53,23,8.3567,1,3,2,in_review,0
3669,life,life,multan,punjab,137451,45,33,6.5112,0,3,0,approved,1
3670,pet,home,islamabad,islamabad,16478,64,9,10.5022,0,6,0,approved,0
3671,auto,home,peshawar,kpk,55149,58,22,2.302,1,5,1,in_review,0
3672,auto,pet,faisalabad,punjab,21955,64,38,1.1015,0,6,0,submitted,1
3673,auto,auto,rawalpindi,punjab,13936,56,28,0.5784,0,0,0,approved,0
3674,auto,home,mardan,kpk,38230,64,26,5.1662,1,5,0,approved,0
3675,other,life,karachi,sindh,36989,53,16,1.924,2,7,0,in_review,0
3676,other,home,sukkur,sindh,12218,58,35,4.2175,0,6,0,in_review,1
3677,medical,pet,multan,punjab,118469,64,39,8.5371,0,3,0,submitted,1
3678,life,pet,quetta,balochistan,48519,64,36,5.6549,0,2,2,rejected,1
3679,pet,life,rawalpindi,punjab,11540,45,42,1.4177,0,6,3,rejected,1
3680,auto,pet,karachi,sindh,31121,61,24,18.8841,2,6,2,submitted,0
3681,damage,life,rawalpindi,punjab,84044,53,8,6.1761,1,3,0,approved,0
3682,pet_care,life,abbottabad,kpk,43954,53,33,3.5068,1,4,3,submitted,1
3683,accident,others,faisalabad,punjab,18443,56,2,1.856,1,4,1,rejected,1
3684,pet,auto,islamabad,islamabad,18390,61,31,4.5815,3,3,0,rejected,1
3685,medical,life,quetta,balochistan,6740,44,9,0.5643,0,6,0,rejected,1
3686,life,others,sukkur,sindh,20048,44,45,3.9778,0,2,0,in_review,1
3687,damage,home,islamabad,islamabad,84274,64,3,10.4649,0,3,0,in_review,0
3688,accident,life,multan,punjab,27855,61,40,2.3325,1,6,0,submitted,1
3689,auto,home,gujranwala,punjab,144334,64,5,19.4442,1,1,1,rejected,1
3690,home,pet,karachi,sindh,14356,56,44,0.5806,3,5,0,submitted,1
3691,home,home,hyderabad,sindh,14069,58,23,0.749,0,0,1,approved,0
3692,auto,home,faisalabad,punjab,111210,61,38,6.3041,0,5,0,rejected,1
3693,pet,auto,islamabad,islamabad,18829,56,27,0.7952,0,1,0,submitted,0
3694,auto,life,gujranwala,punjab,16245,45,30,10.8012,0,0,2,submitted,0
3695,accident,auto,sukkur,sindh,76716,61,22,3.377,3,4,0,submitted,1
3696,auto,auto,hyderabad,sindh,67040,64,16,4.9229,0,2,0,rejected,1
3697,home,others,sialkot,punjab,11120,56,40,0.9049,0,0,1,in_review,1
3698,home,life,gujranwala,punjab,87494,53,45,4.9387,1,7,1,approved,0
3699,pet,pet,karachi,sindh,72450,64,28,3.0,0,1,0,in_review,0
3700,damage,others,hyderabad,sindh,83997,53,44,23.6146,0,5,1,rejected,0
3701,other,others,mardan,kpk,30195,64,35,1.3015,0,6,1,in_review,0
3702,other,life,islamabad,islamabad,65187,61,27,3.4217,1,6,0,approved,0
3703,life,pet,multan,punjab,14461,45,29,1.4677,0,3,0,rejected,1
3704,pet,home,sialkot,punjab,5000,61,13,0.3373,3,9,0,submitted,1
3705,pet_care,home,mardan,kpk,71845,61,25,3.1981,0,6,1,submitted,0
3706,auto,others,mardan,kpk,39457,58,27,2.0364,2,5,0,approved,0
3707,damage,life,hyderabad,sindh,11598,61,41,0.5753,0,5,0,submitted,1
3708,theft,life,sukkur,sindh,44465,64,9,1.9076,0,2,0,rejected,1
3709,damage,others,sukkur,sindh,47207,53,4,14.2749,1,2,0,in_review,0
3710,pet_care,pet,islamabad,islamabad,108592,56,20,23.3984,2,2,0,in_review,0
3711,theft,others,lahore,punjab,87717,61,30,5.3893,4,8,0,approved,1
3712,auto,life,sialkot,punjab,40233,56,18,4.2404,0,0,1,in_review,0
3713,damage,home,lahore,punjab,63405,45,38,13.2536,0,4,0,in_review,1
3714,life,pet,lahore,punjab,9452,56,42,1.0367,0,1,0,approved,1
3715,medical,life,gujranwala,punjab,5000,61,12,0.3662,2,6,0,rejected,1
3716,auto,auto,karachi,sindh,78914,44,42,3.5496,1,5,0,approved,0
3717,auto,auto,quetta,balochistan,91735,64,40,15.7242,0,5,1,in_review,1
3718,other,life,rawalpindi,punjab,44232,45,4,2.0398,1,2,0,in_review,0
3719,home,home,karachi,sindh,63022,64,10,2.9688,1,6,0,submitted,0
3720,theft,home,rawalpindi,punjab,21647,53,37,10.2787,1,7,3,approved,1
3721,accident,life,peshawar,kpk,137715,45,27,10.636,0,6,0,submitted,0
3722,medical,home,gujranwala,punjab,91870,64,26,36.6162,0,5,1,approved,0
3723,pet_care,auto,multan,punjab,23125,45,6,1.5274,2,4,0,in_review,0
3724,other,auto,peshawar,kpk,77572,61,6,18.5269,2,6,1,approved,0
3725,theft,auto,karachi,sindh,14187,64,8,1.2788,2,8,0,in_review,0
3726,medical,pet,lahore,punjab,132954,64,33,6.5891,0,0,0,rejected,1
3727,auto,home,peshawar,kpk,15990,53,23,1.1328,1,5,0,rejected,0
3728,other,pet,lahore,punjab,26957,64,40,5.069,0,1,1,in_review,1
3729,damage,life,abbottabad,kpk,60499,64,41,3.0449,2,4,3,submitted,0
3730,auto,life,sukkur,sindh,24181,61,6,0.9882,1,2,0,in_review,1
3731,home,pet,quetta,balochistan,97235,53,5,4.1329,0,4,0,approved,0
3732,other,home,mardan,kpk,81581,64,28,5.6302,1,6,3,rejected,0
3733,pet,life,abbottabad,kpk,86772,64,45,4.8142,0,1,0,rejected,1
3734,accident,others,abbottabad,kpk,1495846,64,20,64.6517,0,6,0,approved,0
3735,accident,auto,hyderabad,sindh,22147,64,3,1.3067,3,9,0,in_review,1
3736,medical,home,hyderabad,sindh,66258,53,4,6.7908,0,0,1,in_review,0
3737,theft,life,lahore,punjab,51516,64,2,4.3052,0,2,0,in_review,0
3738,theft,auto,abbottabad,kpk,60927,64,6,7.8102,2,6,0,in_review,0
3739,home,auto,mardan,kpk,27947,61,23,1.3802,0,2,0,rejected,1
3740,other,others,hyderabad,sindh,60555,64,7,17.2718,0,2,0,submitted,0
3741,theft,life,sukkur,sindh,5000,61,2,0.5451,1,7,0,submitted,0
3742,damage,home,karachi,sindh,49122,64,40,3.2683,0,0,0,rejected,1
3743,accident,home,karachi,sindh,44310,61,23,2.7017,1,2,0,rejected,1
3744,pet_care,home,gujranwala,punjab,22241,56,10,2.3681,2,2,1,in_review,0
3745,accident,life,multan,punjab,245992,64,36,13.4488,0,4,0,in_review,1
3746,theft,pet,sukkur,sindh,28645,58,28,3.1537,0,0,1,submitted,0
3747,pet_care,home,lahore,punjab,168091,58,22,12.2587,2,6,0,approved,0
3748,home,home,sukkur,sindh,60431,56,23,5.1549,1,3,0,in_review,0
3749,theft,pet,multan,punjab,39853,58,33,6.9905,3,8,0,approved,1
3750,accident,auto,peshawar,kpk,54701,61,11,13.7027,0,0,0,rejected,1
3751,damage,home,gujranwala,punjab,22063,53,7,1.0036,0,2,2,submitted,0
3752,home,auto,lahore,punjab,72560,45,0,8.3739,0,0,0,in_review,0
3753,damage,home,gujranwala,punjab,32740,64,43,3.3973,3,5,0,rejected,1
3754,life,pet,lahore,punjab,20702,58,39,0.8944,1,6,3,submitted,1
3755,home,pet,abbottabad,kpk,23191,45,4,1.1103,0,0,1,submitted,0
3756,other,others,karachi,sindh,14362,53,25,0.8811,0,3,0,approved,0
3757,theft,others,islamabad,islamabad,36262,56,22,3.3694,0,0,0,submitted,0
3758,accident,life,rawalpindi,punjab,110958,53,36,19.422,0,5,2,rejected,1
3759,theft,life,multan,punjab,123237,58,25,14.5791,0,2,2,submitted,0
3760,accident,pet,faisalabad,punjab,50934,64,45,9.8518,2,8,0,in_review,1
3761,life,auto,multan,punjab,6807,61,33,0.3304,0,3,0,rejected,1
3762,damage,life,sialkot,punjab,682628,61,45,37.5194,1,7,0,approved,1
3763,life,others,hyderabad,sindh,116986,64,1,9.104,1,4,0,approved,0
3764,life,others,gujranwala,punjab,26537,58,9,1.1947,2,8,0,in_review,0
3765,pet_care,auto,hyderabad,sindh,84690,64,27,3.9567,0,4,1,submitted,0
3766,pet,others,faisalabad,punjab,35305,44,14,2.379,2,5,0,submitted,0
3767,pet,life,sialkot,punjab,53662,45,40,2.1951,1,7,1,approved,1
3768,life,life,islamabad,islamabad,17252,44,21,1.5922,1,7,0,in_review,0
3769,other,pet,abbottabad,kpk,86388,58,3,34.8479,2,7,0,in_review,0
3770,home,life,multan,punjab,5000,45,16,2.1026,0,1,3,rejected,1
3771,damage,others,abbottabad,kpk,24372,44,8,1.2397,0,2,0,rejected,1
3772,theft,pet,hyderabad,sindh,50133,56,20,4.5742,3,6,0,rejected,1
3773,pet_care,auto,hyderabad,sindh,5000,64,9,0.4316,0,0,0,approved,0
3774,other,pet,lahore,punjab,16458,64,45,0.9978,3,8,0,in_review,1
3775,auto,home,peshawar,kpk,32936,64,10,2.1995,0,4,0,rejected,1
3776,other,life,karachi,sindh,20463,64,23,0.935,0,2,0,submitted,0
3777,theft,life,sukkur,sindh,11478,53,8,0.6193,0,4,2,approved,0
3778,accident,home,quetta,balochistan,12086,58,24,0.51,0,0,0,submitted,0
3779,damage,home,islamabad,islamabad,34216,58,24,2.5572,1,2,2,submitted,1
3780,pet,pet,sialkot,punjab,14946,44,13,1.6283,2,3,0,approved,0
3781,medical,home,quetta,balochistan,10003,56,10,0.4178,0,3,0,in_review,0
3782,other,auto,mardan,kpk,35271,61,34,2.4135,0,3,1,submitted,1
3783,pet,pet,multan,punjab,84018,45,7,4.6752,0,1,0,in_review,0
3784,other,auto,multan,punjab,18841,64,31,0.9993,0,2,1,approved,1
3785,medical,auto,gujranwala,punjab,44298,44,35,4.1669,0,2,1,rejected,1
3786,auto,life,sialkot,punjab,21002,53,15,0.9471,1,5,0,rejected,1
3787,pet_care,pet,faisalabad,punjab,71694,44,2,5.0732,0,3,0,rejected,1
3788,auto,life,gujranwala,punjab,62394,58,31,5.6084,2,3,0,submitted,1
3789,accident,life,lahore,punjab,10455,53,10,1.2694,3,9,0,in_review,1
3790,pet_care,life,quetta,balochistan,94295,45,5,6.4959,1,1,2,in_review,0
3791,medical,auto,islamabad,islamabad,61067,45,4,8.0362,0,3,0,approved,0
3792,other,auto,abbottabad,kpk,7191,56,8,0.439,0,6,0,in_review,0
3793,pet_care,home,sukkur,sindh,5511,45,24,0.3441,0,2,0,rejected,1
3794,pet_care,life,islamabad,islamabad,130860,61,15,7.0487,0,3,0,rejected,1
3795,pet_care,home,sukkur,sindh,224905,53,30,27.8107,0,5,0,rejected,1
3796,auto,others,karachi,sindh,45634,58,1,3.2514,1,4,0,approved,1
3797,damage,auto,hyderabad,sindh,17070,58,17,1.2694,2,6,0,approved,0
3798,medical,pet,quetta,balochistan,11586,58,13,2.6634,0,6,0,rejected,1
3799,damage,pet,mardan,kpk,36573,64,36,1.4899,0,3,1,rejected,1
3800,medical,pet,mardan,kpk,117531,44,9,5.7863,0,3,0,approved,0
3801,other,life,peshawar,kpk,31586,64,32,1.7587,1,5,1,approved,1
3802,pet,home,gujranwala,punjab,46674,58,11,21.8511,0,2,1,in_review,0
3803,damage,pet,sialkot,punjab,19737,56,14,0.9295,1,6,1,rejected,1
3804,damage,home,quetta,balochistan,10441,53,25,0.8823,1,2,0,submitted,0
3805,theft,home,mardan,kpk,15085,61,4,0.6476,0,3,0,in_review,0
3806,home,home,multan,punjab,45165,64,0,5.6245,2,4,1,submitted,0
3807,pet_care,pet,faisalabad,punjab,54988,45,45,2.3116,0,3,0,in_review,1
3808,auto,auto,karachi,sindh,301572,45,21,14.7001,3,6,2,submitted,1
3809,home,life,peshawar,kpk,182718,61,38,8.3923,4,7,0,submitted,0
3810,damage,auto,multan,punjab,21995,64,45,1.5831,1,7,0,submitted,1
3811,pet_care,auto,abbottabad,kpk,102776,61,6,10.5357,0,1,0,submitted,0
3812,pet_care,life,rawalpindi,punjab,49980,45,41,6.7232,2,8,0,submitted,1
3813,pet,home,abbottabad,kpk,149640,58,16,6.2708,0,3,0,approved,0
3814,other,life,sukkur,sindh,61372,53,32,6.6377,0,3,0,in_review,1
3815,home,home,multan,punjab,86233,44,43,7.238,4,4,0,approved,1
3816,theft,pet,multan,punjab,62487,45,40,7.9007,1,7,0,rejected,1
3817,pet,auto,sialkot,punjab,243951,56,44,21.3655,0,4,0,in_review,1
3818,pet,home,rawalpindi,punjab,100594,61,7,5.5018,1,6,3,approved,0
3819,damage,life,gujranwala,punjab,43546,64,19,2.0678,0,3,0,rejected,1
3820,pet,pet,faisalabad,punjab,23618,45,24,2.6814,0,3,1,in_review,0
3821,medical,pet,abbottabad,kpk,33725,53,44,15.686,0,0,0,in_review,1
3822,auto,others,quetta,balochistan,14462,44,33,1.0493,2,7,0,submitted,1
3823,other,pet,hyderabad,sindh,77015,61,35,12.5965,0,1,0,approved,1
3824,life,others,abbottabad,kpk,14366,61,35,0.8803,1,4,3,approved,1
3825,theft,others,islamabad,islamabad,50286,58,7,8.095,4,6,1,in_review,1
3826,theft,pet,faisalabad,punjab,72671,64,17,6.5088,0,6,0,submitted,0
3827,pet_care,life,hyderabad,sindh,138320,44,37,9.0988,0,1,0,approved,1
3828,auto,auto,karachi,sindh,57331,64,21,2.4199,0,6,0,rejected,1
3829,medical,auto,peshawar,kpk,43232,45,23,1.9827,2,5,2,submitted,0
3830,pet,life,sukkur,sindh,90938,56,9,6.3424,0,5,0,in_review,0
3831,auto,auto,karachi,sindh,13450,58,4,0.9101,2,8,0,rejected,1
3832,home,others,quetta,balochistan,27082,64,17,2.183,2,5,0,in_review,0
3833,damage,others,gujranwala,punjab,19622,58,3,1.0256,1,5,0,in_review,0
3834,other,auto,mardan,kpk,24412,45,19,1.1253,0,0,0,in_review,0
3835,accident,others,karachi,sindh,67522,64,9,4.0534,0,0,0,in_review,0
3836,life,pet,quetta,balochistan,19601,61,29,9.1337,0,6,1,rejected,0
3837,life,pet,peshawar,kpk,35623,64,41,1.6638,1,4,1,in_review,1
3838,theft,others,islamabad,islamabad,66194,45,26,6.1456,0,0,0,approved,0
3839,pet,auto,peshawar,kpk,9407,45,20,1.4551,1,2,0,approved,0
3840,home,home,faisalabad,punjab,24162,58,43,5.2882,0,4,0,in_review,1
3841,home,auto,multan,punjab,37059,44,1,2.1446,1,4,0,in_review,0
3842,pet,life,gujranwala,punjab,69749,53,13,11.6852,1,7,0,in_review,0
3843,auto,life,faisalabad,punjab,82109,53,18,4.0646,1,5,0,approved,0
3844,theft,pet,quetta,balochistan,19217,44,16,6.1871,2,2,0,rejected,1
3845,pet_care,home,hyderabad,sindh,29356,53,12,1.2296,0,5,0,approved,0
3846,life,home,sukkur,sindh,64178,56,34,9.9101,0,3,0,submitted,1
3847,other,auto,multan,punjab,38929,45,40,10.5327,1,6,1,approved,1
3848,accident,auto,islamabad,islamabad,156156,58,25,16.9403,2,8,0,in_review,0
3849,home,auto,quetta,balochistan,30860,45,4,2.3342,1,6,0,in_review,0
3850,life,auto,sukkur,sindh,52644,56,1,3.6809,0,5,0,rejected,0
3851,theft,pet,abbottabad,kpk,46966,64,0,3.6678,1,1,0,in_review,0
3852,damage,others,karachi,sindh,19837,45,36,0.9152,0,6,1,rejected,1
3853,pet,auto,hyderabad,sindh,105612,44,13,7.4998,0,0,1,in_review,0
3854,auto,others,peshawar,kpk,54864,64,35,2.6979,0,5,0,rejected,0
3855,accident,home,abbottabad,kpk,77440,44,19,3.1717,1,5,1,submitted,0
3856,accident,pet,gujranwala,punjab,13048,58,44,3.8776,0,1,0,rejected,1
3857,life,pet,sialkot,punjab,44364,53,16,2.0479,1,1,3,rejected,1
3858,pet_care,home,mardan,kpk,16096,45,32,5.0128,0,1,2,submitted,1
3859,home,pet,sialkot,punjab,29804,64,41,2.2572,0,4,0,rejected,1
3860,accident,auto,rawalpindi,punjab,13373,56,27,1.0339,0,1,0,submitted,0
3861,medical,auto,gujranwala,punjab,55310,56,35,4.115,1,3,3,in_review,1
3862,theft,others,rawalpindi,punjab,98395,64,38,4.665,1,6,0,in_review,0
3863,pet_care,pet,sialkot,punjab,73424,58,12,8.8282,1,6,3,rejected,1
3864,auto,life,quetta,balochistan,24473,58,19,1.3486,0,4,0,in_review,0
3865,life,home,sialkot,punjab,71498,61,3,13.3566,0,5,1,submitted,0
3866,home,home,faisalabad,punjab,150072,61,21,10.9088,0,0,0,rejected,1
3867,auto,others,hyderabad,sindh,8499,64,34,0.3912,1,3,0,submitted,1
3868,auto,auto,sukkur,sindh,36578,45,18,1.4886,0,6,0,approved,0
3869,damage,home,abbottabad,kpk,16418,56,7,0.7588,1,7,0,approved,0
3870,pet_care,life,mardan,kpk,11938,64,15,0.8512,3,3,2,in_review,1
3871,pet_care,others,islamabad,islamabad,48687,56,6,2.8736,1,3,0,rejected,1
3872,pet,life,multan,punjab,36352,45,36,1.6367,0,2,0,in_review,1
3873,other,life,rawalpindi,punjab,42065,64,43,7.1624,0,0,0,approved,0
3874,theft,pet,abbottabad,kpk,74838,45,4,6.5688,0,4,0,rejected,1
3875,accident,others,sukkur,sindh,12011,45,40,0.5588,1,4,2,in_review,0
3876,home,others,hyderabad,sindh,62259,44,43,4.6029,0,5,0,approved,0
3877,pet_care,auto,lahore,punjab,37031,56,5,1.5659,0,3,0,approved,0
3878,pet,pet,rawalpindi,punjab,14785,45,19,1.2189,0,0,0,rejected,1
3879,life,pet,lahore,punjab,121190,64,24,7.5696,4,9,0,submitted,1
3880,theft,auto,quetta,balochistan,65489,44,34,4.8651,1,5,0,in_review,1
3881,home,others,islamabad,islamabad,38949,64,29,2.8973,1,5,0,rejected,1
3882,auto,others,islamabad,islamabad,13880,44,36,0.6033,1,4,2,rejected,1
3883,theft,home,lahore,punjab,60230,56,4,8.53,0,4,1,in_review,0
3884,other,pet,peshawar,kpk,11286,44,13,2.216,1,2,0,submitted,0
3885,life,life,peshawar,kpk,54808,45,44,2.9992,0,4,1,submitted,1
3886,theft,others,sukkur,sindh,65765,45,45,14.9398,0,1,0,submitted,1
3887,damage,auto,multan,punjab,23540,58,5,5.1487,0,3,1,approved,0
3888,pet,pet,quetta,balochistan,30595,58,32,1.4421,1,5,0,approved,1
3889,damage,auto,mardan,kpk,22544,53,45,7.1455,2,2,0,approved,1
3890,pet_care,others,sialkot,punjab,53899,64,39,3.1536,0,6,1,rejected,1
3891,damage,auto,gujranwala,punjab,36042,53,34,7.6783,2,8,0,submitted,1
3892,pet_care,auto,gujranwala,punjab,12923,58,42,4.8877,1,3,1,approved,1
3893,medical,auto,sialkot,punjab,13301,56,10,0.7168,0,5,1,rejected,1
3894,life,others,karachi,sindh,27279,45,11,1.3903,0,3,0,approved,0
3895,accident,others,rawalpindi,punjab,71831,61,29,14.4675,0,5,0,in_review,0
3896,medical,pet,rawalpindi,punjab,8744,45,2,0.4298,0,2,0,submitted,0
3897,other,life,lahore,punjab,9903,44,33,0.4754,0,4,2,in_review,1
3898,other,life,mardan,kpk,31417,56,29,1.4991,1,7,0,submitted,0
3899,pet_care,auto,abbottabad,kpk,32011,44,14,6.3628,1,3,1,in_review,0
3900,pet_care,life,gujranwala,punjab,19622,44,31,1.7064,0,6,0,in_review,1
3901,damage,others,quetta,balochistan,47096,61,19,2.5823,0,0,2,rejected,1
3902,pet_care,auto,faisalabad,punjab,92653,53,4,5.4227,3,3,0,submitted,1
3903,other,pet,sialkot,punjab,40460,58,31,4.0299,0,1,1,submitted,1
3904,home,life,islamabad,islamabad,20172,64,20,3.1192,1,7,0,rejected,1
3905,theft,auto,gujranwala,punjab,17560,56,29,1.0294,0,2,2,submitted,0
3906,life,home,abbottabad,kpk,74565,58,15,23.287,3,4,0,in_review,1
3907,accident,others,sialkot,punjab,9570,64,23,0.5077,1,5,2,rejected,1
3908,medical,auto,faisalabad,punjab,80846,45,23,4.3042,1,5,0,approved,0
3909,theft,others,peshawar,kpk,20761,53,45,2.0047,0,6,0,submitted,1
3910,medical,others,mardan,kpk,88578,44,12,3.8526,0,2,0,submitted,0
3911,other,pet,rawalpindi,punjab,164547,56,13,7.4814,0,2,1,approved,0
3912,other,home,abbottabad,kpk,18385,56,14,1.1103,0,1,0,submitted,0
3913,damage,life,gujranwala,punjab,37277,58,1,2.1632,0,1,0,rejected,1
3914,other,others,peshawar,kpk,13392,56,7,0.856,0,1,3,in_review,0
3915,home,auto,lahore,punjab,23629,64,4,1.4825,0,4,0,approved,0
3916,other,pet,hyderabad,sindh,41432,64,25,2.2886,2,2,2,approved,1
3917,pet_care,life,lahore,punjab,33386,56,7,5.371,0,3,0,submitted,0
3918,accident,home,lahore,punjab,26930,64,34,3.1446,0,2,0,submitted,1
3919,medical,others,gujranwala,punjab,37556,64,14,2.307,3,3,0,approved,1
3920,medical,pet,multan,punjab,107830,45,7,6.324,0,5,0,approved,0
3921,medical,home,lahore,punjab,28564,64,1,4.3589,0,6,0,in_review,0
3922,damage,life,rawalpindi,punjab,43197,64,25,6.6518,3,9,1,in_review,1
3923,medical,home,karachi,sindh,13356,64,38,0.6293,0,2,0,in_review,1
3924,medical,pet,rawalpindi,punjab,30409,56,24,3.0791,0,5,0,approved,0
3925,life,others,lahore,punjab,26771,44,9,2.5275,1,2,0,in_review,0
3926,auto,life,rawalpindi,punjab,20084,61,3,1.4877,0,3,0,submitted,1
3927,medical,life,islamabad,islamabad,314893,45,14,17.2421,0,0,0,submitted,0
3928,medical,others,peshawar,kpk,21261,64,40,1.5586,0,1,0,approved,1
3929,pet_care,auto,islamabad,islamabad,5000,61,3,0.2227,2,2,0,rejected,1
3930,home,life,sukkur,sindh,88485,64,16,3.9099,0,4,0,submitted,0
3931,life,life,rawalpindi,punjab,64806,44,3,5.0043,0,4,0,submitted,0
3932,pet,life,peshawar,kpk,128453,58,3,7.2527,0,5,1,submitted,0
3933,home,auto,lahore,punjab,9987,61,34,0.5468,3,7,0,in_review,1
3934,theft,others,multan,punjab,76451,61,18,3.2176,0,5,1,rejected,1
3935,damage,auto,hyderabad,sindh,112120,61,39,22.6185,0,0,1,submitted,1
3936,accident,life,multan,punjab,28415,64,40,3.8218,0,2,1,in_review,1
3937,theft,others,hyderabad,sindh,248201,44,42,37.2283,0,0,0,submitted,1
3938,accident,pet,peshawar,kpk,5012,44,33,0.571,0,0,0,rejected,1
3939,medical,pet,lahore,punjab,31842,58,26,1.4616,1,5,0,rejected,1
3940,theft,pet,quetta,balochistan,82728,56,39,4.0926,0,3,2,approved,0
3941,auto,others,abbottabad,kpk,34621,58,38,2.1638,0,4,0,in_review,1
3942,auto,pet,mardan,kpk,40524,64,0,10.5614,1,7,0,approved,0
3943,accident,home,lahore,punjab,56694,56,7,8.8529,1,5,1,approved,0
3944,accident,home,islamabad,islamabad,59084,45,37,14.7305,0,3,2,submitted,1
3945,life,home,lahore,punjab,22357,61,5,4.3837,0,1,0,rejected,1
3946,other,pet,gujranwala,punjab,142614,45,24,24.0618,0,1,0,submitted,1
3947,damage,life,gujranwala,punjab,108351,64,20,9.5237,0,1,1,rejected,1
3948,theft,others,abbottabad,kpk,16832,58,21,2.7369,3,7,1,in_review,0
3949,damage,life,rawalpindi,punjab,47585,53,13,4.8795,3,4,0,submitted,1
3950,pet_care,others,hyderabad,sindh,14916,53,44,0.8376,1,6,0,rejected,1
3951,pet,pet,hyderabad,sindh,33384,56,10,2.1627,0,3,0,submitted,0
3952,other,home,lahore,punjab,45477,61,44,4.0224,0,6,0,submitted,1
3953,auto,home,abbottabad,kpk,17246,64,4,2.6,0,5,0,submitted,0
3954,other,life,islamabad,islamabad,148416,61,19,14.9583,0,3,1,approved,0
3955,life,home,sialkot,punjab,17875,53,37,2.2422,1,2,0,submitted,1
3956,damage,auto,quetta,balochistan,74598,44,20,4.4274,1,5,0,rejected,1
3957,pet_care,others,quetta,balochistan,25979,53,3,2.3639,2,2,1,rejected,1
3958,pet_care,auto,karachi,sindh,5996,44,36,0.3965,0,1,0,rejected,1
3959,medical,auto,multan,punjab,70965,53,15,6.1628,0,3,0,rejected,1
3960,pet,others,mardan,kpk,303896,64,42,20.1109,0,5,0,approved,1
3961,medical,others,sukkur,sindh,16668,58,40,10.9442,1,1,1,approved,1
3962,life,pet,lahore,punjab,81967,61,40,17.2453,2,3,0,rejected,1
3963,damage,others,faisalabad,punjab,24161,64,25,4.6401,0,6,0,rejected,1
3964,life,life,lahore,punjab,77625,45,8,5.7098,2,4,0,approved,1
3965,other,life,gujranwala,punjab,35550,61,0,4.0675,0,4,0,submitted,0
3966,medical,others,lahore,punjab,38769,56,12,1.7434,2,8,0,rejected,1
3967,theft,home,gujranwala,punjab,6234,58,32,0.651,4,6,0,rejected,1
3968,pet_care,auto,peshawar,kpk,11363,61,16,1.3012,2,4,2,rejected,1
3969,pet,home,karachi,sindh,11883,64,44,0.6679,2,8,0,in_review,1
3970,pet_care,auto,sukkur,sindh,5000,58,8,0.2423,2,3,0,in_review,0
3971,life,others,sukkur,sindh,39421,64,18,1.8934,0,2,0,in_review,0
3972,accident,home,faisalabad,punjab,62356,45,7,5.5002,1,7,0,in_review,0
3973,home,auto,peshawar,kpk,12003,61,45,0.5273,0,1,3,submitted,1
3974,medical,auto,peshawar,kpk,101067,64,8,8.0288,1,2,0,rejected,1
3975,home,pet,mardan,kpk,24442,53,42,2.9612,0,6,0,in_review,1
3976,life,home,faisalabad,punjab,12514,58,7,1.4323,0,1,0,rejected,1
3977,pet_care,others,abbottabad,kpk,30969,58,14,4.2552,2,5,0,approved,0
3978,other,auto,sialkot,punjab,82275,64,5,3.3836,2,8,1,rejected,1
3979,damage,pet,multan,punjab,30884,53,43,1.4353,2,5,0,rejected,0
3980,other,others,rawalpindi,punjab,27931,58,45,1.4322,1,2,0,submitted,1
3981,theft,life,multan,punjab,115566,58,3,7.9651,2,7,2,approved,0
3982,auto,others,peshawar,kpk,80263,64,34,16.3735,3,8,0,in_review,1
3983,pet_care,life,faisalabad,punjab,16763,45,13,1.0975,1,1,0,submitted,0
3984,pet,life,gujranwala,punjab,5000,45,8,2.0551,0,3,1,approved,0
3985,auto,auto,rawalpindi,punjab,108641,64,35,11.9847,2,3,0,approved,1
3986,home,pet,faisalabad,punjab,50077,53,28,6.237,1,5,2,approved,0
3987,pet_care,others,gujranwala,punjab,24874,64,12,1.0436,0,5,0,in_review,0
3988,life,pet,hyderabad,sindh,228195,53,6,20.6792,0,1,0,rejected,1
3989,medical,auto,mardan,kpk,18011,58,22,1.1468,1,7,0,approved,0
3990,accident,auto,islamabad,islamabad,26413,64,24,2.1083,0,2,1,submitted,0
3991,accident,pet,sukkur,sindh,29345,56,13,1.3527,0,2,0,approved,0
3992,pet_care,home,rawalpindi,punjab,12320,53,16,0.5235,1,5,0,rejected,1
3993,auto,home,lahore,punjab,135477,56,43,80.8818,0,4,0,submitted,1
3994,pet,others,faisalabad,punjab,9322,56,40,0.4458,0,4,0,rejected,1
3995,theft,others,sukkur,sindh,70605,64,26,4.1148,0,6,0,approved,0
3996,home,pet,karachi,sindh,40421,64,43,22.9665,1,2,0,in_review,1
3997,theft,life,rawalpindi,punjab,37665,45,32,1.5706,2,8,0,submitted,1
3998,theft,pet,hyderabad,sindh,89288,53,18,11.0464,0,2,0,submitted,0
3999,auto,auto,quetta,balochistan,26302,61,31,2.0561,1,1,0,rejected,1
