id,signal_type,fraud_category,severity,severity_encoded,account_age_days,related_entity_count,fraudulent
0,other,commerce,critical,4,667,2,0
1,unverified_provider,account,low,1,520,7,1
2,pending_purchases,catalog,medium,2,93,18,1
3,other,account,low,1,591,19,1
4,duplicate_email,claims,medium,2,297,14,1
5,claim_burst,account,medium,2,106,19,1
6,claim_burst,claims,low,1,578,2,1
7,stale_pending_policies,catalog,critical,4,796,11,1
8,pending_purchases,catalog,medium,2,814,6,0
9,unverified_provider,claims,high,3,538,16,1
10,rejected_claims_volume,catalog,low,1,121,17,1
11,inactive_spike,commerce,critical,4,432,2,1
12,lead_spike,account,high,3,349,23,1
13,stale_pending_policies,catalog,critical,4,71,27,1
14,pending_purchases,commerce,low,1,63,24,1
15,claim_burst,catalog,critical,4,685,12,0
16,rejected_claims_volume,catalog,low,1,506,2,0
17,unverified_provider,commerce,medium,2,408,13,1
18,unverified_provider,catalog,critical,4,412,18,1
19,stale_pending_policies,claims,high,3,724,14,1
20,other,catalog,medium,2,85,6,0
21,duplicate_email,claims,medium,2,270,10,0
22,stale_pending_policies,catalog,high,3,129,23,1
23,inactive_spike,account,critical,4,408,13,1
24,stale_pending_policies,catalog,low,1,196,3,0
25,inactive_spike,catalog,high,3,616,2,1
26,rejected_claims_volume,claims,high,3,629,1,0
27,rejected_claims_volume,claims,medium,2,650,9,0
28,pending_purchases,commerce,low,1,870,16,1
29,lead_spike,catalog,high,3,88,5,1
30,lead_spike,commerce,critical,4,849,23,1
31,unverified_provider,account,high,3,151,23,1
32,lead_spike,account,high,3,659,28,1
33,pending_purchases,commerce,medium,2,365,25,1
34,lead_spike,commerce,medium,2,826,8,1
35,inactive_spike,claims,critical,4,365,24,0
36,lead_spike,account,critical,4,266,7,1
37,pending_purchases,commerce,high,3,374,3,1
38,rejected_claims_volume,claims,high,3,210,16,1
39,inactive_spike,account,high,3,819,21,1
40,reject_rate,account,medium,2,490,29,1
41,unverified_provider,commerce,critical,4,475,13,1
42,pending_purchases,account,medium,2,131,1,0
43,reject_rate,catalog,medium,2,627,27,1
44,stale_pending_policies,catalog,high,3,160,18,1
45,duplicate_email,account,low,1,540,24,1
46,other,catalog,medium,2,846,28,1
47,inactive_spike,commerce,medium,2,783,19,1
48,reject_rate,catalog,low,1,758,12,1
49,reject_rate,catalog,medium,2,545,5,0
50,stale_pending_policies,account,medium,2,624,1,0
51,inactive_spike,claims,critical,4,634,24,1
52,unverified_provider,account,critical,4,804,25,1
53,unverified_provider,account,high,3,44,25,1
54,stale_pending_policies,catalog,low,1,454,11,0
55,pending_purchases,claims,critical,4,521,18,1
56,pending_purchases,claims,high,3,573,29,1
57,unverified_provider,catalog,low,1,402,15,1
58,claim_burst,claims,medium,2,686,10,1
59,other,claims,high,3,147,9,1
60,claim_burst,catalog,low,1,408,29,1
61,inactive_spike,claims,critical,4,528,13,1
62,claim_burst,claims,low,1,740,12,0
63,lead_spike,catalog,low,1,394,11,1
64,pending_purchases,commerce,low,1,116,30,1
65,duplicate_email,account,high,3,41,29,1
66,lead_spike,commerce,critical,4,870,30,1
67,pending_purchases,commerce,critical,4,718,11,1
68,lead_spike,account,medium,2,436,29,0
69,rejected_claims_volume,account,high,3,86,20,1
70,unverified_provider,account,low,1,465,1,0
71,reject_rate,catalog,high,3,637,5,0
72,other,claims,medium,2,269,2,0
73,lead_spike,commerce,medium,2,297,15,1
74,claim_burst,claims,low,1,257,2,0
75,rejected_claims_volume,claims,medium,2,458,4,0
76,stale_pending_policies,catalog,critical,4,519,10,1
77,claim_burst,claims,medium,2,415,12,1
78,duplicate_email,claims,high,3,442,6,0
79,reject_rate,catalog,high,3,614,8,1
80,inactive_spike,account,medium,2,276,15,0
81,other,commerce,high,3,251,2,1
82,claim_burst,commerce,medium,2,2,11,1
83,claim_burst,catalog,medium,2,255,17,1
84,unverified_provider,account,low,1,148,13,1
85,duplicate_email,catalog,high,3,645,8,1
86,pending_purchases,claims,critical,4,783,11,1
87,inactive_spike,catalog,medium,2,45,27,1
88,reject_rate,catalog,medium,2,537,25,1
89,stale_pending_policies,account,medium,2,88,1,1
90,other,commerce,critical,4,856,15,1
91,rejected_claims_volume,account,medium,2,502,9,1
92,pending_purchases,account,low,1,676,17,0
93,claim_burst,catalog,low,1,867,9,1
94,claim_burst,claims,critical,4,506,28,1
95,reject_rate,catalog,high,3,786,2,1
96,unverified_provider,claims,medium,2,340,9,0
97,lead_spike,commerce,medium,2,13,16,0
98,other,commerce,low,1,709,7,0
99,lead_spike,commerce,high,3,476,15,1
100,other,account,medium,2,320,3,0
101,unverified_provider,account,low,1,840,17,1
102,other,catalog,critical,4,215,30,1
103,unverified_provider,claims,low,1,146,24,1
104,unverified_provider,commerce,high,3,116,23,1
105,reject_rate,catalog,critical,4,404,1,1
106,stale_pending_policies,catalog,critical,4,310,24,1
107,pending_purchases,commerce,low,1,861,11,1
108,stale_pending_policies,commerce,low,1,201,23,0
109,claim_burst,commerce,low,1,403,13,1
110,unverified_provider,account,critical,4,774,9,1
111,unverified_provider,commerce,high,3,651,30,1
112,pending_purchases,commerce,high,3,195,25,1
113,reject_rate,catalog,critical,4,897,18,1
114,duplicate_email,account,critical,4,462,20,1
115,pending_purchases,commerce,medium,2,175,16,1
116,rejected_claims_volume,commerce,high,3,416,21,1
117,stale_pending_policies,catalog,critical,4,123,6,1
118,unverified_provider,account,critical,4,564,8,1
119,other,commerce,critical,4,438,5,1
120,unverified_provider,claims,high,3,570,3,1
121,claim_burst,commerce,medium,2,21,24,1
122,pending_purchases,catalog,medium,2,386,9,0
123,inactive_spike,account,high,3,129,22,1
124,unverified_provider,claims,medium,2,394,13,1
125,other,catalog,low,1,131,2,0
126,other,catalog,critical,4,1,3,1
127,other,catalog,medium,2,802,4,0
128,rejected_claims_volume,claims,low,1,846,24,1
129,unverified_provider,catalog,low,1,2,26,1
130,rejected_claims_volume,account,high,3,132,21,1
131,stale_pending_policies,catalog,low,1,102,3,0
132,claim_burst,claims,medium,2,810,20,0
133,other,commerce,high,3,324,21,1
134,rejected_claims_volume,claims,medium,2,561,8,1
135,stale_pending_policies,catalog,high,3,57,1,1
136,unverified_provider,catalog,medium,2,684,14,1
137,rejected_claims_volume,claims,high,3,736,14,1
138,inactive_spike,catalog,high,3,757,28,1
139,rejected_claims_volume,claims,medium,2,320,25,1
140,rejected_claims_volume,claims,high,3,779,29,1
141,stale_pending_policies,catalog,medium,2,497,14,1
142,other,account,medium,2,403,2,0
143,claim_burst,claims,low,1,189,13,1
144,lead_spike,commerce,low,1,170,11,1
145,duplicate_email,catalog,critical,4,860,12,1
146,inactive_spike,catalog,low,1,81,9,0
147,other,catalog,low,1,575,25,1
148,lead_spike,commerce,high,3,842,26,1
149,pending_purchases,account,medium,2,382,18,1
150,claim_burst,claims,critical,4,32,21,1
151,duplicate_email,catalog,low,1,476,3,1
152,unverified_provider,account,low,1,621,11,0
153,other,commerce,low,1,269,24,1
154,reject_rate,commerce,high,3,4,24,1
155,duplicate_email,account,medium,2,110,16,1
156,other,catalog,critical,4,809,9,1
157,unverified_provider,catalog,critical,4,188,1,1
158,stale_pending_policies,commerce,medium,2,622,8,0
159,pending_purchases,commerce,low,1,525,7,0
160,claim_burst,claims,low,1,666,2,1
161,inactive_spike,commerce,critical,4,108,3,1
162,unverified_provider,account,critical,4,511,23,1
163,claim_burst,claims,critical,4,472,20,1
164,lead_spike,claims,low,1,799,27,1
165,pending_purchases,commerce,high,3,261,24,1
166,claim_burst,catalog,medium,2,242,5,1
167,claim_burst,claims,critical,4,258,8,1
168,pending_purchases,claims,low,1,670,15,1
169,duplicate_email,account,medium,2,861,15,1
170,reject_rate,account,medium,2,123,2,0
171,other,claims,high,3,525,28,1
172,lead_spike,commerce,low,1,109,21,1
173,claim_burst,commerce,high,3,349,5,0
174,duplicate_email,commerce,medium,2,835,1,1
175,stale_pending_policies,catalog,medium,2,636,10,1
176,lead_spike,account,critical,4,65,14,1
177,stale_pending_policies,catalog,medium,2,655,18,1
178,claim_burst,claims,high,3,420,10,1
179,other,catalog,high,3,764,19,1
180,pending_purchases,catalog,high,3,660,7,1
181,inactive_spike,catalog,low,1,445,29,1
182,stale_pending_policies,account,critical,4,592,29,1
183,unverified_provider,claims,low,1,565,5,0
184,unverified_provider,catalog,high,3,755,17,1
185,claim_burst,commerce,medium,2,69,4,1
186,claim_burst,claims,low,1,495,11,0
187,unverified_provider,catalog,medium,2,656,26,1
188,stale_pending_policies,catalog,medium,2,850,16,1
189,duplicate_email,claims,medium,2,393,12,1
190,other,claims,medium,2,43,29,1
191,rejected_claims_volume,account,high,3,121,13,1
192,lead_spike,commerce,high,3,597,8,1
193,pending_purchases,commerce,critical,4,184,1,0
194,lead_spike,catalog,critical,4,782,20,1
195,reject_rate,catalog,critical,4,410,4,0
196,pending_purchases,commerce,low,1,822,15,1
197,duplicate_email,account,medium,2,85,30,1
198,duplicate_email,account,critical,4,669,26,1
199,other,account,low,1,199,5,0
200,rejected_claims_volume,catalog,medium,2,703,26,1
201,duplicate_email,claims,high,3,626,25,1
202,reject_rate,commerce,high,3,836,15,1
203,inactive_spike,catalog,high,3,631,17,1
204,duplicate_email,commerce,medium,2,414,6,1
205,lead_spike,commerce,critical,4,173,26,1
206,lead_spike,account,low,1,652,28,1
207,stale_pending_policies,catalog,low,1,259,18,1
208,reject_rate,catalog,high,3,272,13,1
209,claim_burst,claims,low,1,453,8,1
210,unverified_provider,account,high,3,318,21,1
211,lead_spike,commerce,low,1,227,5,1
212,pending_purchases,catalog,high,3,49,5,1
213,duplicate_email,account,low,1,581,12,1
214,pending_purchases,commerce,critical,4,598,10,1
215,claim_burst,claims,critical,4,163,5,0
216,pending_purchases,claims,critical,4,99,3,1
217,pending_purchases,commerce,high,3,12,2,1
218,lead_spike,commerce,critical,4,617,30,1
219,claim_burst,catalog,low,1,46,2,1
220,inactive_spike,catalog,medium,2,60,30,1
221,claim_burst,account,medium,2,146,14,1
222,reject_rate,catalog,medium,2,521,10,1
223,other,account,critical,4,733,18,0
224,reject_rate,catalog,critical,4,83,24,1
225,claim_burst,claims,low,1,268,8,1
226,unverified_provider,account,high,3,729,2,1
227,stale_pending_policies,catalog,high,3,303,21,1
228,unverified_provider,claims,low,1,174,9,0
229,other,claims,high,3,197,29,1
230,claim_burst,claims,critical,4,484,27,1
231,stale_pending_policies,account,critical,4,743,8,1
232,stale_pending_policies,commerce,critical,4,638,19,0
233,inactive_spike,claims,low,1,115,4,0
234,claim_burst,claims,medium,2,718,1,0
235,pending_purchases,claims,low,1,714,3,0
236,stale_pending_policies,account,high,3,205,27,1
237,reject_rate,account,critical,4,110,8,1
238,duplicate_email,account,low,1,845,25,1
239,pending_purchases,commerce,medium,2,101,26,1
240,claim_burst,claims,high,3,434,9,0
241,other,commerce,low,1,733,25,1
242,lead_spike,commerce,critical,4,872,10,1
243,lead_spike,account,low,1,447,17,1
244,pending_purchases,commerce,low,1,551,19,1
245,claim_burst,account,high,3,175,14,0
246,claim_burst,claims,low,1,5,12,1
247,stale_pending_policies,catalog,medium,2,507,19,1
248,lead_spike,commerce,medium,2,291,27,1
249,rejected_claims_volume,claims,low,1,652,25,1
250,rejected_claims_volume,account,high,3,98,13,1
251,inactive_spike,account,low,1,381,7,0
252,reject_rate,catalog,medium,2,389,29,1
253,unverified_provider,catalog,low,1,357,19,1
254,reject_rate,claims,critical,4,678,18,1
255,rejected_claims_volume,claims,high,3,594,8,1
256,stale_pending_policies,catalog,medium,2,520,7,0
257,lead_spike,claims,medium,2,741,11,1
258,inactive_spike,commerce,high,3,194,9,1
259,duplicate_email,account,low,1,201,13,1
260,stale_pending_policies,claims,high,3,446,9,1
261,unverified_provider,account,critical,4,476,2,0
262,stale_pending_policies,catalog,high,3,475,1,1
263,duplicate_email,catalog,medium,2,874,14,1
264,reject_rate,catalog,medium,2,696,6,0
265,lead_spike,catalog,high,3,644,23,1
266,claim_burst,catalog,critical,4,731,23,1
267,stale_pending_policies,commerce,critical,4,467,1,1
268,stale_pending_policies,catalog,medium,2,671,11,0
269,reject_rate,catalog,low,1,40,9,0
270,lead_spike,claims,medium,2,532,12,1
271,stale_pending_policies,catalog,critical,4,525,1,1
272,pending_purchases,commerce,critical,4,760,15,1
273,claim_burst,claims,low,1,747,20,1
274,unverified_provider,account,critical,4,410,2,0
275,reject_rate,catalog,high,3,595,9,1
276,lead_spike,commerce,medium,2,821,13,1
277,unverified_provider,claims,low,1,830,26,1
278,stale_pending_policies,catalog,medium,2,835,5,0
279,lead_spike,catalog,high,3,779,18,1
280,rejected_claims_volume,catalog,medium,2,274,23,1
281,other,commerce,medium,2,494,1,0
282,pending_purchases,commerce,high,3,329,16,1
283,rejected_claims_volume,account,high,3,157,30,1
284,duplicate_email,catalog,high,3,803,5,1
285,lead_spike,commerce,low,1,674,1,1
286,rejected_claims_volume,account,high,3,623,4,1
287,inactive_spike,claims,critical,4,355,26,1
288,reject_rate,catalog,medium,2,625,29,1
289,rejected_claims_volume,account,high,3,203,16,1
290,pending_purchases,account,critical,4,688,29,1
291,unverified_provider,account,medium,2,847,5,0
292,inactive_spike,account,medium,2,718,16,1
293,rejected_claims_volume,claims,low,1,165,27,1
294,stale_pending_policies,catalog,critical,4,384,14,1
295,duplicate_email,account,high,3,652,21,0
296,rejected_claims_volume,account,high,3,829,4,1
297,reject_rate,catalog,medium,2,35,7,0
298,claim_burst,claims,high,3,350,16,1
299,claim_burst,claims,high,3,433,9,1
300,rejected_claims_volume,commerce,critical,4,414,11,1
301,reject_rate,commerce,high,3,209,21,1
302,unverified_provider,account,high,3,731,10,1
303,lead_spike,account,low,1,409,24,1
304,stale_pending_policies,catalog,low,1,409,10,0
305,unverified_provider,account,critical,4,624,25,1
306,stale_pending_policies,catalog,low,1,218,2,0
307,stale_pending_policies,catalog,medium,2,104,22,1
308,inactive_spike,account,low,1,672,1,0
309,stale_pending_policies,claims,high,3,884,10,1
310,unverified_provider,account,critical,4,580,21,1
311,inactive_spike,account,low,1,845,4,0
312,stale_pending_policies,catalog,critical,4,458,3,0
313,stale_pending_policies,catalog,medium,2,487,25,1
314,duplicate_email,account,critical,4,218,29,1
315,inactive_spike,account,low,1,701,22,1
316,unverified_provider,account,low,1,133,16,0
317,rejected_claims_volume,claims,medium,2,52,12,1
318,lead_spike,claims,low,1,301,21,1
319,lead_spike,catalog,high,3,54,23,0
320,duplicate_email,account,low,1,399,10,1
321,other,claims,critical,4,624,2,1
322,lead_spike,catalog,medium,2,149,26,1
323,rejected_claims_volume,claims,critical,4,489,13,1
324,other,catalog,high,3,300,9,0
325,reject_rate,commerce,low,1,852,5,0
326,lead_spike,commerce,medium,2,386,13,1
327,stale_pending_policies,claims,high,3,706,1,1
328,pending_purchases,commerce,low,1,296,27,1
329,claim_burst,claims,critical,4,356,18,1
330,reject_rate,catalog,medium,2,807,25,1
331,claim_burst,claims,low,1,694,13,1
332,reject_rate,claims,low,1,811,13,1
333,inactive_spike,account,high,3,791,3,1
334,reject_rate,commerce,high,3,489,17,1
335,inactive_spike,claims,low,1,186,26,1
336,lead_spike,commerce,high,3,413,25,1
337,claim_burst,claims,critical,4,384,28,1
338,reject_rate,catalog,medium,2,324,20,0
339,pending_purchases,commerce,low,1,97,2,0
340,stale_pending_policies,catalog,medium,2,268,30,1
341,unverified_provider,catalog,critical,4,786,19,1
342,claim_burst,claims,low,1,347,7,1
343,unverified_provider,catalog,low,1,36,18,1
344,lead_spike,catalog,low,1,884,20,1
345,pending_purchases,account,low,1,264,11,0
346,other,account,critical,4,188,15,1
347,other,commerce,medium,2,177,2,0
348,duplicate_email,commerce,low,1,858,30,0
349,duplicate_email,catalog,medium,2,326,25,0
350,pending_purchases,claims,high,3,604,19,1
351,inactive_spike,account,high,3,264,13,1
352,pending_purchases,catalog,critical,4,245,26,1
353,inactive_spike,account,medium,2,819,2,0
354,unverified_provider,claims,high,3,768,5,1
355,reject_rate,account,critical,4,863,1,1
356,other,catalog,high,3,843,8,1
357,unverified_provider,commerce,medium,2,754,2,0
358,stale_pending_policies,catalog,medium,2,450,28,1
359,pending_purchases,catalog,medium,2,27,9,0
360,rejected_claims_volume,commerce,medium,2,267,16,1
361,reject_rate,catalog,low,1,158,17,0
362,rejected_claims_volume,claims,high,3,123,9,1
363,pending_purchases,commerce,high,3,245,30,1
364,rejected_claims_volume,catalog,medium,2,59,27,1
365,inactive_spike,commerce,low,1,453,26,1
366,rejected_claims_volume,claims,high,3,191,12,1
367,claim_burst,catalog,medium,2,142,27,1
368,pending_purchases,claims,medium,2,616,3,0
369,reject_rate,catalog,medium,2,211,5,0
370,rejected_claims_volume,claims,medium,2,11,3,0
371,reject_rate,catalog,low,1,531,26,1
372,stale_pending_policies,commerce,critical,4,93,1,1
373,unverified_provider,catalog,high,3,255,6,1
374,duplicate_email,commerce,high,3,589,20,1
375,pending_purchases,commerce,critical,4,529,3,1
376,stale_pending_policies,claims,high,3,798,23,1
377,unverified_provider,account,low,1,749,16,1
378,inactive_spike,account,medium,2,22,8,0
379,rejected_claims_volume,claims,medium,2,106,10,0
380,duplicate_email,account,medium,2,268,1,1
381,stale_pending_policies,catalog,critical,4,106,12,1
382,duplicate_email,claims,low,1,477,16,1
383,unverified_provider,commerce,low,1,416,29,1
384,reject_rate,claims,medium,2,685,19,1
385,inactive_spike,catalog,low,1,651,13,1
386,inactive_spike,account,low,1,796,12,1
387,stale_pending_policies,claims,critical,4,864,19,1
388,stale_pending_policies,commerce,low,1,333,17,1
389,claim_burst,commerce,critical,4,680,21,0
390,inactive_spike,account,low,1,333,14,1
391,unverified_provider,account,critical,4,407,25,1
392,stale_pending_policies,catalog,low,1,36,28,1
393,reject_rate,commerce,high,3,644,18,1
394,claim_burst,account,high,3,125,17,0
395,other,claims,high,3,116,10,1
396,unverified_provider,claims,high,3,87,15,1
397,rejected_claims_volume,claims,medium,2,301,30,1
398,claim_burst,commerce,low,1,759,18,1
399,stale_pending_policies,catalog,medium,2,666,13,1
400,pending_purchases,commerce,high,3,628,16,1
401,duplicate_email,commerce,high,3,227,7,1
402,other,catalog,critical,4,13,30,1
403,claim_burst,claims,high,3,504,9,1
404,claim_burst,claims,low,1,163,18,0
405,pending_purchases,commerce,low,1,530,13,1
406,lead_spike,commerce,low,1,534,8,1
407,claim_burst,claims,high,3,144,22,1
408,stale_pending_policies,commerce,low,1,757,28,1
409,claim_burst,catalog,medium,2,423,28,1
410,reject_rate,catalog,low,1,510,13,1
411,claim_burst,claims,high,3,894,20,1
412,reject_rate,catalog,critical,4,295,24,1
413,pending_purchases,commerce,critical,4,664,11,0
414,pending_purchases,catalog,high,3,189,18,1
415,rejected_claims_volume,claims,critical,4,596,8,1
416,rejected_claims_volume,commerce,medium,2,334,7,0
417,duplicate_email,account,high,3,579,29,1
418,pending_purchases,commerce,critical,4,530,27,1
419,pending_purchases,catalog,high,3,42,20,1
420,other,catalog,low,1,538,8,0
421,pending_purchases,commerce,medium,2,193,14,1
422,reject_rate,catalog,high,3,709,17,1
423,duplicate_email,account,high,3,376,3,1
424,unverified_provider,claims,high,3,707,11,1
425,stale_pending_policies,catalog,high,3,836,17,1
426,claim_burst,claims,low,1,646,19,1
427,pending_purchases,commerce,low,1,709,14,0
428,unverified_provider,account,low,1,312,13,1
429,rejected_claims_volume,account,medium,2,180,16,1
430,reject_rate,commerce,medium,2,589,7,0
431,duplicate_email,account,low,1,30,4,0
432,reject_rate,catalog,critical,4,826,26,0
433,rejected_claims_volume,account,high,3,148,23,1
434,inactive_spike,commerce,high,3,644,4,1
435,unverified_provider,account,critical,4,639,13,0
436,reject_rate,claims,low,1,451,2,0
437,claim_burst,claims,medium,2,602,28,1
438,reject_rate,account,critical,4,311,14,1
439,other,catalog,low,1,249,22,1
440,claim_burst,claims,critical,4,897,23,1
441,unverified_provider,claims,medium,2,367,13,1
442,pending_purchases,commerce,high,3,118,11,1
443,rejected_claims_volume,catalog,low,1,127,14,1
444,pending_purchases,commerce,critical,4,196,15,1
445,rejected_claims_volume,claims,high,3,681,1,1
446,claim_burst,claims,medium,2,95,7,1
447,rejected_claims_volume,claims,critical,4,857,26,1
448,claim_burst,claims,medium,2,740,13,1
449,claim_burst,claims,critical,4,517,7,1
450,stale_pending_policies,catalog,high,3,611,29,1
451,pending_purchases,commerce,critical,4,623,17,1
452,rejected_claims_volume,account,low,1,556,28,1
453,duplicate_email,catalog,medium,2,319,1,1
454,pending_purchases,account,medium,2,329,7,0
455,duplicate_email,account,high,3,825,17,1
456,duplicate_email,claims,high,3,91,8,1
457,claim_burst,catalog,critical,4,865,30,1
458,other,claims,medium,2,31,12,1
459,reject_rate,commerce,low,1,675,23,1
460,other,claims,critical,4,361,29,1
461,claim_burst,claims,high,3,624,24,1
462,inactive_spike,account,medium,2,442,7,0
463,claim_burst,claims,low,1,566,10,1
464,rejected_claims_volume,claims,medium,2,584,16,1
465,reject_rate,commerce,high,3,1,4,1
466,reject_rate,commerce,low,1,251,22,1
467,inactive_spike,commerce,high,3,768,30,1
468,other,catalog,medium,2,288,17,1
469,lead_spike,catalog,high,3,709,17,1
470,stale_pending_policies,catalog,medium,2,439,22,1
471,rejected_claims_volume,claims,medium,2,45,23,1
472,inactive_spike,commerce,medium,2,800,21,1
473,claim_burst,commerce,low,1,173,12,1
474,unverified_provider,account,high,3,141,5,1
475,stale_pending_policies,catalog,medium,2,723,8,1
476,unverified_provider,catalog,high,3,715,10,1
477,rejected_claims_volume,claims,medium,2,342,21,1
478,reject_rate,catalog,medium,2,694,22,1
479,reject_rate,catalog,critical,4,852,7,1
480,duplicate_email,commerce,critical,4,212,2,0
481,rejected_claims_volume,commerce,low,1,719,10,0
482,duplicate_email,account,critical,4,480,19,1
483,rejected_claims_volume,claims,low,1,12,15,1
484,unverified_provider,catalog,high,3,757,19,1
485,other,catalog,critical,4,195,26,1
486,unverified_provider,account,low,1,660,10,0
487,lead_spike,commerce,low,1,142,24,0
488,reject_rate,catalog,high,3,377,6,1
489,unverified_provider,claims,high,3,761,20,1
490,pending_purchases,claims,high,3,328,8,1
491,stale_pending_policies,commerce,high,3,246,2,0
492,reject_rate,catalog,medium,2,507,14,1
493,other,claims,low,1,146,23,1
494,rejected_claims_volume,claims,critical,4,92,2,1
495,inactive_spike,catalog,high,3,3,2,1
496,inactive_spike,catalog,low,1,678,2,0
497,reject_rate,catalog,low,1,450,1,0
498,reject_rate,claims,medium,2,388,10,1
499,pending_purchases,commerce,critical,4,88,18,1
500,pending_purchases,catalog,medium,2,411,20,1
501,pending_purchases,account,high,3,624,22,1
502,other,catalog,critical,4,673,21,1
503,pending_purchases,commerce,low,1,869,7,0
504,stale_pending_policies,catalog,medium,2,677,19,1
505,pending_purchases,catalog,medium,2,579,15,1
506,unverified_provider,account,medium,2,562,24,1
507,lead_spike,commerce,medium,2,544,22,1
508,claim_burst,catalog,critical,4,232,18,1
509,pending_purchases,account,low,1,872,14,1
510,unverified_provider,catalog,low,1,642,24,1
511,reject_rate,catalog,critical,4,558,6,1
512,rejected_claims_volume,claims,low,1,141,12,1
513,inactive_spike,account,low,1,382,2,1
514,rejected_claims_volume,claims,low,1,725,5,0
515,claim_burst,account,medium,2,577,4,1
516,inactive_spike,commerce,high,3,824,25,1
517,stale_pending_policies,account,low,1,246,12,1
518,lead_spike,commerce,low,1,837,20,1
519,pending_purchases,commerce,low,1,35,30,1
520,claim_burst,claims,medium,2,711,15,0
521,unverified_provider,catalog,low,1,500,4,1
522,inactive_spike,commerce,high,3,895,22,1
523,rejected_claims_volume,claims,high,3,552,23,1
524,other,commerce,low,1,26,11,0
525,stale_pending_policies,catalog,low,1,820,27,0
526,rejected_claims_volume,claims,critical,4,864,16,1
527,pending_purchases,catalog,low,1,370,11,0
528,reject_rate,commerce,low,1,217,6,0
529,rejected_claims_volume,catalog,critical,4,398,30,1
530,unverified_provider,account,critical,4,342,8,0
531,reject_rate,catalog,low,1,647,5,0
532,claim_burst,claims,high,3,66,17,1
533,pending_purchases,commerce,medium,2,716,2,0
534,stale_pending_policies,account,critical,4,649,19,1
535,stale_pending_policies,commerce,medium,2,894,26,1
536,unverified_provider,account,high,3,758,12,1
537,claim_burst,claims,critical,4,343,2,1
538,reject_rate,commerce,critical,4,516,12,1
539,other,claims,medium,2,139,7,1
540,pending_purchases,catalog,critical,4,583,25,1
541,rejected_claims_volume,claims,medium,2,309,24,1
542,unverified_provider,commerce,medium,2,598,30,1
543,claim_burst,claims,high,3,480,12,1
544,reject_rate,catalog,low,1,859,16,1
545,claim_burst,claims,high,3,560,1,1
546,claim_burst,commerce,low,1,224,2,1
547,reject_rate,claims,high,3,885,17,1
548,claim_burst,claims,low,1,133,20,0
549,lead_spike,account,high,3,737,5,0
550,pending_purchases,commerce,low,1,656,11,0
551,claim_burst,claims,low,1,665,16,1
552,inactive_spike,commerce,critical,4,816,2,1
553,lead_spike,commerce,critical,4,264,15,1
554,reject_rate,account,high,3,58,14,1
555,inactive_spike,commerce,low,1,160,7,0
556,unverified_provider,account,high,3,434,12,1
557,pending_purchases,claims,high,3,236,24,1
558,reject_rate,catalog,high,3,668,25,1
559,stale_pending_policies,catalog,high,3,536,17,1
560,claim_burst,claims,critical,4,103,21,1
561,inactive_spike,commerce,medium,2,411,25,1
562,claim_burst,account,low,1,62,18,1
563,claim_burst,claims,high,3,756,5,1
564,rejected_claims_volume,claims,high,3,797,23,1
565,inactive_spike,catalog,high,3,820,13,1
566,stale_pending_policies,commerce,low,1,111,22,1
567,lead_spike,account,critical,4,691,28,1
568,rejected_claims_volume,claims,critical,4,385,22,1
569,duplicate_email,claims,low,1,269,23,1
570,claim_burst,claims,high,3,778,14,1
571,reject_rate,commerce,critical,4,222,19,1
572,reject_rate,catalog,high,3,770,5,1
573,unverified_provider,commerce,low,1,498,28,1
574,claim_burst,claims,critical,4,218,19,0
575,stale_pending_policies,claims,high,3,48,25,1
576,inactive_spike,catalog,medium,2,305,22,0
577,duplicate_email,account,low,1,137,30,1
578,unverified_provider,commerce,medium,2,476,22,1
579,rejected_claims_volume,catalog,critical,4,344,29,0
580,inactive_spike,claims,low,1,39,5,0
581,rejected_claims_volume,claims,low,1,746,1,1
582,duplicate_email,commerce,low,1,124,16,1
583,duplicate_email,catalog,medium,2,702,18,1
584,inactive_spike,account,critical,4,80,12,1
585,lead_spike,claims,high,3,721,6,0
586,duplicate_email,commerce,low,1,202,17,0
587,claim_burst,commerce,high,3,705,2,1
588,pending_purchases,commerce,critical,4,896,24,1
589,pending_purchases,catalog,critical,4,393,5,1
590,reject_rate,catalog,medium,2,651,1,0
591,lead_spike,commerce,critical,4,247,27,1
592,duplicate_email,account,low,1,734,2,1
593,lead_spike,commerce,critical,4,563,22,1
594,inactive_spike,account,critical,4,523,11,1
595,claim_burst,catalog,critical,4,364,23,0
596,lead_spike,commerce,high,3,74,21,1
597,reject_rate,claims,high,3,269,30,1
598,pending_purchases,commerce,critical,4,585,8,1
599,reject_rate,account,high,3,537,7,1
600,claim_burst,commerce,medium,2,157,27,1
601,rejected_claims_volume,claims,low,1,330,13,1
602,unverified_provider,catalog,medium,2,720,9,0
603,rejected_claims_volume,commerce,high,3,464,22,1
604,rejected_claims_volume,catalog,critical,4,712,4,1
605,reject_rate,catalog,medium,2,778,17,1
606,claim_burst,claims,medium,2,638,12,1
607,claim_burst,catalog,medium,2,1,19,1
608,claim_burst,claims,high,3,332,9,1
609,unverified_provider,catalog,critical,4,880,3,1
610,other,catalog,high,3,633,25,1
611,pending_purchases,account,critical,4,376,2,1
612,other,commerce,critical,4,664,20,1
613,claim_burst,commerce,medium,2,634,7,1
614,duplicate_email,commerce,medium,2,338,28,0
615,pending_purchases,catalog,critical,4,509,30,1
616,duplicate_email,account,critical,4,474,23,1
617,other,catalog,medium,2,67,15,1
618,rejected_claims_volume,claims,low,1,687,8,0
619,stale_pending_policies,catalog,high,3,568,11,1
620,unverified_provider,catalog,medium,2,869,3,0
621,duplicate_email,account,low,1,869,25,1
622,duplicate_email,catalog,medium,2,729,11,1
623,inactive_spike,account,critical,4,864,19,1
624,reject_rate,catalog,medium,2,329,11,0
625,duplicate_email,account,high,3,533,9,1
626,claim_burst,catalog,high,3,570,13,1
627,stale_pending_policies,catalog,high,3,312,8,1
628,reject_rate,catalog,high,3,313,7,1
629,rejected_claims_volume,claims,high,3,476,22,1
630,claim_burst,claims,high,3,206,15,1
631,pending_purchases,account,low,1,546,3,0
632,duplicate_email,commerce,medium,2,816,15,1
633,stale_pending_policies,claims,critical,4,416,30,1
634,reject_rate,claims,low,1,185,14,1
635,duplicate_email,account,low,1,834,20,1
636,reject_rate,account,medium,2,511,8,0
637,stale_pending_policies,commerce,medium,2,150,25,1
638,rejected_claims_volume,claims,critical,4,98,7,1
639,inactive_spike,account,high,3,724,29,1
640,inactive_spike,catalog,low,1,713,5,1
641,rejected_claims_volume,catalog,medium,2,896,19,1
642,claim_burst,claims,high,3,333,18,1
643,other,claims,medium,2,401,2,0
644,rejected_claims_volume,claims,medium,2,671,18,1
645,rejected_claims_volume,claims,medium,2,441,11,0
646,duplicate_email,account,high,3,126,22,1
647,unverified_provider,account,high,3,19,25,1
648,unverified_provider,account,high,3,885,10,1
649,unverified_provider,account,critical,4,278,25,1
650,rejected_claims_volume,claims,high,3,34,19,1
651,unverified_provider,account,medium,2,673,10,1
652,rejected_claims_volume,commerce,critical,4,254,11,1
653,unverified_provider,claims,high,3,829,3,1
654,unverified_provider,catalog,low,1,807,6,0
655,duplicate_email,catalog,low,1,526,19,1
656,claim_burst,claims,high,3,79,12,1
657,claim_burst,claims,low,1,340,1,1
658,rejected_claims_volume,catalog,high,3,97,4,1
659,duplicate_email,account,high,3,549,18,1
660,claim_burst,catalog,low,1,519,9,1
661,claim_burst,claims,medium,2,131,30,1
662,reject_rate,claims,low,1,109,2,0
663,pending_purchases,claims,medium,2,90,25,1
664,other,commerce,critical,4,403,20,1
665,pending_purchases,commerce,low,1,87,22,1
666,claim_burst,claims,low,1,842,8,0
667,other,commerce,low,1,221,20,1
668,stale_pending_policies,claims,high,3,87,26,1
669,duplicate_email,claims,critical,4,806,14,0
670,inactive_spike,claims,medium,2,155,26,1
671,inactive_spike,claims,medium,2,703,11,0
672,other,account,critical,4,39,16,1
673,reject_rate,commerce,low,1,204,28,1
674,stale_pending_policies,commerce,low,1,667,23,1
675,stale_pending_policies,claims,critical,4,689,25,1
676,claim_burst,claims,high,3,55,24,1
677,rejected_claims_volume,claims,high,3,766,19,1
678,duplicate_email,account,high,3,769,27,1
679,inactive_spike,claims,critical,4,576,8,1
680,inactive_spike,account,critical,4,813,21,1
681,stale_pending_policies,commerce,critical,4,90,8,1
682,lead_spike,commerce,critical,4,812,10,0
683,stale_pending_policies,catalog,low,1,900,26,1
684,stale_pending_policies,catalog,critical,4,150,11,1
685,unverified_provider,account,critical,4,635,2,1
686,other,account,medium,2,719,29,1
687,unverified_provider,claims,low,1,385,27,1
688,claim_burst,catalog,medium,2,372,6,1
689,rejected_claims_volume,catalog,high,3,898,17,1
690,stale_pending_policies,claims,medium,2,401,17,0
691,unverified_provider,claims,medium,2,466,19,1
692,lead_spike,commerce,low,1,566,24,1
693,unverified_provider,catalog,high,3,683,14,0
694,pending_purchases,commerce,high,3,371,10,1
695,other,catalog,low,1,671,16,1
696,duplicate_email,account,low,1,571,13,1
697,lead_spike,claims,critical,4,36,11,1
698,other,account,high,3,148,7,1
699,other,account,medium,2,766,19,1
700,lead_spike,commerce,medium,2,299,25,1
701,stale_pending_policies,catalog,critical,4,665,3,1
702,lead_spike,catalog,high,3,708,29,1
703,stale_pending_policies,claims,critical,4,846,2,1
704,reject_rate,commerce,medium,2,529,26,1
705,claim_burst,claims,medium,2,698,10,1
706,other,commerce,high,3,711,6,1
707,inactive_spike,catalog,high,3,449,13,1
708,pending_purchases,commerce,high,3,395,26,1
709,unverified_provider,commerce,critical,4,514,27,1
710,lead_spike,claims,high,3,46,5,1
711,stale_pending_policies,catalog,critical,4,771,3,1
712,lead_spike,commerce,critical,4,543,26,1
713,unverified_provider,account,low,1,43,18,1
714,rejected_claims_volume,commerce,high,3,272,8,1
715,lead_spike,account,critical,4,855,26,1
716,inactive_spike,commerce,medium,2,741,21,1
717,lead_spike,account,critical,4,862,26,1
718,pending_purchases,commerce,critical,4,826,11,1
719,pending_purchases,claims,medium,2,545,24,1
720,unverified_provider,commerce,high,3,699,3,1
721,inactive_spike,account,medium,2,592,14,1
722,lead_spike,commerce,medium,2,155,8,1
723,rejected_claims_volume,claims,high,3,35,24,1
724,reject_rate,catalog,medium,2,663,23,1
725,stale_pending_policies,catalog,high,3,730,3,1
726,lead_spike,commerce,medium,2,317,4,1
727,unverified_provider,account,low,1,125,27,1
728,duplicate_email,claims,medium,2,458,9,1
729,stale_pending_policies,catalog,low,1,41,18,1
730,inactive_spike,account,high,3,645,30,1
731,pending_purchases,commerce,medium,2,224,18,1
732,claim_burst,claims,low,1,229,25,1
733,pending_purchases,commerce,low,1,646,9,0
734,inactive_spike,account,critical,4,232,22,1
735,lead_spike,account,high,3,674,9,0
736,stale_pending_policies,catalog,critical,4,465,22,1
737,inactive_spike,catalog,medium,2,115,13,1
738,unverified_provider,claims,low,1,450,25,1
739,lead_spike,claims,medium,2,574,25,1
740,lead_spike,commerce,low,1,758,24,1
741,duplicate_email,account,medium,2,428,1,1
742,pending_purchases,commerce,medium,2,579,21,1
743,rejected_claims_volume,commerce,low,1,758,6,0
744,reject_rate,catalog,critical,4,792,4,1
745,claim_burst,claims,critical,4,498,3,1
746,pending_purchases,commerce,medium,2,871,4,0
747,pending_purchases,commerce,medium,2,363,9,0
748,pending_purchases,claims,critical,4,794,24,1
749,stale_pending_policies,claims,critical,4,138,5,0
750,lead_spike,claims,critical,4,29,1,1
751,inactive_spike,account,low,1,209,29,1
752,stale_pending_policies,account,high,3,640,18,1
753,reject_rate,catalog,medium,2,8,8,0
754,pending_purchases,commerce,low,1,101,19,1
755,rejected_claims_volume,claims,critical,4,780,3,1
756,stale_pending_policies,account,medium,2,410,21,1
757,lead_spike,claims,critical,4,709,29,1
758,unverified_provider,claims,critical,4,614,13,0
759,stale_pending_policies,claims,medium,2,6,13,1
760,rejected_claims_volume,claims,low,1,249,4,0
761,stale_pending_policies,claims,low,1,478,2,0
762,lead_spike,claims,low,1,570,21,1
763,claim_burst,catalog,medium,2,480,1,1
764,lead_spike,account,low,1,192,5,1
765,rejected_claims_volume,claims,high,3,109,17,1
766,reject_rate,catalog,low,1,74,28,0
767,inactive_spike,account,low,1,723,2,0
768,pending_purchases,commerce,low,1,574,24,1
769,stale_pending_policies,claims,critical,4,214,4,1
770,pending_purchases,claims,low,1,628,3,0
771,lead_spike,commerce,low,1,748,8,1
772,duplicate_email,account,high,3,310,10,1
773,rejected_claims_volume,claims,high,3,788,7,0
774,duplicate_email,account,medium,2,533,13,1
775,reject_rate,catalog,medium,2,777,24,1
776,reject_rate,account,low,1,734,24,0
777,stale_pending_policies,claims,critical,4,821,29,0
778,pending_purchases,commerce,medium,2,259,26,1
779,duplicate_email,commerce,critical,4,97,6,1
780,reject_rate,catalog,high,3,281,26,1
781,stale_pending_policies,catalog,high,3,237,18,1
782,duplicate_email,commerce,medium,2,351,26,0
783,unverified_provider,claims,high,3,436,21,1
784,inactive_spike,account,critical,4,165,7,1
785,other,claims,critical,4,532,23,1
786,rejected_claims_volume,account,medium,2,295,25,1
787,pending_purchases,account,critical,4,733,4,1
788,rejected_claims_volume,claims,medium,2,708,24,1
789,claim_burst,catalog,high,3,29,3,1
790,rejected_claims_volume,claims,medium,2,672,3,0
791,rejected_claims_volume,catalog,low,1,748,3,0
792,unverified_provider,account,medium,2,571,4,0
793,reject_rate,commerce,critical,4,183,29,1
794,pending_purchases,commerce,medium,2,456,24,1
795,rejected_claims_volume,catalog,medium,2,32,13,1
796,unverified_provider,claims,medium,2,823,12,1
797,lead_spike,commerce,medium,2,75,29,1
798,lead_spike,commerce,medium,2,47,5,1
799,inactive_spike,account,low,1,584,19,1
800,unverified_provider,account,high,3,874,30,1
801,pending_purchases,commerce,medium,2,142,12,1
802,pending_purchases,commerce,medium,2,536,22,1
803,reject_rate,claims,medium,2,293,25,1
804,unverified_provider,account,medium,2,225,25,1
805,claim_burst,commerce,critical,4,270,28,0
806,rejected_claims_volume,account,high,3,241,10,0
807,lead_spike,catalog,low,1,471,18,1
808,inactive_spike,account,critical,4,492,30,1
809,claim_burst,claims,low,1,122,7,0
810,pending_purchases,commerce,medium,2,347,18,0
811,rejected_claims_volume,claims,medium,2,577,20,1
812,unverified_provider,catalog,critical,4,538,2,1
813,rejected_claims_volume,claims,high,3,218,4,1
814,pending_purchases,commerce,critical,4,804,24,1
815,stale_pending_policies,catalog,low,1,211,9,0
816,duplicate_email,commerce,critical,4,494,9,1
817,rejected_claims_volume,account,low,1,660,16,1
818,inactive_spike,account,medium,2,792,16,1
819,pending_purchases,claims,medium,2,397,26,1
820,lead_spike,commerce,high,3,673,29,1
821,duplicate_email,claims,critical,4,742,3,1
822,unverified_provider,account,medium,2,860,7,0
823,lead_spike,commerce,low,1,412,1,1
824,unverified_provider,account,critical,4,239,3,1
825,stale_pending_policies,catalog,medium,2,637,29,1
826,inactive_spike,catalog,critical,4,278,8,1
827,duplicate_email,commerce,medium,2,352,14,1
828,claim_burst,account,medium,2,245,27,1
829,rejected_claims_volume,claims,high,3,622,15,1
830,unverified_provider,catalog,medium,2,576,4,0
831,inactive_spike,catalog,medium,2,535,5,0
832,duplicate_email,account,critical,4,172,3,1
833,reject_rate,catalog,high,3,584,22,1
834,other,claims,high,3,730,14,1
835,reject_rate,catalog,low,1,18,29,1
836,lead_spike,commerce,medium,2,892,5,1
837,reject_rate,catalog,low,1,457,8,0
838,reject_rate,commerce,medium,2,447,3,0
839,pending_purchases,commerce,medium,2,881,23,1
840,claim_burst,claims,high,3,694,27,0
841,claim_burst,account,critical,4,218,22,1
842,inactive_spike,account,high,3,695,25,1
843,rejected_claims_volume,claims,high,3,805,8,1
844,other,account,medium,2,556,14,1
845,reject_rate,claims,medium,2,380,24,1
846,stale_pending_policies,catalog,high,3,131,8,1
847,unverified_provider,commerce,medium,2,416,20,1
848,inactive_spike,account,critical,4,341,19,1
849,lead_spike,commerce,critical,4,323,6,1
850,rejected_claims_volume,account,medium,2,404,12,1
851,stale_pending_policies,commerce,medium,2,650,8,0
852,claim_burst,claims,high,3,665,9,1
853,claim_burst,account,low,1,204,29,0
854,reject_rate,catalog,high,3,30,3,1
855,unverified_provider,claims,medium,2,5,6,0
856,reject_rate,commerce,medium,2,20,1,0
857,other,account,medium,2,482,11,1
858,rejected_claims_volume,commerce,critical,4,766,16,1
859,duplicate_email,commerce,low,1,271,6,1
860,claim_burst,account,high,3,135,26,1
861,rejected_claims_volume,commerce,critical,4,145,7,1
862,lead_spike,account,critical,4,395,10,1
863,claim_burst,claims,low,1,822,16,1
864,inactive_spike,claims,critical,4,824,15,1
865,rejected_claims_volume,claims,critical,4,579,14,1
866,other,claims,medium,2,111,27,1
867,lead_spike,claims,critical,4,535,18,1
868,duplicate_email,account,low,1,227,17,1
869,stale_pending_policies,catalog,medium,2,210,10,0
870,unverified_provider,commerce,low,1,232,15,1
871,pending_purchases,commerce,high,3,57,25,1
872,unverified_provider,account,high,3,527,8,1
873,rejected_claims_volume,claims,medium,2,329,4,0
874,lead_spike,commerce,critical,4,542,10,1
875,rejected_claims_volume,account,critical,4,448,16,0
876,rejected_claims_volume,claims,critical,4,730,14,1
877,pending_purchases,commerce,high,3,634,2,1
878,unverified_provider,catalog,high,3,137,2,1
879,duplicate_email,claims,low,1,308,22,0
880,pending_purchases,commerce,low,1,149,13,1
881,duplicate_email,account,medium,2,543,4,1
882,inactive_spike,commerce,critical,4,174,8,1
883,stale_pending_policies,catalog,high,3,127,29,1
884,duplicate_email,account,critical,4,485,8,1
885,lead_spike,commerce,critical,4,734,7,1
886,lead_spike,claims,critical,4,110,28,1
887,stale_pending_policies,commerce,low,1,262,17,1
888,other,claims,high,3,321,6,1
889,lead_spike,commerce,critical,4,58,27,0
890,rejected_claims_volume,claims,low,1,807,25,1
891,reject_rate,account,high,3,234,28,1
892,other,commerce,high,3,384,20,1
893,claim_burst,catalog,medium,2,13,30,1
894,stale_pending_policies,claims,low,1,746,6,0
895,claim_burst,commerce,high,3,390,14,1
896,claim_burst,claims,high,3,687,27,0
897,stale_pending_policies,claims,medium,2,878,24,1
898,lead_spike,account,critical,4,348,16,1
899,lead_spike,claims,high,3,256,3,1
900,reject_rate,commerce,low,1,233,12,0
901,inactive_spike,account,low,1,204,28,1
902,rejected_claims_volume,catalog,critical,4,388,10,1
903,rejected_claims_volume,catalog,high,3,752,27,1
904,lead_spike,commerce,low,1,615,19,1
905,inactive_spike,account,critical,4,13,29,1
906,inactive_spike,claims,high,3,556,12,1
907,rejected_claims_volume,account,low,1,473,19,1
908,pending_purchases,account,critical,4,95,6,1
909,unverified_provider,commerce,low,1,225,12,1
910,inactive_spike,catalog,low,1,427,7,0
911,pending_purchases,commerce,medium,2,504,18,1
912,rejected_claims_volume,account,medium,2,620,13,1
913,inactive_spike,claims,low,1,890,19,1
914,unverified_provider,account,low,1,515,28,1
915,rejected_claims_volume,claims,medium,2,574,7,0
916,reject_rate,catalog,critical,4,140,20,1
917,claim_burst,commerce,medium,2,526,21,1
918,lead_spike,account,high,3,735,6,1
919,rejected_claims_volume,claims,medium,2,530,27,1
920,reject_rate,claims,medium,2,600,24,1
921,stale_pending_policies,catalog,medium,2,280,27,1
922,inactive_spike,account,low,1,454,28,1
923,reject_rate,account,critical,4,146,11,1
924,other,claims,high,3,419,25,1
925,claim_burst,claims,critical,4,366,20,1
926,inactive_spike,commerce,medium,2,457,3,0
927,unverified_provider,commerce,high,3,189,14,1
928,reject_rate,catalog,critical,4,485,9,1
929,rejected_claims_volume,claims,medium,2,513,6,0
930,lead_spike,commerce,low,1,414,4,1
931,rejected_claims_volume,catalog,critical,4,661,5,1
932,duplicate_email,account,critical,4,363,17,1
933,other,catalog,high,3,161,18,1
934,other,account,medium,2,642,12,1
935,reject_rate,catalog,medium,2,349,26,1
936,stale_pending_policies,catalog,high,3,119,5,1
937,claim_burst,account,critical,4,452,16,1
938,unverified_provider,account,high,3,655,16,1
939,pending_purchases,commerce,high,3,18,12,1
940,unverified_provider,account,low,1,283,29,1
941,inactive_spike,catalog,critical,4,23,3,1
942,pending_purchases,account,medium,2,151,10,0
943,inactive_spike,account,low,1,752,24,1
944,other,account,low,1,792,30,1
945,duplicate_email,claims,critical,4,880,24,1
946,rejected_claims_volume,account,medium,2,612,5,0
947,duplicate_email,account,medium,2,128,2,0
948,unverified_provider,claims,medium,2,110,6,0
949,lead_spike,commerce,medium,2,370,4,1
950,rejected_claims_volume,catalog,critical,4,260,15,1
951,other,account,medium,2,170,6,0
952,lead_spike,commerce,low,1,457,17,1
953,lead_spike,account,low,1,463,15,1
954,lead_spike,commerce,medium,2,881,2,1
955,rejected_claims_volume,claims,critical,4,161,23,1
956,stale_pending_policies,account,high,3,425,23,1
957,reject_rate,catalog,critical,4,342,16,1
958,claim_burst,claims,critical,4,196,9,1
959,stale_pending_policies,claims,low,1,594,23,1
960,stale_pending_policies,commerce,high,3,163,19,1
961,other,catalog,low,1,504,30,1
962,duplicate_email,account,low,1,588,14,1
963,stale_pending_policies,catalog,low,1,90,19,1
964,inactive_spike,account,low,1,621,28,1
965,unverified_provider,commerce,critical,4,665,12,1
966,reject_rate,catalog,high,3,220,3,1
967,lead_spike,commerce,medium,2,521,17,1
968,reject_rate,catalog,high,3,468,21,1
969,stale_pending_policies,catalog,critical,4,122,2,1
970,stale_pending_policies,claims,high,3,55,20,1
971,claim_burst,claims,critical,4,879,8,1
972,inactive_spike,account,low,1,89,3,0
973,unverified_provider,account,critical,4,898,23,1
974,rejected_claims_volume,commerce,medium,2,140,21,1
975,rejected_claims_volume,account,high,3,345,6,1
976,rejected_claims_volume,claims,medium,2,257,9,0
977,inactive_spike,claims,high,3,790,3,1
978,inactive_spike,catalog,critical,4,481,26,1
979,pending_purchases,account,medium,2,669,15,1
980,reject_rate,claims,medium,2,534,22,1
981,pending_purchases,commerce,medium,2,141,29,1
982,other,catalog,high,3,102,18,1
983,inactive_spike,commerce,low,1,377,13,1
984,rejected_claims_volume,claims,high,3,339,13,1
985,claim_burst,claims,low,1,326,7,1
986,pending_purchases,commerce,high,3,577,25,1
987,pending_purchases,commerce,medium,2,557,28,1
988,claim_burst,claims,medium,2,308,10,1
989,pending_purchases,claims,low,1,431,1,0
990,unverified_provider,account,low,1,772,27,1
991,rejected_claims_volume,account,low,1,198,22,1
992,unverified_provider,account,critical,4,90,9,1
993,inactive_spike,account,high,3,728,19,1
994,duplicate_email,claims,medium,2,184,29,1
995,unverified_provider,account,low,1,274,19,1
996,lead_spike,commerce,critical,4,415,23,0
997,unverified_provider,catalog,high,3,527,5,1
998,other,account,low,1,438,20,1
999,inactive_spike,catalog,high,3,565,5,1
1000,claim_burst,commerce,medium,2,167,6,1
1001,claim_burst,account,low,1,164,10,1
1002,inactive_spike,account,critical,4,475,18,1
1003,unverified_provider,account,medium,2,243,30,1
1004,reject_rate,claims,high,3,248,25,1
1005,stale_pending_policies,catalog,critical,4,344,16,1
1006,other,claims,low,1,464,17,1
1007,claim_burst,account,medium,2,203,3,1
1008,lead_spike,commerce,high,3,665,3,1
1009,unverified_provider,commerce,critical,4,251,22,1
1010,pending_purchases,commerce,low,1,724,17,1
1011,rejected_claims_volume,claims,critical,4,126,28,1
1012,stale_pending_policies,claims,low,1,292,17,0
1013,duplicate_email,account,medium,2,523,13,1
1014,rejected_claims_volume,claims,critical,4,94,8,1
1015,pending_purchases,account,critical,4,104,7,1
1016,other,commerce,high,3,255,9,1
1017,claim_burst,commerce,critical,4,427,23,1
1018,duplicate_email,account,low,1,59,18,1
1019,reject_rate,commerce,low,1,392,17,1
1020,inactive_spike,commerce,critical,4,577,26,1
1021,reject_rate,account,critical,4,130,5,0
1022,unverified_provider,catalog,low,1,715,6,0
1023,lead_spike,account,low,1,116,26,1
1024,unverified_provider,account,high,3,357,6,1
1025,pending_purchases,commerce,high,3,166,15,1
1026,duplicate_email,account,critical,4,886,8,1
1027,pending_purchases,claims,high,3,735,4,1
1028,unverified_provider,catalog,medium,2,4,5,1
1029,unverified_provider,commerce,high,3,605,11,1
1030,other,catalog,medium,2,319,17,1
1031,unverified_provider,commerce,high,3,523,18,1
1032,rejected_claims_volume,claims,medium,2,516,1,0
1033,duplicate_email,claims,high,3,283,4,1
1034,reject_rate,catalog,critical,4,255,23,1
1035,stale_pending_policies,catalog,high,3,412,27,1
1036,pending_purchases,commerce,medium,2,747,15,1
1037,pending_purchases,commerce,low,1,773,12,1
1038,stale_pending_policies,claims,critical,4,671,24,1
1039,lead_spike,commerce,high,3,562,2,1
1040,duplicate_email,catalog,high,3,824,26,1
1041,pending_purchases,commerce,medium,2,500,4,0
1042,reject_rate,commerce,low,1,730,5,0
1043,reject_rate,catalog,critical,4,296,14,1
1044,other,claims,medium,2,730,6,0
1045,reject_rate,account,medium,2,340,2,0
1046,inactive_spike,account,medium,2,156,25,1
1047,duplicate_email,account,high,3,451,17,1
1048,other,commerce,critical,4,400,6,1
1049,pending_purchases,account,low,1,780,11,0
1050,claim_burst,account,medium,2,212,1,1
1051,claim_burst,claims,medium,2,726,28,1
1052,claim_burst,claims,high,3,125,2,1
1053,inactive_spike,account,low,1,244,7,0
1054,reject_rate,catalog,low,1,234,4,0
1055,claim_burst,catalog,critical,4,250,11,1
1056,stale_pending_policies,catalog,high,3,276,16,1
1057,lead_spike,catalog,low,1,56,22,1
1058,rejected_claims_volume,claims,medium,2,797,20,1
1059,inactive_spike,catalog,low,1,267,25,1
1060,other,catalog,low,1,319,15,1
1061,duplicate_email,account,low,1,189,12,0
1062,stale_pending_policies,catalog,high,3,719,12,1
1063,unverified_provider,claims,critical,4,117,12,1
1064,claim_burst,claims,critical,4,367,28,1
1065,claim_burst,commerce,low,1,633,23,1
1066,unverified_provider,account,high,3,141,11,1
1067,unverified_provider,account,critical,4,24,29,1
1068,duplicate_email,catalog,medium,2,681,18,1
1069,claim_burst,catalog,medium,2,809,23,1
1070,stale_pending_policies,commerce,low,1,30,13,1
1071,lead_spike,commerce,low,1,509,18,1
1072,rejected_claims_volume,claims,low,1,661,6,0
1073,stale_pending_policies,commerce,medium,2,719,20,1
1074,rejected_claims_volume,commerce,medium,2,734,16,1
1075,duplicate_email,account,high,3,309,22,1
1076,pending_purchases,claims,high,3,581,5,1
1077,pending_purchases,commerce,medium,2,842,2,0
1078,duplicate_email,account,low,1,607,30,1
1079,claim_burst,claims,low,1,182,29,1
1080,duplicate_email,account,medium,2,451,3,1
1081,stale_pending_policies,catalog,medium,2,208,11,0
1082,lead_spike,commerce,medium,2,345,12,0
1083,duplicate_email,account,low,1,52,6,1
1084,rejected_claims_volume,commerce,low,1,891,7,0
1085,stale_pending_policies,catalog,high,3,567,30,0
1086,pending_purchases,account,medium,2,316,3,0
1087,stale_pending_policies,catalog,medium,2,392,23,1
1088,reject_rate,catalog,critical,4,850,7,1
1089,claim_burst,claims,medium,2,137,23,1
1090,unverified_provider,account,medium,2,451,26,1
1091,pending_purchases,commerce,low,1,640,25,1
1092,pending_purchases,commerce,medium,2,356,16,1
1093,inactive_spike,catalog,medium,2,436,30,1
1094,stale_pending_policies,claims,medium,2,670,24,1
1095,unverified_provider,account,high,3,651,4,1
1096,stale_pending_policies,catalog,medium,2,324,14,1
1097,claim_burst,commerce,medium,2,566,18,1
1098,pending_purchases,claims,medium,2,300,22,1
1099,reject_rate,catalog,critical,4,855,22,1
1100,inactive_spike,catalog,low,1,160,14,1
1101,claim_burst,claims,critical,4,398,9,1
1102,lead_spike,claims,medium,2,166,16,1
1103,rejected_claims_volume,claims,critical,4,857,4,0
1104,rejected_claims_volume,claims,low,1,551,14,1
1105,lead_spike,commerce,medium,2,587,6,1
1106,unverified_provider,commerce,low,1,659,6,0
1107,claim_burst,claims,low,1,62,27,1
1108,unverified_provider,account,medium,2,87,9,0
1109,unverified_provider,account,medium,2,257,1,0
1110,claim_burst,catalog,medium,2,808,29,1
1111,lead_spike,account,low,1,118,11,1
1112,stale_pending_policies,catalog,low,1,231,7,0
1113,lead_spike,commerce,critical,4,668,30,1
1114,claim_burst,claims,low,1,634,26,1
1115,stale_pending_policies,catalog,critical,4,282,6,1
1116,inactive_spike,catalog,low,1,574,7,0
1117,other,claims,low,1,82,22,1
1118,other,catalog,low,1,266,21,1
1119,stale_pending_policies,claims,critical,4,838,5,1
1120,stale_pending_policies,catalog,medium,2,147,21,1
1121,rejected_claims_volume,account,low,1,392,15,1
1122,claim_burst,claims,medium,2,50,22,0
1123,lead_spike,account,high,3,815,18,1
1124,unverified_provider,claims,low,1,307,1,0
1125,lead_spike,commerce,critical,4,652,17,1
1126,duplicate_email,account,critical,4,308,16,1
1127,unverified_provider,catalog,medium,2,390,7,0
1128,pending_purchases,catalog,high,3,855,4,1
1129,claim_burst,catalog,medium,2,158,15,1
1130,pending_purchases,commerce,medium,2,436,5,0
1131,unverified_provider,claims,low,1,427,3,1
1132,stale_pending_policies,catalog,high,3,601,15,1
1133,duplicate_email,account,low,1,415,10,1
1134,lead_spike,account,high,3,130,26,1
1135,duplicate_email,account,medium,2,654,3,1
1136,rejected_claims_volume,claims,low,1,141,10,0
1137,lead_spike,catalog,medium,2,321,27,1
1138,inactive_spike,account,critical,4,313,20,0
1139,duplicate_email,account,low,1,586,23,1
1140,lead_spike,commerce,high,3,192,19,1
1141,pending_purchases,commerce,high,3,307,18,1
1142,duplicate_email,account,critical,4,349,8,1
1143,pending_purchases,commerce,high,3,737,10,1
1144,reject_rate,catalog,high,3,610,20,1
1145,other,catalog,high,3,834,28,1
1146,unverified_provider,claims,medium,2,830,26,1
1147,unverified_provider,account,medium,2,370,9,0
1148,claim_burst,claims,medium,2,731,21,1
1149,duplicate_email,account,critical,4,45,29,1
1150,pending_purchases,catalog,critical,4,201,12,1
1151,pending_purchases,commerce,critical,4,528,13,1
1152,other,claims,high,3,570,15,0
1153,unverified_provider,account,low,1,733,18,1
1154,reject_rate,commerce,high,3,807,15,1
1155,lead_spike,commerce,medium,2,865,18,1
1156,unverified_provider,claims,medium,2,490,11,0
1157,inactive_spike,claims,medium,2,869,26,1
1158,rejected_claims_volume,commerce,high,3,211,13,1
1159,claim_burst,catalog,critical,4,13,15,1
1160,reject_rate,catalog,low,1,234,13,1
1161,claim_burst,account,critical,4,727,14,1
1162,unverified_provider,account,high,3,219,2,1
1163,reject_rate,account,low,1,783,28,1
1164,stale_pending_policies,catalog,critical,4,159,29,1
1165,rejected_claims_volume,commerce,medium,2,196,3,0
1166,lead_spike,commerce,medium,2,832,10,1
1167,duplicate_email,commerce,high,3,520,4,0
1168,lead_spike,commerce,high,3,679,9,1
1169,lead_spike,catalog,critical,4,778,19,1
1170,pending_purchases,account,medium,2,829,4,0
1171,inactive_spike,claims,medium,2,505,22,1
1172,other,commerce,critical,4,494,26,0
1173,stale_pending_policies,claims,low,1,179,15,0
1174,duplicate_email,catalog,critical,4,762,14,1
1175,inactive_spike,account,medium,2,799,2,0
1176,claim_burst,claims,critical,4,426,13,0
1177,unverified_provider,account,critical,4,208,8,1
1178,duplicate_email,account,low,1,874,14,1
1179,stale_pending_policies,catalog,high,3,858,4,1
1180,duplicate_email,commerce,critical,4,644,9,1
1181,inactive_spike,account,critical,4,107,16,1
1182,inactive_spike,account,critical,4,820,17,1
1183,pending_purchases,account,critical,4,892,25,1
1184,duplicate_email,commerce,critical,4,681,20,1
1185,stale_pending_policies,account,medium,2,360,19,1
1186,unverified_provider,account,low,1,340,10,0
1187,reject_rate,catalog,low,1,441,15,1
1188,rejected_claims_volume,claims,critical,4,312,21,1
1189,pending_purchases,account,low,1,152,11,0
1190,lead_spike,account,medium,2,32,30,1
1191,claim_burst,commerce,critical,4,858,8,1
1192,lead_spike,commerce,medium,2,825,25,1
1193,unverified_provider,account,critical,4,355,5,1
1194,stale_pending_policies,claims,high,3,380,1,1
1195,duplicate_email,catalog,low,1,168,27,1
1196,reject_rate,catalog,low,1,335,11,1
1197,unverified_provider,catalog,high,3,555,23,0
1198,stale_pending_policies,account,critical,4,520,25,1
1199,unverified_provider,account,medium,2,830,10,0
1200,duplicate_email,account,high,3,100,29,1
1201,stale_pending_policies,catalog,high,3,854,5,1
1202,lead_spike,commerce,critical,4,701,5,1
1203,claim_burst,catalog,high,3,620,18,1
1204,reject_rate,commerce,medium,2,712,23,0
1205,unverified_provider,account,high,3,785,1,1
1206,pending_purchases,account,critical,4,826,27,1
1207,unverified_provider,catalog,high,3,412,29,1
1208,unverified_provider,claims,low,1,94,30,1
1209,duplicate_email,account,critical,4,680,2,1
1210,stale_pending_policies,catalog,low,1,32,13,1
1211,rejected_claims_volume,claims,critical,4,732,12,1
1212,lead_spike,commerce,medium,2,898,13,0
1213,claim_burst,catalog,low,1,220,14,1
1214,inactive_spike,commerce,critical,4,311,13,1
1215,other,account,critical,4,65,19,1
1216,claim_burst,catalog,high,3,405,4,1
1217,rejected_claims_volume,claims,medium,2,7,16,1
1218,pending_purchases,commerce,low,1,571,21,1
1219,reject_rate,account,medium,2,316,14,1
1220,rejected_claims_volume,commerce,critical,4,295,30,1
1221,stale_pending_policies,catalog,medium,2,178,30,1
1222,inactive_spike,account,low,1,282,28,1
1223,pending_purchases,catalog,medium,2,438,25,0
1224,reject_rate,catalog,low,1,92,21,1
1225,claim_burst,claims,medium,2,425,12,1
1226,stale_pending_policies,catalog,high,3,399,4,1
1227,pending_purchases,commerce,critical,4,779,30,1
1228,pending_purchases,commerce,medium,2,246,21,1
1229,rejected_claims_volume,catalog,critical,4,323,16,1
1230,other,account,medium,2,678,2,0
1231,unverified_provider,account,low,1,221,8,0
1232,pending_purchases,commerce,critical,4,546,3,0
1233,duplicate_email,account,medium,2,706,3,1
1234,pending_purchases,commerce,medium,2,567,11,0
1235,unverified_provider,claims,low,1,499,11,1
1236,stale_pending_policies,catalog,high,3,381,15,1
1237,inactive_spike,commerce,medium,2,164,27,1
1238,lead_spike,commerce,medium,2,611,23,1
1239,reject_rate,catalog,low,1,196,10,0
1240,pending_purchases,commerce,low,1,569,11,0
1241,duplicate_email,commerce,critical,4,708,28,1
1242,rejected_claims_volume,commerce,medium,2,587,23,1
1243,lead_spike,claims,high,3,575,25,1
1244,stale_pending_policies,commerce,critical,4,85,28,0
1245,claim_burst,account,critical,4,646,25,1
1246,inactive_spike,catalog,medium,2,502,2,0
1247,claim_burst,claims,low,1,712,9,1
1248,rejected_claims_volume,claims,critical,4,821,24,1
1249,claim_burst,claims,critical,4,613,6,1
1250,other,claims,critical,4,352,1,1
1251,reject_rate,commerce,medium,2,592,5,0
1252,unverified_provider,commerce,medium,2,99,10,0
1253,claim_burst,catalog,critical,4,291,25,1
1254,claim_burst,commerce,low,1,228,11,1
1255,stale_pending_policies,claims,high,3,351,1,1
1256,claim_burst,commerce,high,3,141,7,1
1257,rejected_claims_volume,commerce,medium,2,438,9,0
1258,lead_spike,catalog,high,3,539,17,1
1259,unverified_provider,account,high,3,576,6,1
1260,reject_rate,commerce,medium,2,265,20,1
1261,reject_rate,claims,medium,2,35,7,0
1262,unverified_provider,claims,critical,4,359,28,1
1263,unverified_provider,account,medium,2,436,17,1
1264,duplicate_email,claims,high,3,43,3,1
1265,inactive_spike,account,medium,2,814,21,1
1266,reject_rate,claims,medium,2,311,7,0
1267,pending_purchases,commerce,critical,4,347,26,1
1268,duplicate_email,commerce,critical,4,501,7,1
1269,pending_purchases,account,critical,4,793,24,1
1270,unverified_provider,account,medium,2,105,7,0
1271,pending_purchases,commerce,low,1,421,4,0
1272,unverified_provider,account,critical,4,825,26,1
1273,stale_pending_policies,commerce,high,3,835,18,1
1274,rejected_claims_volume,claims,low,1,210,28,1
1275,inactive_spike,catalog,low,1,686,3,0
1276,claim_burst,account,low,1,540,30,1
1277,claim_burst,commerce,low,1,421,30,1
1278,unverified_provider,account,critical,4,213,24,1
1279,inactive_spike,claims,high,3,135,16,1
1280,inactive_spike,account,low,1,519,4,0
1281,inactive_spike,account,medium,2,505,25,1
1282,lead_spike,claims,critical,4,822,29,1
1283,claim_burst,catalog,low,1,245,4,1
1284,pending_purchases,commerce,medium,2,531,7,0
1285,unverified_provider,account,high,3,234,4,0
1286,duplicate_email,claims,critical,4,496,28,1
1287,lead_spike,claims,high,3,769,24,1
1288,rejected_claims_volume,claims,critical,4,795,16,1
1289,pending_purchases,commerce,medium,2,824,11,0
1290,pending_purchases,account,critical,4,110,4,1
1291,lead_spike,commerce,medium,2,701,21,0
1292,lead_spike,commerce,critical,4,592,25,1
1293,duplicate_email,account,critical,4,644,14,0
1294,rejected_claims_volume,claims,high,3,530,13,1
1295,pending_purchases,commerce,low,1,452,1,0
1296,inactive_spike,account,critical,4,180,19,1
1297,unverified_provider,account,low,1,155,28,0
1298,reject_rate,commerce,high,3,60,30,1
1299,rejected_claims_volume,claims,critical,4,455,13,1
1300,stale_pending_policies,claims,high,3,118,12,1
1301,reject_rate,catalog,low,1,435,24,1
1302,stale_pending_policies,catalog,critical,4,808,29,1
1303,unverified_provider,claims,low,1,432,14,1
1304,claim_burst,account,critical,4,351,7,1
1305,unverified_provider,commerce,medium,2,746,24,1
1306,unverified_provider,account,low,1,114,9,0
1307,rejected_claims_volume,claims,high,3,864,2,1
1308,pending_purchases,commerce,medium,2,885,10,0
1309,reject_rate,claims,high,3,261,30,1
1310,pending_purchases,commerce,medium,2,301,9,0
1311,reject_rate,claims,medium,2,602,7,0
1312,lead_spike,claims,medium,2,405,27,1
1313,reject_rate,catalog,critical,4,159,25,1
1314,inactive_spike,account,high,3,181,30,1
1315,claim_burst,claims,high,3,846,5,1
1316,other,commerce,critical,4,526,17,1
1317,inactive_spike,claims,high,3,698,25,1
1318,rejected_claims_volume,account,critical,4,191,3,1
1319,unverified_provider,account,high,3,564,16,1
1320,other,claims,high,3,807,12,1
1321,pending_purchases,account,low,1,587,2,1
1322,reject_rate,commerce,low,1,842,21,1
1323,inactive_spike,catalog,critical,4,558,25,1
1324,duplicate_email,catalog,high,3,263,28,1
1325,stale_pending_policies,catalog,high,3,802,29,1
1326,pending_purchases,account,high,3,289,9,1
1327,unverified_provider,account,low,1,87,20,1
1328,pending_purchases,claims,high,3,276,8,1
1329,inactive_spike,commerce,low,1,567,6,1
1330,pending_purchases,commerce,critical,4,140,18,1
1331,reject_rate,catalog,critical,4,170,2,1
1332,duplicate_email,account,high,3,857,5,0
1333,lead_spike,account,medium,2,312,10,1
1334,inactive_spike,account,medium,2,814,29,1
1335,rejected_claims_volume,claims,high,3,327,6,1
1336,rejected_claims_volume,claims,medium,2,130,10,0
1337,pending_purchases,commerce,critical,4,379,26,1
1338,lead_spike,commerce,critical,4,886,24,1
1339,claim_burst,account,low,1,156,29,1
1340,duplicate_email,catalog,low,1,104,6,1
1341,reject_rate,catalog,high,3,325,2,1
1342,lead_spike,commerce,high,3,356,11,1
1343,lead_spike,catalog,low,1,348,10,1
1344,pending_purchases,account,low,1,362,23,1
1345,stale_pending_policies,catalog,high,3,779,18,1
1346,pending_purchases,commerce,medium,2,73,26,1
1347,pending_purchases,account,critical,4,41,2,1
1348,pending_purchases,commerce,medium,2,421,30,1
1349,duplicate_email,account,medium,2,106,22,1
1350,stale_pending_policies,catalog,low,1,244,2,0
1351,lead_spike,claims,medium,2,387,18,1
1352,inactive_spike,claims,critical,4,491,26,1
1353,pending_purchases,claims,high,3,573,24,1
1354,unverified_provider,account,medium,2,702,20,1
1355,other,commerce,low,1,729,29,1
1356,stale_pending_policies,catalog,medium,2,10,11,0
1357,pending_purchases,catalog,low,1,665,16,0
1358,inactive_spike,account,low,1,584,13,1
1359,lead_spike,commerce,low,1,456,30,1
1360,stale_pending_policies,catalog,high,3,499,28,1
1361,stale_pending_policies,claims,low,1,424,4,0
1362,rejected_claims_volume,claims,medium,2,245,8,0
1363,duplicate_email,commerce,high,3,294,2,0
1364,rejected_claims_volume,catalog,critical,4,612,24,1
1365,rejected_claims_volume,claims,critical,4,878,10,1
1366,inactive_spike,account,high,3,191,21,1
1367,stale_pending_policies,account,critical,4,889,6,1
1368,lead_spike,commerce,low,1,337,1,1
1369,pending_purchases,commerce,low,1,865,29,1
1370,stale_pending_policies,commerce,medium,2,181,26,1
1371,inactive_spike,account,high,3,226,30,1
1372,unverified_provider,account,critical,4,548,9,1
1373,pending_purchases,commerce,low,1,547,9,0
1374,unverified_provider,commerce,critical,4,899,19,1
1375,unverified_provider,account,low,1,303,9,1
1376,claim_burst,account,medium,2,566,23,1
1377,unverified_provider,catalog,high,3,74,18,1
1378,unverified_provider,commerce,low,1,760,26,1
1379,lead_spike,catalog,medium,2,183,30,1
1380,other,commerce,high,3,840,24,1
1381,pending_purchases,commerce,medium,2,87,28,1
1382,duplicate_email,account,critical,4,352,6,1
1383,pending_purchases,commerce,low,1,699,3,0
1384,unverified_provider,claims,critical,4,827,19,1
1385,lead_spike,claims,low,1,614,28,1
1386,duplicate_email,account,high,3,243,8,1
1387,inactive_spike,catalog,low,1,655,23,1
1388,claim_burst,claims,critical,4,599,4,1
1389,other,commerce,medium,2,815,13,1
1390,claim_burst,claims,critical,4,189,18,1
1391,inactive_spike,account,critical,4,108,3,1
1392,stale_pending_policies,commerce,low,1,627,22,1
1393,other,catalog,critical,4,703,5,1
1394,lead_spike,catalog,critical,4,295,18,1
1395,claim_burst,claims,medium,2,611,21,1
1396,claim_burst,claims,critical,4,516,16,1
1397,inactive_spike,claims,high,3,855,11,0
1398,unverified_provider,commerce,medium,2,763,15,1
1399,duplicate_email,catalog,low,1,594,2,1
1400,duplicate_email,claims,medium,2,208,25,1
1401,rejected_claims_volume,catalog,medium,2,367,21,1
1402,inactive_spike,commerce,low,1,256,11,0
1403,duplicate_email,account,high,3,15,20,1
1404,duplicate_email,account,critical,4,537,27,1
1405,rejected_claims_volume,catalog,low,1,651,24,1
1406,unverified_provider,catalog,low,1,162,27,1
1407,rejected_claims_volume,catalog,high,3,785,30,1
1408,duplicate_email,catalog,high,3,358,1,0
1409,reject_rate,account,low,1,537,14,1
1410,reject_rate,catalog,low,1,811,29,1
1411,inactive_spike,account,medium,2,406,28,1
1412,lead_spike,commerce,critical,4,711,25,1
1413,other,claims,low,1,85,6,0
1414,inactive_spike,claims,high,3,401,28,0
1415,stale_pending_policies,catalog,critical,4,204,23,1
1416,lead_spike,account,high,3,424,7,1
1417,claim_burst,claims,high,3,755,13,1
1418,other,catalog,critical,4,79,3,1
1419,pending_purchases,commerce,critical,4,50,28,1
1420,unverified_provider,account,medium,2,846,29,1
1421,rejected_claims_volume,claims,critical,4,405,8,1
1422,rejected_claims_volume,claims,high,3,648,15,1
1423,rejected_claims_volume,claims,critical,4,61,28,1
1424,rejected_claims_volume,claims,high,3,666,1,1
1425,unverified_provider,claims,medium,2,753,22,1
1426,duplicate_email,account,medium,2,7,18,1
1427,reject_rate,catalog,critical,4,3,27,1
1428,stale_pending_policies,claims,medium,2,425,9,0
1429,inactive_spike,commerce,high,3,756,20,1
1430,rejected_claims_volume,account,low,1,484,15,1
1431,reject_rate,catalog,low,1,514,15,1
1432,duplicate_email,account,medium,2,634,18,1
1433,stale_pending_policies,catalog,low,1,201,27,1
1434,unverified_provider,commerce,low,1,176,15,1
1435,rejected_claims_volume,claims,critical,4,285,30,1
1436,stale_pending_policies,catalog,critical,4,240,9,1
1437,inactive_spike,account,medium,2,167,5,0
1438,rejected_claims_volume,claims,medium,2,538,25,1
1439,rejected_claims_volume,claims,medium,2,212,8,0
1440,unverified_provider,catalog,high,3,711,29,1
1441,other,account,low,1,606,30,1
1442,rejected_claims_volume,account,low,1,108,25,1
1443,stale_pending_policies,catalog,high,3,384,24,1
1444,stale_pending_policies,catalog,medium,2,789,22,1
1445,other,account,medium,2,222,6,0
1446,reject_rate,catalog,critical,4,801,16,1
1447,inactive_spike,account,critical,4,423,23,1
1448,other,commerce,critical,4,820,24,1
1449,stale_pending_policies,catalog,low,1,458,16,1
1450,rejected_claims_volume,account,medium,2,546,27,1
1451,inactive_spike,account,low,1,73,29,1
1452,other,catalog,critical,4,513,9,1
1453,stale_pending_policies,catalog,critical,4,19,21,1
1454,claim_burst,commerce,high,3,798,11,1
1455,lead_spike,catalog,low,1,153,5,1
1456,claim_burst,commerce,high,3,395,5,1
1457,stale_pending_policies,catalog,low,1,658,19,1
1458,claim_burst,claims,low,1,738,5,1
1459,reject_rate,account,high,3,383,14,1
1460,pending_purchases,commerce,high,3,207,9,1
1461,claim_burst,claims,high,3,183,16,1
1462,other,account,critical,4,815,28,0
1463,stale_pending_policies,catalog,high,3,813,3,1
1464,unverified_provider,account,medium,2,483,3,0
1465,pending_purchases,catalog,medium,2,509,5,1
1466,pending_purchases,claims,medium,2,588,16,1
1467,claim_burst,claims,high,3,480,1,1
1468,lead_spike,commerce,medium,2,522,28,1
1469,other,account,low,1,257,28,1
1470,pending_purchases,claims,critical,4,137,16,0
1471,lead_spike,claims,high,3,317,10,1
1472,reject_rate,account,critical,4,71,8,1
1473,inactive_spike,catalog,low,1,142,8,0
1474,reject_rate,claims,critical,4,172,4,1
1475,pending_purchases,commerce,medium,2,191,5,0
1476,duplicate_email,catalog,critical,4,98,3,1
1477,other,catalog,medium,2,229,24,1
1478,claim_burst,claims,high,3,89,21,0
1479,other,catalog,high,3,101,23,1
1480,rejected_claims_volume,claims,low,1,486,19,1
1481,unverified_provider,commerce,high,3,708,3,1
1482,unverified_provider,account,medium,2,270,20,1
1483,other,account,high,3,128,21,1
1484,other,catalog,medium,2,614,16,1
1485,pending_purchases,claims,low,1,626,5,0
1486,other,account,low,1,180,9,0
1487,reject_rate,claims,low,1,97,26,1
1488,rejected_claims_volume,claims,low,1,186,20,1
1489,reject_rate,catalog,low,1,117,4,0
1490,duplicate_email,account,low,1,296,9,1
1491,stale_pending_policies,catalog,high,3,488,2,1
1492,duplicate_email,claims,critical,4,876,2,1
1493,lead_spike,catalog,critical,4,617,21,1
1494,claim_burst,account,high,3,597,16,0
1495,duplicate_email,claims,high,3,322,18,1
1496,reject_rate,catalog,low,1,296,4,0
1497,inactive_spike,account,medium,2,395,25,1
1498,claim_burst,claims,high,3,140,27,1
1499,claim_burst,commerce,low,1,601,21,1
1500,stale_pending_policies,account,high,3,346,20,1
1501,inactive_spike,commerce,high,3,236,26,1
1502,stale_pending_policies,catalog,low,1,120,7,0
1503,unverified_provider,account,critical,4,497,18,1
1504,lead_spike,catalog,high,3,289,2,1
1505,pending_purchases,catalog,high,3,363,7,1
1506,inactive_spike,account,critical,4,367,30,1
1507,unverified_provider,claims,low,1,383,23,1
1508,rejected_claims_volume,account,low,1,37,13,1
1509,claim_burst,account,low,1,354,4,1
1510,inactive_spike,account,medium,2,198,23,1
1511,unverified_provider,account,critical,4,350,22,1
1512,duplicate_email,commerce,low,1,571,28,1
1513,reject_rate,catalog,low,1,623,19,1
1514,reject_rate,commerce,critical,4,728,2,1
1515,reject_rate,claims,low,1,78,26,1
1516,other,catalog,critical,4,84,11,1
1517,stale_pending_policies,claims,medium,2,505,18,1
1518,lead_spike,commerce,critical,4,578,9,1
1519,lead_spike,commerce,medium,2,165,6,1
1520,lead_spike,commerce,low,1,781,9,1
1521,unverified_provider,account,high,3,109,3,1
1522,reject_rate,claims,high,3,50,23,1
1523,lead_spike,catalog,medium,2,535,19,1
1524,unverified_provider,catalog,high,3,300,28,1
1525,lead_spike,catalog,critical,4,566,21,0
1526,pending_purchases,commerce,high,3,522,30,0
1527,inactive_spike,commerce,medium,2,290,15,1
1528,rejected_claims_volume,claims,high,3,302,27,1
1529,claim_burst,claims,critical,4,379,12,1
1530,pending_purchases,commerce,critical,4,72,2,1
1531,rejected_claims_volume,claims,critical,4,687,9,1
1532,unverified_provider,account,high,3,284,20,1
1533,duplicate_email,account,high,3,77,18,1
1534,reject_rate,catalog,high,3,283,28,1
1535,pending_purchases,account,medium,2,71,22,1
1536,claim_burst,claims,critical,4,318,20,1
1537,reject_rate,commerce,high,3,217,1,1
1538,inactive_spike,account,medium,2,738,12,1
1539,unverified_provider,account,medium,2,64,11,0
1540,unverified_provider,claims,high,3,846,30,1
1541,lead_spike,commerce,critical,4,845,28,1
1542,reject_rate,claims,low,1,334,16,1
1543,claim_burst,claims,low,1,54,2,1
1544,claim_burst,account,medium,2,368,13,1
1545,inactive_spike,account,critical,4,561,15,1
1546,lead_spike,commerce,critical,4,145,7,1
1547,lead_spike,account,critical,4,45,2,1
1548,stale_pending_policies,claims,low,1,666,18,1
1549,pending_purchases,commerce,low,1,774,15,1
1550,rejected_claims_volume,catalog,high,3,63,17,1
1551,lead_spike,claims,high,3,199,24,1
1552,lead_spike,commerce,high,3,186,30,1
1553,claim_burst,catalog,low,1,288,29,1
1554,stale_pending_policies,catalog,high,3,299,8,1
1555,lead_spike,commerce,critical,4,432,3,1
1556,inactive_spike,catalog,medium,2,628,6,0
1557,claim_burst,commerce,medium,2,819,8,1
1558,inactive_spike,catalog,high,3,86,26,0
1559,lead_spike,catalog,critical,4,758,3,1
1560,other,catalog,high,3,120,21,0
1561,reject_rate,catalog,high,3,319,12,1
1562,duplicate_email,commerce,medium,2,67,22,1
1563,other,claims,critical,4,171,27,1
1564,inactive_spike,claims,high,3,895,10,1
1565,pending_purchases,commerce,critical,4,596,5,1
1566,claim_burst,catalog,low,1,288,28,1
1567,stale_pending_policies,commerce,high,3,43,27,0
1568,rejected_claims_volume,claims,high,3,59,3,1
1569,claim_burst,claims,high,3,199,26,0
1570,rejected_claims_volume,claims,low,1,524,3,0
1571,pending_purchases,catalog,critical,4,328,13,1
1572,inactive_spike,account,low,1,396,29,1
1573,duplicate_email,commerce,medium,2,792,30,1
1574,other,catalog,low,1,566,22,1
1575,duplicate_email,account,medium,2,579,17,0
1576,stale_pending_policies,account,medium,2,670,20,1
1577,stale_pending_policies,catalog,low,1,420,26,1
1578,unverified_provider,account,critical,4,85,7,1
1579,claim_burst,account,critical,4,225,2,1
1580,claim_burst,claims,critical,4,633,3,1
1581,pending_purchases,commerce,low,1,407,12,1
1582,claim_burst,claims,low,1,121,5,1
1583,rejected_claims_volume,account,critical,4,405,10,1
1584,duplicate_email,claims,low,1,247,15,1
1585,unverified_provider,claims,medium,2,95,5,0
1586,reject_rate,catalog,low,1,567,12,1
1587,inactive_spike,account,critical,4,192,14,1
1588,lead_spike,account,critical,4,643,25,1
1589,rejected_claims_volume,catalog,low,1,625,3,0
1590,claim_burst,claims,critical,4,827,7,1
1591,inactive_spike,catalog,high,3,626,17,1
1592,rejected_claims_volume,claims,high,3,849,28,1
1593,inactive_spike,account,medium,2,899,16,1
1594,pending_purchases,catalog,critical,4,790,1,1
1595,rejected_claims_volume,commerce,high,3,170,7,1
1596,unverified_provider,account,medium,2,872,3,0
1597,rejected_claims_volume,account,high,3,179,22,1
1598,stale_pending_policies,catalog,low,1,116,22,1
1599,lead_spike,account,critical,4,317,18,1
1600,reject_rate,claims,medium,2,422,6,0
1601,duplicate_email,claims,critical,4,39,10,1
1602,lead_spike,account,high,3,71,20,1
1603,pending_purchases,commerce,medium,2,173,16,1
1604,duplicate_email,claims,high,3,574,2,1
1605,inactive_spike,claims,low,1,714,25,0
1606,lead_spike,claims,low,1,714,4,1
1607,unverified_provider,commerce,critical,4,133,12,1
1608,inactive_spike,account,low,1,176,16,1
1609,rejected_claims_volume,claims,medium,2,175,7,0
1610,lead_spike,claims,high,3,629,1,1
1611,lead_spike,commerce,high,3,90,12,1
1612,lead_spike,commerce,medium,2,713,13,1
1613,unverified_provider,commerce,high,3,835,25,1
1614,rejected_claims_volume,claims,high,3,732,3,1
1615,stale_pending_policies,catalog,low,1,523,5,0
1616,pending_purchases,commerce,medium,2,238,15,1
1617,lead_spike,commerce,low,1,754,9,1
1618,other,account,low,1,721,17,1
1619,stale_pending_policies,catalog,high,3,521,30,1
1620,unverified_provider,catalog,critical,4,134,10,1
1621,stale_pending_policies,account,low,1,73,26,1
1622,duplicate_email,claims,medium,2,477,13,1
1623,lead_spike,commerce,critical,4,633,16,1
1624,other,claims,critical,4,865,6,1
1625,lead_spike,commerce,medium,2,683,17,0
1626,rejected_claims_volume,catalog,critical,4,211,12,1
1627,unverified_provider,account,critical,4,844,5,0
1628,reject_rate,catalog,high,3,528,30,1
1629,stale_pending_policies,catalog,high,3,698,1,1
1630,pending_purchases,account,critical,4,109,3,1
1631,rejected_claims_volume,claims,medium,2,772,23,1
1632,pending_purchases,account,low,1,807,3,0
1633,claim_burst,commerce,high,3,825,24,1
1634,unverified_provider,claims,medium,2,487,3,1
1635,duplicate_email,account,medium,2,273,29,1
1636,lead_spike,commerce,high,3,771,18,1
1637,claim_burst,account,critical,4,524,20,1
1638,lead_spike,commerce,high,3,668,29,1
1639,duplicate_email,account,low,1,296,20,1
1640,lead_spike,commerce,low,1,109,16,1
1641,rejected_claims_volume,catalog,medium,2,551,26,1
1642,claim_burst,catalog,high,3,189,21,1
1643,reject_rate,account,medium,2,722,12,0
1644,other,commerce,high,3,512,3,1
1645,rejected_claims_volume,claims,low,1,616,9,0
1646,stale_pending_policies,claims,high,3,94,5,1
1647,stale_pending_policies,account,low,1,612,26,1
1648,pending_purchases,claims,high,3,113,27,1
1649,duplicate_email,catalog,high,3,227,5,1
1650,claim_burst,account,critical,4,662,26,1
1651,lead_spike,commerce,medium,2,410,16,1
1652,reject_rate,catalog,medium,2,63,11,0
1653,rejected_claims_volume,claims,critical,4,761,25,1
1654,claim_burst,commerce,medium,2,469,1,1
1655,inactive_spike,claims,low,1,472,29,1
1656,reject_rate,catalog,low,1,803,2,0
1657,pending_purchases,account,critical,4,322,10,1
1658,other,catalog,critical,4,251,24,1
1659,inactive_spike,commerce,high,3,852,13,1
1660,lead_spike,account,high,3,712,5,1
1661,lead_spike,catalog,high,3,475,25,1
1662,reject_rate,catalog,high,3,181,29,1
1663,duplicate_email,account,high,3,349,30,1
1664,lead_spike,catalog,critical,4,231,8,1
1665,unverified_provider,account,low,1,852,27,1
1666,reject_rate,commerce,medium,2,714,13,1
1667,inactive_spike,account,low,1,84,10,0
1668,rejected_claims_volume,claims,low,1,790,8,0
1669,inactive_spike,claims,medium,2,76,2,0
1670,unverified_provider,account,medium,2,39,30,1
1671,unverified_provider,account,low,1,164,22,1
1672,stale_pending_policies,catalog,high,3,101,28,1
1673,stale_pending_policies,commerce,high,3,767,2,0
1674,rejected_claims_volume,claims,medium,2,386,9,0
1675,duplicate_email,account,low,1,606,15,1
1676,lead_spike,claims,low,1,203,9,0
1677,lead_spike,commerce,low,1,168,27,1
1678,reject_rate,commerce,medium,2,667,14,1
1679,reject_rate,catalog,critical,4,34,7,1
1680,inactive_spike,catalog,critical,4,31,8,1
1681,reject_rate,claims,critical,4,230,28,1
1682,inactive_spike,account,low,1,800,29,1
1683,reject_rate,claims,critical,4,669,3,1
1684,duplicate_email,account,medium,2,415,28,1
1685,lead_spike,claims,medium,2,831,5,1
1686,inactive_spike,claims,low,1,272,23,1
1687,other,commerce,high,3,656,13,1
1688,unverified_provider,account,low,1,14,21,1
1689,unverified_provider,account,low,1,889,27,0
1690,rejected_claims_volume,account,high,3,540,7,1
1691,claim_burst,claims,critical,4,147,23,1
1692,other,claims,critical,4,754,22,1
1693,inactive_spike,account,low,1,119,5,0
1694,unverified_provider,claims,high,3,589,17,1
1695,duplicate_email,claims,low,1,197,22,1
1696,duplicate_email,account,critical,4,732,12,1
1697,claim_burst,account,low,1,77,19,1
1698,lead_spike,account,low,1,247,18,1
1699,lead_spike,commerce,critical,4,263,23,1
1700,duplicate_email,catalog,critical,4,93,27,1
1701,inactive_spike,account,high,3,832,13,1
1702,duplicate_email,catalog,medium,2,250,20,1
1703,other,claims,high,3,361,30,1
1704,reject_rate,account,low,1,102,12,1
1705,other,account,critical,4,863,28,0
1706,lead_spike,claims,high,3,796,11,1
1707,duplicate_email,account,critical,4,621,17,1
1708,other,claims,high,3,222,9,1
1709,other,commerce,critical,4,429,15,1
1710,unverified_provider,claims,high,3,801,6,1
1711,pending_purchases,catalog,critical,4,577,23,1
1712,lead_spike,catalog,low,1,578,29,1
1713,inactive_spike,account,high,3,269,14,1
1714,other,claims,high,3,430,17,1
1715,inactive_spike,commerce,critical,4,343,25,1
1716,stale_pending_policies,catalog,low,1,563,7,0
1717,stale_pending_policies,catalog,low,1,185,30,1
1718,reject_rate,catalog,critical,4,371,2,1
1719,claim_burst,commerce,medium,2,241,21,1
1720,inactive_spike,account,low,1,499,25,1
1721,pending_purchases,account,critical,4,536,16,1
1722,lead_spike,commerce,medium,2,831,8,1
1723,pending_purchases,catalog,low,1,429,8,0
1724,unverified_provider,catalog,critical,4,570,16,0
1725,pending_purchases,commerce,medium,2,630,29,1
1726,inactive_spike,catalog,critical,4,376,6,1
1727,lead_spike,commerce,high,3,345,20,1
1728,other,account,low,1,318,22,1
1729,unverified_provider,account,medium,2,826,26,0
1730,pending_purchases,catalog,medium,2,125,15,1
1731,unverified_provider,claims,medium,2,68,24,1
1732,duplicate_email,catalog,medium,2,459,7,1
1733,claim_burst,claims,critical,4,610,17,1
1734,rejected_claims_volume,claims,high,3,685,1,0
1735,unverified_provider,catalog,medium,2,442,1,0
1736,other,commerce,critical,4,823,30,1
1737,unverified_provider,account,high,3,66,18,1
1738,rejected_claims_volume,account,medium,2,764,2,0
1739,inactive_spike,claims,high,3,463,16,1
1740,unverified_provider,account,high,3,349,29,1
1741,claim_burst,catalog,critical,4,236,12,1
1742,reject_rate,account,high,3,787,23,1
1743,duplicate_email,claims,high,3,795,5,1
1744,pending_purchases,account,high,3,665,25,1
1745,rejected_claims_volume,claims,medium,2,445,9,0
1746,rejected_claims_volume,claims,high,3,105,2,1
1747,inactive_spike,account,critical,4,18,5,1
1748,unverified_provider,account,high,3,536,6,1
1749,duplicate_email,catalog,low,1,498,20,1
1750,inactive_spike,account,high,3,552,8,1
1751,pending_purchases,claims,critical,4,120,5,1
1752,claim_burst,commerce,critical,4,811,23,1
1753,duplicate_email,catalog,medium,2,802,21,0
1754,pending_purchases,account,high,3,586,20,1
1755,pending_purchases,commerce,low,1,379,6,0
1756,pending_purchases,catalog,high,3,771,10,1
1757,inactive_spike,catalog,medium,2,516,4,0
1758,other,catalog,high,3,395,21,1
1759,unverified_provider,account,medium,2,602,29,1
1760,duplicate_email,account,high,3,666,5,1
1761,unverified_provider,catalog,high,3,705,11,1
1762,lead_spike,commerce,low,1,428,22,1
1763,other,commerce,high,3,659,28,0
1764,stale_pending_policies,catalog,low,1,508,27,1
1765,reject_rate,catalog,high,3,114,8,1
1766,rejected_claims_volume,claims,low,1,301,9,0
1767,pending_purchases,commerce,low,1,592,2,0
1768,other,claims,medium,2,375,8,0
1769,reject_rate,catalog,low,1,695,1,1
1770,rejected_claims_volume,catalog,medium,2,146,14,1
1771,reject_rate,catalog,low,1,431,23,1
1772,rejected_claims_volume,claims,medium,2,22,29,1
1773,inactive_spike,claims,low,1,781,28,0
1774,duplicate_email,commerce,high,3,814,11,1
1775,lead_spike,commerce,high,3,375,19,1
1776,pending_purchases,catalog,medium,2,204,23,1
1777,lead_spike,catalog,medium,2,860,16,1
1778,inactive_spike,account,critical,4,738,26,1
1779,lead_spike,commerce,medium,2,747,18,1
1780,duplicate_email,claims,high,3,364,25,0
1781,unverified_provider,account,high,3,17,23,1
1782,rejected_claims_volume,account,high,3,500,26,1
1783,reject_rate,catalog,medium,2,824,14,1
1784,stale_pending_policies,catalog,critical,4,343,19,1
1785,stale_pending_policies,catalog,critical,4,6,29,1
1786,inactive_spike,account,high,3,880,14,1
1787,lead_spike,account,high,3,531,3,1
1788,other,claims,critical,4,737,2,1
1789,stale_pending_policies,catalog,medium,2,876,18,1
1790,rejected_claims_volume,claims,critical,4,527,12,1
1791,lead_spike,catalog,critical,4,642,8,1
1792,claim_burst,claims,low,1,391,20,1
1793,rejected_claims_volume,commerce,medium,2,379,27,1
1794,stale_pending_policies,catalog,low,1,287,8,1
1795,inactive_spike,account,medium,2,851,25,1
1796,lead_spike,catalog,critical,4,400,15,1
1797,claim_burst,claims,critical,4,296,12,1
1798,claim_burst,claims,low,1,188,3,1
1799,other,commerce,medium,2,896,26,1
1800,reject_rate,catalog,high,3,128,28,1
1801,reject_rate,catalog,medium,2,4,25,1
1802,inactive_spike,commerce,low,1,333,24,1
1803,other,commerce,medium,2,768,21,1
1804,claim_burst,account,low,1,565,23,1
1805,duplicate_email,catalog,critical,4,632,19,1
1806,reject_rate,claims,medium,2,10,27,1
1807,other,catalog,medium,2,492,28,1
1808,claim_burst,claims,low,1,814,4,1
1809,pending_purchases,commerce,medium,2,464,10,1
1810,rejected_claims_volume,account,high,3,807,22,1
1811,duplicate_email,commerce,critical,4,742,4,1
1812,unverified_provider,account,high,3,68,9,1
1813,duplicate_email,account,critical,4,731,2,1
1814,reject_rate,commerce,low,1,772,21,1
1815,pending_purchases,commerce,critical,4,408,30,1
1816,reject_rate,commerce,high,3,353,11,1
1817,reject_rate,catalog,low,1,364,30,1
1818,pending_purchases,claims,medium,2,291,4,0
1819,unverified_provider,claims,critical,4,659,7,1
1820,rejected_claims_volume,claims,high,3,337,29,1
1821,pending_purchases,commerce,critical,4,739,7,1
1822,unverified_provider,catalog,critical,4,541,7,1
1823,pending_purchases,commerce,low,1,194,23,1
1824,reject_rate,catalog,critical,4,763,29,1
1825,claim_burst,commerce,low,1,738,8,1
1826,reject_rate,commerce,low,1,121,20,1
1827,reject_rate,catalog,critical,4,422,4,1
1828,inactive_spike,commerce,low,1,462,28,1
1829,stale_pending_policies,account,high,3,459,17,0
1830,unverified_provider,account,medium,2,459,27,1
1831,inactive_spike,account,low,1,758,7,0
1832,duplicate_email,account,medium,2,703,21,1
1833,duplicate_email,account,medium,2,554,11,1
1834,stale_pending_policies,catalog,high,3,375,3,1
1835,duplicate_email,account,critical,4,171,15,1
1836,pending_purchases,account,high,3,638,3,1
1837,duplicate_email,account,critical,4,151,20,1
1838,reject_rate,account,critical,4,34,17,1
1839,claim_burst,claims,high,3,102,2,1
1840,other,claims,medium,2,317,7,0
1841,pending_purchases,claims,critical,4,531,4,1
1842,rejected_claims_volume,commerce,medium,2,431,30,1
1843,lead_spike,commerce,high,3,77,22,1
1844,unverified_provider,account,critical,4,121,11,1
1845,reject_rate,account,critical,4,569,23,1
1846,stale_pending_policies,catalog,low,1,867,23,1
1847,inactive_spike,claims,low,1,408,3,0
1848,unverified_provider,account,critical,4,426,7,1
1849,duplicate_email,catalog,critical,4,622,18,1
1850,duplicate_email,commerce,high,3,704,2,1
1851,rejected_claims_volume,claims,high,3,129,17,1
1852,unverified_provider,account,low,1,314,29,1
1853,pending_purchases,commerce,critical,4,56,10,1
1854,stale_pending_policies,catalog,high,3,208,24,1
1855,reject_rate,account,low,1,667,14,1
1856,inactive_spike,commerce,low,1,843,13,1
1857,inactive_spike,account,low,1,700,30,1
1858,claim_burst,account,low,1,753,4,1
1859,inactive_spike,commerce,critical,4,704,4,1
1860,pending_purchases,commerce,critical,4,713,21,1
1861,pending_purchases,commerce,medium,2,375,3,0
1862,other,catalog,critical,4,558,4,1
1863,unverified_provider,account,low,1,152,21,1
1864,inactive_spike,claims,critical,4,631,25,1
1865,pending_purchases,catalog,medium,2,830,11,0
1866,claim_burst,account,critical,4,3,30,1
1867,stale_pending_policies,catalog,critical,4,463,16,0
1868,reject_rate,account,critical,4,778,11,1
1869,unverified_provider,commerce,high,3,326,12,1
1870,stale_pending_policies,claims,low,1,605,5,0
1871,unverified_provider,catalog,low,1,625,2,0
1872,pending_purchases,commerce,high,3,122,1,1
1873,pending_purchases,commerce,high,3,802,11,1
1874,reject_rate,claims,high,3,179,5,1
1875,unverified_provider,account,critical,4,125,17,1
1876,stale_pending_policies,account,critical,4,325,14,1
1877,pending_purchases,catalog,medium,2,782,25,1
1878,lead_spike,claims,low,1,251,24,1
1879,lead_spike,commerce,high,3,691,28,1
1880,claim_burst,commerce,high,3,602,9,1
1881,unverified_provider,catalog,medium,2,222,14,1
1882,other,claims,medium,2,298,1,1
1883,pending_purchases,catalog,low,1,485,11,0
1884,rejected_claims_volume,claims,high,3,139,4,1
1885,rejected_claims_volume,catalog,critical,4,893,29,1
1886,claim_burst,claims,critical,4,781,13,1
1887,other,commerce,high,3,102,9,1
1888,claim_burst,account,critical,4,691,13,1
1889,lead_spike,catalog,low,1,20,11,1
1890,inactive_spike,claims,low,1,415,3,0
1891,unverified_provider,account,medium,2,615,2,0
1892,inactive_spike,commerce,high,3,479,13,1
1893,claim_burst,claims,high,3,449,17,1
1894,claim_burst,catalog,medium,2,58,6,1
1895,unverified_provider,account,critical,4,481,18,0
1896,duplicate_email,account,medium,2,68,9,1
1897,lead_spike,account,medium,2,420,26,1
1898,stale_pending_policies,commerce,high,3,205,3,1
1899,pending_purchases,commerce,high,3,579,23,1
1900,reject_rate,claims,medium,2,409,11,0
1901,stale_pending_policies,catalog,critical,4,113,27,1
1902,pending_purchases,commerce,low,1,305,16,1
1903,pending_purchases,commerce,critical,4,730,16,1
1904,stale_pending_policies,catalog,high,3,829,6,1
1905,lead_spike,catalog,critical,4,880,1,1
1906,pending_purchases,account,critical,4,318,29,1
1907,unverified_provider,account,critical,4,56,2,1
1908,unverified_provider,claims,high,3,531,13,1
1909,pending_purchases,commerce,critical,4,684,27,1
1910,duplicate_email,account,critical,4,109,8,0
1911,unverified_provider,account,critical,4,353,4,1
1912,claim_burst,account,high,3,555,12,0
1913,reject_rate,catalog,low,1,492,9,1
1914,claim_burst,commerce,high,3,445,25,1
1915,duplicate_email,account,medium,2,703,23,1
1916,stale_pending_policies,catalog,high,3,269,2,1
1917,lead_spike,commerce,critical,4,401,12,1
1918,rejected_claims_volume,catalog,critical,4,516,12,1
1919,lead_spike,commerce,medium,2,440,18,1
1920,pending_purchases,commerce,medium,2,581,13,1
1921,reject_rate,account,medium,2,845,8,0
1922,unverified_provider,claims,low,1,312,14,1
1923,pending_purchases,commerce,low,1,861,25,1
1924,rejected_claims_volume,catalog,low,1,417,22,1
1925,duplicate_email,commerce,medium,2,851,12,1
1926,pending_purchases,catalog,medium,2,22,16,1
1927,pending_purchases,commerce,high,3,304,20,1
1928,pending_purchases,catalog,low,1,131,1,0
1929,lead_spike,catalog,critical,4,300,1,1
1930,inactive_spike,account,low,1,502,11,0
1931,claim_burst,account,medium,2,762,21,1
1932,other,claims,low,1,303,24,1
1933,claim_burst,commerce,low,1,692,26,1
1934,reject_rate,catalog,low,1,683,19,0
1935,stale_pending_policies,catalog,critical,4,110,27,1
1936,unverified_provider,account,critical,4,792,16,1
1937,stale_pending_policies,account,low,1,11,6,0
1938,unverified_provider,catalog,critical,4,700,27,1
1939,inactive_spike,commerce,medium,2,171,29,1
1940,lead_spike,commerce,low,1,517,2,1
1941,reject_rate,claims,critical,4,172,23,1
1942,claim_burst,claims,critical,4,120,15,1
1943,lead_spike,claims,high,3,341,23,1
1944,claim_burst,claims,critical,4,247,7,1
1945,pending_purchases,claims,low,1,138,8,1
1946,duplicate_email,account,high,3,561,14,1
1947,stale_pending_policies,catalog,medium,2,298,19,0
1948,inactive_spike,account,critical,4,46,5,1
1949,other,commerce,critical,4,529,5,1
1950,rejected_claims_volume,claims,critical,4,806,10,1
1951,inactive_spike,claims,critical,4,850,21,1
1952,pending_purchases,commerce,high,3,481,8,1
1953,reject_rate,commerce,medium,2,450,1,0
1954,pending_purchases,claims,high,3,553,13,1
1955,pending_purchases,catalog,high,3,324,30,1
1956,reject_rate,catalog,low,1,620,14,1
1957,stale_pending_policies,claims,critical,4,530,15,1
1958,claim_burst,claims,critical,4,110,10,1
1959,rejected_claims_volume,account,high,3,137,21,1
1960,stale_pending_policies,commerce,critical,4,745,24,1
1961,inactive_spike,catalog,high,3,373,15,1
1962,inactive_spike,account,critical,4,538,16,1
1963,duplicate_email,account,medium,2,581,23,1
1964,stale_pending_policies,catalog,high,3,880,7,1
1965,pending_purchases,commerce,high,3,788,7,1
1966,pending_purchases,account,high,3,760,18,1
1967,claim_burst,claims,low,1,744,19,1
1968,lead_spike,claims,medium,2,261,22,1
1969,claim_burst,commerce,low,1,24,27,1
1970,claim_burst,claims,medium,2,759,17,1
1971,duplicate_email,account,high,3,413,3,1
1972,lead_spike,commerce,medium,2,150,14,1
1973,claim_burst,commerce,medium,2,143,1,1
1974,reject_rate,claims,critical,4,220,8,1
1975,unverified_provider,catalog,medium,2,733,26,1
1976,unverified_provider,catalog,medium,2,536,12,1
1977,inactive_spike,claims,critical,4,148,10,1
1978,inactive_spike,account,medium,2,418,23,1
1979,lead_spike,catalog,medium,2,147,1,1
1980,pending_purchases,commerce,high,3,438,12,1
1981,unverified_provider,claims,critical,4,823,29,1
1982,stale_pending_policies,commerce,medium,2,198,2,0
1983,stale_pending_policies,catalog,high,3,233,23,0
1984,pending_purchases,catalog,medium,2,654,25,1
1985,lead_spike,claims,critical,4,465,2,1
1986,claim_burst,claims,critical,4,380,1,1
1987,stale_pending_policies,commerce,critical,4,167,4,1
1988,stale_pending_policies,catalog,low,1,895,27,1
1989,claim_burst,claims,critical,4,797,5,0
1990,pending_purchases,catalog,critical,4,341,4,1
1991,claim_burst,claims,low,1,854,21,1
1992,reject_rate,claims,medium,2,854,25,1
1993,rejected_claims_volume,claims,low,1,217,14,1
1994,inactive_spike,commerce,critical,4,894,11,1
1995,rejected_claims_volume,claims,high,3,709,4,1
1996,claim_burst,catalog,medium,2,664,24,1
1997,unverified_provider,account,medium,2,477,19,0
1998,inactive_spike,account,low,1,122,13,1
1999,lead_spike,claims,critical,4,608,30,1
2000,lead_spike,commerce,critical,4,119,4,1
2001,reject_rate,catalog,high,3,445,25,1
2002,unverified_provider,catalog,critical,4,598,17,1
2003,pending_purchases,commerce,low,1,580,14,1
2004,reject_rate,catalog,medium,2,517,1,0
2005,pending_purchases,claims,medium,2,580,11,0
2006,reject_rate,claims,critical,4,58,14,1
2007,stale_pending_policies,catalog,medium,2,735,2,0
2008,lead_spike,commerce,critical,4,367,10,1
2009,claim_burst,commerce,critical,4,262,16,1
2010,rejected_claims_volume,claims,low,1,374,21,1
2011,lead_spike,commerce,low,1,672,24,0
2012,unverified_provider,account,high,3,889,17,1
2013,rejected_claims_volume,claims,critical,4,853,3,1
2014,unverified_provider,catalog,low,1,59,30,1
2015,reject_rate,catalog,high,3,360,8,1
2016,unverified_provider,account,medium,2,401,15,1
2017,reject_rate,commerce,critical,4,349,15,1
2018,claim_burst,commerce,high,3,268,6,1
2019,claim_burst,account,high,3,328,1,1
2020,other,catalog,low,1,287,19,1
2021,stale_pending_policies,catalog,high,3,840,25,1
2022,lead_spike,commerce,high,3,188,4,1
2023,other,claims,critical,4,323,30,1
2024,pending_purchases,commerce,low,1,629,18,1
2025,rejected_claims_volume,claims,low,1,197,16,1
2026,inactive_spike,account,medium,2,504,27,1
2027,stale_pending_policies,claims,critical,4,377,3,1
2028,reject_rate,catalog,low,1,173,22,1
2029,reject_rate,catalog,medium,2,886,11,0
2030,reject_rate,catalog,low,1,792,17,1
2031,rejected_claims_volume,commerce,critical,4,150,19,1
2032,lead_spike,commerce,critical,4,692,7,1
2033,rejected_claims_volume,catalog,medium,2,530,4,1
2034,duplicate_email,account,high,3,285,10,0
2035,reject_rate,catalog,critical,4,539,18,1
2036,inactive_spike,account,high,3,98,6,1
2037,unverified_provider,claims,high,3,34,2,1
2038,claim_burst,account,low,1,248,25,1
2039,lead_spike,commerce,critical,4,814,10,1
2040,reject_rate,account,high,3,143,24,1
2041,claim_burst,claims,critical,4,122,25,1
2042,duplicate_email,catalog,critical,4,312,14,1
2043,other,claims,high,3,769,3,1
2044,duplicate_email,commerce,high,3,638,20,1
2045,unverified_provider,claims,high,3,353,29,1
2046,pending_purchases,catalog,low,1,170,2,0
2047,lead_spike,account,low,1,293,10,0
2048,lead_spike,commerce,critical,4,445,7,1
2049,pending_purchases,commerce,low,1,600,16,1
2050,other,catalog,medium,2,313,12,1
2051,rejected_claims_volume,claims,high,3,304,6,1
2052,inactive_spike,catalog,medium,2,263,26,1
2053,duplicate_email,account,medium,2,784,8,0
2054,rejected_claims_volume,claims,critical,4,22,19,0
2055,duplicate_email,account,high,3,724,19,1
2056,rejected_claims_volume,commerce,critical,4,343,3,1
2057,pending_purchases,claims,low,1,410,8,0
2058,inactive_spike,catalog,low,1,210,13,1
2059,unverified_provider,claims,high,3,836,13,1
2060,duplicate_email,commerce,medium,2,544,13,1
2061,unverified_provider,account,low,1,184,10,0
2062,stale_pending_policies,catalog,high,3,70,6,1
2063,claim_burst,commerce,medium,2,11,21,1
2064,other,account,critical,4,878,17,1
2065,rejected_claims_volume,catalog,critical,4,523,30,1
2066,unverified_provider,catalog,high,3,817,27,1
2067,other,commerce,medium,2,222,9,0
2068,duplicate_email,account,high,3,526,27,1
2069,lead_spike,claims,critical,4,507,17,1
2070,claim_burst,commerce,high,3,136,12,1
2071,claim_burst,commerce,medium,2,438,28,1
2072,reject_rate,account,medium,2,223,16,1
2073,lead_spike,account,medium,2,495,24,1
2074,inactive_spike,account,critical,4,760,21,1
2075,claim_burst,catalog,medium,2,541,30,1
2076,duplicate_email,account,critical,4,792,10,1
2077,stale_pending_policies,claims,high,3,828,8,1
2078,unverified_provider,account,critical,4,797,19,1
2079,stale_pending_policies,account,low,1,768,24,1
2080,claim_burst,claims,high,3,759,26,1
2081,rejected_claims_volume,commerce,medium,2,816,26,1
2082,lead_spike,account,high,3,466,23,1
2083,stale_pending_policies,catalog,high,3,141,10,1
2084,other,account,critical,4,405,26,1
2085,other,claims,high,3,393,21,1
2086,reject_rate,account,high,3,439,1,1
2087,inactive_spike,account,low,1,284,4,0
2088,stale_pending_policies,catalog,medium,2,135,22,1
2089,rejected_claims_volume,catalog,low,1,640,3,0
2090,inactive_spike,catalog,medium,2,857,29,1
2091,rejected_claims_volume,claims,medium,2,782,26,1
2092,stale_pending_policies,catalog,medium,2,476,7,0
2093,claim_burst,claims,low,1,621,13,1
2094,other,commerce,critical,4,620,13,1
2095,reject_rate,catalog,critical,4,900,13,1
2096,rejected_claims_volume,claims,medium,2,656,17,1
2097,unverified_provider,catalog,high,3,266,22,1
2098,rejected_claims_volume,catalog,low,1,460,7,0
2099,stale_pending_policies,commerce,medium,2,607,14,1
2100,pending_purchases,commerce,high,3,686,12,1
2101,lead_spike,catalog,critical,4,415,19,1
2102,inactive_spike,account,high,3,581,6,0
2103,lead_spike,catalog,critical,4,800,7,1
2104,pending_purchases,catalog,critical,4,352,8,1
2105,reject_rate,commerce,high,3,410,19,1
2106,duplicate_email,account,high,3,329,30,1
2107,rejected_claims_volume,commerce,high,3,830,3,1
2108,claim_burst,claims,high,3,56,17,1
2109,pending_purchases,commerce,critical,4,762,26,1
2110,unverified_provider,claims,low,1,395,3,0
2111,lead_spike,commerce,high,3,310,12,1
2112,claim_burst,claims,high,3,389,21,1
2113,other,claims,critical,4,338,20,1
2114,duplicate_email,account,medium,2,558,22,1
2115,stale_pending_policies,account,high,3,352,11,1
2116,stale_pending_policies,account,medium,2,90,4,0
2117,stale_pending_policies,catalog,critical,4,807,14,1
2118,rejected_claims_volume,claims,critical,4,19,24,1
2119,unverified_provider,commerce,high,3,462,20,1
2120,pending_purchases,catalog,low,1,678,3,0
2121,unverified_provider,catalog,low,1,513,28,1
2122,duplicate_email,commerce,low,1,251,3,1
2123,lead_spike,commerce,high,3,837,17,1
2124,rejected_claims_volume,claims,low,1,640,30,0
2125,claim_burst,claims,high,3,194,17,1
2126,reject_rate,commerce,medium,2,798,4,0
2127,inactive_spike,account,critical,4,360,17,1
2128,other,catalog,low,1,529,24,1
2129,rejected_claims_volume,claims,high,3,730,24,0
2130,claim_burst,commerce,low,1,874,4,1
2131,unverified_provider,claims,critical,4,686,2,0
2132,claim_burst,claims,critical,4,622,19,1
2133,unverified_provider,claims,high,3,809,23,1
2134,inactive_spike,claims,medium,2,522,26,0
2135,duplicate_email,account,low,1,274,12,1
2136,claim_burst,account,high,3,894,15,0
2137,unverified_provider,catalog,critical,4,611,18,1
2138,pending_purchases,claims,medium,2,588,24,1
2139,duplicate_email,commerce,medium,2,480,24,1
2140,stale_pending_policies,commerce,low,1,89,30,1
2141,duplicate_email,commerce,medium,2,350,30,1
2142,rejected_claims_volume,commerce,critical,4,594,8,1
2143,claim_burst,catalog,critical,4,872,20,1
2144,claim_burst,claims,medium,2,700,12,1
2145,pending_purchases,commerce,medium,2,98,20,1
2146,inactive_spike,catalog,low,1,123,21,0
2147,rejected_claims_volume,claims,critical,4,590,6,1
2148,pending_purchases,commerce,low,1,82,9,0
2149,other,claims,medium,2,300,16,1
2150,stale_pending_policies,catalog,critical,4,137,7,1
2151,unverified_provider,account,critical,4,471,27,1
2152,pending_purchases,commerce,medium,2,502,21,0
2153,lead_spike,catalog,critical,4,396,8,1
2154,stale_pending_policies,claims,medium,2,718,14,1
2155,other,account,medium,2,372,6,0
2156,duplicate_email,catalog,medium,2,441,15,1
2157,rejected_claims_volume,account,medium,2,358,15,1
2158,unverified_provider,account,medium,2,87,1,0
2159,stale_pending_policies,catalog,medium,2,617,21,1
2160,duplicate_email,account,low,1,317,17,1
2161,claim_burst,commerce,low,1,197,5,1
2162,stale_pending_policies,claims,critical,4,252,19,0
2163,stale_pending_policies,account,low,1,90,23,1
2164,rejected_claims_volume,catalog,critical,4,535,21,1
2165,unverified_provider,commerce,low,1,462,30,1
2166,reject_rate,catalog,medium,2,115,24,1
2167,inactive_spike,claims,high,3,176,1,1
2168,inactive_spike,account,high,3,780,13,1
2169,rejected_claims_volume,claims,low,1,634,29,0
2170,reject_rate,account,low,1,765,26,1
2171,reject_rate,account,low,1,735,18,1
2172,duplicate_email,catalog,critical,4,238,27,1
2173,unverified_provider,commerce,medium,2,660,7,0
2174,claim_burst,catalog,low,1,422,12,1
2175,lead_spike,catalog,critical,4,607,1,1
2176,inactive_spike,account,low,1,228,19,1
2177,pending_purchases,commerce,medium,2,879,17,1
2178,claim_burst,account,medium,2,744,29,1
2179,inactive_spike,catalog,high,3,495,13,1
2180,other,commerce,medium,2,166,28,1
2181,claim_burst,claims,high,3,108,23,0
2182,lead_spike,claims,high,3,266,12,0
2183,duplicate_email,commerce,medium,2,491,25,1
2184,lead_spike,commerce,high,3,129,24,1
2185,claim_burst,commerce,critical,4,69,8,1
2186,other,commerce,high,3,566,22,1
2187,other,claims,high,3,892,24,1
2188,pending_purchases,catalog,medium,2,29,29,1
2189,unverified_provider,account,low,1,665,14,0
2190,claim_burst,claims,medium,2,138,24,1
2191,other,claims,high,3,361,26,1
2192,pending_purchases,claims,high,3,144,28,1
2193,claim_burst,claims,medium,2,263,24,1
2194,pending_purchases,commerce,low,1,742,26,1
2195,rejected_claims_volume,commerce,low,1,424,29,1
2196,inactive_spike,catalog,low,1,657,29,0
2197,claim_burst,claims,low,1,29,23,1
2198,duplicate_email,catalog,medium,2,671,3,1
2199,rejected_claims_volume,claims,critical,4,58,26,1
2200,inactive_spike,claims,high,3,493,26,1
2201,unverified_provider,account,medium,2,263,1,0
2202,lead_spike,commerce,low,1,849,28,1
2203,reject_rate,claims,low,1,240,29,1
2204,pending_purchases,account,high,3,691,26,1
2205,lead_spike,catalog,low,1,228,20,1
2206,reject_rate,catalog,low,1,145,21,1
2207,rejected_claims_volume,account,low,1,682,25,1
2208,claim_burst,claims,low,1,572,4,1
2209,other,commerce,critical,4,849,10,1
2210,inactive_spike,commerce,low,1,203,15,0
2211,stale_pending_policies,claims,low,1,509,1,0
2212,reject_rate,commerce,low,1,63,1,1
2213,claim_burst,claims,high,3,81,23,1
2214,unverified_provider,account,medium,2,318,4,0
2215,reject_rate,claims,low,1,183,8,0
2216,claim_burst,commerce,critical,4,334,17,1
2217,pending_purchases,account,medium,2,831,5,0
2218,duplicate_email,commerce,high,3,801,17,1
2219,reject_rate,commerce,critical,4,543,27,1
2220,reject_rate,claims,high,3,469,5,1
2221,lead_spike,claims,critical,4,569,10,1
2222,other,catalog,medium,2,231,22,1
2223,stale_pending_policies,catalog,medium,2,761,28,1
2224,inactive_spike,account,critical,4,590,27,1
2225,claim_burst,claims,low,1,314,30,1
2226,claim_burst,commerce,high,3,126,4,1
2227,lead_spike,claims,low,1,625,27,1
2228,stale_pending_policies,account,medium,2,461,2,0
2229,unverified_provider,account,medium,2,410,28,1
2230,reject_rate,commerce,low,1,279,11,0
2231,inactive_spike,account,low,1,106,1,0
2232,rejected_claims_volume,claims,low,1,372,30,1
2233,lead_spike,claims,medium,2,734,9,1
2234,pending_purchases,commerce,high,3,621,19,1
2235,rejected_claims_volume,claims,medium,2,528,30,1
2236,reject_rate,catalog,medium,2,561,4,0
2237,rejected_claims_volume,account,low,1,202,4,0
2238,lead_spike,catalog,medium,2,386,29,1
2239,lead_spike,catalog,low,1,128,23,1
2240,duplicate_email,commerce,critical,4,311,1,1
2241,pending_purchases,catalog,medium,2,3,28,1
2242,stale_pending_policies,catalog,medium,2,749,21,1
2243,pending_purchases,account,medium,2,759,22,1
2244,reject_rate,commerce,critical,4,331,27,1
2245,inactive_spike,account,critical,4,779,27,1
2246,claim_burst,claims,high,3,310,14,1
2247,reject_rate,catalog,low,1,842,11,0
2248,duplicate_email,account,critical,4,695,29,1
2249,lead_spike,catalog,low,1,61,22,1
2250,claim_burst,commerce,critical,4,778,22,1
2251,reject_rate,catalog,medium,2,588,21,1
2252,inactive_spike,account,high,3,868,14,1
2253,pending_purchases,commerce,low,1,792,16,1
2254,duplicate_email,claims,low,1,580,13,1
2255,stale_pending_policies,account,high,3,669,18,0
2256,lead_spike,commerce,critical,4,813,2,1
2257,inactive_spike,commerce,critical,4,656,12,1
2258,claim_burst,claims,medium,2,214,6,1
2259,other,claims,medium,2,650,7,0
2260,duplicate_email,catalog,critical,4,679,5,1
2261,pending_purchases,commerce,medium,2,174,12,0
2262,inactive_spike,account,medium,2,691,9,1
2263,inactive_spike,catalog,high,3,817,13,1
2264,pending_purchases,commerce,high,3,161,6,1
2265,claim_burst,claims,critical,4,106,20,1
2266,inactive_spike,account,critical,4,695,24,1
2267,pending_purchases,commerce,medium,2,277,2,0
2268,pending_purchases,commerce,high,3,267,3,1
2269,pending_purchases,commerce,low,1,865,15,1
2270,inactive_spike,claims,medium,2,35,20,1
2271,claim_burst,catalog,low,1,431,28,1
2272,claim_burst,commerce,low,1,396,1,1
2273,other,claims,medium,2,691,13,1
2274,rejected_claims_volume,claims,medium,2,760,12,1
2275,reject_rate,catalog,critical,4,557,12,1
2276,rejected_claims_volume,claims,medium,2,745,17,1
2277,rejected_claims_volume,claims,high,3,828,10,1
2278,stale_pending_policies,catalog,critical,4,517,17,1
2279,other,catalog,high,3,726,22,1
2280,claim_burst,claims,critical,4,263,7,1
2281,unverified_provider,account,medium,2,839,19,1
2282,claim_burst,commerce,critical,4,600,13,1
2283,lead_spike,catalog,high,3,311,8,1
2284,pending_purchases,catalog,medium,2,303,9,0
2285,stale_pending_policies,account,medium,2,776,9,0
2286,inactive_spike,claims,critical,4,736,30,1
2287,other,claims,medium,2,287,2,0
2288,pending_purchases,claims,critical,4,330,10,1
2289,duplicate_email,commerce,high,3,898,21,1
2290,pending_purchases,account,low,1,190,30,1
2291,rejected_claims_volume,commerce,critical,4,686,15,1
2292,lead_spike,claims,high,3,249,22,1
2293,inactive_spike,account,medium,2,314,10,1
2294,other,claims,high,3,203,27,1
2295,unverified_provider,account,high,3,346,8,1
2296,reject_rate,catalog,critical,4,609,12,1
2297,duplicate_email,commerce,critical,4,32,28,1
2298,reject_rate,account,medium,2,854,5,0
2299,other,claims,medium,2,730,18,1
2300,unverified_provider,account,medium,2,183,7,1
2301,stale_pending_policies,claims,low,1,565,6,0
2302,inactive_spike,catalog,critical,4,528,5,1
2303,rejected_claims_volume,claims,high,3,868,19,0
2304,reject_rate,commerce,critical,4,566,5,1
2305,pending_purchases,commerce,medium,2,780,22,1
2306,pending_purchases,account,low,1,353,23,1
2307,stale_pending_policies,commerce,medium,2,535,7,0
2308,claim_burst,claims,low,1,661,1,1
2309,inactive_spike,claims,medium,2,103,19,1
2310,rejected_claims_volume,catalog,medium,2,717,29,1
2311,inactive_spike,commerce,medium,2,519,26,1
2312,unverified_provider,claims,medium,2,371,11,0
2313,other,claims,critical,4,150,19,1
2314,reject_rate,catalog,medium,2,6,13,1
2315,stale_pending_policies,commerce,low,1,452,1,0
2316,pending_purchases,claims,critical,4,391,18,1
2317,rejected_claims_volume,catalog,critical,4,43,14,1
2318,rejected_claims_volume,catalog,critical,4,382,8,1
2319,rejected_claims_volume,claims,low,1,550,15,1
2320,unverified_provider,account,medium,2,512,25,1
2321,duplicate_email,commerce,high,3,94,12,1
2322,rejected_claims_volume,claims,medium,2,199,18,1
2323,duplicate_email,account,critical,4,378,21,1
2324,stale_pending_policies,catalog,medium,2,679,8,0
2325,reject_rate,catalog,critical,4,832,30,1
2326,claim_burst,claims,medium,2,508,2,0
2327,duplicate_email,account,medium,2,462,14,1
2328,claim_burst,commerce,critical,4,127,8,1
2329,stale_pending_policies,catalog,high,3,529,24,0
2330,claim_burst,claims,critical,4,48,28,1
2331,other,commerce,critical,4,819,19,1
2332,lead_spike,commerce,critical,4,324,26,1
2333,rejected_claims_volume,commerce,critical,4,162,26,1
2334,other,commerce,critical,4,521,20,1
2335,unverified_provider,account,high,3,120,1,1
2336,inactive_spike,account,medium,2,557,28,1
2337,lead_spike,commerce,low,1,270,17,1
2338,rejected_claims_volume,commerce,low,1,207,8,0
2339,other,catalog,high,3,146,3,1
2340,claim_burst,commerce,high,3,129,11,1
2341,pending_purchases,catalog,critical,4,246,11,1
2342,inactive_spike,commerce,low,1,774,13,1
2343,reject_rate,commerce,low,1,472,20,1
2344,reject_rate,catalog,critical,4,233,27,1
2345,rejected_claims_volume,claims,medium,2,337,18,1
2346,reject_rate,catalog,high,3,792,3,1
2347,duplicate_email,account,medium,2,591,28,1
2348,rejected_claims_volume,claims,critical,4,522,9,1
2349,inactive_spike,claims,low,1,459,24,1
2350,duplicate_email,claims,low,1,556,28,1
2351,lead_spike,commerce,medium,2,197,16,1
2352,other,account,high,3,117,4,1
2353,lead_spike,commerce,low,1,665,2,1
2354,stale_pending_policies,catalog,critical,4,235,17,1
2355,pending_purchases,catalog,critical,4,234,17,1
2356,claim_burst,catalog,low,1,823,22,1
2357,pending_purchases,commerce,high,3,115,23,0
2358,rejected_claims_volume,catalog,low,1,611,20,1
2359,lead_spike,commerce,medium,2,123,7,1
2360,unverified_provider,commerce,critical,4,56,21,1
2361,pending_purchases,commerce,low,1,354,15,1
2362,reject_rate,claims,medium,2,618,21,1
2363,lead_spike,commerce,critical,4,228,18,1
2364,rejected_claims_volume,claims,high,3,307,7,1
2365,rejected_claims_volume,commerce,low,1,59,10,0
2366,unverified_provider,catalog,high,3,324,4,1
2367,duplicate_email,catalog,high,3,267,27,1
2368,duplicate_email,claims,critical,4,119,18,1
2369,unverified_provider,account,critical,4,22,13,1
2370,other,catalog,high,3,510,24,1
2371,rejected_claims_volume,claims,critical,4,555,17,1
2372,stale_pending_policies,catalog,low,1,789,10,0
2373,duplicate_email,account,medium,2,84,29,0
2374,other,claims,medium,2,290,28,1
2375,reject_rate,account,low,1,38,1,0
2376,rejected_claims_volume,account,critical,4,808,15,1
2377,duplicate_email,claims,critical,4,530,3,0
2378,unverified_provider,catalog,critical,4,763,29,1
2379,reject_rate,catalog,low,1,718,7,0
2380,pending_purchases,account,low,1,774,28,1
2381,stale_pending_policies,account,medium,2,142,28,1
2382,lead_spike,claims,medium,2,537,9,0
2383,stale_pending_policies,catalog,high,3,95,16,1
2384,reject_rate,catalog,low,1,490,29,1
2385,unverified_provider,account,medium,2,495,19,0
2386,claim_burst,catalog,high,3,274,20,1
2387,unverified_provider,account,critical,4,756,2,1
2388,claim_burst,claims,high,3,68,27,1
2389,rejected_claims_volume,claims,critical,4,79,20,1
2390,reject_rate,catalog,critical,4,124,23,1
2391,rejected_claims_volume,claims,critical,4,897,12,1
2392,inactive_spike,account,critical,4,388,9,1
2393,reject_rate,claims,medium,2,126,21,1
2394,lead_spike,commerce,critical,4,698,1,1
2395,rejected_claims_volume,account,medium,2,669,26,1
2396,rejected_claims_volume,claims,high,3,502,1,1
2397,pending_purchases,commerce,low,1,771,3,0
2398,claim_burst,commerce,medium,2,499,17,1
2399,pending_purchases,catalog,medium,2,376,9,0
2400,other,catalog,high,3,201,4,1
2401,reject_rate,account,low,1,377,28,1
2402,other,claims,critical,4,769,14,1
2403,rejected_claims_volume,claims,medium,2,244,29,1
2404,stale_pending_policies,claims,medium,2,369,11,0
2405,pending_purchases,claims,low,1,307,2,0
2406,unverified_provider,account,medium,2,334,23,1
2407,reject_rate,catalog,medium,2,829,29,1
2408,duplicate_email,account,medium,2,578,5,1
2409,lead_spike,commerce,low,1,76,16,1
2410,pending_purchases,commerce,medium,2,896,24,1
2411,lead_spike,catalog,critical,4,473,21,1
2412,rejected_claims_volume,commerce,high,3,693,26,0
2413,claim_burst,claims,low,1,34,19,1
2414,other,claims,high,3,864,6,1
2415,inactive_spike,account,low,1,205,3,0
2416,unverified_provider,account,high,3,689,5,1
2417,inactive_spike,account,high,3,127,13,1
2418,unverified_provider,account,high,3,158,30,1
2419,pending_purchases,commerce,high,3,548,16,0
2420,other,catalog,high,3,873,26,1
2421,pending_purchases,commerce,high,3,229,25,1
2422,pending_purchases,account,critical,4,306,17,0
2423,unverified_provider,catalog,critical,4,868,18,1
2424,pending_purchases,commerce,low,1,50,5,0
2425,claim_burst,commerce,medium,2,4,29,1
2426,inactive_spike,claims,high,3,497,2,1
2427,other,account,low,1,861,29,1
2428,stale_pending_policies,catalog,low,1,782,14,1
2429,other,commerce,low,1,18,22,1
2430,other,claims,medium,2,211,8,0
2431,stale_pending_policies,catalog,critical,4,357,3,1
2432,other,commerce,critical,4,527,6,1
2433,reject_rate,account,medium,2,126,28,1
2434,unverified_provider,account,critical,4,67,26,1
2435,pending_purchases,claims,critical,4,156,28,1
2436,other,catalog,critical,4,474,17,1
2437,duplicate_email,account,low,1,556,3,1
2438,pending_purchases,catalog,low,1,757,23,1
2439,duplicate_email,claims,medium,2,133,28,1
2440,reject_rate,catalog,medium,2,14,30,1
2441,lead_spike,commerce,medium,2,510,27,1
2442,claim_burst,catalog,critical,4,738,24,1
2443,claim_burst,claims,critical,4,574,11,1
2444,lead_spike,claims,medium,2,105,27,1
2445,inactive_spike,account,low,1,104,12,1
2446,lead_spike,commerce,high,3,255,30,1
2447,inactive_spike,claims,high,3,624,24,1
2448,lead_spike,commerce,high,3,323,14,1
2449,inactive_spike,claims,high,3,832,28,1
2450,stale_pending_policies,account,critical,4,827,20,1
2451,inactive_spike,account,medium,2,381,16,1
2452,pending_purchases,catalog,medium,2,332,5,0
2453,duplicate_email,commerce,high,3,888,10,1
2454,stale_pending_policies,catalog,low,1,569,14,1
2455,reject_rate,catalog,high,3,501,22,1
2456,duplicate_email,catalog,medium,2,338,17,1
2457,rejected_claims_volume,account,medium,2,729,4,1
2458,unverified_provider,account,medium,2,543,5,0
2459,other,catalog,critical,4,273,7,1
2460,stale_pending_policies,catalog,medium,2,49,20,1
2461,rejected_claims_volume,claims,medium,2,550,9,0
2462,pending_purchases,commerce,medium,2,411,30,1
2463,claim_burst,catalog,high,3,693,16,1
2464,stale_pending_policies,catalog,high,3,729,5,0
2465,pending_purchases,commerce,critical,4,22,25,1
2466,inactive_spike,commerce,high,3,128,18,1
2467,reject_rate,catalog,high,3,484,25,1
2468,lead_spike,commerce,medium,2,868,16,1
2469,stale_pending_policies,account,critical,4,252,4,1
2470,pending_purchases,commerce,low,1,19,24,1
2471,claim_burst,claims,low,1,372,6,1
2472,claim_burst,claims,critical,4,893,3,1
2473,lead_spike,account,low,1,728,20,1
2474,reject_rate,catalog,high,3,569,11,1
2475,unverified_provider,account,low,1,793,17,1
2476,rejected_claims_volume,catalog,high,3,166,24,1
2477,inactive_spike,claims,medium,2,254,30,0
2478,duplicate_email,account,low,1,746,24,1
2479,rejected_claims_volume,account,low,1,597,24,1
2480,duplicate_email,account,medium,2,81,2,1
2481,unverified_provider,account,medium,2,179,27,1
2482,rejected_claims_volume,account,medium,2,728,21,0
2483,lead_spike,claims,high,3,462,5,1
2484,lead_spike,account,critical,4,599,13,1
2485,unverified_provider,account,high,3,755,25,1
2486,inactive_spike,account,critical,4,390,6,0
2487,lead_spike,catalog,medium,2,157,23,0
2488,duplicate_email,account,low,1,290,25,1
2489,unverified_provider,commerce,low,1,827,25,1
2490,inactive_spike,claims,medium,2,586,19,1
2491,inactive_spike,claims,low,1,436,1,0
2492,stale_pending_policies,catalog,critical,4,568,30,1
2493,duplicate_email,claims,critical,4,894,16,1
2494,pending_purchases,catalog,low,1,221,16,1
2495,inactive_spike,claims,medium,2,653,13,1
2496,claim_burst,claims,high,3,73,12,1
2497,pending_purchases,commerce,critical,4,633,7,1
2498,reject_rate,catalog,low,1,461,22,1
2499,claim_burst,claims,low,1,309,6,1
2500,rejected_claims_volume,catalog,critical,4,64,19,1
2501,rejected_claims_volume,catalog,critical,4,589,14,1
2502,rejected_claims_volume,claims,critical,4,735,27,1
2503,claim_burst,claims,medium,2,306,24,1
2504,pending_purchases,commerce,critical,4,498,12,1
2505,unverified_provider,claims,medium,2,35,15,1
2506,lead_spike,catalog,critical,4,694,30,1
2507,duplicate_email,commerce,critical,4,540,12,1
2508,rejected_claims_volume,account,low,1,440,21,1
2509,inactive_spike,account,critical,4,276,21,1
2510,other,claims,critical,4,117,26,1
2511,unverified_provider,account,critical,4,313,26,1
2512,inactive_spike,claims,high,3,636,7,1
2513,stale_pending_policies,commerce,medium,2,672,18,1
2514,rejected_claims_volume,claims,critical,4,315,8,1
2515,rejected_claims_volume,account,high,3,276,19,1
2516,claim_burst,account,medium,2,802,13,0
2517,pending_purchases,commerce,low,1,467,12,1
2518,inactive_spike,catalog,critical,4,308,27,0
2519,unverified_provider,catalog,critical,4,307,6,1
2520,inactive_spike,claims,medium,2,595,12,1
2521,unverified_provider,claims,critical,4,162,2,1
2522,inactive_spike,commerce,medium,2,119,16,1
2523,duplicate_email,claims,medium,2,99,3,1
2524,rejected_claims_volume,account,medium,2,309,29,1
2525,reject_rate,catalog,medium,2,616,12,0
2526,rejected_claims_volume,account,high,3,410,29,1
2527,unverified_provider,account,medium,2,88,30,1
2528,reject_rate,catalog,critical,4,737,24,1
2529,lead_spike,commerce,critical,4,616,26,1
2530,claim_burst,account,low,1,819,8,1
2531,stale_pending_policies,catalog,low,1,652,29,1
2532,duplicate_email,commerce,medium,2,773,18,1
2533,rejected_claims_volume,commerce,high,3,644,6,1
2534,unverified_provider,account,low,1,453,24,1
2535,claim_burst,claims,low,1,439,23,1
2536,stale_pending_policies,catalog,critical,4,677,15,1
2537,reject_rate,commerce,critical,4,49,19,1
2538,reject_rate,catalog,critical,4,375,10,0
2539,reject_rate,account,medium,2,837,20,1
2540,pending_purchases,claims,high,3,586,8,1
2541,claim_burst,catalog,critical,4,792,27,0
2542,lead_spike,commerce,high,3,673,1,1
2543,reject_rate,claims,critical,4,312,12,1
2544,reject_rate,catalog,low,1,866,26,1
2545,inactive_spike,account,medium,2,53,4,0
2546,claim_burst,claims,low,1,789,10,1
2547,claim_burst,catalog,low,1,872,22,0
2548,duplicate_email,commerce,medium,2,815,4,1
2549,stale_pending_policies,catalog,medium,2,299,1,0
2550,stale_pending_policies,claims,critical,4,589,23,1
2551,claim_burst,commerce,critical,4,580,23,1
2552,other,account,critical,4,762,21,1
2553,rejected_claims_volume,commerce,high,3,441,24,1
2554,other,account,low,1,56,13,1
2555,duplicate_email,account,high,3,674,26,1
2556,stale_pending_policies,catalog,low,1,891,21,1
2557,rejected_claims_volume,catalog,medium,2,208,1,0
2558,other,catalog,medium,2,305,14,1
2559,lead_spike,commerce,low,1,611,20,1
2560,inactive_spike,commerce,low,1,492,26,1
2561,stale_pending_policies,catalog,medium,2,657,12,1
2562,pending_purchases,claims,critical,4,48,29,1
2563,lead_spike,catalog,high,3,362,24,1
2564,reject_rate,catalog,low,1,468,8,0
2565,rejected_claims_volume,claims,critical,4,714,4,1
2566,stale_pending_policies,commerce,critical,4,14,14,1
2567,rejected_claims_volume,catalog,medium,2,615,16,1
2568,rejected_claims_volume,commerce,low,1,472,7,0
2569,rejected_claims_volume,commerce,low,1,550,28,1
2570,claim_burst,claims,high,3,237,2,1
2571,lead_spike,catalog,medium,2,266,8,1
2572,rejected_claims_volume,account,critical,4,329,7,1
2573,rejected_claims_volume,claims,critical,4,383,20,1
2574,duplicate_email,account,medium,2,687,7,1
2575,unverified_provider,commerce,high,3,231,19,1
2576,stale_pending_policies,catalog,high,3,537,15,1
2577,inactive_spike,account,high,3,307,26,1
2578,other,claims,medium,2,605,22,0
2579,duplicate_email,claims,high,3,429,3,1
2580,other,claims,medium,2,382,13,1
2581,stale_pending_policies,commerce,high,3,770,26,1
2582,stale_pending_policies,commerce,critical,4,779,26,1
2583,rejected_claims_volume,claims,high,3,668,2,1
2584,unverified_provider,commerce,medium,2,610,9,0
2585,pending_purchases,account,medium,2,408,3,0
2586,rejected_claims_volume,claims,critical,4,134,12,1
2587,reject_rate,claims,low,1,293,5,0
2588,inactive_spike,commerce,critical,4,276,13,1
2589,other,claims,high,3,372,21,1
2590,unverified_provider,account,critical,4,881,3,0
2591,reject_rate,catalog,high,3,632,23,1
2592,claim_burst,commerce,low,1,684,27,1
2593,rejected_claims_volume,claims,critical,4,396,29,1
2594,duplicate_email,catalog,critical,4,615,30,1
2595,pending_purchases,commerce,medium,2,494,20,1
2596,other,account,critical,4,229,6,1
2597,unverified_provider,account,medium,2,224,10,0
2598,unverified_provider,account,low,1,6,20,1
2599,lead_spike,commerce,medium,2,348,14,1
2600,pending_purchases,claims,critical,4,626,13,1
2601,rejected_claims_volume,claims,low,1,115,3,0
2602,pending_purchases,catalog,high,3,184,21,1
2603,other,account,high,3,315,12,1
2604,rejected_claims_volume,claims,critical,4,379,11,1
2605,rejected_claims_volume,claims,high,3,425,30,0
2606,rejected_claims_volume,commerce,critical,4,112,2,1
2607,unverified_provider,account,high,3,541,11,1
2608,lead_spike,commerce,low,1,78,5,1
2609,inactive_spike,claims,low,1,664,22,1
2610,pending_purchases,commerce,medium,2,404,29,1
2611,claim_burst,claims,high,3,145,20,1
2612,duplicate_email,account,critical,4,438,7,1
2613,pending_purchases,commerce,critical,4,543,6,1
2614,rejected_claims_volume,commerce,medium,2,290,19,1
2615,inactive_spike,claims,high,3,93,30,1
2616,unverified_provider,account,high,3,379,24,0
2617,lead_spike,claims,high,3,304,6,1
2618,claim_burst,commerce,medium,2,797,16,1
2619,inactive_spike,account,critical,4,631,25,1
2620,reject_rate,catalog,critical,4,84,22,1
2621,other,commerce,low,1,11,6,0
2622,pending_purchases,catalog,medium,2,608,30,1
2623,lead_spike,catalog,high,3,740,21,1
2624,claim_burst,account,medium,2,236,29,0
2625,pending_purchases,account,high,3,820,29,1
2626,lead_spike,commerce,critical,4,570,20,1
2627,unverified_provider,account,critical,4,567,18,1
2628,claim_burst,catalog,low,1,877,3,1
2629,claim_burst,commerce,critical,4,608,13,1
2630,pending_purchases,commerce,low,1,546,10,0
2631,rejected_claims_volume,commerce,high,3,268,14,1
2632,reject_rate,catalog,critical,4,736,29,1
2633,pending_purchases,commerce,critical,4,340,3,1
2634,unverified_provider,commerce,low,1,752,18,0
2635,claim_burst,claims,critical,4,82,14,1
2636,unverified_provider,account,critical,4,28,20,1
2637,lead_spike,commerce,medium,2,223,13,1
2638,pending_purchases,catalog,critical,4,213,17,1
2639,other,claims,critical,4,769,11,1
2640,unverified_provider,account,high,3,435,13,1
2641,claim_burst,commerce,low,1,33,30,1
2642,stale_pending_policies,catalog,high,3,133,15,1
2643,unverified_provider,claims,medium,2,605,25,1
2644,rejected_claims_volume,catalog,low,1,461,11,1
2645,inactive_spike,catalog,critical,4,536,17,1
2646,reject_rate,claims,low,1,22,2,1
2647,duplicate_email,commerce,medium,2,404,14,1
2648,claim_burst,claims,low,1,143,23,1
2649,duplicate_email,account,critical,4,560,10,1
2650,unverified_provider,account,high,3,344,24,1
2651,inactive_spike,account,medium,2,10,25,1
2652,duplicate_email,account,high,3,172,2,1
2653,inactive_spike,commerce,critical,4,269,28,1
2654,reject_rate,account,medium,2,765,9,0
2655,unverified_provider,account,medium,2,194,15,1
2656,inactive_spike,claims,low,1,219,4,0
2657,reject_rate,catalog,critical,4,687,23,1
2658,claim_burst,account,medium,2,158,23,1
2659,stale_pending_policies,commerce,medium,2,423,15,1
2660,reject_rate,account,medium,2,547,21,1
2661,rejected_claims_volume,account,medium,2,675,29,1
2662,inactive_spike,account,medium,2,627,28,1
2663,inactive_spike,account,medium,2,477,18,1
2664,reject_rate,catalog,critical,4,650,18,1
2665,claim_burst,claims,medium,2,832,28,1
2666,inactive_spike,catalog,medium,2,83,20,1
2667,unverified_provider,catalog,medium,2,704,12,0
2668,rejected_claims_volume,commerce,low,1,208,27,0
2669,unverified_provider,account,low,1,102,19,1
2670,duplicate_email,account,critical,4,43,30,1
2671,duplicate_email,catalog,high,3,463,13,1
2672,lead_spike,commerce,low,1,890,13,1
2673,other,commerce,low,1,383,9,0
2674,reject_rate,catalog,critical,4,37,20,1
2675,reject_rate,account,medium,2,32,1,0
2676,unverified_provider,claims,low,1,891,18,1
2677,lead_spike,claims,critical,4,481,15,1
2678,reject_rate,catalog,critical,4,296,19,1
2679,pending_purchases,commerce,low,1,671,3,0
2680,unverified_provider,account,critical,4,609,7,1
2681,pending_purchases,commerce,critical,4,81,25,1
2682,reject_rate,commerce,medium,2,499,22,1
2683,claim_burst,account,medium,2,83,9,1
2684,stale_pending_policies,account,medium,2,605,25,1
2685,pending_purchases,commerce,high,3,710,8,1
2686,unverified_provider,catalog,high,3,186,16,1
2687,rejected_claims_volume,commerce,medium,2,68,14,1
2688,unverified_provider,claims,medium,2,60,3,0
2689,pending_purchases,commerce,medium,2,33,29,1
2690,inactive_spike,catalog,medium,2,710,18,1
2691,claim_burst,claims,high,3,395,7,1
2692,unverified_provider,claims,high,3,416,24,1
2693,lead_spike,claims,low,1,17,26,1
2694,unverified_provider,account,low,1,749,4,0
2695,rejected_claims_volume,account,medium,2,840,23,1
2696,reject_rate,claims,critical,4,517,24,1
2697,pending_purchases,commerce,low,1,713,12,1
2698,unverified_provider,commerce,medium,2,105,12,1
2699,unverified_provider,claims,high,3,473,12,1
2700,reject_rate,claims,medium,2,303,21,1
2701,inactive_spike,account,critical,4,94,6,1
2702,inactive_spike,catalog,low,1,88,21,1
2703,duplicate_email,account,critical,4,567,18,1
2704,claim_burst,claims,medium,2,423,2,1
2705,duplicate_email,commerce,low,1,48,4,0
2706,pending_purchases,commerce,critical,4,498,2,1
2707,other,claims,high,3,768,20,1
2708,lead_spike,commerce,critical,4,329,10,1
2709,inactive_spike,account,medium,2,390,4,0
2710,rejected_claims_volume,claims,low,1,100,11,0
2711,claim_burst,claims,critical,4,554,7,1
2712,stale_pending_policies,catalog,high,3,741,5,1
2713,stale_pending_policies,catalog,medium,2,284,15,1
2714,pending_purchases,catalog,medium,2,525,4,0
2715,lead_spike,commerce,high,3,412,7,1
2716,other,claims,medium,2,501,1,0
2717,duplicate_email,commerce,critical,4,297,26,1
2718,unverified_provider,commerce,medium,2,392,16,1
2719,other,commerce,low,1,235,5,0
2720,duplicate_email,account,medium,2,431,9,1
2721,rejected_claims_volume,account,critical,4,523,18,1
2722,pending_purchases,catalog,high,3,616,30,0
2723,lead_spike,commerce,critical,4,206,18,1
2724,claim_burst,commerce,medium,2,61,24,1
2725,duplicate_email,catalog,medium,2,365,10,1
2726,lead_spike,catalog,high,3,372,11,1
2727,stale_pending_policies,catalog,high,3,505,24,1
2728,pending_purchases,catalog,low,1,207,3,0
2729,rejected_claims_volume,catalog,critical,4,240,6,1
2730,unverified_provider,claims,critical,4,555,2,1
2731,unverified_provider,commerce,high,3,19,30,1
2732,lead_spike,commerce,medium,2,337,12,1
2733,claim_burst,commerce,high,3,490,2,1
2734,other,claims,low,1,244,25,1
2735,lead_spike,claims,high,3,461,18,1
2736,pending_purchases,claims,critical,4,876,9,1
2737,stale_pending_policies,commerce,critical,4,445,29,1
2738,stale_pending_policies,commerce,medium,2,648,11,0
2739,reject_rate,catalog,critical,4,94,12,1
2740,pending_purchases,commerce,critical,4,430,21,1
2741,reject_rate,catalog,low,1,825,24,1
2742,reject_rate,account,low,1,707,10,0
2743,pending_purchases,commerce,high,3,276,4,1
2744,pending_purchases,commerce,low,1,813,26,1
2745,claim_burst,catalog,high,3,324,20,1
2746,unverified_provider,catalog,critical,4,587,13,1
2747,reject_rate,catalog,low,1,415,12,1
2748,duplicate_email,account,high,3,20,5,1
2749,rejected_claims_volume,claims,critical,4,878,21,1
2750,claim_burst,account,critical,4,126,16,1
2751,inactive_spike,account,medium,2,839,26,1
2752,lead_spike,catalog,critical,4,481,16,1
2753,duplicate_email,commerce,high,3,439,4,1
2754,stale_pending_policies,commerce,low,1,735,17,1
2755,duplicate_email,account,high,3,412,30,1
2756,unverified_provider,account,critical,4,775,6,1
2757,duplicate_email,account,low,1,657,8,1
2758,rejected_claims_volume,claims,low,1,560,14,1
2759,stale_pending_policies,commerce,low,1,23,26,1
2760,rejected_claims_volume,claims,critical,4,415,10,1
2761,lead_spike,commerce,high,3,540,13,1
2762,pending_purchases,commerce,critical,4,520,6,1
2763,duplicate_email,account,critical,4,520,26,1
2764,claim_burst,claims,medium,2,93,28,1
2765,pending_purchases,commerce,medium,2,671,9,0
2766,pending_purchases,claims,high,3,692,13,1
2767,pending_purchases,commerce,medium,2,171,9,0
2768,duplicate_email,commerce,critical,4,361,3,1
2769,pending_purchases,commerce,critical,4,201,11,1
2770,lead_spike,commerce,medium,2,722,15,0
2771,unverified_provider,account,high,3,555,18,1
2772,reject_rate,catalog,low,1,738,30,1
2773,pending_purchases,account,low,1,133,10,0
2774,inactive_spike,claims,medium,2,141,9,0
2775,rejected_claims_volume,claims,low,1,619,18,1
2776,claim_burst,claims,high,3,245,3,1
2777,unverified_provider,account,high,3,410,27,1
2778,other,account,critical,4,546,13,1
2779,claim_burst,account,low,1,241,6,1
2780,other,commerce,critical,4,61,27,1
2781,rejected_claims_volume,claims,medium,2,484,17,1
2782,duplicate_email,account,low,1,34,8,1
2783,unverified_provider,account,high,3,444,11,1
2784,claim_burst,catalog,critical,4,686,18,1
2785,unverified_provider,account,medium,2,346,11,0
2786,lead_spike,commerce,medium,2,659,5,1
2787,rejected_claims_volume,claims,low,1,628,28,1
2788,rejected_claims_volume,claims,high,3,547,12,1
2789,other,account,critical,4,241,18,1
2790,duplicate_email,claims,low,1,562,4,1
2791,other,account,high,3,186,8,1
2792,stale_pending_policies,claims,high,3,230,25,1
2793,claim_burst,commerce,low,1,586,21,1
2794,claim_burst,claims,low,1,526,18,1
2795,reject_rate,commerce,low,1,737,27,0
2796,inactive_spike,account,critical,4,766,27,1
2797,duplicate_email,account,medium,2,133,16,1
2798,lead_spike,account,critical,4,95,11,1
2799,unverified_provider,account,high,3,652,27,1
2800,lead_spike,claims,critical,4,268,11,1
2801,unverified_provider,commerce,medium,2,654,28,1
2802,stale_pending_policies,account,medium,2,394,25,1
2803,lead_spike,commerce,low,1,149,23,1
2804,rejected_claims_volume,claims,critical,4,306,9,1
2805,stale_pending_policies,claims,critical,4,741,1,1
2806,duplicate_email,catalog,medium,2,795,15,0
2807,claim_burst,catalog,medium,2,486,19,1
2808,unverified_provider,account,high,3,303,20,0
2809,pending_purchases,commerce,medium,2,69,8,0
2810,other,claims,low,1,460,22,1
2811,inactive_spike,commerce,critical,4,205,6,1
2812,reject_rate,catalog,high,3,126,20,1
2813,claim_burst,claims,high,3,618,3,1
2814,rejected_claims_volume,catalog,high,3,589,11,1
2815,claim_burst,account,medium,2,496,7,1
2816,other,claims,medium,2,406,28,1
2817,rejected_claims_volume,commerce,medium,2,645,19,1
2818,stale_pending_policies,catalog,high,3,467,15,1
2819,duplicate_email,account,critical,4,696,29,0
2820,lead_spike,commerce,medium,2,588,29,0
2821,duplicate_email,account,high,3,784,15,1
2822,lead_spike,commerce,high,3,560,24,1
2823,inactive_spike,commerce,medium,2,253,3,0
2824,unverified_provider,account,low,1,456,26,1
2825,unverified_provider,account,critical,4,338,24,1
2826,stale_pending_policies,catalog,critical,4,472,21,1
2827,unverified_provider,account,high,3,277,10,1
2828,duplicate_email,claims,low,1,443,14,1
2829,claim_burst,claims,high,3,530,29,1
2830,pending_purchases,commerce,medium,2,702,12,1
2831,duplicate_email,account,critical,4,273,21,0
2832,inactive_spike,claims,low,1,332,12,1
2833,unverified_provider,account,low,1,644,8,1
2834,lead_spike,commerce,low,1,449,1,1
2835,other,claims,low,1,689,13,1
2836,claim_burst,catalog,low,1,859,27,1
2837,stale_pending_policies,catalog,low,1,43,5,0
2838,inactive_spike,claims,medium,2,742,17,1
2839,pending_purchases,commerce,low,1,684,21,1
2840,reject_rate,catalog,critical,4,237,5,1
2841,pending_purchases,commerce,low,1,769,10,0
2842,reject_rate,claims,critical,4,65,17,1
2843,stale_pending_policies,claims,critical,4,447,21,1
2844,claim_burst,commerce,low,1,706,26,0
2845,unverified_provider,account,medium,2,41,20,1
2846,unverified_provider,account,low,1,398,29,1
2847,unverified_provider,account,medium,2,743,5,0
2848,unverified_provider,commerce,medium,2,452,8,0
2849,claim_burst,claims,medium,2,114,18,1
2850,lead_spike,catalog,medium,2,133,24,1
2851,duplicate_email,account,medium,2,30,5,1
2852,claim_burst,claims,low,1,374,14,0
2853,rejected_claims_volume,account,critical,4,385,12,1
2854,stale_pending_policies,commerce,critical,4,650,18,0
2855,pending_purchases,commerce,high,3,835,10,1
2856,claim_burst,claims,critical,4,511,8,1
2857,pending_purchases,claims,medium,2,513,29,1
2858,pending_purchases,catalog,critical,4,778,5,1
2859,stale_pending_policies,claims,medium,2,17,8,0
2860,rejected_claims_volume,claims,critical,4,375,12,1
2861,lead_spike,commerce,high,3,3,12,1
2862,stale_pending_policies,commerce,low,1,18,20,1
2863,duplicate_email,catalog,low,1,840,14,1
2864,reject_rate,claims,medium,2,104,15,1
2865,duplicate_email,claims,low,1,688,20,1
2866,pending_purchases,catalog,high,3,842,17,0
2867,reject_rate,account,low,1,109,15,1
2868,lead_spike,commerce,high,3,409,3,1
2869,pending_purchases,claims,low,1,403,5,0
2870,lead_spike,catalog,medium,2,296,26,1
2871,unverified_provider,account,low,1,269,12,1
2872,pending_purchases,catalog,low,1,891,11,0
2873,inactive_spike,claims,medium,2,357,28,1
2874,unverified_provider,account,critical,4,234,28,1
2875,rejected_claims_volume,claims,medium,2,430,27,1
2876,claim_burst,claims,high,3,710,10,1
2877,rejected_claims_volume,claims,high,3,606,27,1
2878,stale_pending_policies,commerce,high,3,330,24,1
2879,rejected_claims_volume,account,medium,2,888,21,1
2880,rejected_claims_volume,catalog,low,1,154,16,1
2881,rejected_claims_volume,catalog,low,1,228,30,1
2882,inactive_spike,commerce,critical,4,712,16,1
2883,inactive_spike,commerce,medium,2,334,2,0
2884,reject_rate,catalog,high,3,813,1,1
2885,rejected_claims_volume,commerce,medium,2,676,23,1
2886,stale_pending_policies,catalog,medium,2,375,7,0
2887,pending_purchases,claims,medium,2,583,28,1
2888,other,catalog,critical,4,576,11,1
2889,other,commerce,critical,4,753,18,1
2890,pending_purchases,commerce,low,1,462,28,1
2891,rejected_claims_volume,claims,low,1,865,26,1
2892,rejected_claims_volume,catalog,high,3,47,18,1
2893,rejected_claims_volume,catalog,high,3,109,26,0
2894,duplicate_email,account,high,3,199,24,1
2895,rejected_claims_volume,account,high,3,340,12,1
2896,other,catalog,high,3,48,23,1
2897,inactive_spike,commerce,medium,2,570,13,1
2898,stale_pending_policies,catalog,high,3,155,17,1
2899,pending_purchases,commerce,high,3,794,21,1
2900,reject_rate,catalog,high,3,357,27,1
2901,claim_burst,catalog,low,1,178,6,1
2902,lead_spike,commerce,medium,2,138,26,1
2903,stale_pending_policies,claims,high,3,560,27,1
2904,unverified_provider,catalog,critical,4,456,10,1
2905,reject_rate,catalog,critical,4,551,8,1
2906,duplicate_email,catalog,medium,2,468,16,1
2907,inactive_spike,account,high,3,220,15,1
2908,pending_purchases,account,high,3,622,4,1
2909,unverified_provider,claims,low,1,130,29,1
2910,pending_purchases,commerce,medium,2,798,15,1
2911,reject_rate,commerce,high,3,120,12,1
2912,stale_pending_policies,catalog,critical,4,425,12,1
2913,other,account,low,1,625,11,0
2914,unverified_provider,account,high,3,771,26,1
2915,unverified_provider,claims,low,1,57,20,1
2916,unverified_provider,account,low,1,256,30,1
2917,claim_burst,claims,high,3,506,7,1
2918,unverified_provider,commerce,medium,2,749,17,1
2919,unverified_provider,account,high,3,428,20,1
2920,lead_spike,catalog,critical,4,625,28,1
2921,duplicate_email,account,high,3,87,3,1
2922,reject_rate,catalog,low,1,511,21,1
2923,lead_spike,claims,low,1,49,27,1
2924,lead_spike,account,low,1,517,15,1
2925,duplicate_email,commerce,high,3,45,6,1
2926,lead_spike,claims,critical,4,280,23,1
2927,inactive_spike,account,medium,2,459,15,1
2928,inactive_spike,catalog,low,1,246,18,1
2929,stale_pending_policies,catalog,medium,2,548,5,0
2930,inactive_spike,claims,critical,4,180,2,1
2931,unverified_provider,account,critical,4,173,9,1
2932,stale_pending_policies,commerce,medium,2,312,17,1
2933,other,commerce,high,3,670,13,1
2934,unverified_provider,account,low,1,867,20,1
2935,other,commerce,medium,2,231,13,1
2936,reject_rate,commerce,medium,2,674,27,1
2937,unverified_provider,commerce,low,1,643,22,1
2938,inactive_spike,claims,medium,2,557,27,1
2939,inactive_spike,account,low,1,95,30,1
2940,lead_spike,catalog,medium,2,640,23,1
2941,reject_rate,catalog,high,3,451,2,1
2942,claim_burst,catalog,high,3,669,8,1
2943,stale_pending_policies,account,high,3,349,11,1
2944,stale_pending_policies,claims,critical,4,86,18,1
2945,unverified_provider,claims,high,3,366,9,1
2946,unverified_provider,claims,critical,4,827,2,1
2947,lead_spike,catalog,high,3,456,20,1
2948,claim_burst,claims,medium,2,659,22,1
2949,pending_purchases,catalog,critical,4,758,4,1
2950,reject_rate,commerce,low,1,57,3,0
2951,rejected_claims_volume,account,medium,2,341,6,0
2952,rejected_claims_volume,claims,medium,2,428,29,1
2953,stale_pending_policies,catalog,high,3,854,16,1
2954,rejected_claims_volume,claims,high,3,2,25,1
2955,inactive_spike,commerce,critical,4,320,30,1
2956,lead_spike,commerce,medium,2,202,21,1
2957,unverified_provider,claims,low,1,515,11,0
2958,rejected_claims_volume,account,medium,2,491,10,0
2959,rejected_claims_volume,claims,high,3,48,10,1
2960,reject_rate,catalog,high,3,235,30,1
2961,claim_burst,claims,high,3,352,12,1
2962,rejected_claims_volume,claims,critical,4,400,17,1
2963,claim_burst,account,medium,2,762,5,1
2964,inactive_spike,account,medium,2,395,19,1
2965,reject_rate,claims,critical,4,813,11,0
2966,stale_pending_policies,catalog,critical,4,38,5,1
2967,reject_rate,catalog,high,3,102,22,1
2968,stale_pending_policies,account,medium,2,864,17,1
2969,claim_burst,catalog,critical,4,363,9,1
2970,lead_spike,catalog,medium,2,41,24,1
2971,reject_rate,claims,high,3,766,23,1
2972,stale_pending_policies,catalog,high,3,861,1,1
2973,reject_rate,catalog,low,1,813,3,0
2974,inactive_spike,commerce,critical,4,297,29,1
2975,claim_burst,catalog,critical,4,150,24,1
2976,unverified_provider,claims,low,1,22,13,0
2977,pending_purchases,commerce,critical,4,480,28,0
2978,other,account,low,1,644,19,1
2979,rejected_claims_volume,claims,critical,4,660,20,1
2980,duplicate_email,commerce,critical,4,112,16,1
2981,pending_purchases,claims,critical,4,316,11,1
2982,duplicate_email,catalog,critical,4,662,19,1
2983,lead_spike,commerce,critical,4,419,16,0
2984,reject_rate,claims,critical,4,777,8,1
2985,unverified_provider,claims,medium,2,548,25,1
2986,claim_burst,catalog,medium,2,728,25,0
2987,inactive_spike,claims,low,1,772,26,1
2988,other,claims,medium,2,529,12,1
2989,rejected_claims_volume,account,medium,2,331,9,0
2990,duplicate_email,catalog,critical,4,736,7,1
2991,stale_pending_policies,commerce,low,1,741,22,1
2992,rejected_claims_volume,commerce,low,1,524,12,1
2993,inactive_spike,account,high,3,122,5,1
2994,duplicate_email,catalog,medium,2,252,5,1
2995,unverified_provider,account,critical,4,792,25,1
2996,inactive_spike,account,critical,4,25,24,1
2997,duplicate_email,claims,critical,4,348,19,1
2998,rejected_claims_volume,account,critical,4,135,30,1
2999,stale_pending_policies,catalog,high,3,852,5,0
